timestamp,station,lat,lon,pm25,pm10,co,no2,so2,o3,aqi
2024-12-19 12:00:00,Anand Vihar,28.6469,77.3164,144.8,147.6,1444.0,75.6,65.6,98.0,319.3
2024-12-19 13:00:00,Anand Vihar,28.6469,77.3164,168.1,170.4,1669.0,84.5,70.3,78.0,337.1
2024-12-19 14:00:00,Anand Vihar,28.6469,77.3164,190.0,192.3,1879.0,96.5,76.5,50.0,354.0
2024-12-19 15:00:00,Anand Vihar,28.6469,77.3164,204.9,207.2,2003.0,103.4,79.9,29.0,365.4
2024-12-19 16:00:00,Anand Vihar,28.6469,77.3164,212.3,214.2,1996.0,101.2,78.3,22.0,371.1
2024-12-19 17:00:00,Anand Vihar,28.6469,77.3164,213.7,215.6,1902.0,94.0,73.9,23.0,372.1
2024-12-19 18:00:00,Anand Vihar,28.6469,77.3164,207.2,209.1,1787.0,85.6,68.1,25.0,367.2
2024-12-19 19:00:00,Anand Vihar,28.6469,77.3164,195.1,197.0,1648.0,76.7,60.6,28.0,357.9
2024-12-19 20:00:00,Anand Vihar,28.6469,77.3164,184.9,186.7,1487.0,66.7,51.7,33.0,350.0
2024-12-19 21:00:00,Anand Vihar,28.6469,77.3164,177.0,178.8,1376.0,57.7,44.6,36.0,344.0
2024-12-19 22:00:00,Anand Vihar,28.6469,77.3164,170.9,172.3,1311.0,49.3,39.8,37.0,339.3
2024-12-19 23:00:00,Anand Vihar,28.6469,77.3164,165.3,167.2,1295.0,42.0,36.6,37.0,335.0
2024-12-20 00:00:00,Anand Vihar,28.6469,77.3164,147.6,149.0,1411.0,28.2,37.5,55.0,321.4
2024-12-20 01:00:00,Anand Vihar,28.6469,77.3164,157.9,159.7,1830.0,39.2,43.6,44.0,329.3
2024-12-20 02:00:00,Anand Vihar,28.6469,77.3164,176.0,177.9,2380.0,53.8,51.8,30.0,343.2
2024-12-20 03:00:00,Anand Vihar,28.6469,77.3164,181.6,183.0,2627.0,61.1,57.4,34.0,347.5
2024-12-20 04:00:00,Anand Vihar,28.6469,77.3164,156.5,157.9,2281.0,53.8,57.4,73.0,328.2
2024-12-20 05:00:00,Anand Vihar,28.6469,77.3164,138.8,140.2,1632.0,39.1,54.8,129.0,314.7
2024-12-20 06:00:00,Anand Vihar,28.6469,77.3164,111.8,113.9,1111.0,27.5,52.9,172.0,272.0
2024-12-20 07:00:00,Anand Vihar,28.6469,77.3164,94.3,96.9,868.0,21.6,53.2,190.0,212.3
2024-12-20 08:00:00,Anand Vihar,28.6469,77.3164,84.1,86.6,753.0,18.8,54.3,195.0,179.9
2024-12-20 09:00:00,Anand Vihar,28.6469,77.3164,80.1,82.4,748.0,22.0,55.4,187.0,166.2
2024-12-20 10:00:00,Anand Vihar,28.6469,77.3164,78.5,80.6,902.0,36.2,56.4,162.0,160.7
2024-12-20 11:00:00,Anand Vihar,28.6469,77.3164,85.9,87.5,1166.0,56.5,57.3,125.0,186.0
2024-12-20 12:00:00,Anand Vihar,28.6469,77.3164,115.5,117.3,1371.0,74.4,56.9,86.0,284.6
2024-12-20 13:00:00,Anand Vihar,28.6469,77.3164,125.3,126.7,1450.0,70.4,54.7,77.0,304.3
2024-12-20 14:00:00,Anand Vihar,28.6469,77.3164,126.7,128.5,1470.0,64.5,51.5,64.0,305.4
2024-12-20 15:00:00,Anand Vihar,28.6469,77.3164,126.7,128.1,1459.0,58.2,48.2,55.0,305.4
2024-12-20 16:00:00,Anand Vihar,28.6469,77.3164,127.1,128.1,1418.0,51.5,44.8,52.0,305.7
2024-12-20 17:00:00,Anand Vihar,28.6469,77.3164,127.6,128.5,1346.0,44.2,41.3,52.0,306.1
2024-12-20 18:00:00,Anand Vihar,28.6469,77.3164,125.7,126.7,1276.0,37.6,38.7,52.0,304.6
2024-12-20 19:00:00,Anand Vihar,28.6469,77.3164,122.0,123.4,1212.0,31.6,37.8,52.0,301.8
2024-12-20 20:00:00,Anand Vihar,28.6469,77.3164,119.7,120.6,1150.0,26.3,37.8,51.0,299.0
2024-12-20 21:00:00,Anand Vihar,28.6469,77.3164,117.6,118.5,1102.0,22.3,37.7,51.0,291.8
2024-12-20 22:00:00,Anand Vihar,28.6469,77.3164,115.9,116.9,1033.0,19.6,36.9,50.0,286.0
2024-12-20 23:00:00,Anand Vihar,28.6469,77.3164,114.6,115.7,980.0,18.4,35.9,49.0,281.6
2024-12-21 00:00:00,Anand Vihar,28.6469,77.3164,116.4,117.3,1063.0,21.0,41.3,46.0,287.7
2024-12-21 01:00:00,Anand Vihar,28.6469,77.3164,123.9,124.8,1448.0,27.1,44.6,38.0,303.2
2024-12-21 02:00:00,Anand Vihar,28.6469,77.3164,138.3,139.2,1970.0,35.3,49.0,28.0,314.3
2024-12-21 03:00:00,Anand Vihar,28.6469,77.3164,144.8,145.8,2253.0,40.2,51.9,30.0,319.3
2024-12-21 04:00:00,Anand Vihar,28.6469,77.3164,143.0,143.9,2083.0,38.8,51.9,56.0,317.9
2024-12-21 05:00:00,Anand Vihar,28.6469,77.3164,138.3,139.2,1674.0,33.9,50.3,94.0,314.3
2024-12-21 06:00:00,Anand Vihar,28.6469,77.3164,129.5,130.4,1299.0,28.9,48.7,127.0,307.5
2024-12-21 07:00:00,Anand Vihar,28.6469,77.3164,110.1,111.5,1009.0,22.3,47.4,150.0,266.2
2024-12-21 08:00:00,Anand Vihar,28.6469,77.3164,98.5,100.1,753.0,15.6,46.2,168.0,226.6
2024-12-21 09:00:00,Anand Vihar,28.6469,77.3164,92.7,94.3,643.0,15.6,45.6,171.0,206.8
2024-12-21 10:00:00,Anand Vihar,28.6469,77.3164,90.3,92.0,778.0,28.3,45.7,151.0,500.0
2024-12-21 11:00:00,Anand Vihar,28.6469,77.3164,98.7,99.9,1060.0,47.7,46.4,116.0,227.3
2024-12-21 12:00:00,Anand Vihar,28.6469,77.3164,134.1,136.0,1305.0,62.1,50.3,84.0,311.1
2024-12-21 13:00:00,Anand Vihar,28.6469,77.3164,152.7,154.6,1462.0,67.0,53.7,70.0,325.3
2024-12-21 14:00:00,Anand Vihar,28.6469,77.3164,166.7,168.6,1582.0,73.7,58.4,51.0,336.1
2024-12-21 15:00:00,Anand Vihar,28.6469,77.3164,180.2,181.6,1641.0,78.0,62.0,35.0,346.4
2024-12-21 16:00:00,Anand Vihar,28.6469,77.3164,193.7,195.1,1608.0,78.0,63.9,26.0,356.8
2024-12-21 17:00:00,Anand Vihar,28.6469,77.3164,206.3,208.2,1513.0,75.7,64.7,21.0,366.5
2024-12-21 18:00:00,Anand Vihar,28.6469,77.3164,213.3,214.7,1423.0,73.0,64.3,18.0,371.8
2024-12-21 19:00:00,Anand Vihar,28.6469,77.3164,214.2,215.6,1347.0,70.5,62.4,16.0,372.5
2024-12-21 20:00:00,Anand Vihar,28.6469,77.3164,215.6,217.0,1276.0,67.6,59.2,16.0,373.6
2024-12-21 21:00:00,Anand Vihar,28.6469,77.3164,214.2,216.1,1251.0,64.2,56.0,17.0,372.5
2024-12-21 22:00:00,Anand Vihar,28.6469,77.3164,205.8,207.7,1189.0,59.2,51.8,21.0,366.1
2024-12-21 23:00:00,Anand Vihar,28.6469,77.3164,193.7,195.6,1174.0,53.8,47.6,27.0,356.8
2024-12-22 00:00:00,Anand Vihar,28.6469,77.3164,200.7,202.6,1491.0,57.6,44.6,20.0,362.2
2024-12-22 01:00:00,Anand Vihar,28.6469,77.3164,204.4,206.3,2590.0,60.8,53.7,19.0,365.0
2024-12-22 02:00:00,Anand Vihar,28.6469,77.3164,220.7,223.1,4023.0,64.8,66.2,19.0,377.5
2024-12-22 03:00:00,Anand Vihar,28.6469,77.3164,238.0,239.3,4728.0,64.8,74.9,32.0,390.8
2024-12-22 04:00:00,Anand Vihar,28.6469,77.3164,218.9,220.3,4010.0,57.4,76.5,69.0,376.1
2024-12-22 05:00:00,Anand Vihar,28.6469,77.3164,185.8,187.7,2564.0,45.9,74.3,120.0,350.7
2024-12-22 06:00:00,Anand Vihar,28.6469,77.3164,140.2,142.5,1419.0,36.0,71.8,159.0,315.7
2024-12-22 07:00:00,Anand Vihar,28.6469,77.3164,117.6,119.7,984.0,26.5,69.1,181.0,291.8
2024-12-22 08:00:00,Anand Vihar,28.6469,77.3164,101.7,103.8,850.0,18.5,66.0,192.0,237.5
2024-12-22 09:00:00,Anand Vihar,28.6469,77.3164,93.8,95.9,816.0,20.7,65.0,188.0,210.6
2024-12-22 10:00:00,Anand Vihar,28.6469,77.3164,90.6,92.4,830.0,41.8,67.7,162.0,500.0
2024-12-22 11:00:00,Anand Vihar,28.6469,77.3164,105.5,107.1,944.0,73.2,72.5,122.0,250.5
2024-12-22 12:00:00,Anand Vihar,28.6469,77.3164,158.8,160.7,1112.0,101.3,82.2,75.0,330.0
2024-12-22 13:00:00,Anand Vihar,28.6469,77.3164,190.0,191.4,1374.0,103.8,84.7,63.0,354.0
2024-12-22 14:00:00,Anand Vihar,28.6469,77.3164,207.2,209.1,1689.0,106.9,87.9,46.0,367.2
2024-12-22 15:00:00,Anand Vihar,28.6469,77.3164,210.5,211.9,1896.0,107.0,87.9,34.0,369.7
2024-12-22 16:00:00,Anand Vihar,28.6469,77.3164,203.0,204.4,1919.0,102.9,82.3,32.0,363.9
2024-12-22 17:00:00,Anand Vihar,28.6469,77.3164,197.9,199.3,1832.0,95.9,73.5,36.0,360.0
2024-12-22 18:00:00,Anand Vihar,28.6469,77.3164,183.9,185.3,1698.0,85.5,64.8,42.0,349.3
2024-12-22 19:00:00,Anand Vihar,28.6469,77.3164,164.4,165.3,1498.0,68.9,56.3,53.0,334.3
2024-12-22 20:00:00,Anand Vihar,28.6469,77.3164,146.2,147.1,1250.0,49.1,47.8,66.0,320.3
2024-12-22 21:00:00,Anand Vihar,28.6469,77.3164,139.2,140.6,1071.0,34.4,42.1,75.0,315.0
2024-12-22 22:00:00,Anand Vihar,28.6469,77.3164,138.8,140.2,976.0,28.0,40.3,76.0,314.7
2024-12-22 23:00:00,Anand Vihar,28.6469,77.3164,142.0,143.4,950.0,26.7,41.2,71.0,317.1
2024-12-23 00:00:00,Anand Vihar,28.6469,77.3164,117.6,118.7,1060.0,18.7,34.3,76.0,291.8
2024-12-23 01:00:00,Anand Vihar,28.6469,77.3164,122.9,123.9,1466.0,30.0,38.4,62.0,302.5
2024-12-23 02:00:00,Anand Vihar,28.6469,77.3164,137.4,138.8,2010.0,45.4,44.1,44.0,313.6
2024-12-23 03:00:00,Anand Vihar,28.6469,77.3164,156.9,157.9,2279.0,55.4,47.6,36.0,328.6
2024-12-23 04:00:00,Anand Vihar,28.6469,77.3164,149.9,150.9,2013.0,55.4,47.0,47.0,323.2
2024-12-23 05:00:00,Anand Vihar,28.6469,77.3164,145.8,146.7,1474.0,50.2,44.4,69.0,320.0
2024-12-23 06:00:00,Anand Vihar,28.6469,77.3164,143.9,145.3,1034.0,44.2,42.1,89.0,318.6
2024-12-23 07:00:00,Anand Vihar,28.6469,77.3164,131.3,132.7,829.0,38.0,41.1,106.0,308.9
2024-12-23 08:00:00,Anand Vihar,28.6469,77.3164,116.6,118.3,723.0,31.0,40.5,122.0,288.4
2024-12-23 09:00:00,Anand Vihar,28.6469,77.3164,110.8,112.5,683.0,26.8,40.0,130.0,268.6
2024-12-23 10:00:00,Anand Vihar,28.6469,77.3164,105.9,107.8,731.0,27.8,39.9,127.0,251.9
2024-12-23 11:00:00,Anand Vihar,28.6469,77.3164,100.8,102.4,844.0,31.5,40.1,116.0,234.5
2024-12-23 12:00:00,Anand Vihar,28.6469,77.3164,129.9,131.8,923.0,38.6,38.7,106.0,307.8
2024-12-23 13:00:00,Anand Vihar,28.6469,77.3164,123.9,126.2,919.0,36.8,39.4,98.0,303.2
2024-12-23 14:00:00,Anand Vihar,28.6469,77.3164,120.1,122.0,880.0,34.3,40.4,86.0,500.0
2024-12-23 15:00:00,Anand Vihar,28.6469,77.3164,116.6,118.5,850.0,32.8,41.0,75.0,288.4
2024-12-23 16:00:00,Anand Vihar,28.6469,77.3164,114.6,116.4,852.0,33.4,41.2,66.0,281.6
2024-12-23 17:00:00,Anand Vihar,28.6469,77.3164,115.7,117.8,863.0,34.9,41.2,59.0,285.3
2024-12-23 18:00:00,Anand Vihar,28.6469,77.3164,116.6,118.5,860.0,35.1,40.2,53.0,288.4
2024-12-23 19:00:00,Anand Vihar,28.6469,77.3164,113.9,115.7,827.0,32.4,37.9,51.0,279.2
2024-12-23 20:00:00,Anand Vihar,28.6469,77.3164,110.6,112.7,779.0,28.3,34.7,52.0,267.9
2024-12-23 21:00:00,Anand Vihar,28.6469,77.3164,109.7,111.8,740.0,25.1,31.7,51.0,264.8
2024-12-23 22:00:00,Anand Vihar,28.6469,77.3164,108.5,110.4,702.0,23.2,28.9,47.0,260.7
2024-12-23 23:00:00,Anand Vihar,28.6469,77.3164,105.7,107.3,674.0,22.1,26.3,43.0,251.2
2024-12-24 00:00:00,Anand Vihar,28.6469,77.3164,83.1,85.0,701.0,17.2,17.5,60.0,176.4
2024-12-24 01:00:00,Anand Vihar,28.6469,77.3164,84.5,86.4,849.0,24.2,20.1,54.0,181.2
2024-12-24 02:00:00,Anand Vihar,28.6469,77.3164,93.1,95.0,1054.0,33.6,23.6,47.0,208.2
2024-12-24 03:00:00,Anand Vihar,28.6469,77.3164,102.9,105.0,1165.0,38.9,26.5,49.0,241.6
2024-12-24 04:00:00,Anand Vihar,28.6469,77.3164,108.0,109.9,1097.0,36.2,27.7,68.0,259.0
2024-12-24 05:00:00,Anand Vihar,28.6469,77.3164,106.9,109.2,936.0,29.6,28.2,97.0,255.3
2024-12-24 06:00:00,Anand Vihar,28.6469,77.3164,102.7,105.7,792.0,24.2,29.6,121.0,240.9
2024-12-24 07:00:00,Anand Vihar,28.6469,77.3164,106.4,109.7,657.0,19.6,32.0,138.0,253.6
2024-12-24 08:00:00,Anand Vihar,28.6469,77.3164,107.1,110.6,539.0,16.3,35.3,151.0,256.0
2024-12-24 09:00:00,Anand Vihar,28.6469,77.3164,107.8,111.1,578.0,21.6,40.0,150.0,258.4
2024-12-24 10:00:00,Anand Vihar,28.6469,77.3164,108.7,111.8,923.0,43.5,46.5,126.0,261.4
2024-12-24 11:00:00,Anand Vihar,28.6469,77.3164,119.7,122.0,1424.0,73.9,54.6,88.0,299.0
2024-12-24 12:00:00,Anand Vihar,28.6469,77.3164,134.1,136.0,1769.0,77.1,46.7,62.0,311.1
2024-12-24 13:00:00,Anand Vihar,28.6469,77.3164,142.5,143.9,1759.0,74.5,46.8,56.0,317.5
2024-12-24 14:00:00,Anand Vihar,28.6469,77.3164,141.6,143.0,1593.0,70.5,46.6,47.0,316.8
2024-12-24 15:00:00,Anand Vihar,28.6469,77.3164,131.8,133.2,1559.0,65.0,44.8,41.0,309.3
2024-12-24 16:00:00,Anand Vihar,28.6469,77.3164,120.1,121.5,1842.0,56.9,40.0,39.0,500.0
2024-12-24 17:00:00,Anand Vihar,28.6469,77.3164,111.8,112.9,2256.0,47.2,33.5,38.0,272.0
2024-12-24 18:00:00,Anand Vihar,28.6469,77.3164,105.5,106.6,2535.0,39.0,28.0,38.0,250.5
2024-12-24 19:00:00,Anand Vihar,28.6469,77.3164,100.4,101.5,2557.0,33.3,24.3,37.0,233.1
2024-12-24 20:00:00,Anand Vihar,28.6469,77.3164,98.0,99.4,2442.0,29.1,21.5,37.0,224.9
2024-12-24 21:00:00,Anand Vihar,28.6469,77.3164,98.0,99.2,2286.0,26.1,19.5,36.0,224.9
2024-12-24 22:00:00,Anand Vihar,28.6469,77.3164,98.7,100.1,2058.0,24.0,18.1,35.0,227.3
2024-12-24 23:00:00,Anand Vihar,28.6469,77.3164,99.7,101.0,1788.0,23.2,17.5,34.0,230.7
2024-12-25 00:00:00,Anand Vihar,28.6469,77.3164,94.3,95.7,1664.0,21.1,16.8,39.0,212.3
2024-12-25 01:00:00,Anand Vihar,28.6469,77.3164,101.0,102.4,1863.0,28.4,23.0,31.0,235.1
2024-12-25 02:00:00,Anand Vihar,28.6469,77.3164,118.0,119.7,2208.0,38.3,31.4,21.0,293.2
2024-12-25 03:00:00,Anand Vihar,28.6469,77.3164,134.6,136.0,2353.0,43.8,37.2,24.0,311.4
2024-12-25 04:00:00,Anand Vihar,28.6469,77.3164,128.1,129.0,2093.0,41.0,37.0,52.0,306.4
2024-12-25 05:00:00,Anand Vihar,28.6469,77.3164,119.7,121.1,1633.0,33.8,34.0,93.0,299.0
2024-12-25 06:00:00,Anand Vihar,28.6469,77.3164,95.7,97.6,1243.0,27.4,33.3,126.0,217.0
2024-12-25 07:00:00,Anand Vihar,28.6469,77.3164,87.8,90.1,1010.0,22.1,37.7,147.0,192.5
2024-12-25 08:00:00,Anand Vihar,28.6469,77.3164,91.7,94.1,847.0,17.5,44.4,161.0,203.4
2024-12-25 09:00:00,Anand Vihar,28.6469,77.3164,94.1,96.4,769.0,18.3,49.3,162.0,211.6
2024-12-25 10:00:00,Anand Vihar,28.6469,77.3164,94.5,96.9,780.0,28.6,50.3,143.0,212.9
2024-12-25 11:00:00,Anand Vihar,28.6469,77.3164,100.1,102.0,876.0,44.2,49.5,111.0,232.1
2024-12-25 12:00:00,Anand Vihar,28.6469,77.3164,133.2,135.0,1055.0,57.4,47.5,74.0,310.4
2024-12-25 13:00:00,Anand Vihar,28.6469,77.3164,144.4,146.2,1399.0,61.4,50.0,61.0,319.0
2024-12-25 14:00:00,Anand Vihar,28.6469,77.3164,151.8,153.2,1826.0,66.8,53.5,43.0,324.6
2024-12-25 15:00:00,Anand Vihar,28.6469,77.3164,160.7,161.6,2094.0,70.3,56.4,29.0,331.5
2024-12-25 16:00:00,Anand Vihar,28.6469,77.3164,167.6,169.0,2063.0,70.0,58.6,23.0,336.8
2024-12-25 17:00:00,Anand Vihar,28.6469,77.3164,174.6,176.0,1872.0,67.8,60.2,20.0,342.1
2024-12-25 18:00:00,Anand Vihar,28.6469,77.3164,178.3,179.3,1698.0,65.3,60.1,18.0,345.0
2024-12-25 19:00:00,Anand Vihar,28.6469,77.3164,179.3,180.2,1599.0,63.3,57.0,15.0,345.7
2024-12-25 20:00:00,Anand Vihar,28.6469,77.3164,179.7,180.7,1517.0,61.1,52.2,13.0,346.0
2024-12-25 21:00:00,Anand Vihar,28.6469,77.3164,178.8,180.2,1454.0,58.4,48.2,12.0,345.4
2024-12-25 22:00:00,Anand Vihar,28.6469,77.3164,175.6,176.5,1368.0,54.2,45.6,13.0,342.9
2024-12-25 23:00:00,Anand Vihar,28.6469,77.3164,170.0,170.9,1301.0,49.6,43.8,15.0,338.6
2024-12-26 00:00:00,Anand Vihar,28.6469,77.3164,182.5,183.9,1380.0,48.6,39.7,9.0,348.2
2024-12-26 01:00:00,Anand Vihar,28.6469,77.3164,173.7,174.6,1783.0,48.1,42.1,6.0,341.4
2024-12-26 02:00:00,Anand Vihar,28.6469,77.3164,186.3,187.2,2331.0,47.3,45.4,4.0,351.1
2024-12-26 03:00:00,Anand Vihar,28.6469,77.3164,192.3,192.8,2618.0,45.7,47.9,16.0,355.7
2024-12-26 04:00:00,Anand Vihar,28.6469,77.3164,192.3,192.8,2407.0,43.1,48.3,56.0,355.7
2024-12-26 05:00:00,Anand Vihar,28.6469,77.3164,180.2,180.7,1934.0,39.7,47.8,110.0,346.4
2024-12-26 06:00:00,Anand Vihar,28.6469,77.3164,146.7,147.6,1503.0,36.2,48.4,151.0,320.7
2024-12-26 07:00:00,Anand Vihar,28.6469,77.3164,100.1,101.3,1165.0,29.2,50.5,172.0,232.1
2024-12-26 08:00:00,Anand Vihar,28.6469,77.3164,80.6,82.0,868.0,22.0,53.7,180.0,167.9
2024-12-26 09:00:00,Anand Vihar,28.6469,77.3164,75.9,77.5,767.0,25.3,58.1,174.0,151.9
2024-12-26 10:00:00,Anand Vihar,28.6469,77.3164,75.4,77.5,945.0,48.6,64.3,147.0,150.2
2024-12-26 11:00:00,Anand Vihar,28.6469,77.3164,88.2,89.9,1318.0,82.5,71.7,106.0,193.9
2024-12-26 12:00:00,Anand Vihar,28.6469,77.3164,139.2,142.0,1784.0,103.4,69.3,63.0,315.0
2024-12-26 13:00:00,Anand Vihar,28.6469,77.3164,170.4,172.8,2446.0,109.4,75.6,49.0,338.9
2024-12-26 14:00:00,Anand Vihar,28.6469,77.3164,190.9,193.2,3200.0,117.5,84.2,29.0,354.6
2024-12-26 15:00:00,Anand Vihar,28.6469,77.3164,212.3,214.7,3636.0,122.3,89.2,15.0,371.1
2024-12-26 16:00:00,Anand Vihar,28.6469,77.3164,230.0,232.8,3507.0,121.7,88.6,10.0,384.7
2024-12-26 17:00:00,Anand Vihar,28.6469,77.3164,235.6,238.4,3060.0,117.7,84.6,11.0,388.9
2024-12-26 18:00:00,Anand Vihar,28.6469,77.3164,220.3,223.1,2617.0,110.9,77.5,13.0,377.2
2024-12-26 19:00:00,Anand Vihar,28.6469,77.3164,205.8,208.2,2272.0,99.6,65.4,17.0,366.1
2024-12-26 20:00:00,Anand Vihar,28.6469,77.3164,185.8,187.7,1933.0,85.4,50.4,23.0,350.7
2024-12-26 21:00:00,Anand Vihar,28.6469,77.3164,162.1,164.4,1645.0,73.9,38.7,28.0,332.5
2024-12-26 22:00:00,Anand Vihar,28.6469,77.3164,145.3,147.1,1417.0,67.3,33.4,31.0,319.6
2024-12-26 23:00:00,Anand Vihar,28.6469,77.3164,144.4,146.7,1241.0,63.4,31.6,33.0,319.0
2024-12-27 00:00:00,Anand Vihar,28.6469,77.3164,146.2,148.1,1142.0,71.4,44.3,25.0,320.3
2024-12-27 01:00:00,Anand Vihar,28.6469,77.3164,130.9,132.7,1180.0,68.8,45.3,26.0,308.6
2024-12-27 02:00:00,Anand Vihar,28.6469,77.3164,138.8,140.6,1296.0,64.9,46.4,28.0,314.7
2024-12-27 03:00:00,Anand Vihar,28.6469,77.3164,140.6,142.0,1337.0,60.3,45.4,33.0,316.0
2024-12-27 04:00:00,Anand Vihar,28.6469,77.3164,138.8,140.2,1217.0,54.6,40.6,45.0,314.7
2024-12-27 05:00:00,Anand Vihar,28.6469,77.3164,117.6,119.2,1022.0,48.2,33.8,60.0,291.8
2024-12-27 06:00:00,Anand Vihar,28.6469,77.3164,97.8,99.7,861.0,42.2,27.9,72.0,224.2
2024-12-27 07:00:00,Anand Vihar,28.6469,77.3164,94.5,97.1,767.0,36.6,24.2,77.0,212.9
2024-12-27 08:00:00,Anand Vihar,28.6469,77.3164,91.5,93.8,706.0,31.4,21.5,79.0,202.7
2024-12-27 09:00:00,Anand Vihar,28.6469,77.3164,89.4,91.3,683.0,28.1,19.3,79.0,198.0
2024-12-27 10:00:00,Anand Vihar,28.6469,77.3164,85.4,87.1,729.0,28.0,17.3,78.0,184.3
2024-12-27 11:00:00,Anand Vihar,28.6469,77.3164,80.6,82.0,812.0,29.8,15.9,75.0,167.9
2024-12-27 12:00:00,Anand Vihar,28.6469,77.3164,94.3,96.6,848.0,36.8,16.6,64.0,212.3
2024-12-27 13:00:00,Anand Vihar,28.6469,77.3164,93.6,95.7,782.0,35.2,17.7,64.0,209.9
2024-12-27 14:00:00,Anand Vihar,28.6469,77.3164,96.6,98.7,669.0,32.8,19.2,64.0,220.1
2024-12-27 15:00:00,Anand Vihar,28.6469,77.3164,98.3,100.4,583.0,30.6,20.6,65.0,225.9
2024-12-27 16:00:00,Anand Vihar,28.6469,77.3164,102.2,104.5,565.0,28.8,21.7,66.0,239.2
2024-12-27 17:00:00,Anand Vihar,28.6469,77.3164,106.9,109.2,574.0,27.1,22.6,68.0,255.3
2024-12-27 18:00:00,Anand Vihar,28.6469,77.3164,104.3,106.6,564.0,25.5,23.2,68.0,246.4
2024-12-27 19:00:00,Anand Vihar,28.6469,77.3164,100.8,103.1,502.0,23.7,23.1,66.0,234.5
2024-12-27 20:00:00,Anand Vihar,28.6469,77.3164,100.4,102.7,421.0,21.9,22.5,63.0,233.1
2024-12-27 21:00:00,Anand Vihar,28.6469,77.3164,99.9,102.0,371.0,20.9,22.3,60.0,231.4
2024-12-27 22:00:00,Anand Vihar,28.6469,77.3164,96.2,98.0,327.0,20.3,22.0,57.0,218.8
2024-12-27 23:00:00,Anand Vihar,28.6469,77.3164,91.7,93.6,315.0,20.6,22.0,55.0,203.4
2024-12-28 00:00:00,Anand Vihar,28.6469,77.3164,82.0,84.1,460.0,17.1,21.0,66.0,172.7
2024-12-28 01:00:00,Anand Vihar,28.6469,77.3164,82.4,84.5,951.0,29.8,29.6,55.0,174.1
2024-12-28 02:00:00,Anand Vihar,28.6469,77.3164,105.2,107.6,1600.0,46.9,41.4,40.0,249.5
2024-12-28 03:00:00,Anand Vihar,28.6469,77.3164,125.3,127.6,1965.0,57.7,50.5,34.0,304.3
2024-12-28 04:00:00,Anand Vihar,28.6469,77.3164,112.0,113.9,1773.0,55.7,53.9,45.0,272.7
2024-12-28 05:00:00,Anand Vihar,28.6469,77.3164,103.8,105.9,1297.0,47.2,54.5,65.0,244.7
2024-12-28 06:00:00,Anand Vihar,28.6469,77.3164,99.9,102.0,917.0,40.6,55.2,80.0,231.4
2024-12-28 07:00:00,Anand Vihar,28.6469,77.3164,99.0,101.0,752.0,38.2,57.3,87.0,228.3
2024-12-28 08:00:00,Anand Vihar,28.6469,77.3164,97.3,99.4,684.0,37.6,59.5,91.0,222.5
2024-12-28 09:00:00,Anand Vihar,28.6469,77.3164,95.2,97.1,732.0,40.3,61.1,88.0,215.3
2024-12-28 10:00:00,Anand Vihar,28.6469,77.3164,91.5,93.1,938.0,48.5,61.5,77.0,202.7
2024-12-28 11:00:00,Anand Vihar,28.6469,77.3164,95.9,97.6,1262.0,59.9,61.3,59.0,217.7
2024-12-28 12:00:00,Anand Vihar,28.6469,77.3164,128.5,130.4,1599.0,67.4,56.8,47.0,306.8
2024-12-28 13:00:00,Anand Vihar,28.6469,77.3164,149.5,151.3,1981.0,67.0,55.3,42.0,322.9
2024-12-28 14:00:00,Anand Vihar,28.6469,77.3164,155.1,156.5,2377.0,66.3,53.0,35.0,327.2
2024-12-28 15:00:00,Anand Vihar,28.6469,77.3164,150.9,152.3,2593.0,63.9,49.9,30.0,323.9
2024-12-28 16:00:00,Anand Vihar,28.6469,77.3164,146.7,147.6,2514.0,59.2,45.4,28.0,320.7
2024-12-28 17:00:00,Anand Vihar,28.6469,77.3164,145.8,147.1,2255.0,52.8,40.1,28.0,320.0
2024-12-28 18:00:00,Anand Vihar,28.6469,77.3164,143.0,143.9,1968.0,45.9,35.0,29.0,317.9
2024-12-28 19:00:00,Anand Vihar,28.6469,77.3164,132.7,133.6,1662.0,37.9,30.3,32.0,310.0
2024-12-28 20:00:00,Anand Vihar,28.6469,77.3164,122.9,123.9,1328.0,29.3,25.9,36.0,302.5
2024-12-28 21:00:00,Anand Vihar,28.6469,77.3164,114.8,115.7,1088.0,22.6,22.7,40.0,282.2
2024-12-28 22:00:00,Anand Vihar,28.6469,77.3164,106.9,107.8,1007.0,18.5,21.0,43.0,255.3
2024-12-28 23:00:00,Anand Vihar,28.6469,77.3164,99.2,99.9,1019.0,16.4,20.5,45.0,229.0
2024-12-29 00:00:00,Anand Vihar,28.6469,77.3164,122.5,123.4,1049.0,23.8,21.8,31.0,302.2
2024-12-29 01:00:00,Anand Vihar,28.6469,77.3164,113.4,114.3,1091.0,26.1,23.5,31.0,277.5
2024-12-29 02:00:00,Anand Vihar,28.6469,77.3164,110.8,111.8,1151.0,29.2,25.9,32.0,268.6
2024-12-29 03:00:00,Anand Vihar,28.6469,77.3164,110.6,111.5,1173.0,30.0,28.1,38.0,267.9
2024-12-29 04:00:00,Anand Vihar,28.6469,77.3164,95.9,97.1,1126.0,26.5,29.9,55.0,217.7
2024-12-29 05:00:00,Anand Vihar,28.6469,77.3164,85.0,86.4,1041.0,20.7,31.5,77.0,182.9
2024-12-29 06:00:00,Anand Vihar,28.6469,77.3164,73.1,74.7,953.0,16.2,32.5,95.0,142.3
2024-12-29 07:00:00,Anand Vihar,28.6469,77.3164,66.8,68.5,844.0,13.7,32.4,108.0,120.8
2024-12-29 08:00:00,Anand Vihar,28.6469,77.3164,64.0,65.9,732.0,12.4,31.7,117.0,111.2
2024-12-29 09:00:00,Anand Vihar,28.6469,77.3164,63.3,65.0,708.0,14.0,31.2,118.0,108.9
2024-12-29 10:00:00,Anand Vihar,28.6469,77.3164,60.3,62.2,849.0,20.1,30.9,108.0,500.0
2024-12-29 11:00:00,Anand Vihar,28.6469,77.3164,61.5,63.3,1078.0,29.1,30.7,90.0,102.7
2024-12-29 12:00:00,Anand Vihar,28.6469,77.3164,90.6,92.2,1255.0,35.4,32.7,65.0,500.0
2024-12-29 13:00:00,Anand Vihar,28.6469,77.3164,96.2,97.6,1333.0,36.6,32.5,58.0,218.8
2024-12-29 14:00:00,Anand Vihar,28.6469,77.3164,96.2,97.1,1359.0,38.2,32.2,50.0,218.8
2024-12-29 15:00:00,Anand Vihar,28.6469,77.3164,95.0,95.7,1335.0,38.0,31.1,44.0,214.7
2024-12-29 16:00:00,Anand Vihar,28.6469,77.3164,92.2,92.9,1240.0,34.9,28.7,45.0,205.1
2024-12-29 17:00:00,Anand Vihar,28.6469,77.3164,90.6,91.3,1095.0,30.1,25.5,48.0,500.0
2024-12-29 18:00:00,Anand Vihar,28.6469,77.3164,89.2,89.9,963.0,25.5,22.7,52.0,197.3
2024-12-29 19:00:00,Anand Vihar,28.6469,77.3164,85.4,85.9,858.0,21.6,20.4,55.0,184.3
2024-12-29 20:00:00,Anand Vihar,28.6469,77.3164,82.9,83.6,766.0,18.0,18.3,57.0,175.8
2024-12-29 21:00:00,Anand Vihar,28.6469,77.3164,80.8,81.3,713.0,15.2,17.2,59.0,168.6
2024-12-29 22:00:00,Anand Vihar,28.6469,77.3164,78.7,79.2,714.0,13.2,17.1,61.0,161.4
2024-12-29 23:00:00,Anand Vihar,28.6469,77.3164,77.1,77.3,754.0,12.1,18.0,62.0,156.0
2024-12-30 00:00:00,Anand Vihar,28.6469,77.3164,77.3,77.8,809.0,12.9,18.5,61.0,156.6
2024-12-30 01:00:00,Anand Vihar,28.6469,77.3164,75.4,75.7,889.0,17.0,21.4,58.0,150.2
2024-12-30 02:00:00,Anand Vihar,28.6469,77.3164,77.5,77.8,984.0,22.6,25.5,55.0,157.3
2024-12-30 03:00:00,Anand Vihar,28.6469,77.3164,79.4,79.6,1045.0,25.6,29.1,60.0,163.8
2024-12-30 04:00:00,Anand Vihar,28.6469,77.3164,76.8,77.1,1040.0,23.6,31.9,79.0,154.9
2024-12-30 05:00:00,Anand Vihar,28.6469,77.3164,76.1,76.4,999.0,19.1,34.2,107.0,152.5
2024-12-30 06:00:00,Anand Vihar,28.6469,77.3164,75.2,75.4,966.0,15.3,35.5,130.0,149.5
2024-12-30 07:00:00,Anand Vihar,28.6469,77.3164,71.2,71.5,928.0,12.4,35.4,148.0,135.8
2024-12-30 08:00:00,Anand Vihar,28.6469,77.3164,63.1,63.3,897.0,10.2,34.4,163.0,108.2
2024-12-30 09:00:00,Anand Vihar,28.6469,77.3164,56.0,56.2,953.0,11.6,33.4,166.0,93.2
2024-12-30 10:00:00,Anand Vihar,28.6469,77.3164,51.5,51.8,1177.0,18.8,32.4,150.0,85.6
2024-12-30 11:00:00,Anand Vihar,28.6469,77.3164,52.3,52.5,1487.0,29.6,31.4,122.0,87.0
2024-12-30 12:00:00,Anand Vihar,28.6469,77.3164,96.2,97.3,1722.0,49.6,38.3,83.0,218.8
2024-12-30 13:00:00,Anand Vihar,28.6469,77.3164,108.5,109.7,1815.0,55.3,40.6,69.0,260.7
2024-12-30 14:00:00,Anand Vihar,28.6469,77.3164,118.0,119.0,1832.0,63.0,43.7,49.0,293.2
2024-12-30 15:00:00,Anand Vihar,28.6469,77.3164,127.1,128.1,1808.0,67.8,46.2,34.0,305.7
2024-12-30 16:00:00,Anand Vihar,28.6469,77.3164,136.0,136.9,1743.0,67.7,47.9,28.0,312.5
2024-12-30 17:00:00,Anand Vihar,28.6469,77.3164,143.9,144.8,1638.0,64.8,48.9,26.0,318.6
2024-12-30 18:00:00,Anand Vihar,28.6469,77.3164,145.8,147.1,1524.0,60.3,47.7,26.0,320.0
2024-12-30 19:00:00,Anand Vihar,28.6469,77.3164,140.2,141.1,1400.0,53.9,42.6,29.0,315.7
2024-12-30 20:00:00,Anand Vihar,28.6469,77.3164,135.0,136.4,1267.0,45.8,35.2,34.0,311.7
2024-12-30 21:00:00,Anand Vihar,28.6469,77.3164,131.8,133.2,1169.0,38.2,29.3,39.0,309.3
2024-12-30 22:00:00,Anand Vihar,28.6469,77.3164,127.6,129.0,1113.0,30.3,25.8,45.0,306.1
2024-12-30 23:00:00,Anand Vihar,28.6469,77.3164,125.7,127.1,1091.0,22.8,23.7,52.0,304.6
2024-12-31 00:00:00,Anand Vihar,28.6469,77.3164,162.5,164.4,1118.0,33.1,26.2,33.0,332.8
2024-12-31 01:00:00,Anand Vihar,28.6469,77.3164,156.0,157.9,1236.0,33.5,28.1,35.0,327.9
2024-12-31 02:00:00,Anand Vihar,28.6469,77.3164,158.3,159.7,1404.0,33.8,30.7,39.0,329.6
2024-12-31 03:00:00,Anand Vihar,28.6469,77.3164,151.3,153.2,1507.0,32.6,33.6,48.0,324.3
2024-12-31 04:00:00,Anand Vihar,28.6469,77.3164,141.6,143.4,1490.0,28.4,36.8,67.0,316.8
2024-12-31 05:00:00,Anand Vihar,28.6469,77.3164,126.7,129.0,1410.0,22.8,40.1,92.0,305.4
2024-12-31 06:00:00,Anand Vihar,28.6469,77.3164,108.7,111.3,1321.0,18.6,42.8,113.0,261.4
2024-12-31 07:00:00,Anand Vihar,28.6469,77.3164,103.8,106.4,1189.0,16.0,44.4,130.0,244.7
2024-12-31 08:00:00,Anand Vihar,28.6469,77.3164,99.2,101.7,1048.0,14.9,45.4,143.0,229.0
2024-12-31 09:00:00,Anand Vihar,28.6469,77.3164,96.4,99.0,1062.0,17.8,46.1,145.0,219.4
2024-12-31 10:00:00,Anand Vihar,28.6469,77.3164,93.8,96.4,1350.0,27.4,46.2,130.0,210.6
2024-12-31 11:00:00,Anand Vihar,28.6469,77.3164,94.5,97.1,1792.0,41.0,46.0,105.0,212.9
2024-12-31 12:00:00,Anand Vihar,28.6469,77.3164,149.9,153.2,2195.0,65.5,63.9,76.0,323.2
2024-12-31 13:00:00,Anand Vihar,28.6469,77.3164,175.1,178.3,2539.0,72.7,66.4,60.0,342.5
2024-12-31 14:00:00,Anand Vihar,28.6469,77.3164,193.2,196.5,2843.0,82.4,69.6,39.0,356.4
2024-12-31 15:00:00,Anand Vihar,28.6469,77.3164,200.2,203.0,2971.0,87.4,70.7,23.0,361.8
2024-12-31 16:00:00,Anand Vihar,28.6469,77.3164,200.2,203.5,2813.0,84.3,68.5,19.0,361.8
2024-12-31 17:00:00,Anand Vihar,28.6469,77.3164,204.0,206.8,2479.0,76.5,64.1,21.0,364.7
2024-12-31 18:00:00,Anand Vihar,28.6469,77.3164,199.3,202.1,2161.0,67.3,58.1,25.0,361.1
2024-12-31 19:00:00,Anand Vihar,28.6469,77.3164,185.8,188.6,1907.0,56.7,49.7,31.0,350.7
2024-12-31 20:00:00,Anand Vihar,28.6469,77.3164,174.6,177.4,1669.0,44.8,39.7,39.0,342.1
2024-12-31 21:00:00,Anand Vihar,28.6469,77.3164,164.4,166.7,1493.0,34.6,31.5,46.0,334.3
2024-12-31 22:00:00,Anand Vihar,28.6469,77.3164,156.5,158.8,1401.0,26.7,26.0,52.0,328.2
2024-12-31 23:00:00,Anand Vihar,28.6469,77.3164,149.5,151.8,1372.0,20.6,22.3,57.0,322.9
2024-12-19 12:00:00,Ashok Vihar,28.6952,77.1811,144.8,147.6,1286.0,75.6,65.6,98.0,319.3
2024-12-19 13:00:00,Ashok Vihar,28.6952,77.1811,168.1,170.4,1444.0,84.5,70.3,78.0,337.1
2024-12-19 14:00:00,Ashok Vihar,28.6952,77.1811,190.0,192.3,1596.0,96.5,76.5,50.0,354.0
2024-12-19 15:00:00,Ashok Vihar,28.6952,77.1811,204.9,207.2,1687.0,103.4,79.9,29.0,365.4
2024-12-19 16:00:00,Ashok Vihar,28.6952,77.1811,212.3,214.2,1679.0,101.2,78.3,22.0,371.1
2024-12-19 17:00:00,Ashok Vihar,28.6952,77.1811,213.7,215.6,1610.0,94.0,73.9,23.0,372.1
2024-12-19 18:00:00,Ashok Vihar,28.6952,77.1811,207.2,209.1,1536.0,85.6,68.1,25.0,367.2
2024-12-19 19:00:00,Ashok Vihar,28.6952,77.1811,195.1,197.0,1466.0,76.7,60.6,28.0,357.9
2024-12-19 20:00:00,Ashok Vihar,28.6952,77.1811,184.9,186.7,1393.0,66.7,51.7,33.0,350.0
2024-12-19 21:00:00,Ashok Vihar,28.6952,77.1811,177.0,178.8,1346.0,57.7,44.6,36.0,344.0
2024-12-19 22:00:00,Ashok Vihar,28.6952,77.1811,170.9,172.3,1327.0,49.3,39.8,37.0,339.3
2024-12-19 23:00:00,Ashok Vihar,28.6952,77.1811,165.3,167.2,1336.0,42.0,36.6,37.0,335.0
2024-12-20 00:00:00,Ashok Vihar,28.6952,77.1811,147.6,149.0,1401.0,28.2,37.5,55.0,321.4
2024-12-20 01:00:00,Ashok Vihar,28.6952,77.1811,157.9,159.7,1608.0,39.2,43.6,44.0,329.3
2024-12-20 02:00:00,Ashok Vihar,28.6952,77.1811,176.0,177.9,1871.0,53.8,51.8,30.0,343.2
2024-12-20 03:00:00,Ashok Vihar,28.6952,77.1811,181.6,183.0,1963.0,61.1,57.4,34.0,347.5
2024-12-20 04:00:00,Ashok Vihar,28.6952,77.1811,156.5,157.9,1724.0,53.8,57.4,73.0,328.2
2024-12-20 05:00:00,Ashok Vihar,28.6952,77.1811,138.8,140.2,1313.0,39.1,54.8,129.0,314.7
2024-12-20 06:00:00,Ashok Vihar,28.6952,77.1811,111.8,113.9,982.0,27.5,52.9,172.0,272.0
2024-12-20 07:00:00,Ashok Vihar,28.6952,77.1811,94.3,96.9,812.0,21.6,53.2,190.0,212.3
2024-12-20 08:00:00,Ashok Vihar,28.6952,77.1811,84.1,86.6,721.0,18.8,54.3,195.0,179.9
2024-12-20 09:00:00,Ashok Vihar,28.6952,77.1811,80.1,82.4,713.0,22.0,55.4,187.0,166.2
2024-12-20 10:00:00,Ashok Vihar,28.6952,77.1811,78.5,80.6,835.0,36.2,56.4,162.0,160.7
2024-12-20 11:00:00,Ashok Vihar,28.6952,77.1811,85.9,87.5,1041.0,56.5,57.3,125.0,186.0
2024-12-20 12:00:00,Ashok Vihar,28.6952,77.1811,115.5,117.3,1193.0,74.4,56.9,86.0,284.6
2024-12-20 13:00:00,Ashok Vihar,28.6952,77.1811,125.3,126.7,1226.0,70.4,54.7,77.0,304.3
2024-12-20 14:00:00,Ashok Vihar,28.6952,77.1811,126.7,128.5,1206.0,64.5,51.5,64.0,305.4
2024-12-20 15:00:00,Ashok Vihar,28.6952,77.1811,126.7,128.1,1191.0,58.2,48.2,55.0,305.4
2024-12-20 16:00:00,Ashok Vihar,28.6952,77.1811,127.1,128.1,1211.0,51.5,44.8,52.0,305.7
2024-12-20 17:00:00,Ashok Vihar,28.6952,77.1811,127.6,128.5,1236.0,44.2,41.3,52.0,306.1
2024-12-20 18:00:00,Ashok Vihar,28.6952,77.1811,125.7,126.7,1234.0,37.6,38.7,52.0,304.6
2024-12-20 19:00:00,Ashok Vihar,28.6952,77.1811,122.0,123.4,1180.0,31.6,37.8,52.0,301.8
2024-12-20 20:00:00,Ashok Vihar,28.6952,77.1811,119.7,120.6,1098.0,26.3,37.8,51.0,299.0
2024-12-20 21:00:00,Ashok Vihar,28.6952,77.1811,117.6,118.5,1035.0,22.3,37.7,51.0,291.8
2024-12-20 22:00:00,Ashok Vihar,28.6952,77.1811,115.9,116.9,979.0,19.6,36.9,50.0,286.0
2024-12-20 23:00:00,Ashok Vihar,28.6952,77.1811,114.6,115.7,942.0,18.4,35.9,49.0,281.6
2024-12-21 00:00:00,Ashok Vihar,28.6952,77.1811,116.4,117.3,1000.0,21.0,41.3,46.0,287.7
2024-12-21 01:00:00,Ashok Vihar,28.6952,77.1811,123.9,124.8,1266.0,27.1,44.6,38.0,303.2
2024-12-21 02:00:00,Ashok Vihar,28.6952,77.1811,138.3,139.2,1627.0,35.3,49.0,28.0,314.3
2024-12-21 03:00:00,Ashok Vihar,28.6952,77.1811,144.8,145.8,1823.0,40.2,51.9,30.0,319.3
2024-12-21 04:00:00,Ashok Vihar,28.6952,77.1811,143.0,143.9,1709.0,38.8,51.9,56.0,317.9
2024-12-21 05:00:00,Ashok Vihar,28.6952,77.1811,138.3,139.2,1431.0,33.9,50.3,94.0,314.3
2024-12-21 06:00:00,Ashok Vihar,28.6952,77.1811,129.5,130.4,1163.0,28.9,48.7,127.0,307.5
2024-12-21 07:00:00,Ashok Vihar,28.6952,77.1811,110.1,111.5,929.0,22.3,47.4,150.0,266.2
2024-12-21 08:00:00,Ashok Vihar,28.6952,77.1811,98.5,100.1,707.0,15.6,46.2,168.0,226.6
2024-12-21 09:00:00,Ashok Vihar,28.6952,77.1811,92.7,94.3,603.0,15.6,45.6,171.0,206.8
2024-12-21 10:00:00,Ashok Vihar,28.6952,77.1811,90.3,92.0,700.0,28.3,45.7,151.0,500.0
2024-12-21 11:00:00,Ashok Vihar,28.6952,77.1811,98.7,99.9,916.0,47.7,46.4,116.0,227.3
2024-12-21 12:00:00,Ashok Vihar,28.6952,77.1811,134.1,136.0,1115.0,62.1,50.3,84.0,311.1
2024-12-21 13:00:00,Ashok Vihar,28.6952,77.1811,152.7,154.6,1252.0,67.0,53.7,70.0,325.3
2024-12-21 14:00:00,Ashok Vihar,28.6952,77.1811,166.7,168.6,1372.0,73.7,58.4,51.0,336.1
2024-12-21 15:00:00,Ashok Vihar,28.6952,77.1811,180.2,181.6,1468.0,78.0,62.0,35.0,346.4
2024-12-21 16:00:00,Ashok Vihar,28.6952,77.1811,193.7,195.1,1540.0,78.0,63.9,26.0,356.8
2024-12-21 17:00:00,Ashok Vihar,28.6952,77.1811,206.3,208.2,1589.0,75.7,64.7,21.0,366.5
2024-12-21 18:00:00,Ashok Vihar,28.6952,77.1811,213.3,214.7,1608.0,73.0,64.3,18.0,371.8
2024-12-21 19:00:00,Ashok Vihar,28.6952,77.1811,214.2,215.6,1574.0,70.5,62.4,16.0,372.5
2024-12-21 20:00:00,Ashok Vihar,28.6952,77.1811,215.6,217.0,1510.0,67.6,59.2,16.0,373.6
2024-12-21 21:00:00,Ashok Vihar,28.6952,77.1811,214.2,216.1,1480.0,64.2,56.0,17.0,372.5
2024-12-21 22:00:00,Ashok Vihar,28.6952,77.1811,205.8,207.7,1452.0,59.2,51.8,21.0,366.1
2024-12-21 23:00:00,Ashok Vihar,28.6952,77.1811,193.7,195.6,1458.0,53.8,47.6,27.0,356.8
2024-12-22 00:00:00,Ashok Vihar,28.6952,77.1811,200.7,202.6,1655.0,57.6,44.6,20.0,362.2
2024-12-22 01:00:00,Ashok Vihar,28.6952,77.1811,204.4,206.3,2318.0,60.8,53.7,19.0,365.0
2024-12-22 02:00:00,Ashok Vihar,28.6952,77.1811,220.7,223.1,3172.0,64.8,66.2,19.0,377.5
2024-12-22 03:00:00,Ashok Vihar,28.6952,77.1811,238.0,239.3,3553.0,64.8,74.9,32.0,390.8
2024-12-22 04:00:00,Ashok Vihar,28.6952,77.1811,218.9,220.3,3003.0,57.4,76.5,69.0,376.1
2024-12-22 05:00:00,Ashok Vihar,28.6952,77.1811,185.8,187.7,1981.0,45.9,74.3,120.0,350.7
2024-12-22 06:00:00,Ashok Vihar,28.6952,77.1811,140.2,142.5,1194.0,36.0,71.8,159.0,315.7
2024-12-22 07:00:00,Ashok Vihar,28.6952,77.1811,117.6,119.7,934.0,26.5,69.1,181.0,291.8
2024-12-22 08:00:00,Ashok Vihar,28.6952,77.1811,101.7,103.8,911.0,18.5,66.0,192.0,237.5
2024-12-22 09:00:00,Ashok Vihar,28.6952,77.1811,93.8,95.9,961.0,20.7,65.0,188.0,210.6
2024-12-22 10:00:00,Ashok Vihar,28.6952,77.1811,90.6,92.4,1066.0,41.8,67.7,162.0,500.0
2024-12-22 11:00:00,Ashok Vihar,28.6952,77.1811,105.5,107.1,1244.0,73.2,72.5,122.0,250.5
2024-12-22 12:00:00,Ashok Vihar,28.6952,77.1811,158.8,160.7,1392.0,101.3,82.2,75.0,330.0
2024-12-22 13:00:00,Ashok Vihar,28.6952,77.1811,190.0,191.4,1471.0,103.8,84.7,63.0,354.0
2024-12-22 14:00:00,Ashok Vihar,28.6952,77.1811,207.2,209.1,1520.0,106.9,87.9,46.0,367.2
2024-12-22 15:00:00,Ashok Vihar,28.6952,77.1811,210.5,211.9,1547.0,107.0,87.9,34.0,369.7
2024-12-22 16:00:00,Ashok Vihar,28.6952,77.1811,203.0,204.4,1568.0,102.9,82.3,32.0,363.9
2024-12-22 17:00:00,Ashok Vihar,28.6952,77.1811,197.9,199.3,1568.0,95.9,73.5,36.0,360.0
2024-12-22 18:00:00,Ashok Vihar,28.6952,77.1811,183.9,185.3,1510.0,85.5,64.8,42.0,349.3
2024-12-22 19:00:00,Ashok Vihar,28.6952,77.1811,164.4,165.3,1337.0,68.9,56.3,53.0,334.3
2024-12-22 20:00:00,Ashok Vihar,28.6952,77.1811,146.2,147.1,1105.0,49.1,47.8,66.0,320.3
2024-12-22 21:00:00,Ashok Vihar,28.6952,77.1811,139.2,140.6,947.0,34.4,42.1,75.0,315.0
2024-12-22 22:00:00,Ashok Vihar,28.6952,77.1811,138.8,140.2,910.0,28.0,40.3,76.0,314.7
2024-12-22 23:00:00,Ashok Vihar,28.6952,77.1811,142.0,143.4,945.0,26.7,41.2,71.0,317.1
2024-12-23 00:00:00,Ashok Vihar,28.6952,77.1811,117.6,118.7,1042.0,18.7,34.3,76.0,291.8
2024-12-23 01:00:00,Ashok Vihar,28.6952,77.1811,122.9,123.9,1260.0,30.0,38.4,62.0,302.5
2024-12-23 02:00:00,Ashok Vihar,28.6952,77.1811,137.4,138.8,1538.0,45.4,44.1,44.0,313.6
2024-12-23 03:00:00,Ashok Vihar,28.6952,77.1811,156.9,157.9,1685.0,55.4,47.6,36.0,328.6
2024-12-23 04:00:00,Ashok Vihar,28.6952,77.1811,149.9,150.9,1589.0,55.4,47.0,47.0,323.2
2024-12-23 05:00:00,Ashok Vihar,28.6952,77.1811,145.8,146.7,1362.0,50.2,44.4,69.0,320.0
2024-12-23 06:00:00,Ashok Vihar,28.6952,77.1811,143.9,145.3,1144.0,44.2,42.1,89.0,318.6
2024-12-23 07:00:00,Ashok Vihar,28.6952,77.1811,131.3,132.7,962.0,38.0,41.1,106.0,308.9
2024-12-23 08:00:00,Ashok Vihar,28.6952,77.1811,116.6,118.3,789.0,31.0,40.5,122.0,288.4
2024-12-23 09:00:00,Ashok Vihar,28.6952,77.1811,110.8,112.5,684.0,26.8,40.0,130.0,268.6
2024-12-23 10:00:00,Ashok Vihar,28.6952,77.1811,105.9,107.8,700.0,27.8,39.9,127.0,251.9
2024-12-23 11:00:00,Ashok Vihar,28.6952,77.1811,100.8,102.4,784.0,31.5,40.1,116.0,234.5
2024-12-23 12:00:00,Ashok Vihar,28.6952,77.1811,129.9,131.8,837.0,38.6,38.7,106.0,307.8
2024-12-23 13:00:00,Ashok Vihar,28.6952,77.1811,123.9,126.2,811.0,36.8,39.4,98.0,303.2
2024-12-23 14:00:00,Ashok Vihar,28.6952,77.1811,120.1,122.0,753.0,34.3,40.4,86.0,500.0
2024-12-23 15:00:00,Ashok Vihar,28.6952,77.1811,116.6,118.5,714.0,32.8,41.0,75.0,288.4
2024-12-23 16:00:00,Ashok Vihar,28.6952,77.1811,114.6,116.4,717.0,33.4,41.2,66.0,281.6
2024-12-23 17:00:00,Ashok Vihar,28.6952,77.1811,115.7,117.8,739.0,34.9,41.2,59.0,285.3
2024-12-23 18:00:00,Ashok Vihar,28.6952,77.1811,116.6,118.5,751.0,35.1,40.2,53.0,288.4
2024-12-23 19:00:00,Ashok Vihar,28.6952,77.1811,113.9,115.7,742.0,32.4,37.9,51.0,279.2
2024-12-23 20:00:00,Ashok Vihar,28.6952,77.1811,110.6,112.7,723.0,28.3,34.7,52.0,267.9
2024-12-23 21:00:00,Ashok Vihar,28.6952,77.1811,109.7,111.8,707.0,25.1,31.7,51.0,264.8
2024-12-23 22:00:00,Ashok Vihar,28.6952,77.1811,108.5,110.4,690.0,23.2,28.9,47.0,260.7
2024-12-23 23:00:00,Ashok Vihar,28.6952,77.1811,105.7,107.3,676.0,22.1,26.3,43.0,251.2
2024-12-24 00:00:00,Ashok Vihar,28.6952,77.1811,83.1,85.0,679.0,17.2,17.5,60.0,176.4
2024-12-24 01:00:00,Ashok Vihar,28.6952,77.1811,84.5,86.4,723.0,24.2,20.1,54.0,181.2
2024-12-24 02:00:00,Ashok Vihar,28.6952,77.1811,93.1,95.0,786.0,33.6,23.6,47.0,208.2
2024-12-24 03:00:00,Ashok Vihar,28.6952,77.1811,102.9,105.0,816.0,38.9,26.5,49.0,241.6
2024-12-24 04:00:00,Ashok Vihar,28.6952,77.1811,108.0,109.9,783.0,36.2,27.7,68.0,259.0
2024-12-24 05:00:00,Ashok Vihar,28.6952,77.1811,106.9,109.2,718.0,29.6,28.2,97.0,255.3
2024-12-24 06:00:00,Ashok Vihar,28.6952,77.1811,102.7,105.7,663.0,24.2,29.6,121.0,240.9
2024-12-24 07:00:00,Ashok Vihar,28.6952,77.1811,106.4,109.7,588.0,19.6,32.0,138.0,253.6
2024-12-24 08:00:00,Ashok Vihar,28.6952,77.1811,107.1,110.6,523.0,16.3,35.3,151.0,256.0
2024-12-24 09:00:00,Ashok Vihar,28.6952,77.1811,107.8,111.1,604.0,21.6,40.0,150.0,258.4
2024-12-24 10:00:00,Ashok Vihar,28.6952,77.1811,108.7,111.8,932.0,43.5,46.5,126.0,261.4
2024-12-24 11:00:00,Ashok Vihar,28.6952,77.1811,119.7,122.0,1405.0,73.9,54.6,88.0,299.0
2024-12-24 12:00:00,Ashok Vihar,28.6952,77.1811,134.1,136.0,1855.0,77.1,46.7,62.0,311.1
2024-12-24 13:00:00,Ashok Vihar,28.6952,77.1811,142.5,143.9,2224.0,74.5,46.8,56.0,317.5
2024-12-24 14:00:00,Ashok Vihar,28.6952,77.1811,141.6,143.0,2570.0,70.5,46.6,47.0,316.8
2024-12-24 15:00:00,Ashok Vihar,28.6952,77.1811,131.8,133.2,2898.0,65.0,44.8,41.0,309.3
2024-12-24 16:00:00,Ashok Vihar,28.6952,77.1811,120.1,121.5,3282.0,56.9,40.0,39.0,500.0
2024-12-24 17:00:00,Ashok Vihar,28.6952,77.1811,111.8,112.9,3648.0,47.2,33.5,38.0,272.0
2024-12-24 18:00:00,Ashok Vihar,28.6952,77.1811,105.5,106.6,3776.0,39.0,28.0,38.0,250.5
2024-12-24 19:00:00,Ashok Vihar,28.6952,77.1811,100.4,101.5,3513.0,33.3,24.3,37.0,233.1
2024-12-24 20:00:00,Ashok Vihar,28.6952,77.1811,98.0,99.4,3012.0,29.1,21.5,37.0,224.9
2024-12-24 21:00:00,Ashok Vihar,28.6952,77.1811,98.0,99.2,2518.0,26.1,19.5,36.0,224.9
2024-12-24 22:00:00,Ashok Vihar,28.6952,77.1811,98.7,100.1,2048.0,24.0,18.1,35.0,227.3
2024-12-24 23:00:00,Ashok Vihar,28.6952,77.1811,99.7,101.0,1585.0,23.2,17.5,34.0,230.7
2024-12-25 00:00:00,Ashok Vihar,28.6952,77.1811,94.3,95.7,1320.0,21.1,16.8,39.0,212.3
2024-12-25 01:00:00,Ashok Vihar,28.6952,77.1811,101.0,102.4,1432.0,28.4,23.0,31.0,235.1
2024-12-25 02:00:00,Ashok Vihar,28.6952,77.1811,118.0,119.7,1743.0,38.3,31.4,21.0,293.2
2024-12-25 03:00:00,Ashok Vihar,28.6952,77.1811,134.6,136.0,1909.0,43.8,37.2,24.0,311.4
2024-12-25 04:00:00,Ashok Vihar,28.6952,77.1811,128.1,129.0,1761.0,41.0,37.0,52.0,306.4
2024-12-25 05:00:00,Ashok Vihar,28.6952,77.1811,119.7,121.1,1468.0,33.8,34.0,93.0,299.0
2024-12-25 06:00:00,Ashok Vihar,28.6952,77.1811,95.7,97.6,1196.0,27.4,33.3,126.0,217.0
2024-12-25 07:00:00,Ashok Vihar,28.6952,77.1811,87.8,90.1,974.0,22.1,37.7,147.0,192.5
2024-12-25 08:00:00,Ashok Vihar,28.6952,77.1811,91.7,94.1,773.0,17.5,44.4,161.0,203.4
2024-12-25 09:00:00,Ashok Vihar,28.6952,77.1811,94.1,96.4,676.0,18.3,49.3,162.0,211.6
2024-12-25 10:00:00,Ashok Vihar,28.6952,77.1811,94.5,96.9,734.0,28.6,50.3,143.0,212.9
2024-12-25 11:00:00,Ashok Vihar,28.6952,77.1811,100.1,102.0,896.0,44.2,49.5,111.0,232.1
2024-12-25 12:00:00,Ashok Vihar,28.6952,77.1811,133.2,135.0,1090.0,57.4,47.5,74.0,310.4
2024-12-25 13:00:00,Ashok Vihar,28.6952,77.1811,144.4,146.2,1340.0,61.4,50.0,61.0,319.0
2024-12-25 14:00:00,Ashok Vihar,28.6952,77.1811,151.8,153.2,1622.0,66.8,53.5,43.0,324.6
2024-12-25 15:00:00,Ashok Vihar,28.6952,77.1811,160.7,161.6,1796.0,70.3,56.4,29.0,331.5
2024-12-25 16:00:00,Ashok Vihar,28.6952,77.1811,167.6,169.0,1778.0,70.0,58.6,23.0,336.8
2024-12-25 17:00:00,Ashok Vihar,28.6952,77.1811,174.6,176.0,1652.0,67.8,60.2,20.0,342.1
2024-12-25 18:00:00,Ashok Vihar,28.6952,77.1811,178.3,179.3,1528.0,65.3,60.1,18.0,345.0
2024-12-25 19:00:00,Ashok Vihar,28.6952,77.1811,179.3,180.2,1438.0,63.3,57.0,15.0,345.7
2024-12-25 20:00:00,Ashok Vihar,28.6952,77.1811,179.7,180.7,1352.0,61.1,52.2,13.0,346.0
2024-12-25 21:00:00,Ashok Vihar,28.6952,77.1811,178.8,180.2,1285.0,58.4,48.2,12.0,345.4
2024-12-25 22:00:00,Ashok Vihar,28.6952,77.1811,175.6,176.5,1216.0,54.2,45.6,13.0,342.9
2024-12-25 23:00:00,Ashok Vihar,28.6952,77.1811,170.0,170.9,1166.0,49.6,43.8,15.0,338.6
2024-12-26 00:00:00,Ashok Vihar,28.6952,77.1811,182.5,183.9,1222.0,48.6,39.7,9.0,348.2
2024-12-26 01:00:00,Ashok Vihar,28.6952,77.1811,173.7,174.6,1506.0,48.1,42.1,6.0,341.4
2024-12-26 02:00:00,Ashok Vihar,28.6952,77.1811,186.3,187.2,1895.0,47.3,45.4,4.0,351.1
2024-12-26 03:00:00,Ashok Vihar,28.6952,77.1811,192.3,192.8,2108.0,45.7,47.9,16.0,355.7
2024-12-26 04:00:00,Ashok Vihar,28.6952,77.1811,192.3,192.8,1992.0,43.1,48.3,56.0,355.7
2024-12-26 05:00:00,Ashok Vihar,28.6952,77.1811,180.2,180.7,1699.0,39.7,47.8,110.0,346.4
2024-12-26 06:00:00,Ashok Vihar,28.6952,77.1811,146.7,147.6,1411.0,36.2,48.4,151.0,320.7
2024-12-26 07:00:00,Ashok Vihar,28.6952,77.1811,100.1,101.3,1144.0,29.2,50.5,172.0,232.1
2024-12-26 08:00:00,Ashok Vihar,28.6952,77.1811,80.6,82.0,882.0,22.0,53.7,180.0,167.9
2024-12-26 09:00:00,Ashok Vihar,28.6952,77.1811,75.9,77.5,749.0,25.3,58.1,174.0,151.9
2024-12-26 10:00:00,Ashok Vihar,28.6952,77.1811,75.4,77.5,840.0,48.6,64.3,147.0,150.2
2024-12-26 11:00:00,Ashok Vihar,28.6952,77.1811,88.2,89.9,1061.0,82.5,71.7,106.0,193.9
2024-12-26 12:00:00,Ashok Vihar,28.6952,77.1811,139.2,142.0,1258.0,103.4,69.3,63.0,315.0
2024-12-26 13:00:00,Ashok Vihar,28.6952,77.1811,170.4,172.8,1371.0,109.4,75.6,49.0,338.9
2024-12-26 14:00:00,Ashok Vihar,28.6952,77.1811,190.9,193.2,1460.0,117.5,84.2,29.0,354.6
2024-12-26 15:00:00,Ashok Vihar,28.6952,77.1811,212.3,214.7,1552.0,122.3,89.2,15.0,371.1
2024-12-26 16:00:00,Ashok Vihar,28.6952,77.1811,230.0,232.8,1685.0,121.7,88.6,10.0,384.7
2024-12-26 17:00:00,Ashok Vihar,28.6952,77.1811,235.6,238.4,1819.0,117.7,84.6,11.0,388.9
2024-12-26 18:00:00,Ashok Vihar,28.6952,77.1811,220.3,223.1,1866.0,110.9,77.5,13.0,377.2
2024-12-26 19:00:00,Ashok Vihar,28.6952,77.1811,205.8,208.2,1759.0,99.6,65.4,17.0,366.1
2024-12-26 20:00:00,Ashok Vihar,28.6952,77.1811,185.8,187.7,1564.0,85.4,50.4,23.0,350.7
2024-12-26 21:00:00,Ashok Vihar,28.6952,77.1811,162.1,164.4,1387.0,73.9,38.7,28.0,332.5
2024-12-26 22:00:00,Ashok Vihar,28.6952,77.1811,145.3,147.1,1265.0,67.3,33.4,31.0,319.6
2024-12-26 23:00:00,Ashok Vihar,28.6952,77.1811,144.4,146.7,1162.0,63.4,31.6,33.0,319.0
2024-12-27 00:00:00,Ashok Vihar,28.6952,77.1811,146.2,148.1,1077.0,71.4,44.3,25.0,320.3
2024-12-27 01:00:00,Ashok Vihar,28.6952,77.1811,130.9,132.7,1022.0,68.8,45.3,26.0,308.6
2024-12-27 02:00:00,Ashok Vihar,28.6952,77.1811,138.8,140.6,985.0,64.9,46.4,28.0,314.7
2024-12-27 03:00:00,Ashok Vihar,28.6952,77.1811,140.6,142.0,927.0,60.3,45.4,33.0,316.0
2024-12-27 04:00:00,Ashok Vihar,28.6952,77.1811,138.8,140.2,815.0,54.6,40.6,45.0,314.7
2024-12-27 05:00:00,Ashok Vihar,28.6952,77.1811,117.6,119.2,682.0,48.2,33.8,60.0,291.8
2024-12-27 06:00:00,Ashok Vihar,28.6952,77.1811,97.8,99.7,586.0,42.2,27.9,72.0,224.2
2024-12-27 07:00:00,Ashok Vihar,28.6952,77.1811,94.5,97.1,558.0,36.6,24.2,77.0,212.9
2024-12-27 08:00:00,Ashok Vihar,28.6952,77.1811,91.5,93.8,567.0,31.4,21.5,79.0,202.7
2024-12-27 09:00:00,Ashok Vihar,28.6952,77.1811,89.4,91.3,580.0,28.1,19.3,79.0,198.0
2024-12-27 10:00:00,Ashok Vihar,28.6952,77.1811,85.4,87.1,588.0,28.0,17.3,78.0,184.3
2024-12-27 11:00:00,Ashok Vihar,28.6952,77.1811,80.6,82.0,600.0,29.8,15.9,75.0,167.9
2024-12-27 12:00:00,Ashok Vihar,28.6952,77.1811,94.3,96.6,607.0,36.8,16.6,64.0,212.3
2024-12-27 13:00:00,Ashok Vihar,28.6952,77.1811,93.6,95.7,605.0,35.2,17.7,64.0,209.9
2024-12-27 14:00:00,Ashok Vihar,28.6952,77.1811,96.6,98.7,600.0,32.8,19.2,64.0,220.1
2024-12-27 15:00:00,Ashok Vihar,28.6952,77.1811,98.3,100.4,597.0,30.6,20.6,65.0,225.9
2024-12-27 16:00:00,Ashok Vihar,28.6952,77.1811,102.2,104.5,610.0,28.8,21.7,66.0,239.2
2024-12-27 17:00:00,Ashok Vihar,28.6952,77.1811,106.9,109.2,626.0,27.1,22.6,68.0,255.3
2024-12-27 18:00:00,Ashok Vihar,28.6952,77.1811,104.3,106.6,614.0,25.5,23.2,68.0,246.4
2024-12-27 19:00:00,Ashok Vihar,28.6952,77.1811,100.8,103.1,543.0,23.7,23.1,66.0,234.5
2024-12-27 20:00:00,Ashok Vihar,28.6952,77.1811,100.4,102.7,445.0,21.9,22.5,63.0,233.1
2024-12-27 21:00:00,Ashok Vihar,28.6952,77.1811,99.9,102.0,382.0,20.9,22.3,60.0,231.4
2024-12-27 22:00:00,Ashok Vihar,28.6952,77.1811,96.2,98.0,354.0,20.3,22.0,57.0,218.8
2024-12-27 23:00:00,Ashok Vihar,28.6952,77.1811,91.7,93.6,363.0,20.6,22.0,55.0,203.4
2024-12-28 00:00:00,Ashok Vihar,28.6952,77.1811,82.0,84.1,473.0,17.1,21.0,66.0,172.7
2024-12-28 01:00:00,Ashok Vihar,28.6952,77.1811,82.4,84.5,807.0,29.8,29.6,55.0,174.1
2024-12-28 02:00:00,Ashok Vihar,28.6952,77.1811,105.2,107.6,1242.0,46.9,41.4,40.0,249.5
2024-12-28 03:00:00,Ashok Vihar,28.6952,77.1811,125.3,127.6,1481.0,57.7,50.5,34.0,304.3
2024-12-28 04:00:00,Ashok Vihar,28.6952,77.1811,112.0,113.9,1333.0,55.7,53.9,45.0,272.7
2024-12-28 05:00:00,Ashok Vihar,28.6952,77.1811,103.8,105.9,989.0,47.2,54.5,65.0,244.7
2024-12-28 06:00:00,Ashok Vihar,28.6952,77.1811,99.9,102.0,719.0,40.6,55.2,80.0,231.4
2024-12-28 07:00:00,Ashok Vihar,28.6952,77.1811,99.0,101.0,614.0,38.2,57.3,87.0,228.3
2024-12-28 08:00:00,Ashok Vihar,28.6952,77.1811,97.3,99.4,583.0,37.6,59.5,91.0,222.5
2024-12-28 09:00:00,Ashok Vihar,28.6952,77.1811,95.2,97.1,627.0,40.3,61.1,88.0,215.3
2024-12-28 10:00:00,Ashok Vihar,28.6952,77.1811,91.5,93.1,761.0,48.5,61.5,77.0,202.7
2024-12-28 11:00:00,Ashok Vihar,28.6952,77.1811,95.9,97.6,969.0,59.9,61.3,59.0,217.7
2024-12-28 12:00:00,Ashok Vihar,28.6952,77.1811,128.5,130.4,1204.0,67.4,56.8,47.0,306.8
2024-12-28 13:00:00,Ashok Vihar,28.6952,77.1811,149.5,151.3,1504.0,67.0,55.3,42.0,322.9
2024-12-28 14:00:00,Ashok Vihar,28.6952,77.1811,155.1,156.5,1830.0,66.3,53.0,35.0,327.2
2024-12-28 15:00:00,Ashok Vihar,28.6952,77.1811,150.9,152.3,2023.0,63.9,49.9,30.0,323.9
2024-12-28 16:00:00,Ashok Vihar,28.6952,77.1811,146.7,147.6,1995.0,59.2,45.4,28.0,320.7
2024-12-28 17:00:00,Ashok Vihar,28.6952,77.1811,145.8,147.1,1834.0,52.8,40.1,28.0,320.0
2024-12-28 18:00:00,Ashok Vihar,28.6952,77.1811,143.0,143.9,1637.0,45.9,35.0,29.0,317.9
2024-12-28 19:00:00,Ashok Vihar,28.6952,77.1811,132.7,133.6,1399.0,37.9,30.3,32.0,310.0
2024-12-28 20:00:00,Ashok Vihar,28.6952,77.1811,122.9,123.9,1126.0,29.3,25.9,36.0,302.5
2024-12-28 21:00:00,Ashok Vihar,28.6952,77.1811,114.8,115.7,933.0,22.6,22.7,40.0,282.2
2024-12-28 22:00:00,Ashok Vihar,28.6952,77.1811,106.9,107.8,884.0,18.5,21.0,43.0,255.3
2024-12-28 23:00:00,Ashok Vihar,28.6952,77.1811,99.2,99.9,915.0,16.4,20.5,45.0,229.0
2024-12-29 00:00:00,Ashok Vihar,28.6952,77.1811,122.5,123.4,950.0,23.8,21.8,31.0,302.2
2024-12-29 01:00:00,Ashok Vihar,28.6952,77.1811,113.4,114.3,975.0,26.1,23.5,31.0,277.5
2024-12-29 02:00:00,Ashok Vihar,28.6952,77.1811,110.8,111.8,1004.0,29.2,25.9,32.0,268.6
2024-12-29 03:00:00,Ashok Vihar,28.6952,77.1811,110.6,111.5,1006.0,30.0,28.1,38.0,267.9
2024-12-29 04:00:00,Ashok Vihar,28.6952,77.1811,95.9,97.1,962.0,26.5,29.9,55.0,217.7
2024-12-29 05:00:00,Ashok Vihar,28.6952,77.1811,85.0,86.4,890.0,20.7,31.5,77.0,182.9
2024-12-29 06:00:00,Ashok Vihar,28.6952,77.1811,73.1,74.7,816.0,16.2,32.5,95.0,142.3
2024-12-29 07:00:00,Ashok Vihar,28.6952,77.1811,66.8,68.5,724.0,13.7,32.4,108.0,120.8
2024-12-29 08:00:00,Ashok Vihar,28.6952,77.1811,64.0,65.9,630.0,12.4,31.7,117.0,111.2
2024-12-29 09:00:00,Ashok Vihar,28.6952,77.1811,63.3,65.0,602.0,14.0,31.2,118.0,108.9
2024-12-29 10:00:00,Ashok Vihar,28.6952,77.1811,60.3,62.2,698.0,20.1,30.9,108.0,500.0
2024-12-29 11:00:00,Ashok Vihar,28.6952,77.1811,61.5,63.3,860.0,29.1,30.7,90.0,102.7
2024-12-29 12:00:00,Ashok Vihar,28.6952,77.1811,90.6,92.2,987.0,35.4,32.7,65.0,500.0
2024-12-29 13:00:00,Ashok Vihar,28.6952,77.1811,96.2,97.6,1044.0,36.6,32.5,58.0,218.8
2024-12-29 14:00:00,Ashok Vihar,28.6952,77.1811,96.2,97.1,1066.0,38.2,32.2,50.0,218.8
2024-12-29 15:00:00,Ashok Vihar,28.6952,77.1811,95.0,95.7,1059.0,38.0,31.1,44.0,214.7
2024-12-29 16:00:00,Ashok Vihar,28.6952,77.1811,92.2,92.9,1014.0,34.9,28.7,45.0,205.1
2024-12-29 17:00:00,Ashok Vihar,28.6952,77.1811,90.6,91.3,940.0,30.1,25.5,48.0,500.0
2024-12-29 18:00:00,Ashok Vihar,28.6952,77.1811,89.2,89.9,867.0,25.5,22.7,52.0,197.3
2024-12-29 19:00:00,Ashok Vihar,28.6952,77.1811,85.4,85.9,795.0,21.6,20.4,55.0,184.3
2024-12-29 20:00:00,Ashok Vihar,28.6952,77.1811,82.9,83.6,724.0,18.0,18.3,57.0,175.8
2024-12-29 21:00:00,Ashok Vihar,28.6952,77.1811,80.8,81.3,686.0,15.2,17.2,59.0,168.6
2024-12-29 22:00:00,Ashok Vihar,28.6952,77.1811,78.7,79.2,701.0,13.2,17.1,61.0,161.4
2024-12-29 23:00:00,Ashok Vihar,28.6952,77.1811,77.1,77.3,749.0,12.1,18.0,62.0,156.0
2024-12-30 00:00:00,Ashok Vihar,28.6952,77.1811,77.3,77.8,806.0,12.9,18.5,61.0,156.6
2024-12-30 01:00:00,Ashok Vihar,28.6952,77.1811,75.4,75.7,876.0,17.0,21.4,58.0,150.2
2024-12-30 02:00:00,Ashok Vihar,28.6952,77.1811,77.5,77.8,955.0,22.6,25.5,55.0,157.3
2024-12-30 03:00:00,Ashok Vihar,28.6952,77.1811,79.4,79.6,999.0,25.6,29.1,60.0,163.8
2024-12-30 04:00:00,Ashok Vihar,28.6952,77.1811,76.8,77.1,981.0,23.6,31.9,79.0,154.9
2024-12-30 05:00:00,Ashok Vihar,28.6952,77.1811,76.1,76.4,928.0,19.1,34.2,107.0,152.5
2024-12-30 06:00:00,Ashok Vihar,28.6952,77.1811,75.2,75.4,885.0,15.3,35.5,130.0,149.5
2024-12-30 07:00:00,Ashok Vihar,28.6952,77.1811,71.2,71.5,850.0,12.4,35.4,148.0,135.8
2024-12-30 08:00:00,Ashok Vihar,28.6952,77.1811,63.1,63.3,824.0,10.2,34.4,163.0,108.2
2024-12-30 09:00:00,Ashok Vihar,28.6952,77.1811,56.0,56.2,851.0,11.6,33.4,166.0,93.2
2024-12-30 10:00:00,Ashok Vihar,28.6952,77.1811,51.5,51.8,969.0,18.8,32.4,150.0,85.6
2024-12-30 11:00:00,Ashok Vihar,28.6952,77.1811,52.3,52.5,1140.0,29.6,31.4,122.0,87.0
2024-12-30 12:00:00,Ashok Vihar,28.6952,77.1811,96.2,97.3,1289.0,49.6,38.3,83.0,218.8
2024-12-30 13:00:00,Ashok Vihar,28.6952,77.1811,108.5,109.7,1397.0,55.3,40.6,69.0,260.7
2024-12-30 14:00:00,Ashok Vihar,28.6952,77.1811,118.0,119.0,1483.0,63.0,43.7,49.0,293.2
2024-12-30 15:00:00,Ashok Vihar,28.6952,77.1811,127.1,128.1,1526.0,67.8,46.2,34.0,305.7
2024-12-30 16:00:00,Ashok Vihar,28.6952,77.1811,136.0,136.9,1512.0,67.7,47.9,28.0,312.5
2024-12-30 17:00:00,Ashok Vihar,28.6952,77.1811,143.9,144.8,1455.0,64.8,48.9,26.0,318.6
2024-12-30 18:00:00,Ashok Vihar,28.6952,77.1811,145.8,147.1,1382.0,60.3,47.7,26.0,320.0
2024-12-30 19:00:00,Ashok Vihar,28.6952,77.1811,140.2,141.1,1286.0,53.9,42.6,29.0,315.7
2024-12-30 20:00:00,Ashok Vihar,28.6952,77.1811,135.0,136.4,1175.0,45.8,35.2,34.0,311.7
2024-12-30 21:00:00,Ashok Vihar,28.6952,77.1811,131.8,133.2,1095.0,38.2,29.3,39.0,309.3
2024-12-30 22:00:00,Ashok Vihar,28.6952,77.1811,127.6,129.0,1064.0,30.3,25.8,45.0,306.1
2024-12-30 23:00:00,Ashok Vihar,28.6952,77.1811,125.7,127.1,1064.0,22.8,23.7,52.0,304.6
2024-12-31 00:00:00,Ashok Vihar,28.6952,77.1811,162.5,164.4,1091.0,33.1,26.2,33.0,332.8
2024-12-31 01:00:00,Ashok Vihar,28.6952,77.1811,156.0,157.9,1166.0,33.5,28.1,35.0,327.9
2024-12-31 02:00:00,Ashok Vihar,28.6952,77.1811,158.3,159.7,1267.0,33.8,30.7,39.0,329.6
2024-12-31 03:00:00,Ashok Vihar,28.6952,77.1811,151.3,153.2,1329.0,32.6,33.6,48.0,324.3
2024-12-31 04:00:00,Ashok Vihar,28.6952,77.1811,141.6,143.4,1319.0,28.4,36.8,67.0,316.8
2024-12-31 05:00:00,Ashok Vihar,28.6952,77.1811,126.7,129.0,1270.0,22.8,40.1,92.0,305.4
2024-12-31 06:00:00,Ashok Vihar,28.6952,77.1811,108.7,111.3,1210.0,18.6,42.8,113.0,261.4
2024-12-31 07:00:00,Ashok Vihar,28.6952,77.1811,103.8,106.4,1115.0,16.0,44.4,130.0,244.7
2024-12-31 08:00:00,Ashok Vihar,28.6952,77.1811,99.2,101.7,1009.0,14.9,45.4,143.0,229.0
2024-12-31 09:00:00,Ashok Vihar,28.6952,77.1811,96.4,99.0,1001.0,17.8,46.1,145.0,219.4
2024-12-31 10:00:00,Ashok Vihar,28.6952,77.1811,93.8,96.4,1147.0,27.4,46.2,130.0,210.6
2024-12-31 11:00:00,Ashok Vihar,28.6952,77.1811,94.5,97.1,1390.0,41.0,46.0,105.0,212.9
2024-12-31 12:00:00,Ashok Vihar,28.6952,77.1811,149.9,153.2,1668.0,65.5,63.9,76.0,323.2
2024-12-31 13:00:00,Ashok Vihar,28.6952,77.1811,175.1,178.3,2024.0,72.7,66.4,60.0,342.5
2024-12-31 14:00:00,Ashok Vihar,28.6952,77.1811,193.2,196.5,2414.0,82.4,69.6,39.0,356.4
2024-12-31 15:00:00,Ashok Vihar,28.6952,77.1811,200.2,203.0,2644.0,87.4,70.7,23.0,361.8
2024-12-31 16:00:00,Ashok Vihar,28.6952,77.1811,200.2,203.5,2602.0,84.3,68.5,19.0,361.8
2024-12-31 17:00:00,Ashok Vihar,28.6952,77.1811,204.0,206.8,2400.0,76.5,64.1,21.0,364.7
2024-12-31 18:00:00,Ashok Vihar,28.6952,77.1811,199.3,202.1,2178.0,67.3,58.1,25.0,361.1
2024-12-31 19:00:00,Ashok Vihar,28.6952,77.1811,185.8,188.6,1960.0,56.7,49.7,31.0,350.7
2024-12-31 20:00:00,Ashok Vihar,28.6952,77.1811,174.6,177.4,1724.0,44.8,39.7,39.0,342.1
2024-12-31 21:00:00,Ashok Vihar,28.6952,77.1811,164.4,166.7,1539.0,34.6,31.5,46.0,334.3
2024-12-31 22:00:00,Ashok Vihar,28.6952,77.1811,156.5,158.8,1435.0,26.7,26.0,52.0,328.2
2024-12-31 23:00:00,Ashok Vihar,28.6952,77.1811,149.5,151.8,1382.0,20.6,22.3,57.0,322.9
2024-12-19 12:00:00,Bawana,28.7762,77.0513,144.8,147.6,1473.0,75.6,65.6,98.0,319.3
2024-12-19 13:00:00,Bawana,28.7762,77.0513,168.1,170.4,1472.0,84.5,70.3,78.0,337.1
2024-12-19 14:00:00,Bawana,28.7762,77.0513,190.0,192.3,1396.0,96.5,76.5,50.0,354.0
2024-12-19 15:00:00,Bawana,28.7762,77.0513,204.9,207.2,1351.0,103.4,79.9,29.0,365.4
2024-12-19 16:00:00,Bawana,28.7762,77.0513,212.3,214.2,1392.0,101.2,78.3,22.0,371.1
2024-12-19 17:00:00,Bawana,28.7762,77.0513,213.7,215.6,1465.0,94.0,73.9,23.0,372.1
2024-12-19 18:00:00,Bawana,28.7762,77.0513,207.2,209.1,1507.0,85.6,68.1,25.0,367.2
2024-12-19 19:00:00,Bawana,28.7762,77.0513,195.1,197.0,1482.0,76.7,60.6,28.0,357.9
2024-12-19 20:00:00,Bawana,28.7762,77.0513,184.9,186.7,1427.0,66.7,51.7,33.0,350.0
2024-12-19 21:00:00,Bawana,28.7762,77.0513,177.0,178.8,1391.0,57.7,44.6,36.0,344.0
2024-12-19 22:00:00,Bawana,28.7762,77.0513,170.9,172.3,1381.0,49.3,39.8,37.0,339.3
2024-12-19 23:00:00,Bawana,28.7762,77.0513,165.3,167.2,1390.0,42.0,36.6,37.0,335.0
2024-12-20 00:00:00,Bawana,28.7762,77.0513,147.6,149.0,1443.0,28.2,37.5,55.0,321.4
2024-12-20 01:00:00,Bawana,28.7762,77.0513,157.9,159.7,1616.0,39.2,43.6,44.0,329.3
2024-12-20 02:00:00,Bawana,28.7762,77.0513,176.0,177.9,1832.0,53.8,51.8,30.0,343.2
2024-12-20 03:00:00,Bawana,28.7762,77.0513,181.6,183.0,1891.0,61.1,57.4,34.0,347.5
2024-12-20 04:00:00,Bawana,28.7762,77.0513,156.5,157.9,1645.0,53.8,57.4,73.0,328.2
2024-12-20 05:00:00,Bawana,28.7762,77.0513,138.8,140.2,1242.0,39.1,54.8,129.0,314.7
2024-12-20 06:00:00,Bawana,28.7762,77.0513,111.8,113.9,921.0,27.5,52.9,172.0,272.0
2024-12-20 07:00:00,Bawana,28.7762,77.0513,94.3,96.9,759.0,21.6,53.2,190.0,212.3
2024-12-20 08:00:00,Bawana,28.7762,77.0513,84.1,86.6,680.0,18.8,54.3,195.0,179.9
2024-12-20 09:00:00,Bawana,28.7762,77.0513,80.1,82.4,692.0,22.0,55.4,187.0,166.2
2024-12-20 10:00:00,Bawana,28.7762,77.0513,78.5,80.6,856.0,36.2,56.4,162.0,160.7
2024-12-20 11:00:00,Bawana,28.7762,77.0513,85.9,87.5,1111.0,56.5,57.3,125.0,186.0
2024-12-20 12:00:00,Bawana,28.7762,77.0513,115.5,117.3,1281.0,74.4,56.9,86.0,284.6
2024-12-20 13:00:00,Bawana,28.7762,77.0513,125.3,126.7,1271.0,70.4,54.7,77.0,304.3
2024-12-20 14:00:00,Bawana,28.7762,77.0513,126.7,128.5,1176.0,64.5,51.5,64.0,305.4
2024-12-20 15:00:00,Bawana,28.7762,77.0513,126.7,128.1,1109.0,58.2,48.2,55.0,305.4
2024-12-20 16:00:00,Bawana,28.7762,77.0513,127.1,128.1,1127.0,51.5,44.8,52.0,305.7
2024-12-20 17:00:00,Bawana,28.7762,77.0513,127.6,128.5,1173.0,44.2,41.3,52.0,306.1
2024-12-20 18:00:00,Bawana,28.7762,77.0513,125.7,126.7,1183.0,37.6,38.7,52.0,304.6
2024-12-20 19:00:00,Bawana,28.7762,77.0513,122.0,123.4,1116.0,31.6,37.8,52.0,301.8
2024-12-20 20:00:00,Bawana,28.7762,77.0513,119.7,120.6,1013.0,26.3,37.8,51.0,299.0
2024-12-20 21:00:00,Bawana,28.7762,77.0513,117.6,118.5,941.0,22.3,37.7,51.0,291.8
2024-12-20 22:00:00,Bawana,28.7762,77.0513,115.9,116.9,908.0,19.6,36.9,50.0,286.0
2024-12-20 23:00:00,Bawana,28.7762,77.0513,114.6,115.7,905.0,18.4,35.9,49.0,281.6
2024-12-21 00:00:00,Bawana,28.7762,77.0513,116.4,117.3,970.0,21.0,41.3,46.0,287.7
2024-12-21 01:00:00,Bawana,28.7762,77.0513,123.9,124.8,1185.0,27.1,44.6,38.0,303.2
2024-12-21 02:00:00,Bawana,28.7762,77.0513,138.3,139.2,1467.0,35.3,49.0,28.0,314.3
2024-12-21 03:00:00,Bawana,28.7762,77.0513,144.8,145.8,1609.0,40.2,51.9,30.0,319.3
2024-12-21 04:00:00,Bawana,28.7762,77.0513,143.0,143.9,1484.0,38.8,51.9,56.0,317.9
2024-12-21 05:00:00,Bawana,28.7762,77.0513,138.3,139.2,1218.0,33.9,50.3,94.0,314.3
2024-12-21 06:00:00,Bawana,28.7762,77.0513,129.5,130.4,979.0,28.9,48.7,127.0,307.5
2024-12-21 07:00:00,Bawana,28.7762,77.0513,110.1,111.5,793.0,22.3,47.4,150.0,266.2
2024-12-21 08:00:00,Bawana,28.7762,77.0513,98.5,100.1,634.0,15.6,46.2,168.0,226.6
2024-12-21 09:00:00,Bawana,28.7762,77.0513,92.7,94.3,592.0,15.6,45.6,171.0,206.8
2024-12-21 10:00:00,Bawana,28.7762,77.0513,90.3,92.0,753.0,28.3,45.7,151.0,500.0
2024-12-21 11:00:00,Bawana,28.7762,77.0513,98.7,99.9,1032.0,47.7,46.4,116.0,227.3
2024-12-21 12:00:00,Bawana,28.7762,77.0513,134.1,136.0,1263.0,62.1,50.3,84.0,311.1
2024-12-21 13:00:00,Bawana,28.7762,77.0513,152.7,154.6,1369.0,67.0,53.7,70.0,325.3
2024-12-21 14:00:00,Bawana,28.7762,77.0513,166.7,168.6,1428.0,73.7,58.4,51.0,336.1
2024-12-21 15:00:00,Bawana,28.7762,77.0513,180.2,181.6,1503.0,78.0,62.0,35.0,346.4
2024-12-21 16:00:00,Bawana,28.7762,77.0513,193.7,195.1,1649.0,78.0,63.9,26.0,356.8
2024-12-21 17:00:00,Bawana,28.7762,77.0513,206.3,208.2,1812.0,75.7,64.7,21.0,366.5
2024-12-21 18:00:00,Bawana,28.7762,77.0513,213.3,214.7,1896.0,73.0,64.3,18.0,371.8
2024-12-21 19:00:00,Bawana,28.7762,77.0513,214.2,215.6,1834.0,70.5,62.4,16.0,372.5
2024-12-21 20:00:00,Bawana,28.7762,77.0513,215.6,217.0,1693.0,67.6,59.2,16.0,373.6
2024-12-21 21:00:00,Bawana,28.7762,77.0513,214.2,216.1,1575.0,64.2,56.0,17.0,372.5
2024-12-21 22:00:00,Bawana,28.7762,77.0513,205.8,207.7,1461.0,59.2,51.8,21.0,366.1
2024-12-21 23:00:00,Bawana,28.7762,77.0513,193.7,195.6,1370.0,53.8,47.6,27.0,356.8
2024-12-22 00:00:00,Bawana,28.7762,77.0513,200.7,202.6,1461.0,57.6,44.6,20.0,362.2
2024-12-22 01:00:00,Bawana,28.7762,77.0513,204.4,206.3,1978.0,60.8,53.7,19.0,365.0
2024-12-22 02:00:00,Bawana,28.7762,77.0513,220.7,223.1,2676.0,64.8,66.2,19.0,377.5
2024-12-22 03:00:00,Bawana,28.7762,77.0513,238.0,239.3,2983.0,64.8,74.9,32.0,390.8
2024-12-22 04:00:00,Bawana,28.7762,77.0513,218.9,220.3,2508.0,57.4,76.5,69.0,376.1
2024-12-22 05:00:00,Bawana,28.7762,77.0513,185.8,187.7,1642.0,45.9,74.3,120.0,350.7
2024-12-22 06:00:00,Bawana,28.7762,77.0513,140.2,142.5,982.0,36.0,71.8,159.0,315.7
2024-12-22 07:00:00,Bawana,28.7762,77.0513,117.6,119.7,782.0,26.5,69.1,181.0,291.8
2024-12-22 08:00:00,Bawana,28.7762,77.0513,101.7,103.8,788.0,18.5,66.0,192.0,237.5
2024-12-22 09:00:00,Bawana,28.7762,77.0513,93.8,95.9,842.0,20.7,65.0,188.0,210.6
2024-12-22 10:00:00,Bawana,28.7762,77.0513,90.6,92.4,920.0,41.8,67.7,162.0,500.0
2024-12-22 11:00:00,Bawana,28.7762,77.0513,105.5,107.1,1045.0,73.2,72.5,122.0,250.5
2024-12-22 12:00:00,Bawana,28.7762,77.0513,158.8,160.7,1130.0,101.3,82.2,75.0,330.0
2024-12-22 13:00:00,Bawana,28.7762,77.0513,190.0,191.4,1115.0,103.8,84.7,63.0,354.0
2024-12-22 14:00:00,Bawana,28.7762,77.0513,207.2,209.1,1060.0,106.9,87.9,46.0,367.2
2024-12-22 15:00:00,Bawana,28.7762,77.0513,210.5,211.9,1057.0,107.0,87.9,34.0,369.7
2024-12-22 16:00:00,Bawana,28.7762,77.0513,203.0,204.4,1188.0,102.9,82.3,32.0,363.9
2024-12-22 17:00:00,Bawana,28.7762,77.0513,197.9,199.3,1372.0,95.9,73.5,36.0,360.0
2024-12-22 18:00:00,Bawana,28.7762,77.0513,183.9,185.3,1455.0,85.5,64.8,42.0,349.3
2024-12-22 19:00:00,Bawana,28.7762,77.0513,164.4,165.3,1334.0,68.9,56.3,53.0,334.3
2024-12-22 20:00:00,Bawana,28.7762,77.0513,146.2,147.1,1112.0,49.1,47.8,66.0,320.3
2024-12-22 21:00:00,Bawana,28.7762,77.0513,139.2,140.6,951.0,34.4,42.1,75.0,315.0
2024-12-22 22:00:00,Bawana,28.7762,77.0513,138.8,140.2,907.0,28.0,40.3,76.0,314.7
2024-12-22 23:00:00,Bawana,28.7762,77.0513,142.0,143.4,924.0,26.7,41.2,71.0,317.1
2024-12-23 00:00:00,Bawana,28.7762,77.0513,117.6,118.7,995.0,18.7,34.3,76.0,291.8
2024-12-23 01:00:00,Bawana,28.7762,77.0513,122.9,123.9,1173.0,30.0,38.4,62.0,302.5
2024-12-23 02:00:00,Bawana,28.7762,77.0513,137.4,138.8,1404.0,45.4,44.1,44.0,313.6
2024-12-23 03:00:00,Bawana,28.7762,77.0513,156.9,157.9,1524.0,55.4,47.6,36.0,328.6
2024-12-23 04:00:00,Bawana,28.7762,77.0513,149.9,150.9,1432.0,55.4,47.0,47.0,323.2
2024-12-23 05:00:00,Bawana,28.7762,77.0513,145.8,146.7,1228.0,50.2,44.4,69.0,320.0
2024-12-23 06:00:00,Bawana,28.7762,77.0513,143.9,145.3,1050.0,44.2,42.1,89.0,318.6
2024-12-23 07:00:00,Bawana,28.7762,77.0513,131.3,132.7,940.0,38.0,41.1,106.0,308.9
2024-12-23 08:00:00,Bawana,28.7762,77.0513,116.6,118.3,857.0,31.0,40.5,122.0,288.4
2024-12-23 09:00:00,Bawana,28.7762,77.0513,110.8,112.5,812.0,26.8,40.0,130.0,268.6
2024-12-23 10:00:00,Bawana,28.7762,77.0513,105.9,107.8,833.0,27.8,39.9,127.0,251.9
2024-12-23 11:00:00,Bawana,28.7762,77.0513,100.8,102.4,891.0,31.5,40.1,116.0,234.5
2024-12-23 12:00:00,Bawana,28.7762,77.0513,129.9,131.8,917.0,38.6,38.7,106.0,307.8
2024-12-23 13:00:00,Bawana,28.7762,77.0513,123.9,126.2,867.0,36.8,39.4,98.0,303.2
2024-12-23 14:00:00,Bawana,28.7762,77.0513,120.1,122.0,784.0,34.3,40.4,86.0,500.0
2024-12-23 15:00:00,Bawana,28.7762,77.0513,116.6,118.5,727.0,32.8,41.0,75.0,288.4
2024-12-23 16:00:00,Bawana,28.7762,77.0513,114.6,116.4,727.0,33.4,41.2,66.0,281.6
2024-12-23 17:00:00,Bawana,28.7762,77.0513,115.7,117.8,751.0,34.9,41.2,59.0,285.3
2024-12-23 18:00:00,Bawana,28.7762,77.0513,116.6,118.5,765.0,35.1,40.2,53.0,288.4
2024-12-23 19:00:00,Bawana,28.7762,77.0513,113.9,115.7,750.0,32.4,37.9,51.0,279.2
2024-12-23 20:00:00,Bawana,28.7762,77.0513,110.6,112.7,724.0,28.3,34.7,52.0,267.9
2024-12-23 21:00:00,Bawana,28.7762,77.0513,109.7,111.8,701.0,25.1,31.7,51.0,264.8
2024-12-23 22:00:00,Bawana,28.7762,77.0513,108.5,110.4,678.0,23.2,28.9,47.0,260.7
2024-12-23 23:00:00,Bawana,28.7762,77.0513,105.7,107.3,659.0,22.1,26.3,43.0,251.2
2024-12-24 00:00:00,Bawana,28.7762,77.0513,83.1,85.0,668.0,17.2,17.5,60.0,176.4
2024-12-24 01:00:00,Bawana,28.7762,77.0513,84.5,86.4,743.0,24.2,20.1,54.0,181.2
2024-12-24 02:00:00,Bawana,28.7762,77.0513,93.1,95.0,847.0,33.6,23.6,47.0,208.2
2024-12-24 03:00:00,Bawana,28.7762,77.0513,102.9,105.0,890.0,38.9,26.5,49.0,241.6
2024-12-24 04:00:00,Bawana,28.7762,77.0513,108.0,109.9,814.0,36.2,27.7,68.0,259.0
2024-12-24 05:00:00,Bawana,28.7762,77.0513,106.9,109.2,678.0,29.6,28.2,97.0,255.3
2024-12-24 06:00:00,Bawana,28.7762,77.0513,102.7,105.7,571.0,24.2,29.6,121.0,240.9
2024-12-24 07:00:00,Bawana,28.7762,77.0513,106.4,109.7,487.0,19.6,32.0,138.0,253.6
2024-12-24 08:00:00,Bawana,28.7762,77.0513,107.1,110.6,432.0,16.3,35.3,151.0,256.0
2024-12-24 09:00:00,Bawana,28.7762,77.0513,107.8,111.1,507.0,21.6,40.0,150.0,258.4
2024-12-24 10:00:00,Bawana,28.7762,77.0513,108.7,111.8,776.0,43.5,46.5,126.0,261.4
2024-12-24 11:00:00,Bawana,28.7762,77.0513,119.7,122.0,1175.0,73.9,54.6,88.0,299.0
2024-12-24 12:00:00,Bawana,28.7762,77.0513,134.1,136.0,1618.0,77.1,46.7,62.0,311.1
2024-12-24 13:00:00,Bawana,28.7762,77.0513,142.5,143.9,2162.0,74.5,46.8,56.0,317.5
2024-12-24 14:00:00,Bawana,28.7762,77.0513,141.6,143.0,2748.0,70.5,46.6,47.0,316.8
2024-12-24 15:00:00,Bawana,28.7762,77.0513,131.8,133.2,3119.0,65.0,44.8,41.0,309.3
2024-12-24 16:00:00,Bawana,28.7762,77.0513,120.1,121.5,3132.0,56.9,40.0,39.0,500.0
2024-12-24 17:00:00,Bawana,28.7762,77.0513,111.8,112.9,2930.0,47.2,33.5,38.0,272.0
2024-12-24 18:00:00,Bawana,28.7762,77.0513,105.5,106.6,2673.0,39.0,28.0,38.0,250.5
2024-12-24 19:00:00,Bawana,28.7762,77.0513,100.4,101.5,2385.0,33.3,24.3,37.0,233.1
2024-12-24 20:00:00,Bawana,28.7762,77.0513,98.0,99.4,2042.0,29.1,21.5,37.0,224.9
2024-12-24 21:00:00,Bawana,28.7762,77.0513,98.0,99.2,1743.0,26.1,19.5,36.0,224.9
2024-12-24 22:00:00,Bawana,28.7762,77.0513,98.7,100.1,1494.0,24.0,18.1,35.0,227.3
2024-12-24 23:00:00,Bawana,28.7762,77.0513,99.7,101.0,1288.0,23.2,17.5,34.0,230.7
2024-12-25 00:00:00,Bawana,28.7762,77.0513,94.3,95.7,1198.0,21.1,16.8,39.0,212.3
2024-12-25 01:00:00,Bawana,28.7762,77.0513,101.0,102.4,1330.0,28.4,23.0,31.0,235.1
2024-12-25 02:00:00,Bawana,28.7762,77.0513,118.0,119.7,1578.0,38.3,31.4,21.0,293.2
2024-12-25 03:00:00,Bawana,28.7762,77.0513,134.6,136.0,1704.0,43.8,37.2,24.0,311.4
2024-12-25 04:00:00,Bawana,28.7762,77.0513,128.1,129.0,1583.0,41.0,37.0,52.0,306.4
2024-12-25 05:00:00,Bawana,28.7762,77.0513,119.7,121.1,1340.0,33.8,34.0,93.0,299.0
2024-12-25 06:00:00,Bawana,28.7762,77.0513,95.7,97.6,1108.0,27.4,33.3,126.0,217.0
2024-12-25 07:00:00,Bawana,28.7762,77.0513,87.8,90.1,898.0,22.1,37.7,147.0,192.5
2024-12-25 08:00:00,Bawana,28.7762,77.0513,91.7,94.1,698.0,17.5,44.4,161.0,203.4
2024-12-25 09:00:00,Bawana,28.7762,77.0513,94.1,96.4,609.0,18.3,49.3,162.0,211.6
2024-12-25 10:00:00,Bawana,28.7762,77.0513,94.5,96.9,705.0,28.6,50.3,143.0,212.9
2024-12-25 11:00:00,Bawana,28.7762,77.0513,100.1,102.0,913.0,44.2,49.5,111.0,232.1
2024-12-25 12:00:00,Bawana,28.7762,77.0513,133.2,135.0,1108.0,57.4,47.5,74.0,310.4
2024-12-25 13:00:00,Bawana,28.7762,77.0513,144.4,146.2,1261.0,61.4,50.0,61.0,319.0
2024-12-25 14:00:00,Bawana,28.7762,77.0513,151.8,153.2,1401.0,66.8,53.5,43.0,324.6
2024-12-25 15:00:00,Bawana,28.7762,77.0513,160.7,161.6,1498.0,70.3,56.4,29.0,331.5
2024-12-25 16:00:00,Bawana,28.7762,77.0513,167.6,169.0,1538.0,70.0,58.6,23.0,336.8
2024-12-25 17:00:00,Bawana,28.7762,77.0513,174.6,176.0,1534.0,67.8,60.2,20.0,342.1
2024-12-25 18:00:00,Bawana,28.7762,77.0513,178.3,179.3,1494.0,65.3,60.1,18.0,345.0
2024-12-25 19:00:00,Bawana,28.7762,77.0513,179.3,180.2,1393.0,63.3,57.0,15.0,345.7
2024-12-25 20:00:00,Bawana,28.7762,77.0513,179.7,180.7,1256.0,61.1,52.2,13.0,346.0
2024-12-25 21:00:00,Bawana,28.7762,77.0513,178.8,180.2,1161.0,58.4,48.2,12.0,345.4
2024-12-25 22:00:00,Bawana,28.7762,77.0513,175.6,176.5,1114.0,54.2,45.6,13.0,342.9
2024-12-25 23:00:00,Bawana,28.7762,77.0513,170.0,170.9,1109.0,49.6,43.8,15.0,338.6
2024-12-26 00:00:00,Bawana,28.7762,77.0513,182.5,183.9,1207.0,48.6,39.7,9.0,348.2
2024-12-26 01:00:00,Bawana,28.7762,77.0513,173.7,174.6,1529.0,48.1,42.1,6.0,341.4
2024-12-26 02:00:00,Bawana,28.7762,77.0513,186.3,187.2,1953.0,47.3,45.4,4.0,351.1
2024-12-26 03:00:00,Bawana,28.7762,77.0513,192.3,192.8,2176.0,45.7,47.9,16.0,355.7
2024-12-26 04:00:00,Bawana,28.7762,77.0513,192.3,192.8,2018.0,43.1,48.3,56.0,355.7
2024-12-26 05:00:00,Bawana,28.7762,77.0513,180.2,180.7,1658.0,39.7,47.8,110.0,346.4
2024-12-26 06:00:00,Bawana,28.7762,77.0513,146.7,147.6,1327.0,36.2,48.4,151.0,320.7
2024-12-26 07:00:00,Bawana,28.7762,77.0513,100.1,101.3,1066.0,29.2,50.5,172.0,232.1
2024-12-26 08:00:00,Bawana,28.7762,77.0513,80.6,82.0,833.0,22.0,53.7,180.0,167.9
2024-12-26 09:00:00,Bawana,28.7762,77.0513,75.9,77.5,733.0,25.3,58.1,174.0,151.9
2024-12-26 10:00:00,Bawana,28.7762,77.0513,75.4,77.5,849.0,48.6,64.3,147.0,150.2
2024-12-26 11:00:00,Bawana,28.7762,77.0513,88.2,89.9,1098.0,82.5,71.7,106.0,193.9
2024-12-26 12:00:00,Bawana,28.7762,77.0513,139.2,142.0,1335.0,103.4,69.3,63.0,315.0
2024-12-26 13:00:00,Bawana,28.7762,77.0513,170.4,172.8,1521.0,109.4,75.6,49.0,338.9
2024-12-26 14:00:00,Bawana,28.7762,77.0513,190.9,193.2,1695.0,117.5,84.2,29.0,354.6
2024-12-26 15:00:00,Bawana,28.7762,77.0513,212.3,214.7,1829.0,122.3,89.2,15.0,371.1
2024-12-26 16:00:00,Bawana,28.7762,77.0513,230.0,232.8,1930.0,121.7,88.6,10.0,384.7
2024-12-26 17:00:00,Bawana,28.7762,77.0513,235.6,238.4,1991.0,117.7,84.6,11.0,388.9
2024-12-26 18:00:00,Bawana,28.7762,77.0513,220.3,223.1,1968.0,110.9,77.5,13.0,377.2
2024-12-26 19:00:00,Bawana,28.7762,77.0513,205.8,208.2,1810.0,99.6,65.4,17.0,366.1
2024-12-26 20:00:00,Bawana,28.7762,77.0513,185.8,187.7,1568.0,85.4,50.4,23.0,350.7
2024-12-26 21:00:00,Bawana,28.7762,77.0513,162.1,164.4,1352.0,73.9,38.7,28.0,332.5
2024-12-26 22:00:00,Bawana,28.7762,77.0513,145.3,147.1,1198.0,67.3,33.4,31.0,319.6
2024-12-26 23:00:00,Bawana,28.7762,77.0513,144.4,146.7,1071.0,63.4,31.6,33.0,319.0
2024-12-27 00:00:00,Bawana,28.7762,77.0513,146.2,148.1,971.0,71.4,44.3,25.0,320.3
2024-12-27 01:00:00,Bawana,28.7762,77.0513,130.9,132.7,915.0,68.8,45.3,26.0,308.6
2024-12-27 02:00:00,Bawana,28.7762,77.0513,138.8,140.6,886.0,64.9,46.4,28.0,314.7
2024-12-27 03:00:00,Bawana,28.7762,77.0513,140.6,142.0,841.0,60.3,45.4,33.0,316.0
2024-12-27 04:00:00,Bawana,28.7762,77.0513,138.8,140.2,748.0,54.6,40.6,45.0,314.7
2024-12-27 05:00:00,Bawana,28.7762,77.0513,117.6,119.2,638.0,48.2,33.8,60.0,291.8
2024-12-27 06:00:00,Bawana,28.7762,77.0513,97.8,99.7,558.0,42.2,27.9,72.0,224.2
2024-12-27 07:00:00,Bawana,28.7762,77.0513,94.5,97.1,533.0,36.6,24.2,77.0,212.9
2024-12-27 08:00:00,Bawana,28.7762,77.0513,91.5,93.8,539.0,31.4,21.5,79.0,202.7
2024-12-27 09:00:00,Bawana,28.7762,77.0513,89.4,91.3,550.0,28.1,19.3,79.0,198.0
2024-12-27 10:00:00,Bawana,28.7762,77.0513,85.4,87.1,560.0,28.0,17.3,78.0,184.3
2024-12-27 11:00:00,Bawana,28.7762,77.0513,80.6,82.0,575.0,29.8,15.9,75.0,167.9
2024-12-27 12:00:00,Bawana,28.7762,77.0513,94.3,96.6,584.0,36.8,16.6,64.0,212.3
2024-12-27 13:00:00,Bawana,28.7762,77.0513,93.6,95.7,582.0,35.2,17.7,64.0,209.9
2024-12-27 14:00:00,Bawana,28.7762,77.0513,96.6,98.7,575.0,32.8,19.2,64.0,220.1
2024-12-27 15:00:00,Bawana,28.7762,77.0513,98.3,100.4,571.0,30.6,20.6,65.0,225.9
2024-12-27 16:00:00,Bawana,28.7762,77.0513,102.2,104.5,580.0,28.8,21.7,66.0,239.2
2024-12-27 17:00:00,Bawana,28.7762,77.0513,106.9,109.2,591.0,27.1,22.6,68.0,255.3
2024-12-27 18:00:00,Bawana,28.7762,77.0513,104.3,106.6,580.0,25.5,23.2,68.0,246.4
2024-12-27 19:00:00,Bawana,28.7762,77.0513,100.8,103.1,521.0,23.7,23.1,66.0,234.5
2024-12-27 20:00:00,Bawana,28.7762,77.0513,100.4,102.7,439.0,21.9,22.5,63.0,233.1
2024-12-27 21:00:00,Bawana,28.7762,77.0513,99.9,102.0,387.0,20.9,22.3,60.0,231.4
2024-12-27 22:00:00,Bawana,28.7762,77.0513,96.2,98.0,376.0,20.3,22.0,57.0,218.8
2024-12-27 23:00:00,Bawana,28.7762,77.0513,91.7,93.6,395.0,20.6,22.0,55.0,203.4
2024-12-28 00:00:00,Bawana,28.7762,77.0513,82.0,84.1,467.0,17.1,21.0,66.0,172.7
2024-12-28 01:00:00,Bawana,28.7762,77.0513,82.4,84.5,651.0,29.8,29.6,55.0,174.1
2024-12-28 02:00:00,Bawana,28.7762,77.0513,105.2,107.6,888.0,46.9,41.4,40.0,249.5
2024-12-28 03:00:00,Bawana,28.7762,77.0513,125.3,127.6,1017.0,57.7,50.5,34.0,304.3
2024-12-28 04:00:00,Bawana,28.7762,77.0513,112.0,113.9,938.0,55.7,53.9,45.0,272.7
2024-12-28 05:00:00,Bawana,28.7762,77.0513,103.8,105.9,751.0,47.2,54.5,65.0,244.7
2024-12-28 06:00:00,Bawana,28.7762,77.0513,99.9,102.0,604.0,40.6,55.2,80.0,231.4
2024-12-28 07:00:00,Bawana,28.7762,77.0513,99.0,101.0,538.0,38.2,57.3,87.0,228.3
2024-12-28 08:00:00,Bawana,28.7762,77.0513,97.3,99.4,511.0,37.6,59.5,91.0,222.5
2024-12-28 09:00:00,Bawana,28.7762,77.0513,95.2,97.1,542.0,40.3,61.1,88.0,215.3
2024-12-28 10:00:00,Bawana,28.7762,77.0513,91.5,93.1,644.0,48.5,61.5,77.0,202.7
2024-12-28 11:00:00,Bawana,28.7762,77.0513,95.9,97.6,804.0,59.9,61.3,59.0,217.7
2024-12-28 12:00:00,Bawana,28.7762,77.0513,128.5,130.4,997.0,67.4,56.8,47.0,306.8
2024-12-28 13:00:00,Bawana,28.7762,77.0513,149.5,151.3,1266.0,67.0,55.3,42.0,322.9
2024-12-28 14:00:00,Bawana,28.7762,77.0513,155.1,156.5,1567.0,66.3,53.0,35.0,327.2
2024-12-28 15:00:00,Bawana,28.7762,77.0513,150.9,152.3,1746.0,63.9,49.9,30.0,323.9
2024-12-28 16:00:00,Bawana,28.7762,77.0513,146.7,147.6,1711.0,59.2,45.4,28.0,320.7
2024-12-28 17:00:00,Bawana,28.7762,77.0513,145.8,147.1,1553.0,52.8,40.1,28.0,320.0
2024-12-28 18:00:00,Bawana,28.7762,77.0513,143.0,143.9,1388.0,45.9,35.0,29.0,317.9
2024-12-28 19:00:00,Bawana,28.7762,77.0513,132.7,133.6,1241.0,37.9,30.3,32.0,310.0
2024-12-28 20:00:00,Bawana,28.7762,77.0513,122.9,123.9,1087.0,29.3,25.9,36.0,302.5
2024-12-28 21:00:00,Bawana,28.7762,77.0513,114.8,115.7,970.0,22.6,22.7,40.0,282.2
2024-12-28 22:00:00,Bawana,28.7762,77.0513,106.9,107.8,913.0,18.5,21.0,43.0,255.3
2024-12-28 23:00:00,Bawana,28.7762,77.0513,99.2,99.9,893.0,16.4,20.5,45.0,229.0
2024-12-29 00:00:00,Bawana,28.7762,77.0513,122.5,123.4,887.0,23.8,21.8,31.0,302.2
2024-12-29 01:00:00,Bawana,28.7762,77.0513,113.4,114.3,902.0,26.1,23.5,31.0,277.5
2024-12-29 02:00:00,Bawana,28.7762,77.0513,110.8,111.8,932.0,29.2,25.9,32.0,268.6
2024-12-29 03:00:00,Bawana,28.7762,77.0513,110.6,111.5,930.0,30.0,28.1,38.0,267.9
2024-12-29 04:00:00,Bawana,28.7762,77.0513,95.9,97.1,868.0,26.5,29.9,55.0,217.7
2024-12-29 05:00:00,Bawana,28.7762,77.0513,85.0,86.4,774.0,20.7,31.5,77.0,182.9
2024-12-29 06:00:00,Bawana,28.7762,77.0513,73.1,74.7,691.0,16.2,32.5,95.0,142.3
2024-12-29 07:00:00,Bawana,28.7762,77.0513,66.8,68.5,615.0,13.7,32.4,108.0,120.8
2024-12-29 08:00:00,Bawana,28.7762,77.0513,64.0,65.9,549.0,12.4,31.7,117.0,111.2
2024-12-29 09:00:00,Bawana,28.7762,77.0513,63.3,65.0,543.0,14.0,31.2,118.0,108.9
2024-12-29 10:00:00,Bawana,28.7762,77.0513,60.3,62.2,648.0,20.1,30.9,108.0,500.0
2024-12-29 11:00:00,Bawana,28.7762,77.0513,61.5,63.3,811.0,29.1,30.7,90.0,102.7
2024-12-29 12:00:00,Bawana,28.7762,77.0513,90.6,92.2,929.0,35.4,32.7,65.0,500.0
2024-12-29 13:00:00,Bawana,28.7762,77.0513,96.2,97.6,953.0,36.6,32.5,58.0,218.8
2024-12-29 14:00:00,Bawana,28.7762,77.0513,96.2,97.1,930.0,38.2,32.2,50.0,218.8
2024-12-29 15:00:00,Bawana,28.7762,77.0513,95.0,95.7,899.0,38.0,31.1,44.0,214.7
2024-12-29 16:00:00,Bawana,28.7762,77.0513,92.2,92.9,870.0,34.9,28.7,45.0,205.1
2024-12-29 17:00:00,Bawana,28.7762,77.0513,90.6,91.3,832.0,30.1,25.5,48.0,500.0
2024-12-29 18:00:00,Bawana,28.7762,77.0513,89.2,89.9,793.0,25.5,22.7,52.0,197.3
2024-12-29 19:00:00,Bawana,28.7762,77.0513,85.4,85.9,743.0,21.6,20.4,55.0,184.3
2024-12-29 20:00:00,Bawana,28.7762,77.0513,82.9,83.6,691.0,18.0,18.3,57.0,175.8
2024-12-29 21:00:00,Bawana,28.7762,77.0513,80.8,81.3,670.0,15.2,17.2,59.0,168.6
2024-12-29 22:00:00,Bawana,28.7762,77.0513,78.7,79.2,702.0,13.2,17.1,61.0,161.4
2024-12-29 23:00:00,Bawana,28.7762,77.0513,77.1,77.3,764.0,12.1,18.0,62.0,156.0
2024-12-30 00:00:00,Bawana,28.7762,77.0513,77.3,77.8,821.0,12.9,18.5,61.0,156.6
2024-12-30 01:00:00,Bawana,28.7762,77.0513,75.4,75.7,867.0,17.0,21.4,58.0,150.2
2024-12-30 02:00:00,Bawana,28.7762,77.0513,77.5,77.8,908.0,22.6,25.5,55.0,157.3
2024-12-30 03:00:00,Bawana,28.7762,77.0513,79.4,79.6,928.0,25.6,29.1,60.0,163.8
2024-12-30 04:00:00,Bawana,28.7762,77.0513,76.8,77.1,915.0,23.6,31.9,79.0,154.9
2024-12-30 05:00:00,Bawana,28.7762,77.0513,76.1,76.4,881.0,19.1,34.2,107.0,152.5
2024-12-30 06:00:00,Bawana,28.7762,77.0513,75.2,75.4,848.0,15.3,35.5,130.0,149.5
2024-12-30 07:00:00,Bawana,28.7762,77.0513,71.2,71.5,806.0,12.4,35.4,148.0,135.8
2024-12-30 08:00:00,Bawana,28.7762,77.0513,63.1,63.3,766.0,10.2,34.4,163.0,108.2
2024-12-30 09:00:00,Bawana,28.7762,77.0513,56.0,56.2,777.0,11.6,33.4,166.0,93.2
2024-12-30 10:00:00,Bawana,28.7762,77.0513,51.5,51.8,885.0,18.8,32.4,150.0,85.6
2024-12-30 11:00:00,Bawana,28.7762,77.0513,52.3,52.5,1046.0,29.6,31.4,122.0,87.0
2024-12-30 12:00:00,Bawana,28.7762,77.0513,96.2,97.3,1176.0,49.6,38.3,83.0,218.8
2024-12-30 13:00:00,Bawana,28.7762,77.0513,108.5,109.7,1245.0,55.3,40.6,69.0,260.7
2024-12-30 14:00:00,Bawana,28.7762,77.0513,118.0,119.0,1284.0,63.0,43.7,49.0,293.2
2024-12-30 15:00:00,Bawana,28.7762,77.0513,127.1,128.1,1304.0,67.8,46.2,34.0,305.7
2024-12-30 16:00:00,Bawana,28.7762,77.0513,136.0,136.9,1308.0,67.7,47.9,28.0,312.5
2024-12-30 17:00:00,Bawana,28.7762,77.0513,143.9,144.8,1292.0,64.8,48.9,26.0,318.6
2024-12-30 18:00:00,Bawana,28.7762,77.0513,145.8,147.1,1259.0,60.3,47.7,26.0,320.0
2024-12-30 19:00:00,Bawana,28.7762,77.0513,140.2,141.1,1195.0,53.9,42.6,29.0,315.7
2024-12-30 20:00:00,Bawana,28.7762,77.0513,135.0,136.4,1114.0,45.8,35.2,34.0,311.7
2024-12-30 21:00:00,Bawana,28.7762,77.0513,131.8,133.2,1058.0,38.2,29.3,39.0,309.3
2024-12-30 22:00:00,Bawana,28.7762,77.0513,127.6,129.0,1038.0,30.3,25.8,45.0,306.1
2024-12-30 23:00:00,Bawana,28.7762,77.0513,125.7,127.1,1043.0,22.8,23.7,52.0,304.6
2024-12-31 00:00:00,Bawana,28.7762,77.0513,162.5,164.4,1078.0,33.1,26.2,33.0,332.8
2024-12-31 01:00:00,Bawana,28.7762,77.0513,156.0,157.9,1178.0,33.5,28.1,35.0,327.9
2024-12-31 02:00:00,Bawana,28.7762,77.0513,158.3,159.7,1309.0,33.8,30.7,39.0,329.6
2024-12-31 03:00:00,Bawana,28.7762,77.0513,151.3,153.2,1370.0,32.6,33.6,48.0,324.3
2024-12-31 04:00:00,Bawana,28.7762,77.0513,141.6,143.4,1298.0,28.4,36.8,67.0,316.8
2024-12-31 05:00:00,Bawana,28.7762,77.0513,126.7,129.0,1157.0,22.8,40.1,92.0,305.4
2024-12-31 06:00:00,Bawana,28.7762,77.0513,108.7,111.3,1035.0,18.6,42.8,113.0,261.4
2024-12-31 07:00:00,Bawana,28.7762,77.0513,103.8,106.4,937.0,16.0,44.4,130.0,244.7
2024-12-31 08:00:00,Bawana,28.7762,77.0513,99.2,101.7,858.0,14.9,45.4,143.0,229.0
2024-12-31 09:00:00,Bawana,28.7762,77.0513,96.4,99.0,875.0,17.8,46.1,145.0,219.4
2024-12-31 10:00:00,Bawana,28.7762,77.0513,93.8,96.4,1037.0,27.4,46.2,130.0,210.6
2024-12-31 11:00:00,Bawana,28.7762,77.0513,94.5,97.1,1296.0,41.0,46.0,105.0,212.9
2024-12-31 12:00:00,Bawana,28.7762,77.0513,149.9,153.2,1582.0,65.5,63.9,76.0,323.2
2024-12-31 13:00:00,Bawana,28.7762,77.0513,175.1,178.3,1931.0,72.7,66.4,60.0,342.5
2024-12-31 14:00:00,Bawana,28.7762,77.0513,193.2,196.5,2308.0,82.4,69.6,39.0,356.4
2024-12-31 15:00:00,Bawana,28.7762,77.0513,200.2,203.0,2537.0,87.4,70.7,23.0,361.8
2024-12-31 16:00:00,Bawana,28.7762,77.0513,200.2,203.5,2521.0,84.3,68.5,19.0,361.8
2024-12-31 17:00:00,Bawana,28.7762,77.0513,204.0,206.8,2357.0,76.5,64.1,21.0,364.7
2024-12-31 18:00:00,Bawana,28.7762,77.0513,199.3,202.1,2157.0,67.3,58.1,25.0,361.1
2024-12-31 19:00:00,Bawana,28.7762,77.0513,185.8,188.6,1924.0,56.7,49.7,31.0,350.7
2024-12-31 20:00:00,Bawana,28.7762,77.0513,174.6,177.4,1655.0,44.8,39.7,39.0,342.1
2024-12-31 21:00:00,Bawana,28.7762,77.0513,164.4,166.7,1452.0,34.6,31.5,46.0,334.3
2024-12-31 22:00:00,Bawana,28.7762,77.0513,156.5,158.8,1356.0,26.7,26.0,52.0,328.2
2024-12-31 23:00:00,Bawana,28.7762,77.0513,149.5,151.8,1325.0,20.6,22.3,57.0,322.9
2024-12-19 12:00:00,CRRI Mathura Road,28.5513,77.2736,145.3,147.6,1444.0,73.3,58.6,95.0,319.6
2024-12-19 13:00:00,CRRI Mathura Road,28.5513,77.2736,167.6,169.5,1669.0,83.3,62.5,76.0,336.8
2024-12-19 14:00:00,CRRI Mathura Road,28.5513,77.2736,186.7,189.1,1879.0,96.9,67.8,49.0,351.4
2024-12-19 15:00:00,CRRI Mathura Road,28.5513,77.2736,199.3,201.6,2003.0,105.5,71.0,29.0,361.1
2024-12-19 16:00:00,CRRI Mathura Road,28.5513,77.2736,206.8,209.1,1996.0,105.0,70.7,21.0,366.8
2024-12-19 17:00:00,CRRI Mathura Road,28.5513,77.2736,212.8,214.7,1902.0,99.5,68.4,20.0,371.5
2024-12-19 18:00:00,CRRI Mathura Road,28.5513,77.2736,212.3,214.2,1787.0,92.5,64.7,20.0,371.1
2024-12-19 19:00:00,CRRI Mathura Road,28.5513,77.2736,204.9,207.2,1648.0,84.7,59.1,21.0,365.4
2024-12-19 20:00:00,CRRI Mathura Road,28.5513,77.2736,197.0,198.8,1487.0,75.5,52.1,24.0,359.3
2024-12-19 21:00:00,CRRI Mathura Road,28.5513,77.2736,187.2,189.1,1376.0,66.3,46.3,28.0,351.8
2024-12-19 22:00:00,CRRI Mathura Road,28.5513,77.2736,177.0,178.8,1311.0,55.7,42.0,34.0,344.0
2024-12-19 23:00:00,CRRI Mathura Road,28.5513,77.2736,168.6,170.0,1295.0,45.1,38.9,40.0,337.5
2024-12-20 00:00:00,CRRI Mathura Road,28.5513,77.2736,138.8,140.2,1411.0,22.4,33.8,68.0,314.7
2024-12-20 01:00:00,CRRI Mathura Road,28.5513,77.2736,144.4,146.2,1830.0,36.0,40.6,54.0,319.0
2024-12-20 02:00:00,CRRI Mathura Road,28.5513,77.2736,161.6,163.0,2380.0,54.4,50.1,36.0,332.2
2024-12-20 03:00:00,CRRI Mathura Road,28.5513,77.2736,174.2,175.6,2627.0,64.3,56.8,37.0,341.8
2024-12-20 04:00:00,CRRI Mathura Road,28.5513,77.2736,163.9,164.8,2281.0,57.7,57.7,74.0,333.9
2024-12-20 05:00:00,CRRI Mathura Road,28.5513,77.2736,150.9,152.3,1632.0,42.8,56.0,129.0,323.9
2024-12-20 06:00:00,CRRI Mathura Road,28.5513,77.2736,126.7,129.0,1111.0,31.0,55.9,174.0,305.4
2024-12-20 07:00:00,CRRI Mathura Road,28.5513,77.2736,109.9,112.2,868.0,24.6,59.3,199.0,265.5
2024-12-20 08:00:00,CRRI Mathura Road,28.5513,77.2736,100.8,103.4,753.0,21.5,64.2,214.0,234.5
2024-12-20 09:00:00,CRRI Mathura Road,28.5513,77.2736,98.7,101.3,748.0,26.4,69.1,213.0,227.3
2024-12-20 10:00:00,CRRI Mathura Road,28.5513,77.2736,98.3,100.6,902.0,46.1,73.7,189.0,225.9
2024-12-20 11:00:00,CRRI Mathura Road,28.5513,77.2736,114.6,116.4,1166.0,73.8,78.1,149.0,281.6
2024-12-20 12:00:00,CRRI Mathura Road,28.5513,77.2736,149.0,150.9,1371.0,94.5,71.7,100.0,322.5
2024-12-20 13:00:00,CRRI Mathura Road,28.5513,77.2736,167.2,169.5,1450.0,96.0,74.3,84.0,336.5
2024-12-20 14:00:00,CRRI Mathura Road,28.5513,77.2736,174.2,176.0,1470.0,97.6,77.7,61.0,341.8
2024-12-20 15:00:00,CRRI Mathura Road,28.5513,77.2736,170.9,172.8,1459.0,95.1,78.1,44.0,339.3
2024-12-20 16:00:00,CRRI Mathura Road,28.5513,77.2736,165.8,167.2,1418.0,85.4,73.2,39.0,335.4
2024-12-20 17:00:00,CRRI Mathura Road,28.5513,77.2736,159.3,160.7,1346.0,71.7,65.3,39.0,330.4
2024-12-20 18:00:00,CRRI Mathura Road,28.5513,77.2736,150.9,152.3,1276.0,59.0,57.9,40.0,323.9
2024-12-20 19:00:00,CRRI Mathura Road,28.5513,77.2736,142.0,143.4,1212.0,48.7,51.7,41.0,317.1
2024-12-20 20:00:00,CRRI Mathura Road,28.5513,77.2736,136.0,136.9,1150.0,39.5,45.8,43.0,312.5
2024-12-20 21:00:00,CRRI Mathura Road,28.5513,77.2736,131.3,132.2,1102.0,32.3,41.6,44.0,308.9
2024-12-20 22:00:00,CRRI Mathura Road,28.5513,77.2736,127.6,128.5,1033.0,27.2,39.5,44.0,306.1
2024-12-20 23:00:00,CRRI Mathura Road,28.5513,77.2736,124.3,125.3,980.0,24.1,38.9,44.0,303.5
2024-12-21 00:00:00,CRRI Mathura Road,28.5513,77.2736,131.8,132.7,1063.0,31.7,46.1,36.0,309.3
2024-12-21 01:00:00,CRRI Mathura Road,28.5513,77.2736,137.4,138.3,1448.0,37.0,48.8,28.0,313.6
2024-12-21 02:00:00,CRRI Mathura Road,28.5513,77.2736,149.0,149.9,1970.0,44.2,52.5,19.0,322.5
2024-12-21 03:00:00,CRRI Mathura Road,28.5513,77.2736,153.7,154.6,2253.0,48.1,55.3,22.0,326.1
2024-12-21 04:00:00,CRRI Mathura Road,28.5513,77.2736,150.4,151.3,2083.0,46.1,56.3,48.0,323.6
2024-12-21 05:00:00,CRRI Mathura Road,28.5513,77.2736,144.8,145.8,1674.0,40.9,56.5,87.0,319.3
2024-12-21 06:00:00,CRRI Mathura Road,28.5513,77.2736,135.5,136.4,1299.0,35.6,56.8,121.0,312.1
2024-12-21 07:00:00,CRRI Mathura Road,28.5513,77.2736,116.9,118.3,1009.0,28.5,57.8,149.0,289.4
2024-12-21 08:00:00,CRRI Mathura Road,28.5513,77.2736,104.5,105.9,753.0,21.4,59.0,172.0,247.1
2024-12-21 09:00:00,CRRI Mathura Road,28.5513,77.2736,99.0,100.6,643.0,22.2,59.7,179.0,228.3
2024-12-21 10:00:00,CRRI Mathura Road,28.5513,77.2736,96.4,97.8,778.0,36.7,58.8,159.0,219.4
2024-12-21 11:00:00,CRRI Mathura Road,28.5513,77.2736,106.6,107.8,1060.0,59.2,57.5,122.0,254.3
2024-12-21 12:00:00,CRRI Mathura Road,28.5513,77.2736,150.4,151.8,1305.0,80.6,65.2,86.0,323.6
2024-12-21 13:00:00,CRRI Mathura Road,28.5513,77.2736,173.7,175.1,1462.0,93.9,70.0,64.0,341.4
2024-12-21 14:00:00,CRRI Mathura Road,28.5513,77.2736,190.9,192.3,1582.0,112.0,76.6,33.0,354.6
2024-12-21 15:00:00,CRRI Mathura Road,28.5513,77.2736,204.0,205.4,1641.0,124.0,82.2,10.0,364.7
2024-12-21 16:00:00,CRRI Mathura Road,28.5513,77.2736,213.3,214.7,1608.0,124.1,86.0,1.0,371.8
2024-12-21 17:00:00,CRRI Mathura Road,28.5513,77.2736,221.2,223.1,1513.0,118.1,88.6,0.0,377.9
2024-12-21 18:00:00,CRRI Mathura Road,28.5513,77.2736,224.9,226.8,1423.0,112.0,89.5,0.0,380.7
2024-12-21 19:00:00,CRRI Mathura Road,28.5513,77.2736,224.9,226.3,1347.0,108.0,88.0,0.0,380.7
2024-12-21 20:00:00,CRRI Mathura Road,28.5513,77.2736,225.8,227.7,1276.0,103.9,84.7,0.0,381.4
2024-12-21 21:00:00,CRRI Mathura Road,28.5513,77.2736,226.8,228.6,1251.0,99.3,80.6,0.0,382.2
2024-12-21 22:00:00,CRRI Mathura Road,28.5513,77.2736,225.4,227.2,1189.0,93.7,74.6,0.0,381.1
2024-12-21 23:00:00,CRRI Mathura Road,28.5513,77.2736,219.8,221.2,1174.0,87.6,67.8,1.0,376.8
2024-12-22 00:00:00,CRRI Mathura Road,28.5513,77.2736,199.3,201.2,1491.0,84.7,62.1,4.0,361.1
2024-12-22 01:00:00,CRRI Mathura Road,28.5513,77.2736,213.3,215.1,2590.0,83.9,67.0,0.0,371.8
2024-12-22 02:00:00,CRRI Mathura Road,28.5513,77.2736,237.5,239.3,4023.0,82.2,73.8,0.0,390.4
2024-12-22 03:00:00,CRRI Mathura Road,28.5513,77.2736,258.9,260.8,4728.0,76.5,78.2,9.0,404.5
2024-12-22 04:00:00,CRRI Mathura Road,28.5513,77.2736,230.5,231.9,4010.0,63.5,78.9,49.0,385.0
2024-12-22 05:00:00,CRRI Mathura Road,28.5513,77.2736,188.6,190.5,2564.0,46.5,77.2,105.0,352.9
2024-12-22 06:00:00,CRRI Mathura Road,28.5513,77.2736,139.7,141.6,1419.0,32.4,73.6,148.0,315.4
2024-12-22 07:00:00,CRRI Mathura Road,28.5513,77.2736,117.3,119.2,984.0,21.0,66.4,172.0,290.8
2024-12-22 08:00:00,CRRI Mathura Road,28.5513,77.2736,104.8,106.6,850.0,12.5,57.2,185.0,248.1
2024-12-22 09:00:00,CRRI Mathura Road,28.5513,77.2736,96.2,98.3,816.0,14.6,51.3,181.0,218.8
2024-12-22 10:00:00,CRRI Mathura Road,28.5513,77.2736,90.6,92.7,830.0,35.1,51.2,152.0,500.0
2024-12-22 11:00:00,CRRI Mathura Road,28.5513,77.2736,105.7,107.3,944.0,66.2,54.3,107.0,251.2
2024-12-22 12:00:00,CRRI Mathura Road,28.5513,77.2736,141.6,143.4,1112.0,93.9,53.8,58.0,316.8
2024-12-22 13:00:00,CRRI Mathura Road,28.5513,77.2736,171.8,173.2,1374.0,103.6,57.9,43.0,340.0
2024-12-22 14:00:00,CRRI Mathura Road,28.5513,77.2736,189.1,190.9,1689.0,116.3,63.4,22.0,353.3
2024-12-22 15:00:00,CRRI Mathura Road,28.5513,77.2736,195.1,196.5,1896.0,121.5,65.7,10.0,357.9
2024-12-22 16:00:00,CRRI Mathura Road,28.5513,77.2736,192.3,194.2,1919.0,113.6,62.3,14.0,355.7
2024-12-22 17:00:00,CRRI Mathura Road,28.5513,77.2736,190.0,191.4,1832.0,98.1,55.8,26.0,354.0
2024-12-22 18:00:00,CRRI Mathura Road,28.5513,77.2736,176.0,177.9,1698.0,81.1,49.4,39.0,343.2
2024-12-22 19:00:00,CRRI Mathura Road,28.5513,77.2736,156.0,157.4,1498.0,62.3,43.8,53.0,327.9
2024-12-22 20:00:00,CRRI Mathura Road,28.5513,77.2736,137.4,138.8,1250.0,42.1,38.4,68.0,313.6
2024-12-22 21:00:00,CRRI Mathura Road,28.5513,77.2736,129.9,131.3,1071.0,27.4,34.7,78.0,307.8
2024-12-22 22:00:00,CRRI Mathura Road,28.5513,77.2736,129.5,130.9,976.0,20.3,33.2,80.0,307.5
2024-12-22 23:00:00,CRRI Mathura Road,28.5513,77.2736,134.1,135.5,950.0,18.8,33.4,76.0,311.1
2024-12-23 00:00:00,CRRI Mathura Road,28.5513,77.2736,113.2,114.3,1060.0,14.0,28.3,77.0,276.8
2024-12-23 01:00:00,CRRI Mathura Road,28.5513,77.2736,121.1,122.5,1466.0,23.4,30.5,65.0,301.1
2024-12-23 02:00:00,CRRI Mathura Road,28.5513,77.2736,134.6,136.4,2010.0,36.2,33.4,48.0,311.4
2024-12-23 03:00:00,CRRI Mathura Road,28.5513,77.2736,145.3,146.7,2279.0,44.6,35.3,41.0,319.6
2024-12-23 04:00:00,CRRI Mathura Road,28.5513,77.2736,143.0,143.9,2013.0,44.7,34.8,51.0,317.9
2024-12-23 05:00:00,CRRI Mathura Road,28.5513,77.2736,136.9,138.3,1474.0,40.4,33.2,70.0,313.2
2024-12-23 06:00:00,CRRI Mathura Road,28.5513,77.2736,133.2,134.6,1034.0,35.8,32.3,88.0,310.4
2024-12-23 07:00:00,CRRI Mathura Road,28.5513,77.2736,122.0,123.9,829.0,31.4,33.1,104.0,301.8
2024-12-23 08:00:00,CRRI Mathura Road,28.5513,77.2736,109.7,111.5,723.0,26.8,34.7,120.0,264.8
2024-12-23 09:00:00,CRRI Mathura Road,28.5513,77.2736,105.5,107.3,683.0,24.7,36.2,128.0,250.5
2024-12-23 10:00:00,CRRI Mathura Road,28.5513,77.2736,103.6,105.2,731.0,27.4,37.4,123.0,244.0
2024-12-23 11:00:00,CRRI Mathura Road,28.5513,77.2736,101.7,103.4,844.0,32.6,38.5,110.0,237.5
2024-12-23 12:00:00,CRRI Mathura Road,28.5513,77.2736,129.0,130.9,923.0,41.6,39.9,98.0,307.1
2024-12-23 13:00:00,CRRI Mathura Road,28.5513,77.2736,122.5,124.3,919.0,39.8,40.2,91.0,302.2
2024-12-23 14:00:00,CRRI Mathura Road,28.5513,77.2736,121.1,122.9,880.0,37.2,40.6,82.0,301.1
2024-12-23 15:00:00,CRRI Mathura Road,28.5513,77.2736,119.7,121.5,850.0,35.1,40.7,73.0,299.0
2024-12-23 16:00:00,CRRI Mathura Road,28.5513,77.2736,118.5,120.6,852.0,34.3,40.7,67.0,294.9
2024-12-23 17:00:00,CRRI Mathura Road,28.5513,77.2736,122.5,124.3,863.0,33.8,40.3,61.0,302.2
2024-12-23 18:00:00,CRRI Mathura Road,28.5513,77.2736,120.1,122.0,860.0,32.3,38.8,58.0,500.0
2024-12-23 19:00:00,CRRI Mathura Road,28.5513,77.2736,113.2,115.0,827.0,28.3,35.1,59.0,276.8
2024-12-23 20:00:00,CRRI Mathura Road,28.5513,77.2736,108.0,110.1,779.0,23.2,30.3,62.0,259.0
2024-12-23 21:00:00,CRRI Mathura Road,28.5513,77.2736,106.6,109.0,740.0,19.7,26.5,63.0,254.3
2024-12-23 22:00:00,CRRI Mathura Road,28.5513,77.2736,107.6,109.9,702.0,18.4,24.5,61.0,257.7
2024-12-23 23:00:00,CRRI Mathura Road,28.5513,77.2736,106.6,109.0,674.0,18.7,23.5,56.0,254.3
2024-12-24 00:00:00,CRRI Mathura Road,28.5513,77.2736,90.3,92.2,701.0,17.2,16.7,59.0,500.0
2024-12-24 01:00:00,CRRI Mathura Road,28.5513,77.2736,91.0,92.7,849.0,24.4,19.5,57.0,201.0
2024-12-24 02:00:00,CRRI Mathura Road,28.5513,77.2736,97.6,99.2,1054.0,34.1,23.3,55.0,223.5
2024-12-24 03:00:00,CRRI Mathura Road,28.5513,77.2736,105.5,107.6,1165.0,39.8,26.5,59.0,250.5
2024-12-24 04:00:00,CRRI Mathura Road,28.5513,77.2736,112.5,114.1,1097.0,37.7,28.0,75.0,274.4
2024-12-24 05:00:00,CRRI Mathura Road,28.5513,77.2736,108.5,110.8,936.0,31.6,28.9,98.0,260.7
2024-12-24 06:00:00,CRRI Mathura Road,28.5513,77.2736,108.0,110.8,792.0,26.4,30.0,117.0,259.0
2024-12-24 07:00:00,CRRI Mathura Road,28.5513,77.2736,108.7,111.5,657.0,20.8,31.4,132.0,261.4
2024-12-24 08:00:00,CRRI Mathura Road,28.5513,77.2736,107.6,110.6,539.0,16.0,33.0,144.0,257.7
2024-12-24 09:00:00,CRRI Mathura Road,28.5513,77.2736,107.8,110.8,578.0,20.5,36.3,143.0,258.4
2024-12-24 10:00:00,CRRI Mathura Road,28.5513,77.2736,110.6,113.4,923.0,41.5,41.2,119.0,267.9
2024-12-24 11:00:00,CRRI Mathura Road,28.5513,77.2736,126.7,129.5,1424.0,71.7,47.7,81.0,305.4
2024-12-24 12:00:00,CRRI Mathura Road,28.5513,77.2736,140.2,142.0,1769.0,93.0,48.0,48.0,315.7
2024-12-24 13:00:00,CRRI Mathura Road,28.5513,77.2736,159.7,161.1,1759.0,99.5,52.7,38.0,330.7
2024-12-24 14:00:00,CRRI Mathura Road,28.5513,77.2736,167.2,168.6,1593.0,108.0,59.1,24.0,336.5
2024-12-24 15:00:00,CRRI Mathura Road,28.5513,77.2736,165.8,167.2,1559.0,110.8,62.5,14.0,335.4
2024-12-24 16:00:00,CRRI Mathura Road,28.5513,77.2736,159.7,161.1,1842.0,103.1,60.8,13.0,330.7
2024-12-24 17:00:00,CRRI Mathura Road,28.5513,77.2736,149.0,150.4,2256.0,89.7,56.2,16.0,322.5
2024-12-24 18:00:00,CRRI Mathura Road,28.5513,77.2736,137.8,139.2,2535.0,77.0,51.0,19.0,313.9
2024-12-24 19:00:00,CRRI Mathura Road,28.5513,77.2736,128.1,129.0,2557.0,66.9,45.4,21.0,306.4
2024-12-24 20:00:00,CRRI Mathura Road,28.5513,77.2736,120.1,121.1,2442.0,57.4,39.3,22.0,500.0
2024-12-24 21:00:00,CRRI Mathura Road,28.5513,77.2736,112.9,114.1,2286.0,49.7,34.3,23.0,275.8
2024-12-24 22:00:00,CRRI Mathura Road,28.5513,77.2736,107.8,109.0,2058.0,43.6,30.8,23.0,258.4
2024-12-24 23:00:00,CRRI Mathura Road,28.5513,77.2736,105.0,106.2,1788.0,39.2,28.5,23.0,248.8
2024-12-25 00:00:00,CRRI Mathura Road,28.5513,77.2736,100.6,101.7,1664.0,34.5,25.4,26.0,233.8
2024-12-25 01:00:00,CRRI Mathura Road,28.5513,77.2736,105.5,106.4,1863.0,40.5,30.6,18.0,250.5
2024-12-25 02:00:00,CRRI Mathura Road,28.5513,77.2736,121.5,122.9,2208.0,48.4,37.7,8.0,301.4
2024-12-25 03:00:00,CRRI Mathura Road,28.5513,77.2736,136.9,138.3,2353.0,52.7,43.0,13.0,313.2
2024-12-25 04:00:00,CRRI Mathura Road,28.5513,77.2736,129.0,129.9,2093.0,49.9,43.5,44.0,307.1
2024-12-25 05:00:00,CRRI Mathura Road,28.5513,77.2736,122.5,123.9,1633.0,43.4,42.1,88.0,302.2
2024-12-25 06:00:00,CRRI Mathura Road,28.5513,77.2736,107.3,109.0,1243.0,37.5,44.1,126.0,256.6
2024-12-25 07:00:00,CRRI Mathura Road,28.5513,77.2736,92.9,95.0,1010.0,31.7,53.5,153.0,207.5
2024-12-25 08:00:00,CRRI Mathura Road,28.5513,77.2736,95.2,97.6,847.0,26.6,66.3,173.0,215.3
2024-12-25 09:00:00,CRRI Mathura Road,28.5513,77.2736,99.9,102.2,769.0,27.6,75.6,178.0,231.4
2024-12-25 10:00:00,CRRI Mathura Road,28.5513,77.2736,103.4,105.7,780.0,39.7,77.9,160.0,243.3
2024-12-25 11:00:00,CRRI Mathura Road,28.5513,77.2736,111.8,113.6,876.0,58.0,76.7,127.0,272.0
2024-12-25 12:00:00,CRRI Mathura Road,28.5513,77.2736,154.6,156.9,1055.0,73.2,72.8,85.0,326.8
2024-12-25 13:00:00,CRRI Mathura Road,28.5513,77.2736,170.4,172.3,1399.0,78.5,72.6,67.0,338.9
2024-12-25 14:00:00,CRRI Mathura Road,28.5513,77.2736,180.7,182.5,1826.0,85.8,72.2,42.0,346.8
2024-12-25 15:00:00,CRRI Mathura Road,28.5513,77.2736,189.1,190.5,2094.0,90.6,71.8,23.0,353.3
2024-12-25 16:00:00,CRRI Mathura Road,28.5513,77.2736,192.8,194.2,2063.0,90.9,71.7,14.0,356.1
2024-12-25 17:00:00,CRRI Mathura Road,28.5513,77.2736,194.6,196.0,1872.0,88.8,71.5,10.0,357.5
2024-12-25 18:00:00,CRRI Mathura Road,28.5513,77.2736,191.4,193.2,1698.0,85.9,70.0,8.0,355.0
2024-12-25 19:00:00,CRRI Mathura Road,28.5513,77.2736,186.3,187.7,1599.0,82.6,66.3,6.0,351.1
2024-12-25 20:00:00,CRRI Mathura Road,28.5513,77.2736,181.6,183.0,1517.0,78.5,61.4,6.0,347.5
2024-12-25 21:00:00,CRRI Mathura Road,28.5513,77.2736,178.3,179.7,1454.0,74.2,57.1,6.0,345.0
2024-12-25 22:00:00,CRRI Mathura Road,28.5513,77.2736,175.1,176.0,1368.0,69.3,53.5,6.0,342.5
2024-12-25 23:00:00,CRRI Mathura Road,28.5513,77.2736,170.0,170.9,1301.0,64.3,50.5,7.0,338.6
2024-12-26 00:00:00,CRRI Mathura Road,28.5513,77.2736,171.8,172.8,1380.0,64.7,56.3,5.0,340.0
2024-12-26 01:00:00,CRRI Mathura Road,28.5513,77.2736,173.2,174.2,1783.0,63.4,57.1,2.0,341.1
2024-12-26 02:00:00,CRRI Mathura Road,28.5513,77.2736,189.1,190.0,2331.0,61.4,58.3,0.0,353.3
2024-12-26 03:00:00,CRRI Mathura Road,28.5513,77.2736,189.5,190.5,2618.0,58.6,59.2,13.0,353.6
2024-12-26 04:00:00,CRRI Mathura Road,28.5513,77.2736,192.8,193.2,2407.0,54.9,59.6,54.0,356.1
2024-12-26 05:00:00,CRRI Mathura Road,28.5513,77.2736,185.3,186.3,1934.0,50.3,59.8,110.0,350.3
2024-12-26 06:00:00,CRRI Mathura Road,28.5513,77.2736,154.6,155.5,1503.0,45.2,60.3,153.0,326.8
2024-12-26 07:00:00,CRRI Mathura Road,28.5513,77.2736,113.9,115.0,1165.0,35.7,60.9,176.0,279.2
2024-12-26 08:00:00,CRRI Mathura Road,28.5513,77.2736,90.8,92.4,868.0,25.7,61.7,186.0,500.0
2024-12-26 09:00:00,CRRI Mathura Road,28.5513,77.2736,85.4,87.3,767.0,26.7,63.5,182.0,184.3
2024-12-26 10:00:00,CRRI Mathura Road,28.5513,77.2736,83.1,85.0,945.0,47.4,66.0,156.0,176.4
2024-12-26 11:00:00,CRRI Mathura Road,28.5513,77.2736,95.2,97.1,1318.0,79.1,69.5,115.0,215.3
2024-12-26 12:00:00,CRRI Mathura Road,28.5513,77.2736,149.0,151.3,1784.0,106.8,73.3,70.0,322.5
2024-12-26 13:00:00,CRRI Mathura Road,28.5513,77.2736,176.5,178.8,2446.0,120.4,79.6,49.0,343.6
2024-12-26 14:00:00,CRRI Mathura Road,28.5513,77.2736,192.8,195.1,3200.0,138.7,87.9,21.0,356.1
2024-12-26 15:00:00,CRRI Mathura Road,28.5513,77.2736,208.2,210.0,3636.0,149.2,92.0,1.0,367.9
2024-12-26 16:00:00,CRRI Mathura Road,28.5513,77.2736,219.3,221.7,3507.0,145.6,88.6,0.0,376.4
2024-12-26 17:00:00,CRRI Mathura Road,28.5513,77.2736,218.9,221.2,3060.0,134.1,81.0,0.0,376.1
2024-12-26 18:00:00,CRRI Mathura Road,28.5513,77.2736,198.4,200.7,2617.0,121.1,72.2,6.0,360.4
2024-12-26 19:00:00,CRRI Mathura Road,28.5513,77.2736,180.7,183.0,2272.0,107.2,62.2,12.0,346.8
2024-12-26 20:00:00,CRRI Mathura Road,28.5513,77.2736,167.2,169.5,1933.0,91.8,51.1,20.0,336.5
2024-12-26 21:00:00,CRRI Mathura Road,28.5513,77.2736,162.5,164.8,1645.0,78.6,42.0,26.0,332.8
2024-12-26 22:00:00,CRRI Mathura Road,28.5513,77.2736,150.4,152.3,1417.0,68.9,35.9,28.0,323.6
2024-12-26 23:00:00,CRRI Mathura Road,28.5513,77.2736,146.7,149.0,1241.0,61.4,31.8,29.0,320.7
2024-12-27 00:00:00,CRRI Mathura Road,28.5513,77.2736,160.7,162.5,1142.0,77.2,46.0,17.0,331.5
2024-12-27 01:00:00,CRRI Mathura Road,28.5513,77.2736,145.3,147.1,1180.0,75.1,45.8,18.0,319.6
2024-12-27 02:00:00,CRRI Mathura Road,28.5513,77.2736,149.0,150.9,1296.0,72.1,45.5,21.0,322.5
2024-12-27 03:00:00,CRRI Mathura Road,28.5513,77.2736,152.3,154.1,1337.0,68.8,44.2,26.0,325.0
2024-12-27 04:00:00,CRRI Mathura Road,28.5513,77.2736,148.5,149.9,1217.0,65.3,41.3,38.0,322.1
2024-12-27 05:00:00,CRRI Mathura Road,28.5513,77.2736,135.5,137.4,1022.0,61.5,37.5,52.0,312.1
2024-12-27 06:00:00,CRRI Mathura Road,28.5513,77.2736,122.0,123.9,861.0,57.4,34.3,64.0,301.8
2024-12-27 07:00:00,CRRI Mathura Road,28.5513,77.2736,107.6,109.7,767.0,52.7,32.7,70.0,257.7
2024-12-27 08:00:00,CRRI Mathura Road,28.5513,77.2736,100.6,102.7,706.0,47.8,31.6,73.0,233.8
2024-12-27 09:00:00,CRRI Mathura Road,28.5513,77.2736,96.4,98.3,683.0,43.6,29.6,74.0,219.4
2024-12-27 10:00:00,CRRI Mathura Road,28.5513,77.2736,93.4,95.0,729.0,40.8,25.4,73.0,209.2
2024-12-27 11:00:00,CRRI Mathura Road,28.5513,77.2736,87.8,89.4,812.0,38.7,20.2,71.0,192.5
2024-12-27 12:00:00,CRRI Mathura Road,28.5513,77.2736,98.5,101.0,848.0,43.5,19.3,60.0,226.6
2024-12-27 13:00:00,CRRI Mathura Road,28.5513,77.2736,96.4,98.5,782.0,40.2,19.3,61.0,219.4
2024-12-27 14:00:00,CRRI Mathura Road,28.5513,77.2736,95.0,97.3,669.0,35.5,19.3,62.0,214.7
2024-12-27 15:00:00,CRRI Mathura Road,28.5513,77.2736,93.4,95.5,583.0,31.4,19.6,63.0,209.2
2024-12-27 16:00:00,CRRI Mathura Road,28.5513,77.2736,94.1,96.2,565.0,28.5,20.4,64.0,211.6
2024-12-27 17:00:00,CRRI Mathura Road,28.5513,77.2736,97.3,99.4,574.0,26.1,21.4,65.0,222.5
2024-12-27 18:00:00,CRRI Mathura Road,28.5513,77.2736,95.7,97.8,564.0,23.9,22.0,65.0,217.0
2024-12-27 19:00:00,CRRI Mathura Road,28.5513,77.2736,92.7,95.0,502.0,21.4,21.6,64.0,206.8
2024-12-27 20:00:00,CRRI Mathura Road,28.5513,77.2736,92.0,94.3,421.0,19.1,20.7,61.0,204.4
2024-12-27 21:00:00,CRRI Mathura Road,28.5513,77.2736,91.0,93.1,371.0,17.9,20.4,59.0,201.0
2024-12-27 22:00:00,CRRI Mathura Road,28.5513,77.2736,90.8,93.1,327.0,17.2,20.8,59.0,500.0
2024-12-27 23:00:00,CRRI Mathura Road,28.5513,77.2736,94.5,96.9,315.0,17.6,21.7,59.0,212.9
2024-12-28 00:00:00,CRRI Mathura Road,28.5513,77.2736,79.9,81.7,460.0,15.0,19.4,63.0,165.5
2024-12-28 01:00:00,CRRI Mathura Road,28.5513,77.2736,83.4,85.0,951.0,27.1,25.5,50.0,177.5
2024-12-28 02:00:00,CRRI Mathura Road,28.5513,77.2736,102.0,103.8,1600.0,43.3,33.9,34.0,238.6
2024-12-28 03:00:00,CRRI Mathura Road,28.5513,77.2736,121.1,122.5,1965.0,52.4,39.7,27.0,301.1
2024-12-28 04:00:00,CRRI Mathura Road,28.5513,77.2736,110.4,112.0,1773.0,47.3,40.3,40.0,267.2
2024-12-28 05:00:00,CRRI Mathura Road,28.5513,77.2736,112.7,115.0,1297.0,35.2,38.3,63.0,275.1
2024-12-28 06:00:00,CRRI Mathura Road,28.5513,77.2736,100.4,102.4,917.0,26.1,36.8,81.0,233.1
2024-12-28 07:00:00,CRRI Mathura Road,28.5513,77.2736,96.9,99.0,752.0,22.7,36.3,92.0,221.1
2024-12-28 08:00:00,CRRI Mathura Road,28.5513,77.2736,91.7,93.4,684.0,22.4,36.3,98.0,203.4
2024-12-28 09:00:00,CRRI Mathura Road,28.5513,77.2736,86.8,88.5,732.0,27.1,38.7,96.0,189.1
2024-12-28 10:00:00,CRRI Mathura Road,28.5513,77.2736,82.2,83.4,938.0,40.1,45.1,81.0,173.4
2024-12-28 11:00:00,CRRI Mathura Road,28.5513,77.2736,92.0,93.1,1262.0,58.3,53.8,59.0,204.4
2024-12-28 12:00:00,CRRI Mathura Road,28.5513,77.2736,136.0,137.8,1599.0,75.0,63.7,41.0,312.5
2024-12-28 13:00:00,CRRI Mathura Road,28.5513,77.2736,154.6,156.0,1981.0,82.6,66.2,31.0,326.8
2024-12-28 14:00:00,CRRI Mathura Road,28.5513,77.2736,156.5,157.9,2377.0,92.5,69.3,18.0,328.2
2024-12-28 15:00:00,CRRI Mathura Road,28.5513,77.2736,151.3,152.3,2593.0,96.6,69.5,10.0,324.3
2024-12-28 16:00:00,CRRI Mathura Road,28.5513,77.2736,143.4,144.4,2514.0,90.2,64.4,10.0,318.2
2024-12-28 17:00:00,CRRI Mathura Road,28.5513,77.2736,139.2,140.2,2255.0,77.9,56.4,15.0,315.0
2024-12-28 18:00:00,CRRI Mathura Road,28.5513,77.2736,134.1,135.0,1968.0,65.2,48.8,20.0,311.1
2024-12-28 19:00:00,CRRI Mathura Road,28.5513,77.2736,126.2,127.1,1662.0,53.1,42.4,25.0,305.0
2024-12-28 20:00:00,CRRI Mathura Road,28.5513,77.2736,119.7,120.6,1328.0,40.6,36.3,31.0,299.0
2024-12-28 21:00:00,CRRI Mathura Road,28.5513,77.2736,113.2,114.1,1088.0,30.7,31.6,36.0,276.8
2024-12-28 22:00:00,CRRI Mathura Road,28.5513,77.2736,106.6,107.6,1007.0,24.2,28.6,40.0,254.3
2024-12-28 23:00:00,CRRI Mathura Road,28.5513,77.2736,99.9,100.6,1019.0,20.2,27.0,42.0,231.4
2024-12-29 00:00:00,CRRI Mathura Road,28.5513,77.2736,125.3,126.2,1049.0,36.5,31.1,21.0,304.3
2024-12-29 01:00:00,CRRI Mathura Road,28.5513,77.2736,117.3,118.3,1091.0,36.4,31.7,22.0,290.8
2024-12-29 02:00:00,CRRI Mathura Road,28.5513,77.2736,115.7,116.4,1151.0,36.1,32.7,23.0,285.3
2024-12-29 03:00:00,CRRI Mathura Road,28.5513,77.2736,116.4,117.1,1173.0,34.6,34.5,30.0,287.7
2024-12-29 04:00:00,CRRI Mathura Road,28.5513,77.2736,99.7,100.6,1126.0,30.9,38.2,47.0,230.7
2024-12-29 05:00:00,CRRI Mathura Road,28.5513,77.2736,85.7,86.6,1041.0,26.1,42.8,69.0,185.3
2024-12-29 06:00:00,CRRI Mathura Road,28.5513,77.2736,75.0,76.4,953.0,21.9,45.0,88.0,148.8
2024-12-29 07:00:00,CRRI Mathura Road,28.5513,77.2736,70.1,71.5,844.0,18.2,42.9,104.0,132.1
2024-12-29 08:00:00,CRRI Mathura Road,28.5513,77.2736,66.6,68.2,732.0,15.2,38.4,117.0,120.1
2024-12-29 09:00:00,CRRI Mathura Road,28.5513,77.2736,65.4,67.3,708.0,15.6,34.7,121.0,116.0
2024-12-29 10:00:00,CRRI Mathura Road,28.5513,77.2736,63.1,65.0,849.0,21.6,32.8,111.0,108.2
2024-12-29 11:00:00,CRRI Mathura Road,28.5513,77.2736,64.0,65.7,1078.0,31.1,31.6,93.0,111.2
2024-12-29 12:00:00,CRRI Mathura Road,28.5513,77.2736,94.1,95.7,1255.0,39.4,34.2,66.0,211.6
2024-12-29 13:00:00,CRRI Mathura Road,28.5513,77.2736,100.8,102.2,1333.0,42.4,33.2,56.0,234.5
2024-12-29 14:00:00,CRRI Mathura Road,28.5513,77.2736,100.6,101.7,1359.0,46.3,31.6,43.0,233.8
2024-12-29 15:00:00,CRRI Mathura Road,28.5513,77.2736,99.4,100.4,1335.0,47.4,29.9,35.0,229.7
2024-12-29 16:00:00,CRRI Mathura Road,28.5513,77.2736,95.9,96.6,1240.0,43.3,28.0,36.0,217.7
2024-12-29 17:00:00,CRRI Mathura Road,28.5513,77.2736,93.6,94.3,1095.0,36.4,25.8,41.0,209.9
2024-12-29 18:00:00,CRRI Mathura Road,28.5513,77.2736,91.3,92.0,963.0,29.9,23.7,47.0,202.0
2024-12-29 19:00:00,CRRI Mathura Road,28.5513,77.2736,86.4,87.1,858.0,24.8,21.4,51.0,187.7
2024-12-29 20:00:00,CRRI Mathura Road,28.5513,77.2736,83.4,84.1,766.0,20.1,19.1,55.0,177.5
2024-12-29 21:00:00,CRRI Mathura Road,28.5513,77.2736,81.0,81.7,713.0,16.5,17.7,58.0,169.3
2024-12-29 22:00:00,CRRI Mathura Road,28.5513,77.2736,79.4,79.9,714.0,13.8,17.7,60.0,163.8
2024-12-29 23:00:00,CRRI Mathura Road,28.5513,77.2736,78.5,78.9,754.0,12.3,18.7,62.0,160.7
2024-12-30 00:00:00,CRRI Mathura Road,28.5513,77.2736,80.8,81.5,809.0,13.4,19.4,59.0,168.6
2024-12-30 01:00:00,CRRI Mathura Road,28.5513,77.2736,79.9,80.3,889.0,17.9,22.0,55.0,165.5
2024-12-30 02:00:00,CRRI Mathura Road,28.5513,77.2736,82.7,83.1,984.0,23.9,25.7,50.0,175.1
2024-12-30 03:00:00,CRRI Mathura Road,28.5513,77.2736,85.0,85.4,1045.0,27.4,29.4,55.0,182.9
2024-12-30 04:00:00,CRRI Mathura Road,28.5513,77.2736,82.0,82.2,1040.0,26.0,33.1,76.0,172.7
2024-12-30 05:00:00,CRRI Mathura Road,28.5513,77.2736,80.1,80.3,999.0,22.0,36.8,106.0,166.2
2024-12-30 06:00:00,CRRI Mathura Road,28.5513,77.2736,78.7,78.9,966.0,18.4,39.1,132.0,161.4
2024-12-30 07:00:00,CRRI Mathura Road,28.5513,77.2736,73.8,74.0,928.0,14.7,39.0,153.0,144.7
2024-12-30 08:00:00,CRRI Mathura Road,28.5513,77.2736,65.4,65.9,897.0,11.4,37.5,169.0,116.0
2024-12-30 09:00:00,CRRI Mathura Road,28.5513,77.2736,57.5,57.9,953.0,12.2,35.8,173.0,95.8
2024-12-30 10:00:00,CRRI Mathura Road,28.5513,77.2736,53.4,53.9,1177.0,19.9,34.0,155.0,88.8
2024-12-30 11:00:00,CRRI Mathura Road,28.5513,77.2736,54.6,55.1,1487.0,31.8,32.0,125.0,90.9
2024-12-30 12:00:00,CRRI Mathura Road,28.5513,77.2736,102.7,103.8,1722.0,56.8,45.6,92.0,240.9
2024-12-30 13:00:00,CRRI Mathura Road,28.5513,77.2736,117.3,118.3,1815.0,64.8,47.0,73.0,290.8
2024-12-30 14:00:00,CRRI Mathura Road,28.5513,77.2736,126.2,127.6,1832.0,75.7,48.9,47.0,305.0
2024-12-30 15:00:00,CRRI Mathura Road,28.5513,77.2736,131.8,132.7,1808.0,82.4,50.0,27.0,309.3
2024-12-30 16:00:00,CRRI Mathura Road,28.5513,77.2736,137.4,138.3,1743.0,81.8,50.2,20.0,313.6
2024-12-30 17:00:00,CRRI Mathura Road,28.5513,77.2736,141.6,143.0,1638.0,77.2,49.6,19.0,316.8
2024-12-30 18:00:00,CRRI Mathura Road,28.5513,77.2736,141.6,143.0,1524.0,70.8,47.4,21.0,316.8
2024-12-30 19:00:00,CRRI Mathura Road,28.5513,77.2736,134.6,135.5,1400.0,62.8,42.4,25.0,311.4
2024-12-30 20:00:00,CRRI Mathura Road,28.5513,77.2736,128.1,129.5,1267.0,53.0,35.8,31.0,306.4
2024-12-30 21:00:00,CRRI Mathura Road,28.5513,77.2736,123.9,125.3,1169.0,44.1,30.5,37.0,303.2
2024-12-30 22:00:00,CRRI Mathura Road,28.5513,77.2736,119.0,120.1,1113.0,35.6,27.2,43.0,296.6
2024-12-30 23:00:00,CRRI Mathura Road,28.5513,77.2736,115.3,116.4,1091.0,27.8,25.2,49.0,284.0
2024-12-31 00:00:00,CRRI Mathura Road,28.5513,77.2736,157.9,159.3,1118.0,48.5,36.2,20.0,329.3
2024-12-31 01:00:00,CRRI Mathura Road,28.5513,77.2736,153.7,154.6,1236.0,47.1,35.9,21.0,326.1
2024-12-31 02:00:00,CRRI Mathura Road,28.5513,77.2736,157.9,158.8,1404.0,44.8,35.6,24.0,329.3
2024-12-31 03:00:00,CRRI Mathura Road,28.5513,77.2736,150.9,152.3,1507.0,41.4,36.4,34.0,323.9
2024-12-31 04:00:00,CRRI Mathura Road,28.5513,77.2736,137.4,139.2,1490.0,35.8,39.2,57.0,313.6
2024-12-31 05:00:00,CRRI Mathura Road,28.5513,77.2736,117.6,119.7,1410.0,29.0,43.1,87.0,291.8
2024-12-31 06:00:00,CRRI Mathura Road,28.5513,77.2736,100.8,103.4,1321.0,23.7,45.9,112.0,234.5
2024-12-31 07:00:00,CRRI Mathura Road,28.5513,77.2736,95.7,98.0,1189.0,19.6,46.3,132.0,217.0
2024-12-31 08:00:00,CRRI Mathura Road,28.5513,77.2736,92.4,94.8,1048.0,17.1,45.7,147.0,205.8
2024-12-31 09:00:00,CRRI Mathura Road,28.5513,77.2736,89.2,91.5,1062.0,19.4,45.4,151.0,197.3
2024-12-31 10:00:00,CRRI Mathura Road,28.5513,77.2736,88.0,90.1,1350.0,29.3,45.9,138.0,193.2
2024-12-31 11:00:00,CRRI Mathura Road,28.5513,77.2736,88.7,91.0,1792.0,44.1,46.7,114.0,195.6
2024-12-31 12:00:00,CRRI Mathura Road,28.5513,77.2736,158.3,162.1,2195.0,76.3,78.7,88.0,329.6
2024-12-31 13:00:00,CRRI Mathura Road,28.5513,77.2736,190.5,193.7,2539.0,91.0,82.2,64.0,354.3
2024-12-31 14:00:00,CRRI Mathura Road,28.5513,77.2736,210.9,214.7,2843.0,110.9,86.7,32.0,370.0
2024-12-31 15:00:00,CRRI Mathura Road,28.5513,77.2736,217.5,220.7,2971.0,121.9,87.9,9.0,375.1
2024-12-31 16:00:00,CRRI Mathura Road,28.5513,77.2736,217.0,220.3,2813.0,117.0,83.6,5.0,374.7
2024-12-31 17:00:00,CRRI Mathura Road,28.5513,77.2736,217.0,220.3,2479.0,103.4,76.1,10.0,374.7
2024-12-31 18:00:00,CRRI Mathura Road,28.5513,77.2736,209.5,212.8,2161.0,88.6,67.4,17.0,368.9
2024-12-31 19:00:00,CRRI Mathura Road,28.5513,77.2736,193.7,197.0,1907.0,74.2,57.5,24.0,356.8
2024-12-31 20:00:00,CRRI Mathura Road,28.5513,77.2736,180.7,183.9,1669.0,58.6,46.5,33.0,346.8
2024-12-31 21:00:00,CRRI Mathura Road,28.5513,77.2736,167.6,170.4,1493.0,45.0,37.2,42.0,336.8
2024-12-31 22:00:00,CRRI Mathura Road,28.5513,77.2736,153.2,156.0,1401.0,33.8,30.3,50.0,325.7
2024-12-31 23:00:00,CRRI Mathura Road,28.5513,77.2736,141.6,144.4,1372.0,24.6,25.1,57.0,316.8
2024-12-19 12:00:00,DTU,28.75,77.1113,144.8,147.6,1473.0,75.6,65.6,98.0,319.3
2024-12-19 13:00:00,DTU,28.75,77.1113,168.1,170.4,1472.0,84.5,70.3,78.0,337.1
2024-12-19 14:00:00,DTU,28.75,77.1113,190.0,192.3,1396.0,96.5,76.5,50.0,354.0
2024-12-19 15:00:00,DTU,28.75,77.1113,204.9,207.2,1351.0,103.4,79.9,29.0,365.4
2024-12-19 16:00:00,DTU,28.75,77.1113,212.3,214.2,1392.0,101.2,78.3,22.0,371.1
2024-12-19 17:00:00,DTU,28.75,77.1113,213.7,215.6,1465.0,94.0,73.9,23.0,372.1
2024-12-19 18:00:00,DTU,28.75,77.1113,207.2,209.1,1507.0,85.6,68.1,25.0,367.2
2024-12-19 19:00:00,DTU,28.75,77.1113,195.1,197.0,1482.0,76.7,60.6,28.0,357.9
2024-12-19 20:00:00,DTU,28.75,77.1113,184.9,186.7,1427.0,66.7,51.7,33.0,350.0
2024-12-19 21:00:00,DTU,28.75,77.1113,177.0,178.8,1391.0,57.7,44.6,36.0,344.0
2024-12-19 22:00:00,DTU,28.75,77.1113,170.9,172.3,1381.0,49.3,39.8,37.0,339.3
2024-12-19 23:00:00,DTU,28.75,77.1113,165.3,167.2,1390.0,42.0,36.6,37.0,335.0
2024-12-20 00:00:00,DTU,28.75,77.1113,147.6,149.0,1443.0,28.2,37.5,55.0,321.4
2024-12-20 01:00:00,DTU,28.75,77.1113,157.9,159.7,1616.0,39.2,43.6,44.0,329.3
2024-12-20 02:00:00,DTU,28.75,77.1113,176.0,177.9,1832.0,53.8,51.8,30.0,343.2
2024-12-20 03:00:00,DTU,28.75,77.1113,181.6,183.0,1891.0,61.1,57.4,34.0,347.5
2024-12-20 04:00:00,DTU,28.75,77.1113,156.5,157.9,1645.0,53.8,57.4,73.0,328.2
2024-12-20 05:00:00,DTU,28.75,77.1113,138.8,140.2,1242.0,39.1,54.8,129.0,314.7
2024-12-20 06:00:00,DTU,28.75,77.1113,111.8,113.9,921.0,27.5,52.9,172.0,272.0
2024-12-20 07:00:00,DTU,28.75,77.1113,94.3,96.9,759.0,21.6,53.2,190.0,212.3
2024-12-20 08:00:00,DTU,28.75,77.1113,84.1,86.6,680.0,18.8,54.3,195.0,179.9
2024-12-20 09:00:00,DTU,28.75,77.1113,80.1,82.4,692.0,22.0,55.4,187.0,166.2
2024-12-20 10:00:00,DTU,28.75,77.1113,78.5,80.6,856.0,36.2,56.4,162.0,160.7
2024-12-20 11:00:00,DTU,28.75,77.1113,85.9,87.5,1111.0,56.5,57.3,125.0,186.0
2024-12-20 12:00:00,DTU,28.75,77.1113,115.5,117.3,1281.0,74.4,56.9,86.0,284.6
2024-12-20 13:00:00,DTU,28.75,77.1113,125.3,126.7,1271.0,70.4,54.7,77.0,304.3
2024-12-20 14:00:00,DTU,28.75,77.1113,126.7,128.5,1176.0,64.5,51.5,64.0,305.4
2024-12-20 15:00:00,DTU,28.75,77.1113,126.7,128.1,1109.0,58.2,48.2,55.0,305.4
2024-12-20 16:00:00,DTU,28.75,77.1113,127.1,128.1,1127.0,51.5,44.8,52.0,305.7
2024-12-20 17:00:00,DTU,28.75,77.1113,127.6,128.5,1173.0,44.2,41.3,52.0,306.1
2024-12-20 18:00:00,DTU,28.75,77.1113,125.7,126.7,1183.0,37.6,38.7,52.0,304.6
2024-12-20 19:00:00,DTU,28.75,77.1113,122.0,123.4,1116.0,31.6,37.8,52.0,301.8
2024-12-20 20:00:00,DTU,28.75,77.1113,119.7,120.6,1013.0,26.3,37.8,51.0,299.0
2024-12-20 21:00:00,DTU,28.75,77.1113,117.6,118.5,941.0,22.3,37.7,51.0,291.8
2024-12-20 22:00:00,DTU,28.75,77.1113,115.9,116.9,908.0,19.6,36.9,50.0,286.0
2024-12-20 23:00:00,DTU,28.75,77.1113,114.6,115.7,905.0,18.4,35.9,49.0,281.6
2024-12-21 00:00:00,DTU,28.75,77.1113,116.4,117.3,970.0,21.0,41.3,46.0,287.7
2024-12-21 01:00:00,DTU,28.75,77.1113,123.9,124.8,1185.0,27.1,44.6,38.0,303.2
2024-12-21 02:00:00,DTU,28.75,77.1113,138.3,139.2,1467.0,35.3,49.0,28.0,314.3
2024-12-21 03:00:00,DTU,28.75,77.1113,144.8,145.8,1609.0,40.2,51.9,30.0,319.3
2024-12-21 04:00:00,DTU,28.75,77.1113,143.0,143.9,1484.0,38.8,51.9,56.0,317.9
2024-12-21 05:00:00,DTU,28.75,77.1113,138.3,139.2,1218.0,33.9,50.3,94.0,314.3
2024-12-21 06:00:00,DTU,28.75,77.1113,129.5,130.4,979.0,28.9,48.7,127.0,307.5
2024-12-21 07:00:00,DTU,28.75,77.1113,110.1,111.5,793.0,22.3,47.4,150.0,266.2
2024-12-21 08:00:00,DTU,28.75,77.1113,98.5,100.1,634.0,15.6,46.2,168.0,226.6
2024-12-21 09:00:00,DTU,28.75,77.1113,92.7,94.3,592.0,15.6,45.6,171.0,206.8
2024-12-21 10:00:00,DTU,28.75,77.1113,90.3,92.0,753.0,28.3,45.7,151.0,500.0
2024-12-21 11:00:00,DTU,28.75,77.1113,98.7,99.9,1032.0,47.7,46.4,116.0,227.3
2024-12-21 12:00:00,DTU,28.75,77.1113,134.1,136.0,1263.0,62.1,50.3,84.0,311.1
2024-12-21 13:00:00,DTU,28.75,77.1113,152.7,154.6,1369.0,67.0,53.7,70.0,325.3
2024-12-21 14:00:00,DTU,28.75,77.1113,166.7,168.6,1428.0,73.7,58.4,51.0,336.1
2024-12-21 15:00:00,DTU,28.75,77.1113,180.2,181.6,1503.0,78.0,62.0,35.0,346.4
2024-12-21 16:00:00,DTU,28.75,77.1113,193.7,195.1,1649.0,78.0,63.9,26.0,356.8
2024-12-21 17:00:00,DTU,28.75,77.1113,206.3,208.2,1812.0,75.7,64.7,21.0,366.5
2024-12-21 18:00:00,DTU,28.75,77.1113,213.3,214.7,1896.0,73.0,64.3,18.0,371.8
2024-12-21 19:00:00,DTU,28.75,77.1113,214.2,215.6,1834.0,70.5,62.4,16.0,372.5
2024-12-21 20:00:00,DTU,28.75,77.1113,215.6,217.0,1693.0,67.6,59.2,16.0,373.6
2024-12-21 21:00:00,DTU,28.75,77.1113,214.2,216.1,1575.0,64.2,56.0,17.0,372.5
2024-12-21 22:00:00,DTU,28.75,77.1113,205.8,207.7,1461.0,59.2,51.8,21.0,366.1
2024-12-21 23:00:00,DTU,28.75,77.1113,193.7,195.6,1370.0,53.8,47.6,27.0,356.8
2024-12-22 00:00:00,DTU,28.75,77.1113,200.7,202.6,1461.0,57.6,44.6,20.0,362.2
2024-12-22 01:00:00,DTU,28.75,77.1113,204.4,206.3,1978.0,60.8,53.7,19.0,365.0
2024-12-22 02:00:00,DTU,28.75,77.1113,220.7,223.1,2676.0,64.8,66.2,19.0,377.5
2024-12-22 03:00:00,DTU,28.75,77.1113,238.0,239.3,2983.0,64.8,74.9,32.0,390.8
2024-12-22 04:00:00,DTU,28.75,77.1113,218.9,220.3,2508.0,57.4,76.5,69.0,376.1
2024-12-22 05:00:00,DTU,28.75,77.1113,185.8,187.7,1642.0,45.9,74.3,120.0,350.7
2024-12-22 06:00:00,DTU,28.75,77.1113,140.2,142.5,982.0,36.0,71.8,159.0,315.7
2024-12-22 07:00:00,DTU,28.75,77.1113,117.6,119.7,782.0,26.5,69.1,181.0,291.8
2024-12-22 08:00:00,DTU,28.75,77.1113,101.7,103.8,788.0,18.5,66.0,192.0,237.5
2024-12-22 09:00:00,DTU,28.75,77.1113,93.8,95.9,842.0,20.7,65.0,188.0,210.6
2024-12-22 10:00:00,DTU,28.75,77.1113,90.6,92.4,920.0,41.8,67.7,162.0,500.0
2024-12-22 11:00:00,DTU,28.75,77.1113,105.5,107.1,1045.0,73.2,72.5,122.0,250.5
2024-12-22 12:00:00,DTU,28.75,77.1113,158.8,160.7,1130.0,101.3,82.2,75.0,330.0
2024-12-22 13:00:00,DTU,28.75,77.1113,190.0,191.4,1115.0,103.8,84.7,63.0,354.0
2024-12-22 14:00:00,DTU,28.75,77.1113,207.2,209.1,1060.0,106.9,87.9,46.0,367.2
2024-12-22 15:00:00,DTU,28.75,77.1113,210.5,211.9,1057.0,107.0,87.9,34.0,369.7
2024-12-22 16:00:00,DTU,28.75,77.1113,203.0,204.4,1188.0,102.9,82.3,32.0,363.9
2024-12-22 17:00:00,DTU,28.75,77.1113,197.9,199.3,1372.0,95.9,73.5,36.0,360.0
2024-12-22 18:00:00,DTU,28.75,77.1113,183.9,185.3,1455.0,85.5,64.8,42.0,349.3
2024-12-22 19:00:00,DTU,28.75,77.1113,164.4,165.3,1334.0,68.9,56.3,53.0,334.3
2024-12-22 20:00:00,DTU,28.75,77.1113,146.2,147.1,1112.0,49.1,47.8,66.0,320.3
2024-12-22 21:00:00,DTU,28.75,77.1113,139.2,140.6,951.0,34.4,42.1,75.0,315.0
2024-12-22 22:00:00,DTU,28.75,77.1113,138.8,140.2,907.0,28.0,40.3,76.0,314.7
2024-12-22 23:00:00,DTU,28.75,77.1113,142.0,143.4,924.0,26.7,41.2,71.0,317.1
2024-12-23 00:00:00,DTU,28.75,77.1113,117.6,118.7,995.0,18.7,34.3,76.0,291.8
2024-12-23 01:00:00,DTU,28.75,77.1113,122.9,123.9,1173.0,30.0,38.4,62.0,302.5
2024-12-23 02:00:00,DTU,28.75,77.1113,137.4,138.8,1404.0,45.4,44.1,44.0,313.6
2024-12-23 03:00:00,DTU,28.75,77.1113,156.9,157.9,1524.0,55.4,47.6,36.0,328.6
2024-12-23 04:00:00,DTU,28.75,77.1113,149.9,150.9,1432.0,55.4,47.0,47.0,323.2
2024-12-23 05:00:00,DTU,28.75,77.1113,145.8,146.7,1228.0,50.2,44.4,69.0,320.0
2024-12-23 06:00:00,DTU,28.75,77.1113,143.9,145.3,1050.0,44.2,42.1,89.0,318.6
2024-12-23 07:00:00,DTU,28.75,77.1113,131.3,132.7,940.0,38.0,41.1,106.0,308.9
2024-12-23 08:00:00,DTU,28.75,77.1113,116.6,118.3,857.0,31.0,40.5,122.0,288.4
2024-12-23 09:00:00,DTU,28.75,77.1113,110.8,112.5,812.0,26.8,40.0,130.0,268.6
2024-12-23 10:00:00,DTU,28.75,77.1113,105.9,107.8,833.0,27.8,39.9,127.0,251.9
2024-12-23 11:00:00,DTU,28.75,77.1113,100.8,102.4,891.0,31.5,40.1,116.0,234.5
2024-12-23 12:00:00,DTU,28.75,77.1113,129.9,131.8,917.0,38.6,38.7,106.0,307.8
2024-12-23 13:00:00,DTU,28.75,77.1113,123.9,126.2,867.0,36.8,39.4,98.0,303.2
2024-12-23 14:00:00,DTU,28.75,77.1113,120.1,122.0,784.0,34.3,40.4,86.0,500.0
2024-12-23 15:00:00,DTU,28.75,77.1113,116.6,118.5,727.0,32.8,41.0,75.0,288.4
2024-12-23 16:00:00,DTU,28.75,77.1113,114.6,116.4,727.0,33.4,41.2,66.0,281.6
2024-12-23 17:00:00,DTU,28.75,77.1113,115.7,117.8,751.0,34.9,41.2,59.0,285.3
2024-12-23 18:00:00,DTU,28.75,77.1113,116.6,118.5,765.0,35.1,40.2,53.0,288.4
2024-12-23 19:00:00,DTU,28.75,77.1113,113.9,115.7,750.0,32.4,37.9,51.0,279.2
2024-12-23 20:00:00,DTU,28.75,77.1113,110.6,112.7,724.0,28.3,34.7,52.0,267.9
2024-12-23 21:00:00,DTU,28.75,77.1113,109.7,111.8,701.0,25.1,31.7,51.0,264.8
2024-12-23 22:00:00,DTU,28.75,77.1113,108.5,110.4,678.0,23.2,28.9,47.0,260.7
2024-12-23 23:00:00,DTU,28.75,77.1113,105.7,107.3,659.0,22.1,26.3,43.0,251.2
2024-12-24 00:00:00,DTU,28.75,77.1113,83.1,85.0,668.0,17.2,17.5,60.0,176.4
2024-12-24 01:00:00,DTU,28.75,77.1113,84.5,86.4,743.0,24.2,20.1,54.0,181.2
2024-12-24 02:00:00,DTU,28.75,77.1113,93.1,95.0,847.0,33.6,23.6,47.0,208.2
2024-12-24 03:00:00,DTU,28.75,77.1113,102.9,105.0,890.0,38.9,26.5,49.0,241.6
2024-12-24 04:00:00,DTU,28.75,77.1113,108.0,109.9,814.0,36.2,27.7,68.0,259.0
2024-12-24 05:00:00,DTU,28.75,77.1113,106.9,109.2,678.0,29.6,28.2,97.0,255.3
2024-12-24 06:00:00,DTU,28.75,77.1113,102.7,105.7,571.0,24.2,29.6,121.0,240.9
2024-12-24 07:00:00,DTU,28.75,77.1113,106.4,109.7,487.0,19.6,32.0,138.0,253.6
2024-12-24 08:00:00,DTU,28.75,77.1113,107.1,110.6,432.0,16.3,35.3,151.0,256.0
2024-12-24 09:00:00,DTU,28.75,77.1113,107.8,111.1,507.0,21.6,40.0,150.0,258.4
2024-12-24 10:00:00,DTU,28.75,77.1113,108.7,111.8,776.0,43.5,46.5,126.0,261.4
2024-12-24 11:00:00,DTU,28.75,77.1113,119.7,122.0,1175.0,73.9,54.6,88.0,299.0
2024-12-24 12:00:00,DTU,28.75,77.1113,134.1,136.0,1618.0,77.1,46.7,62.0,311.1
2024-12-24 13:00:00,DTU,28.75,77.1113,142.5,143.9,2162.0,74.5,46.8,56.0,317.5
2024-12-24 14:00:00,DTU,28.75,77.1113,141.6,143.0,2748.0,70.5,46.6,47.0,316.8
2024-12-24 15:00:00,DTU,28.75,77.1113,131.8,133.2,3119.0,65.0,44.8,41.0,309.3
2024-12-24 16:00:00,DTU,28.75,77.1113,120.1,121.5,3132.0,56.9,40.0,39.0,500.0
2024-12-24 17:00:00,DTU,28.75,77.1113,111.8,112.9,2930.0,47.2,33.5,38.0,272.0
2024-12-24 18:00:00,DTU,28.75,77.1113,105.5,106.6,2673.0,39.0,28.0,38.0,250.5
2024-12-24 19:00:00,DTU,28.75,77.1113,100.4,101.5,2385.0,33.3,24.3,37.0,233.1
2024-12-24 20:00:00,DTU,28.75,77.1113,98.0,99.4,2042.0,29.1,21.5,37.0,224.9
2024-12-24 21:00:00,DTU,28.75,77.1113,98.0,99.2,1743.0,26.1,19.5,36.0,224.9
2024-12-24 22:00:00,DTU,28.75,77.1113,98.7,100.1,1494.0,24.0,18.1,35.0,227.3
2024-12-24 23:00:00,DTU,28.75,77.1113,99.7,101.0,1288.0,23.2,17.5,34.0,230.7
2024-12-25 00:00:00,DTU,28.75,77.1113,94.3,95.7,1198.0,21.1,16.8,39.0,212.3
2024-12-25 01:00:00,DTU,28.75,77.1113,101.0,102.4,1330.0,28.4,23.0,31.0,235.1
2024-12-25 02:00:00,DTU,28.75,77.1113,118.0,119.7,1578.0,38.3,31.4,21.0,293.2
2024-12-25 03:00:00,DTU,28.75,77.1113,134.6,136.0,1704.0,43.8,37.2,24.0,311.4
2024-12-25 04:00:00,DTU,28.75,77.1113,128.1,129.0,1583.0,41.0,37.0,52.0,306.4
2024-12-25 05:00:00,DTU,28.75,77.1113,119.7,121.1,1340.0,33.8,34.0,93.0,299.0
2024-12-25 06:00:00,DTU,28.75,77.1113,95.7,97.6,1108.0,27.4,33.3,126.0,217.0
2024-12-25 07:00:00,DTU,28.75,77.1113,87.8,90.1,898.0,22.1,37.7,147.0,192.5
2024-12-25 08:00:00,DTU,28.75,77.1113,91.7,94.1,698.0,17.5,44.4,161.0,203.4
2024-12-25 09:00:00,DTU,28.75,77.1113,94.1,96.4,609.0,18.3,49.3,162.0,211.6
2024-12-25 10:00:00,DTU,28.75,77.1113,94.5,96.9,705.0,28.6,50.3,143.0,212.9
2024-12-25 11:00:00,DTU,28.75,77.1113,100.1,102.0,913.0,44.2,49.5,111.0,232.1
2024-12-25 12:00:00,DTU,28.75,77.1113,133.2,135.0,1108.0,57.4,47.5,74.0,310.4
2024-12-25 13:00:00,DTU,28.75,77.1113,144.4,146.2,1261.0,61.4,50.0,61.0,319.0
2024-12-25 14:00:00,DTU,28.75,77.1113,151.8,153.2,1401.0,66.8,53.5,43.0,324.6
2024-12-25 15:00:00,DTU,28.75,77.1113,160.7,161.6,1498.0,70.3,56.4,29.0,331.5
2024-12-25 16:00:00,DTU,28.75,77.1113,167.6,169.0,1538.0,70.0,58.6,23.0,336.8
2024-12-25 17:00:00,DTU,28.75,77.1113,174.6,176.0,1534.0,67.8,60.2,20.0,342.1
2024-12-25 18:00:00,DTU,28.75,77.1113,178.3,179.3,1494.0,65.3,60.1,18.0,345.0
2024-12-25 19:00:00,DTU,28.75,77.1113,179.3,180.2,1393.0,63.3,57.0,15.0,345.7
2024-12-25 20:00:00,DTU,28.75,77.1113,179.7,180.7,1256.0,61.1,52.2,13.0,346.0
2024-12-25 21:00:00,DTU,28.75,77.1113,178.8,180.2,1161.0,58.4,48.2,12.0,345.4
2024-12-25 22:00:00,DTU,28.75,77.1113,175.6,176.5,1114.0,54.2,45.6,13.0,342.9
2024-12-25 23:00:00,DTU,28.75,77.1113,170.0,170.9,1109.0,49.6,43.8,15.0,338.6
2024-12-26 00:00:00,DTU,28.75,77.1113,182.5,183.9,1207.0,48.6,39.7,9.0,348.2
2024-12-26 01:00:00,DTU,28.75,77.1113,173.7,174.6,1529.0,48.1,42.1,6.0,341.4
2024-12-26 02:00:00,DTU,28.75,77.1113,186.3,187.2,1953.0,47.3,45.4,4.0,351.1
2024-12-26 03:00:00,DTU,28.75,77.1113,192.3,192.8,2176.0,45.7,47.9,16.0,355.7
2024-12-26 04:00:00,DTU,28.75,77.1113,192.3,192.8,2018.0,43.1,48.3,56.0,355.7
2024-12-26 05:00:00,DTU,28.75,77.1113,180.2,180.7,1658.0,39.7,47.8,110.0,346.4
2024-12-26 06:00:00,DTU,28.75,77.1113,146.7,147.6,1327.0,36.2,48.4,151.0,320.7
2024-12-26 07:00:00,DTU,28.75,77.1113,100.1,101.3,1066.0,29.2,50.5,172.0,232.1
2024-12-26 08:00:00,DTU,28.75,77.1113,80.6,82.0,833.0,22.0,53.7,180.0,167.9
2024-12-26 09:00:00,DTU,28.75,77.1113,75.9,77.5,733.0,25.3,58.1,174.0,151.9
2024-12-26 10:00:00,DTU,28.75,77.1113,75.4,77.5,849.0,48.6,64.3,147.0,150.2
2024-12-26 11:00:00,DTU,28.75,77.1113,88.2,89.9,1098.0,82.5,71.7,106.0,193.9
2024-12-26 12:00:00,DTU,28.75,77.1113,139.2,142.0,1335.0,103.4,69.3,63.0,315.0
2024-12-26 13:00:00,DTU,28.75,77.1113,170.4,172.8,1521.0,109.4,75.6,49.0,338.9
2024-12-26 14:00:00,DTU,28.75,77.1113,190.9,193.2,1695.0,117.5,84.2,29.0,354.6
2024-12-26 15:00:00,DTU,28.75,77.1113,212.3,214.7,1829.0,122.3,89.2,15.0,371.1
2024-12-26 16:00:00,DTU,28.75,77.1113,230.0,232.8,1930.0,121.7,88.6,10.0,384.7
2024-12-26 17:00:00,DTU,28.75,77.1113,235.6,238.4,1991.0,117.7,84.6,11.0,388.9
2024-12-26 18:00:00,DTU,28.75,77.1113,220.3,223.1,1968.0,110.9,77.5,13.0,377.2
2024-12-26 19:00:00,DTU,28.75,77.1113,205.8,208.2,1810.0,99.6,65.4,17.0,366.1
2024-12-26 20:00:00,DTU,28.75,77.1113,185.8,187.7,1568.0,85.4,50.4,23.0,350.7
2024-12-26 21:00:00,DTU,28.75,77.1113,162.1,164.4,1352.0,73.9,38.7,28.0,332.5
2024-12-26 22:00:00,DTU,28.75,77.1113,145.3,147.1,1198.0,67.3,33.4,31.0,319.6
2024-12-26 23:00:00,DTU,28.75,77.1113,144.4,146.7,1071.0,63.4,31.6,33.0,319.0
2024-12-27 00:00:00,DTU,28.75,77.1113,146.2,148.1,971.0,71.4,44.3,25.0,320.3
2024-12-27 01:00:00,DTU,28.75,77.1113,130.9,132.7,915.0,68.8,45.3,26.0,308.6
2024-12-27 02:00:00,DTU,28.75,77.1113,138.8,140.6,886.0,64.9,46.4,28.0,314.7
2024-12-27 03:00:00,DTU,28.75,77.1113,140.6,142.0,841.0,60.3,45.4,33.0,316.0
2024-12-27 04:00:00,DTU,28.75,77.1113,138.8,140.2,748.0,54.6,40.6,45.0,314.7
2024-12-27 05:00:00,DTU,28.75,77.1113,117.6,119.2,638.0,48.2,33.8,60.0,291.8
2024-12-27 06:00:00,DTU,28.75,77.1113,97.8,99.7,558.0,42.2,27.9,72.0,224.2
2024-12-27 07:00:00,DTU,28.75,77.1113,94.5,97.1,533.0,36.6,24.2,77.0,212.9
2024-12-27 08:00:00,DTU,28.75,77.1113,91.5,93.8,539.0,31.4,21.5,79.0,202.7
2024-12-27 09:00:00,DTU,28.75,77.1113,89.4,91.3,550.0,28.1,19.3,79.0,198.0
2024-12-27 10:00:00,DTU,28.75,77.1113,85.4,87.1,560.0,28.0,17.3,78.0,184.3
2024-12-27 11:00:00,DTU,28.75,77.1113,80.6,82.0,575.0,29.8,15.9,75.0,167.9
2024-12-27 12:00:00,DTU,28.75,77.1113,94.3,96.6,584.0,36.8,16.6,64.0,212.3
2024-12-27 13:00:00,DTU,28.75,77.1113,93.6,95.7,582.0,35.2,17.7,64.0,209.9
2024-12-27 14:00:00,DTU,28.75,77.1113,96.6,98.7,575.0,32.8,19.2,64.0,220.1
2024-12-27 15:00:00,DTU,28.75,77.1113,98.3,100.4,571.0,30.6,20.6,65.0,225.9
2024-12-27 16:00:00,DTU,28.75,77.1113,102.2,104.5,580.0,28.8,21.7,66.0,239.2
2024-12-27 17:00:00,DTU,28.75,77.1113,106.9,109.2,591.0,27.1,22.6,68.0,255.3
2024-12-27 18:00:00,DTU,28.75,77.1113,104.3,106.6,580.0,25.5,23.2,68.0,246.4
2024-12-27 19:00:00,DTU,28.75,77.1113,100.8,103.1,521.0,23.7,23.1,66.0,234.5
2024-12-27 20:00:00,DTU,28.75,77.1113,100.4,102.7,439.0,21.9,22.5,63.0,233.1
2024-12-27 21:00:00,DTU,28.75,77.1113,99.9,102.0,387.0,20.9,22.3,60.0,231.4
2024-12-27 22:00:00,DTU,28.75,77.1113,96.2,98.0,376.0,20.3,22.0,57.0,218.8
2024-12-27 23:00:00,DTU,28.75,77.1113,91.7,93.6,395.0,20.6,22.0,55.0,203.4
2024-12-28 00:00:00,DTU,28.75,77.1113,82.0,84.1,467.0,17.1,21.0,66.0,172.7
2024-12-28 01:00:00,DTU,28.75,77.1113,82.4,84.5,651.0,29.8,29.6,55.0,174.1
2024-12-28 02:00:00,DTU,28.75,77.1113,105.2,107.6,888.0,46.9,41.4,40.0,249.5
2024-12-28 03:00:00,DTU,28.75,77.1113,125.3,127.6,1017.0,57.7,50.5,34.0,304.3
2024-12-28 04:00:00,DTU,28.75,77.1113,112.0,113.9,938.0,55.7,53.9,45.0,272.7
2024-12-28 05:00:00,DTU,28.75,77.1113,103.8,105.9,751.0,47.2,54.5,65.0,244.7
2024-12-28 06:00:00,DTU,28.75,77.1113,99.9,102.0,604.0,40.6,55.2,80.0,231.4
2024-12-28 07:00:00,DTU,28.75,77.1113,99.0,101.0,538.0,38.2,57.3,87.0,228.3
2024-12-28 08:00:00,DTU,28.75,77.1113,97.3,99.4,511.0,37.6,59.5,91.0,222.5
2024-12-28 09:00:00,DTU,28.75,77.1113,95.2,97.1,542.0,40.3,61.1,88.0,215.3
2024-12-28 10:00:00,DTU,28.75,77.1113,91.5,93.1,644.0,48.5,61.5,77.0,202.7
2024-12-28 11:00:00,DTU,28.75,77.1113,95.9,97.6,804.0,59.9,61.3,59.0,217.7
2024-12-28 12:00:00,DTU,28.75,77.1113,128.5,130.4,997.0,67.4,56.8,47.0,306.8
2024-12-28 13:00:00,DTU,28.75,77.1113,149.5,151.3,1266.0,67.0,55.3,42.0,322.9
2024-12-28 14:00:00,DTU,28.75,77.1113,155.1,156.5,1567.0,66.3,53.0,35.0,327.2
2024-12-28 15:00:00,DTU,28.75,77.1113,150.9,152.3,1746.0,63.9,49.9,30.0,323.9
2024-12-28 16:00:00,DTU,28.75,77.1113,146.7,147.6,1711.0,59.2,45.4,28.0,320.7
2024-12-28 17:00:00,DTU,28.75,77.1113,145.8,147.1,1553.0,52.8,40.1,28.0,320.0
2024-12-28 18:00:00,DTU,28.75,77.1113,143.0,143.9,1388.0,45.9,35.0,29.0,317.9
2024-12-28 19:00:00,DTU,28.75,77.1113,132.7,133.6,1241.0,37.9,30.3,32.0,310.0
2024-12-28 20:00:00,DTU,28.75,77.1113,122.9,123.9,1087.0,29.3,25.9,36.0,302.5
2024-12-28 21:00:00,DTU,28.75,77.1113,114.8,115.7,970.0,22.6,22.7,40.0,282.2
2024-12-28 22:00:00,DTU,28.75,77.1113,106.9,107.8,913.0,18.5,21.0,43.0,255.3
2024-12-28 23:00:00,DTU,28.75,77.1113,99.2,99.9,893.0,16.4,20.5,45.0,229.0
2024-12-29 00:00:00,DTU,28.75,77.1113,122.5,123.4,887.0,23.8,21.8,31.0,302.2
2024-12-29 01:00:00,DTU,28.75,77.1113,113.4,114.3,902.0,26.1,23.5,31.0,277.5
2024-12-29 02:00:00,DTU,28.75,77.1113,110.8,111.8,932.0,29.2,25.9,32.0,268.6
2024-12-29 03:00:00,DTU,28.75,77.1113,110.6,111.5,930.0,30.0,28.1,38.0,267.9
2024-12-29 04:00:00,DTU,28.75,77.1113,95.9,97.1,868.0,26.5,29.9,55.0,217.7
2024-12-29 05:00:00,DTU,28.75,77.1113,85.0,86.4,774.0,20.7,31.5,77.0,182.9
2024-12-29 06:00:00,DTU,28.75,77.1113,73.1,74.7,691.0,16.2,32.5,95.0,142.3
2024-12-29 07:00:00,DTU,28.75,77.1113,66.8,68.5,615.0,13.7,32.4,108.0,120.8
2024-12-29 08:00:00,DTU,28.75,77.1113,64.0,65.9,549.0,12.4,31.7,117.0,111.2
2024-12-29 09:00:00,DTU,28.75,77.1113,63.3,65.0,543.0,14.0,31.2,118.0,108.9
2024-12-29 10:00:00,DTU,28.75,77.1113,60.3,62.2,648.0,20.1,30.9,108.0,500.0
2024-12-29 11:00:00,DTU,28.75,77.1113,61.5,63.3,811.0,29.1,30.7,90.0,102.7
2024-12-29 12:00:00,DTU,28.75,77.1113,90.6,92.2,929.0,35.4,32.7,65.0,500.0
2024-12-29 13:00:00,DTU,28.75,77.1113,96.2,97.6,953.0,36.6,32.5,58.0,218.8
2024-12-29 14:00:00,DTU,28.75,77.1113,96.2,97.1,930.0,38.2,32.2,50.0,218.8
2024-12-29 15:00:00,DTU,28.75,77.1113,95.0,95.7,899.0,38.0,31.1,44.0,214.7
2024-12-29 16:00:00,DTU,28.75,77.1113,92.2,92.9,870.0,34.9,28.7,45.0,205.1
2024-12-29 17:00:00,DTU,28.75,77.1113,90.6,91.3,832.0,30.1,25.5,48.0,500.0
2024-12-29 18:00:00,DTU,28.75,77.1113,89.2,89.9,793.0,25.5,22.7,52.0,197.3
2024-12-29 19:00:00,DTU,28.75,77.1113,85.4,85.9,743.0,21.6,20.4,55.0,184.3
2024-12-29 20:00:00,DTU,28.75,77.1113,82.9,83.6,691.0,18.0,18.3,57.0,175.8
2024-12-29 21:00:00,DTU,28.75,77.1113,80.8,81.3,670.0,15.2,17.2,59.0,168.6
2024-12-29 22:00:00,DTU,28.75,77.1113,78.7,79.2,702.0,13.2,17.1,61.0,161.4
2024-12-29 23:00:00,DTU,28.75,77.1113,77.1,77.3,764.0,12.1,18.0,62.0,156.0
2024-12-30 00:00:00,DTU,28.75,77.1113,77.3,77.8,821.0,12.9,18.5,61.0,156.6
2024-12-30 01:00:00,DTU,28.75,77.1113,75.4,75.7,867.0,17.0,21.4,58.0,150.2
2024-12-30 02:00:00,DTU,28.75,77.1113,77.5,77.8,908.0,22.6,25.5,55.0,157.3
2024-12-30 03:00:00,DTU,28.75,77.1113,79.4,79.6,928.0,25.6,29.1,60.0,163.8
2024-12-30 04:00:00,DTU,28.75,77.1113,76.8,77.1,915.0,23.6,31.9,79.0,154.9
2024-12-30 05:00:00,DTU,28.75,77.1113,76.1,76.4,881.0,19.1,34.2,107.0,152.5
2024-12-30 06:00:00,DTU,28.75,77.1113,75.2,75.4,848.0,15.3,35.5,130.0,149.5
2024-12-30 07:00:00,DTU,28.75,77.1113,71.2,71.5,806.0,12.4,35.4,148.0,135.8
2024-12-30 08:00:00,DTU,28.75,77.1113,63.1,63.3,766.0,10.2,34.4,163.0,108.2
2024-12-30 09:00:00,DTU,28.75,77.1113,56.0,56.2,777.0,11.6,33.4,166.0,93.2
2024-12-30 10:00:00,DTU,28.75,77.1113,51.5,51.8,885.0,18.8,32.4,150.0,85.6
2024-12-30 11:00:00,DTU,28.75,77.1113,52.3,52.5,1046.0,29.6,31.4,122.0,87.0
2024-12-30 12:00:00,DTU,28.75,77.1113,96.2,97.3,1176.0,49.6,38.3,83.0,218.8
2024-12-30 13:00:00,DTU,28.75,77.1113,108.5,109.7,1245.0,55.3,40.6,69.0,260.7
2024-12-30 14:00:00,DTU,28.75,77.1113,118.0,119.0,1284.0,63.0,43.7,49.0,293.2
2024-12-30 15:00:00,DTU,28.75,77.1113,127.1,128.1,1304.0,67.8,46.2,34.0,305.7
2024-12-30 16:00:00,DTU,28.75,77.1113,136.0,136.9,1308.0,67.7,47.9,28.0,312.5
2024-12-30 17:00:00,DTU,28.75,77.1113,143.9,144.8,1292.0,64.8,48.9,26.0,318.6
2024-12-30 18:00:00,DTU,28.75,77.1113,145.8,147.1,1259.0,60.3,47.7,26.0,320.0
2024-12-30 19:00:00,DTU,28.75,77.1113,140.2,141.1,1195.0,53.9,42.6,29.0,315.7
2024-12-30 20:00:00,DTU,28.75,77.1113,135.0,136.4,1114.0,45.8,35.2,34.0,311.7
2024-12-30 21:00:00,DTU,28.75,77.1113,131.8,133.2,1058.0,38.2,29.3,39.0,309.3
2024-12-30 22:00:00,DTU,28.75,77.1113,127.6,129.0,1038.0,30.3,25.8,45.0,306.1
2024-12-30 23:00:00,DTU,28.75,77.1113,125.7,127.1,1043.0,22.8,23.7,52.0,304.6
2024-12-31 00:00:00,DTU,28.75,77.1113,162.5,164.4,1078.0,33.1,26.2,33.0,332.8
2024-12-31 01:00:00,DTU,28.75,77.1113,156.0,157.9,1178.0,33.5,28.1,35.0,327.9
2024-12-31 02:00:00,DTU,28.75,77.1113,158.3,159.7,1309.0,33.8,30.7,39.0,329.6
2024-12-31 03:00:00,DTU,28.75,77.1113,151.3,153.2,1370.0,32.6,33.6,48.0,324.3
2024-12-31 04:00:00,DTU,28.75,77.1113,141.6,143.4,1298.0,28.4,36.8,67.0,316.8
2024-12-31 05:00:00,DTU,28.75,77.1113,126.7,129.0,1157.0,22.8,40.1,92.0,305.4
2024-12-31 06:00:00,DTU,28.75,77.1113,108.7,111.3,1035.0,18.6,42.8,113.0,261.4
2024-12-31 07:00:00,DTU,28.75,77.1113,103.8,106.4,937.0,16.0,44.4,130.0,244.7
2024-12-31 08:00:00,DTU,28.75,77.1113,99.2,101.7,858.0,14.9,45.4,143.0,229.0
2024-12-31 09:00:00,DTU,28.75,77.1113,96.4,99.0,875.0,17.8,46.1,145.0,219.4
2024-12-31 10:00:00,DTU,28.75,77.1113,93.8,96.4,1037.0,27.4,46.2,130.0,210.6
2024-12-31 11:00:00,DTU,28.75,77.1113,94.5,97.1,1296.0,41.0,46.0,105.0,212.9
2024-12-31 12:00:00,DTU,28.75,77.1113,149.9,153.2,1582.0,65.5,63.9,76.0,323.2
2024-12-31 13:00:00,DTU,28.75,77.1113,175.1,178.3,1931.0,72.7,66.4,60.0,342.5
2024-12-31 14:00:00,DTU,28.75,77.1113,193.2,196.5,2308.0,82.4,69.6,39.0,356.4
2024-12-31 15:00:00,DTU,28.75,77.1113,200.2,203.0,2537.0,87.4,70.7,23.0,361.8
2024-12-31 16:00:00,DTU,28.75,77.1113,200.2,203.5,2521.0,84.3,68.5,19.0,361.8
2024-12-31 17:00:00,DTU,28.75,77.1113,204.0,206.8,2357.0,76.5,64.1,21.0,364.7
2024-12-31 18:00:00,DTU,28.75,77.1113,199.3,202.1,2157.0,67.3,58.1,25.0,361.1
2024-12-31 19:00:00,DTU,28.75,77.1113,185.8,188.6,1924.0,56.7,49.7,31.0,350.7
2024-12-31 20:00:00,DTU,28.75,77.1113,174.6,177.4,1655.0,44.8,39.7,39.0,342.1
2024-12-31 21:00:00,DTU,28.75,77.1113,164.4,166.7,1452.0,34.6,31.5,46.0,334.3
2024-12-31 22:00:00,DTU,28.75,77.1113,156.5,158.8,1356.0,26.7,26.0,52.0,328.2
2024-12-31 23:00:00,DTU,28.75,77.1113,149.5,151.8,1325.0,20.6,22.3,57.0,322.9
2024-12-19 12:00:00,Dwarka Sector 8,28.5708,77.0711,145.3,147.6,1329.0,73.3,58.6,95.0,319.6
2024-12-19 13:00:00,Dwarka Sector 8,28.5708,77.0711,167.6,169.5,1608.0,83.3,62.5,76.0,336.8
2024-12-19 14:00:00,Dwarka Sector 8,28.5708,77.0711,186.7,189.1,1907.0,96.9,67.8,49.0,351.4
2024-12-19 15:00:00,Dwarka Sector 8,28.5708,77.0711,199.3,201.6,2103.0,105.5,71.0,29.0,361.1
2024-12-19 16:00:00,Dwarka Sector 8,28.5708,77.0711,206.8,209.1,2133.0,105.0,70.7,21.0,366.8
2024-12-19 17:00:00,Dwarka Sector 8,28.5708,77.0711,212.8,214.7,2059.0,99.5,68.4,20.0,371.5
2024-12-19 18:00:00,Dwarka Sector 8,28.5708,77.0711,212.3,214.2,1943.0,92.5,64.7,20.0,371.1
2024-12-19 19:00:00,Dwarka Sector 8,28.5708,77.0711,204.9,207.2,1773.0,84.7,59.1,21.0,365.4
2024-12-19 20:00:00,Dwarka Sector 8,28.5708,77.0711,197.0,198.8,1561.0,75.5,52.1,24.0,359.3
2024-12-19 21:00:00,Dwarka Sector 8,28.5708,77.0711,187.2,189.1,1404.0,66.3,46.3,28.0,351.8
2024-12-19 22:00:00,Dwarka Sector 8,28.5708,77.0711,177.0,178.8,1317.0,55.7,42.0,34.0,344.0
2024-12-19 23:00:00,Dwarka Sector 8,28.5708,77.0711,168.6,170.0,1285.0,45.1,38.9,40.0,337.5
2024-12-20 00:00:00,Dwarka Sector 8,28.5708,77.0711,138.8,140.2,1355.0,22.4,33.8,68.0,314.7
2024-12-20 01:00:00,Dwarka Sector 8,28.5708,77.0711,144.4,146.2,1652.0,36.0,40.6,54.0,319.0
2024-12-20 02:00:00,Dwarka Sector 8,28.5708,77.0711,161.6,163.0,2052.0,54.4,50.1,36.0,332.2
2024-12-20 03:00:00,Dwarka Sector 8,28.5708,77.0711,174.2,175.6,2233.0,64.3,56.8,37.0,341.8
2024-12-20 04:00:00,Dwarka Sector 8,28.5708,77.0711,163.9,164.8,1991.0,57.7,57.7,74.0,333.9
2024-12-20 05:00:00,Dwarka Sector 8,28.5708,77.0711,150.9,152.3,1530.0,42.8,56.0,129.0,323.9
2024-12-20 06:00:00,Dwarka Sector 8,28.5708,77.0711,126.7,129.0,1146.0,31.0,55.9,174.0,305.4
2024-12-20 07:00:00,Dwarka Sector 8,28.5708,77.0711,109.9,112.2,932.0,24.6,59.3,199.0,265.5
2024-12-20 08:00:00,Dwarka Sector 8,28.5708,77.0711,100.8,103.4,795.0,21.5,64.2,214.0,234.5
2024-12-20 09:00:00,Dwarka Sector 8,28.5708,77.0711,98.7,101.3,749.0,26.4,69.1,213.0,227.3
2024-12-20 10:00:00,Dwarka Sector 8,28.5708,77.0711,98.3,100.6,844.0,46.1,73.7,189.0,225.9
2024-12-20 11:00:00,Dwarka Sector 8,28.5708,77.0711,114.6,116.4,1030.0,73.8,78.1,149.0,281.6
2024-12-20 12:00:00,Dwarka Sector 8,28.5708,77.0711,149.0,150.9,1169.0,94.5,71.7,100.0,322.5
2024-12-20 13:00:00,Dwarka Sector 8,28.5708,77.0711,167.2,169.5,1196.0,96.0,74.3,84.0,336.5
2024-12-20 14:00:00,Dwarka Sector 8,28.5708,77.0711,174.2,176.0,1175.0,97.6,77.7,61.0,341.8
2024-12-20 15:00:00,Dwarka Sector 8,28.5708,77.0711,170.9,172.8,1164.0,95.1,78.1,44.0,339.3
2024-12-20 16:00:00,Dwarka Sector 8,28.5708,77.0711,165.8,167.2,1193.0,85.4,73.2,39.0,335.4
2024-12-20 17:00:00,Dwarka Sector 8,28.5708,77.0711,159.3,160.7,1231.0,71.7,65.3,39.0,330.4
2024-12-20 18:00:00,Dwarka Sector 8,28.5708,77.0711,150.9,152.3,1242.0,59.0,57.9,40.0,323.9
2024-12-20 19:00:00,Dwarka Sector 8,28.5708,77.0711,142.0,143.4,1197.0,48.7,51.7,41.0,317.1
2024-12-20 20:00:00,Dwarka Sector 8,28.5708,77.0711,136.0,136.9,1125.0,39.5,45.8,43.0,312.5
2024-12-20 21:00:00,Dwarka Sector 8,28.5708,77.0711,131.3,132.2,1071.0,32.3,41.6,44.0,308.9
2024-12-20 22:00:00,Dwarka Sector 8,28.5708,77.0711,127.6,128.5,1026.0,27.2,39.5,44.0,306.1
2024-12-20 23:00:00,Dwarka Sector 8,28.5708,77.0711,124.3,125.3,1000.0,24.1,38.9,44.0,303.5
2024-12-21 00:00:00,Dwarka Sector 8,28.5708,77.0711,131.8,132.7,1070.0,31.7,46.1,36.0,309.3
2024-12-21 01:00:00,Dwarka Sector 8,28.5708,77.0711,137.4,138.3,1357.0,37.0,48.8,28.0,313.6
2024-12-21 02:00:00,Dwarka Sector 8,28.5708,77.0711,149.0,149.9,1740.0,44.2,52.5,19.0,322.5
2024-12-21 03:00:00,Dwarka Sector 8,28.5708,77.0711,153.7,154.6,1937.0,48.1,55.3,22.0,326.1
2024-12-21 04:00:00,Dwarka Sector 8,28.5708,77.0711,150.4,151.3,1780.0,46.1,56.3,48.0,323.6
2024-12-21 05:00:00,Dwarka Sector 8,28.5708,77.0711,144.8,145.8,1437.0,40.9,56.5,87.0,319.3
2024-12-21 06:00:00,Dwarka Sector 8,28.5708,77.0711,135.5,136.4,1127.0,35.6,56.8,121.0,312.1
2024-12-21 07:00:00,Dwarka Sector 8,28.5708,77.0711,116.9,118.3,895.0,28.5,57.8,149.0,289.4
2024-12-21 08:00:00,Dwarka Sector 8,28.5708,77.0711,104.5,105.9,696.0,21.4,59.0,172.0,247.1
2024-12-21 09:00:00,Dwarka Sector 8,28.5708,77.0711,99.0,100.6,611.0,22.2,59.7,179.0,228.3
2024-12-21 10:00:00,Dwarka Sector 8,28.5708,77.0711,96.4,97.8,711.0,36.7,58.8,159.0,219.4
2024-12-21 11:00:00,Dwarka Sector 8,28.5708,77.0711,106.6,107.8,925.0,59.2,57.5,122.0,254.3
2024-12-21 12:00:00,Dwarka Sector 8,28.5708,77.0711,150.4,151.8,1124.0,80.6,65.2,86.0,323.6
2024-12-21 13:00:00,Dwarka Sector 8,28.5708,77.0711,173.7,175.1,1268.0,93.9,70.0,64.0,341.4
2024-12-21 14:00:00,Dwarka Sector 8,28.5708,77.0711,190.9,192.3,1397.0,112.0,76.6,33.0,354.6
2024-12-21 15:00:00,Dwarka Sector 8,28.5708,77.0711,204.0,205.4,1497.0,124.0,82.2,10.0,364.7
2024-12-21 16:00:00,Dwarka Sector 8,28.5708,77.0711,213.3,214.7,1561.0,124.1,86.0,1.0,371.8
2024-12-21 17:00:00,Dwarka Sector 8,28.5708,77.0711,221.2,223.1,1596.0,118.1,88.6,0.0,377.9
2024-12-21 18:00:00,Dwarka Sector 8,28.5708,77.0711,224.9,226.8,1606.0,112.0,89.5,0.0,380.7
2024-12-21 19:00:00,Dwarka Sector 8,28.5708,77.0711,224.9,226.3,1575.0,108.0,88.0,0.0,380.7
2024-12-21 20:00:00,Dwarka Sector 8,28.5708,77.0711,225.8,227.7,1518.0,103.9,84.7,0.0,381.4
2024-12-21 21:00:00,Dwarka Sector 8,28.5708,77.0711,226.8,228.6,1493.0,99.3,80.6,0.0,382.2
2024-12-21 22:00:00,Dwarka Sector 8,28.5708,77.0711,225.4,227.2,1457.0,93.7,74.6,0.0,381.1
2024-12-21 23:00:00,Dwarka Sector 8,28.5708,77.0711,219.8,221.2,1451.0,87.6,67.8,1.0,376.8
2024-12-22 00:00:00,Dwarka Sector 8,28.5708,77.0711,199.3,201.2,1656.0,84.7,62.1,4.0,361.1
2024-12-22 01:00:00,Dwarka Sector 8,28.5708,77.0711,213.3,215.1,2364.0,83.9,67.0,0.0,371.8
2024-12-22 02:00:00,Dwarka Sector 8,28.5708,77.0711,237.5,239.3,3283.0,82.2,73.8,0.0,390.4
2024-12-22 03:00:00,Dwarka Sector 8,28.5708,77.0711,258.9,260.8,3712.0,76.5,78.2,9.0,404.5
2024-12-22 04:00:00,Dwarka Sector 8,28.5708,77.0711,230.5,231.9,3192.0,63.5,78.9,49.0,385.0
2024-12-22 05:00:00,Dwarka Sector 8,28.5708,77.0711,188.6,190.5,2182.0,46.5,77.2,105.0,352.9
2024-12-22 06:00:00,Dwarka Sector 8,28.5708,77.0711,139.7,141.6,1357.0,32.4,73.6,148.0,315.4
2024-12-22 07:00:00,Dwarka Sector 8,28.5708,77.0711,117.3,119.2,965.0,21.0,66.4,172.0,290.8
2024-12-22 08:00:00,Dwarka Sector 8,28.5708,77.0711,104.8,106.6,759.0,12.5,57.2,185.0,248.1
2024-12-22 09:00:00,Dwarka Sector 8,28.5708,77.0711,96.2,98.3,672.0,14.6,51.3,181.0,218.8
2024-12-22 10:00:00,Dwarka Sector 8,28.5708,77.0711,90.6,92.7,712.0,35.1,51.2,152.0,500.0
2024-12-22 11:00:00,Dwarka Sector 8,28.5708,77.0711,105.7,107.3,871.0,66.2,54.3,107.0,251.2
2024-12-22 12:00:00,Dwarka Sector 8,28.5708,77.0711,141.6,143.4,1066.0,93.9,53.8,58.0,316.8
2024-12-22 13:00:00,Dwarka Sector 8,28.5708,77.0711,171.8,173.2,1314.0,103.6,57.9,43.0,340.0
2024-12-22 14:00:00,Dwarka Sector 8,28.5708,77.0711,189.1,190.9,1596.0,116.3,63.4,22.0,353.3
2024-12-22 15:00:00,Dwarka Sector 8,28.5708,77.0711,195.1,196.5,1777.0,121.5,65.7,10.0,357.9
2024-12-22 16:00:00,Dwarka Sector 8,28.5708,77.0711,192.3,194.2,1790.0,113.6,62.3,14.0,355.7
2024-12-22 17:00:00,Dwarka Sector 8,28.5708,77.0711,190.0,191.4,1701.0,98.1,55.8,26.0,354.0
2024-12-22 18:00:00,Dwarka Sector 8,28.5708,77.0711,176.0,177.9,1567.0,81.1,49.4,39.0,343.2
2024-12-22 19:00:00,Dwarka Sector 8,28.5708,77.0711,156.0,157.4,1370.0,62.3,43.8,53.0,327.9
2024-12-22 20:00:00,Dwarka Sector 8,28.5708,77.0711,137.4,138.8,1128.0,42.1,38.4,68.0,313.6
2024-12-22 21:00:00,Dwarka Sector 8,28.5708,77.0711,129.9,131.3,953.0,27.4,34.7,78.0,307.8
2024-12-22 22:00:00,Dwarka Sector 8,28.5708,77.0711,129.5,130.9,875.0,20.3,33.2,80.0,307.5
2024-12-22 23:00:00,Dwarka Sector 8,28.5708,77.0711,134.1,135.5,864.0,18.8,33.4,76.0,311.1
2024-12-23 00:00:00,Dwarka Sector 8,28.5708,77.0711,113.2,114.3,948.0,14.0,28.3,77.0,276.8
2024-12-23 01:00:00,Dwarka Sector 8,28.5708,77.0711,121.1,122.5,1214.0,23.4,30.5,65.0,301.1
2024-12-23 02:00:00,Dwarka Sector 8,28.5708,77.0711,134.6,136.4,1575.0,36.2,33.4,48.0,311.4
2024-12-23 03:00:00,Dwarka Sector 8,28.5708,77.0711,145.3,146.7,1797.0,44.6,35.3,41.0,319.6
2024-12-23 04:00:00,Dwarka Sector 8,28.5708,77.0711,143.0,143.9,1768.0,44.7,34.8,51.0,317.9
2024-12-23 05:00:00,Dwarka Sector 8,28.5708,77.0711,136.9,138.3,1601.0,40.4,33.2,70.0,313.2
2024-12-23 06:00:00,Dwarka Sector 8,28.5708,77.0711,133.2,134.6,1398.0,35.8,32.3,88.0,310.4
2024-12-23 07:00:00,Dwarka Sector 8,28.5708,77.0711,122.0,123.9,1147.0,31.4,33.1,104.0,301.8
2024-12-23 08:00:00,Dwarka Sector 8,28.5708,77.0711,109.7,111.5,861.0,26.8,34.7,120.0,264.8
2024-12-23 09:00:00,Dwarka Sector 8,28.5708,77.0711,105.5,107.3,680.0,24.7,36.2,128.0,250.5
2024-12-23 10:00:00,Dwarka Sector 8,28.5708,77.0711,103.6,105.2,695.0,27.4,37.4,123.0,244.0
2024-12-23 11:00:00,Dwarka Sector 8,28.5708,77.0711,101.7,103.4,815.0,32.6,38.5,110.0,237.5
2024-12-23 12:00:00,Dwarka Sector 8,28.5708,77.0711,129.0,130.9,910.0,41.6,39.9,98.0,307.1
2024-12-23 13:00:00,Dwarka Sector 8,28.5708,77.0711,122.5,124.3,927.0,39.8,40.2,91.0,302.2
2024-12-23 14:00:00,Dwarka Sector 8,28.5708,77.0711,121.1,122.9,917.0,37.2,40.6,82.0,301.1
2024-12-23 15:00:00,Dwarka Sector 8,28.5708,77.0711,119.7,121.5,908.0,35.1,40.7,73.0,299.0
2024-12-23 16:00:00,Dwarka Sector 8,28.5708,77.0711,118.5,120.6,912.0,34.3,40.7,67.0,294.9
2024-12-23 17:00:00,Dwarka Sector 8,28.5708,77.0711,122.5,124.3,915.0,33.8,40.3,61.0,302.2
2024-12-23 18:00:00,Dwarka Sector 8,28.5708,77.0711,120.1,122.0,906.0,32.3,38.8,58.0,500.0
2024-12-23 19:00:00,Dwarka Sector 8,28.5708,77.0711,113.2,115.0,871.0,28.3,35.1,59.0,276.8
2024-12-23 20:00:00,Dwarka Sector 8,28.5708,77.0711,108.0,110.1,822.0,23.2,30.3,62.0,259.0
2024-12-23 21:00:00,Dwarka Sector 8,28.5708,77.0711,106.6,109.0,785.0,19.7,26.5,63.0,254.3
2024-12-23 22:00:00,Dwarka Sector 8,28.5708,77.0711,107.6,109.9,767.0,18.4,24.5,61.0,257.7
2024-12-23 23:00:00,Dwarka Sector 8,28.5708,77.0711,106.6,109.0,760.0,18.7,23.5,56.0,254.3
2024-12-24 00:00:00,Dwarka Sector 8,28.5708,77.0711,90.3,92.2,770.0,17.2,16.7,59.0,500.0
2024-12-24 01:00:00,Dwarka Sector 8,28.5708,77.0711,91.0,92.7,817.0,24.4,19.5,57.0,201.0
2024-12-24 02:00:00,Dwarka Sector 8,28.5708,77.0711,97.6,99.2,880.0,34.1,23.3,55.0,223.5
2024-12-24 03:00:00,Dwarka Sector 8,28.5708,77.0711,105.5,107.6,903.0,39.8,26.5,59.0,250.5
2024-12-24 04:00:00,Dwarka Sector 8,28.5708,77.0711,112.5,114.1,846.0,37.7,28.0,75.0,274.4
2024-12-24 05:00:00,Dwarka Sector 8,28.5708,77.0711,108.5,110.8,749.0,31.6,28.9,98.0,260.7
2024-12-24 06:00:00,Dwarka Sector 8,28.5708,77.0711,108.0,110.8,671.0,26.4,30.0,117.0,259.0
2024-12-24 07:00:00,Dwarka Sector 8,28.5708,77.0711,108.7,111.5,605.0,20.8,31.4,132.0,261.4
2024-12-24 08:00:00,Dwarka Sector 8,28.5708,77.0711,107.6,110.6,557.0,16.0,33.0,144.0,257.7
2024-12-24 09:00:00,Dwarka Sector 8,28.5708,77.0711,107.8,110.8,610.0,20.5,36.3,143.0,258.4
2024-12-24 10:00:00,Dwarka Sector 8,28.5708,77.0711,110.6,113.4,834.0,41.5,41.2,119.0,267.9
2024-12-24 11:00:00,Dwarka Sector 8,28.5708,77.0711,126.7,129.5,1159.0,71.7,47.7,81.0,305.4
2024-12-24 12:00:00,Dwarka Sector 8,28.5708,77.0711,140.2,142.0,1452.0,93.0,48.0,48.0,315.7
2024-12-24 13:00:00,Dwarka Sector 8,28.5708,77.0711,159.7,161.1,1659.0,99.5,52.7,38.0,330.7
2024-12-24 14:00:00,Dwarka Sector 8,28.5708,77.0711,167.2,168.6,1834.0,108.0,59.1,24.0,336.5
2024-12-24 15:00:00,Dwarka Sector 8,28.5708,77.0711,165.8,167.2,2014.0,110.8,62.5,14.0,335.4
2024-12-24 16:00:00,Dwarka Sector 8,28.5708,77.0711,159.7,161.1,2240.0,103.1,60.8,13.0,330.7
2024-12-24 17:00:00,Dwarka Sector 8,28.5708,77.0711,149.0,150.4,2470.0,89.7,56.2,16.0,322.5
2024-12-24 18:00:00,Dwarka Sector 8,28.5708,77.0711,137.8,139.2,2615.0,77.0,51.0,19.0,313.9
2024-12-24 19:00:00,Dwarka Sector 8,28.5708,77.0711,128.1,129.0,2642.0,66.9,45.4,21.0,306.4
2024-12-24 20:00:00,Dwarka Sector 8,28.5708,77.0711,120.1,121.1,2584.0,57.4,39.3,22.0,500.0
2024-12-24 21:00:00,Dwarka Sector 8,28.5708,77.0711,112.9,114.1,2453.0,49.7,34.3,23.0,275.8
2024-12-24 22:00:00,Dwarka Sector 8,28.5708,77.0711,107.8,109.0,2186.0,43.6,30.8,23.0,258.4
2024-12-24 23:00:00,Dwarka Sector 8,28.5708,77.0711,105.0,106.2,1845.0,39.2,28.5,23.0,248.8
2024-12-25 00:00:00,Dwarka Sector 8,28.5708,77.0711,100.6,101.7,1630.0,34.5,25.4,26.0,233.8
2024-12-25 01:00:00,Dwarka Sector 8,28.5708,77.0711,105.5,106.4,1686.0,40.5,30.6,18.0,250.5
2024-12-25 02:00:00,Dwarka Sector 8,28.5708,77.0711,121.5,122.9,1868.0,48.4,37.7,8.0,301.4
2024-12-25 03:00:00,Dwarka Sector 8,28.5708,77.0711,136.9,138.3,1936.0,52.7,43.0,13.0,313.2
2024-12-25 04:00:00,Dwarka Sector 8,28.5708,77.0711,129.0,129.9,1767.0,49.9,43.5,44.0,307.1
2024-12-25 05:00:00,Dwarka Sector 8,28.5708,77.0711,122.5,123.9,1484.0,43.4,42.1,88.0,302.2
2024-12-25 06:00:00,Dwarka Sector 8,28.5708,77.0711,107.3,109.0,1221.0,37.5,44.1,126.0,256.6
2024-12-25 07:00:00,Dwarka Sector 8,28.5708,77.0711,92.9,95.0,997.0,31.7,53.5,153.0,207.5
2024-12-25 08:00:00,Dwarka Sector 8,28.5708,77.0711,95.2,97.6,793.0,26.6,66.3,173.0,215.3
2024-12-25 09:00:00,Dwarka Sector 8,28.5708,77.0711,99.9,102.2,679.0,27.6,75.6,178.0,231.4
2024-12-25 10:00:00,Dwarka Sector 8,28.5708,77.0711,103.4,105.7,689.0,39.7,77.9,160.0,243.3
2024-12-25 11:00:00,Dwarka Sector 8,28.5708,77.0711,111.8,113.6,790.0,58.0,76.7,127.0,272.0
2024-12-25 12:00:00,Dwarka Sector 8,28.5708,77.0711,154.6,156.9,956.0,73.2,72.8,85.0,326.8
2024-12-25 13:00:00,Dwarka Sector 8,28.5708,77.0711,170.4,172.3,1220.0,78.5,72.6,67.0,338.9
2024-12-25 14:00:00,Dwarka Sector 8,28.5708,77.0711,180.7,182.5,1548.0,85.8,72.2,42.0,346.8
2024-12-25 15:00:00,Dwarka Sector 8,28.5708,77.0711,189.1,190.5,1812.0,90.6,71.8,23.0,353.3
2024-12-25 16:00:00,Dwarka Sector 8,28.5708,77.0711,192.8,194.2,1973.0,90.9,71.7,14.0,356.1
2024-12-25 17:00:00,Dwarka Sector 8,28.5708,77.0711,194.6,196.0,2070.0,88.8,71.5,10.0,357.5
2024-12-25 18:00:00,Dwarka Sector 8,28.5708,77.0711,191.4,193.2,2092.0,85.9,70.0,8.0,355.0
2024-12-25 19:00:00,Dwarka Sector 8,28.5708,77.0711,186.3,187.7,2005.0,82.6,66.3,6.0,351.1
2024-12-25 20:00:00,Dwarka Sector 8,28.5708,77.0711,181.6,183.0,1843.0,78.5,61.4,6.0,347.5
2024-12-25 21:00:00,Dwarka Sector 8,28.5708,77.0711,178.3,179.7,1693.0,74.2,57.1,6.0,345.0
2024-12-25 22:00:00,Dwarka Sector 8,28.5708,77.0711,175.1,176.0,1539.0,69.3,53.5,6.0,342.5
2024-12-25 23:00:00,Dwarka Sector 8,28.5708,77.0711,170.0,170.9,1396.0,64.3,50.5,7.0,338.6
2024-12-26 00:00:00,Dwarka Sector 8,28.5708,77.0711,171.8,172.8,1402.0,64.7,56.3,5.0,340.0
2024-12-26 01:00:00,Dwarka Sector 8,28.5708,77.0711,173.2,174.2,1727.0,63.4,57.1,2.0,341.1
2024-12-26 02:00:00,Dwarka Sector 8,28.5708,77.0711,189.1,190.0,2201.0,61.4,58.3,0.0,353.3
2024-12-26 03:00:00,Dwarka Sector 8,28.5708,77.0711,189.5,190.5,2443.0,58.6,59.2,13.0,353.6
2024-12-26 04:00:00,Dwarka Sector 8,28.5708,77.0711,192.8,193.2,2234.0,54.9,59.6,54.0,356.1
2024-12-26 05:00:00,Dwarka Sector 8,28.5708,77.0711,185.3,186.3,1793.0,50.3,59.8,110.0,350.3
2024-12-26 06:00:00,Dwarka Sector 8,28.5708,77.0711,154.6,155.5,1401.0,45.2,60.3,153.0,326.8
2024-12-26 07:00:00,Dwarka Sector 8,28.5708,77.0711,113.9,115.0,1118.0,35.7,60.9,176.0,279.2
2024-12-26 08:00:00,Dwarka Sector 8,28.5708,77.0711,90.8,92.4,884.0,25.7,61.7,186.0,500.0
2024-12-26 09:00:00,Dwarka Sector 8,28.5708,77.0711,85.4,87.3,801.0,26.7,63.5,182.0,184.3
2024-12-26 10:00:00,Dwarka Sector 8,28.5708,77.0711,83.1,85.0,964.0,47.4,66.0,156.0,176.4
2024-12-26 11:00:00,Dwarka Sector 8,28.5708,77.0711,95.2,97.1,1278.0,79.1,69.5,115.0,215.3
2024-12-26 12:00:00,Dwarka Sector 8,28.5708,77.0711,149.0,151.3,1556.0,106.8,73.3,70.0,322.5
2024-12-26 13:00:00,Dwarka Sector 8,28.5708,77.0711,176.5,178.8,1746.0,120.4,79.6,49.0,343.6
2024-12-26 14:00:00,Dwarka Sector 8,28.5708,77.0711,192.8,195.1,1899.0,138.7,87.9,21.0,356.1
2024-12-26 15:00:00,Dwarka Sector 8,28.5708,77.0711,208.2,210.0,1988.0,149.2,92.0,1.0,367.9
2024-12-26 16:00:00,Dwarka Sector 8,28.5708,77.0711,219.3,221.7,1994.0,145.6,88.6,0.0,376.4
2024-12-26 17:00:00,Dwarka Sector 8,28.5708,77.0711,218.9,221.2,1934.0,134.1,81.0,0.0,376.1
2024-12-26 18:00:00,Dwarka Sector 8,28.5708,77.0711,198.4,200.7,1837.0,121.1,72.2,6.0,360.4
2024-12-26 19:00:00,Dwarka Sector 8,28.5708,77.0711,180.7,183.0,1688.0,107.2,62.2,12.0,346.8
2024-12-26 20:00:00,Dwarka Sector 8,28.5708,77.0711,167.2,169.5,1501.0,91.8,51.1,20.0,336.5
2024-12-26 21:00:00,Dwarka Sector 8,28.5708,77.0711,162.5,164.8,1342.0,78.6,42.0,26.0,332.8
2024-12-26 22:00:00,Dwarka Sector 8,28.5708,77.0711,150.4,152.3,1228.0,68.9,35.9,28.0,323.6
2024-12-26 23:00:00,Dwarka Sector 8,28.5708,77.0711,146.7,149.0,1143.0,61.4,31.8,29.0,320.7
2024-12-27 00:00:00,Dwarka Sector 8,28.5708,77.0711,160.7,162.5,1103.0,77.2,46.0,17.0,331.5
2024-12-27 01:00:00,Dwarka Sector 8,28.5708,77.0711,145.3,147.1,1147.0,75.1,45.8,18.0,319.6
2024-12-27 02:00:00,Dwarka Sector 8,28.5708,77.0711,149.0,150.9,1236.0,72.1,45.5,21.0,322.5
2024-12-27 03:00:00,Dwarka Sector 8,28.5708,77.0711,152.3,154.1,1271.0,68.8,44.2,26.0,325.0
2024-12-27 04:00:00,Dwarka Sector 8,28.5708,77.0711,148.5,149.9,1196.0,65.3,41.3,38.0,322.1
2024-12-27 05:00:00,Dwarka Sector 8,28.5708,77.0711,135.5,137.4,1067.0,61.5,37.5,52.0,312.1
2024-12-27 06:00:00,Dwarka Sector 8,28.5708,77.0711,122.0,123.9,947.0,57.4,34.3,64.0,301.8
2024-12-27 07:00:00,Dwarka Sector 8,28.5708,77.0711,107.6,109.7,849.0,52.7,32.7,70.0,257.7
2024-12-27 08:00:00,Dwarka Sector 8,28.5708,77.0711,100.6,102.7,760.0,47.8,31.6,73.0,233.8
2024-12-27 09:00:00,Dwarka Sector 8,28.5708,77.0711,96.4,98.3,712.0,43.6,29.6,74.0,219.4
2024-12-27 10:00:00,Dwarka Sector 8,28.5708,77.0711,93.4,95.0,736.0,40.8,25.4,73.0,209.2
2024-12-27 11:00:00,Dwarka Sector 8,28.5708,77.0711,87.8,89.4,800.0,38.7,20.2,71.0,192.5
2024-12-27 12:00:00,Dwarka Sector 8,28.5708,77.0711,98.5,101.0,840.0,43.5,19.3,60.0,226.6
2024-12-27 13:00:00,Dwarka Sector 8,28.5708,77.0711,96.4,98.5,826.0,40.2,19.3,61.0,219.4
2024-12-27 14:00:00,Dwarka Sector 8,28.5708,77.0711,95.0,97.3,788.0,35.5,19.3,62.0,214.7
2024-12-27 15:00:00,Dwarka Sector 8,28.5708,77.0711,93.4,95.5,748.0,31.4,19.6,63.0,209.2
2024-12-27 16:00:00,Dwarka Sector 8,28.5708,77.0711,94.1,96.2,720.0,28.5,20.4,64.0,211.6
2024-12-27 17:00:00,Dwarka Sector 8,28.5708,77.0711,97.3,99.4,690.0,26.1,21.4,65.0,222.5
2024-12-27 18:00:00,Dwarka Sector 8,28.5708,77.0711,95.7,97.8,646.0,23.9,22.0,65.0,217.0
2024-12-27 19:00:00,Dwarka Sector 8,28.5708,77.0711,92.7,95.0,567.0,21.4,21.6,64.0,206.8
2024-12-27 20:00:00,Dwarka Sector 8,28.5708,77.0711,92.0,94.3,473.0,19.1,20.7,61.0,204.4
2024-12-27 21:00:00,Dwarka Sector 8,28.5708,77.0711,91.0,93.1,410.0,17.9,20.4,59.0,201.0
2024-12-27 22:00:00,Dwarka Sector 8,28.5708,77.0711,90.8,93.1,367.0,17.2,20.8,59.0,500.0
2024-12-27 23:00:00,Dwarka Sector 8,28.5708,77.0711,94.5,96.9,355.0,17.6,21.7,59.0,212.9
2024-12-28 00:00:00,Dwarka Sector 8,28.5708,77.0711,79.9,81.7,447.0,15.0,19.4,63.0,165.5
2024-12-28 01:00:00,Dwarka Sector 8,28.5708,77.0711,83.4,85.0,766.0,27.1,25.5,50.0,177.5
2024-12-28 02:00:00,Dwarka Sector 8,28.5708,77.0711,102.0,103.8,1190.0,43.3,33.9,34.0,238.6
2024-12-28 03:00:00,Dwarka Sector 8,28.5708,77.0711,121.1,122.5,1424.0,52.4,39.7,27.0,301.1
2024-12-28 04:00:00,Dwarka Sector 8,28.5708,77.0711,110.4,112.0,1282.0,47.3,40.3,40.0,267.2
2024-12-28 05:00:00,Dwarka Sector 8,28.5708,77.0711,112.7,115.0,950.0,35.2,38.3,63.0,275.1
2024-12-28 06:00:00,Dwarka Sector 8,28.5708,77.0711,100.4,102.4,690.0,26.1,36.8,81.0,233.1
2024-12-28 07:00:00,Dwarka Sector 8,28.5708,77.0711,96.9,99.0,576.0,22.7,36.3,92.0,221.1
2024-12-28 08:00:00,Dwarka Sector 8,28.5708,77.0711,91.7,93.4,533.0,22.4,36.3,98.0,203.4
2024-12-28 09:00:00,Dwarka Sector 8,28.5708,77.0711,86.8,88.5,603.0,27.1,38.7,96.0,189.1
2024-12-28 10:00:00,Dwarka Sector 8,28.5708,77.0711,82.2,83.4,851.0,40.1,45.1,81.0,173.4
2024-12-28 11:00:00,Dwarka Sector 8,28.5708,77.0711,92.0,93.1,1212.0,58.3,53.8,59.0,204.4
2024-12-28 12:00:00,Dwarka Sector 8,28.5708,77.0711,136.0,137.8,1527.0,75.0,63.7,41.0,312.5
2024-12-28 13:00:00,Dwarka Sector 8,28.5708,77.0711,154.6,156.0,1770.0,82.6,66.2,31.0,326.8
2024-12-28 14:00:00,Dwarka Sector 8,28.5708,77.0711,156.5,157.9,1967.0,92.5,69.3,18.0,328.2
2024-12-28 15:00:00,Dwarka Sector 8,28.5708,77.0711,151.3,152.3,2046.0,96.6,69.5,10.0,324.3
2024-12-28 16:00:00,Dwarka Sector 8,28.5708,77.0711,143.4,144.4,1944.0,90.2,64.4,10.0,318.2
2024-12-28 17:00:00,Dwarka Sector 8,28.5708,77.0711,139.2,140.2,1724.0,77.9,56.4,15.0,315.0
2024-12-28 18:00:00,Dwarka Sector 8,28.5708,77.0711,134.1,135.0,1498.0,65.2,48.8,20.0,311.1
2024-12-28 19:00:00,Dwarka Sector 8,28.5708,77.0711,126.2,127.1,1281.0,53.1,42.4,25.0,305.0
2024-12-28 20:00:00,Dwarka Sector 8,28.5708,77.0711,119.7,120.6,1060.0,40.6,36.3,31.0,299.0
2024-12-28 21:00:00,Dwarka Sector 8,28.5708,77.0711,113.2,114.1,905.0,30.7,31.6,36.0,276.8
2024-12-28 22:00:00,Dwarka Sector 8,28.5708,77.0711,106.6,107.6,860.0,24.2,28.6,40.0,254.3
2024-12-28 23:00:00,Dwarka Sector 8,28.5708,77.0711,99.9,100.6,881.0,20.2,27.0,42.0,231.4
2024-12-29 00:00:00,Dwarka Sector 8,28.5708,77.0711,125.3,126.2,917.0,36.5,31.1,21.0,304.3
2024-12-29 01:00:00,Dwarka Sector 8,28.5708,77.0711,117.3,118.3,967.0,36.4,31.7,22.0,290.8
2024-12-29 02:00:00,Dwarka Sector 8,28.5708,77.0711,115.7,116.4,1032.0,36.1,32.7,23.0,285.3
2024-12-29 03:00:00,Dwarka Sector 8,28.5708,77.0711,116.4,117.1,1053.0,34.6,34.5,30.0,287.7
2024-12-29 04:00:00,Dwarka Sector 8,28.5708,77.0711,99.7,100.6,998.0,30.9,38.2,47.0,230.7
2024-12-29 05:00:00,Dwarka Sector 8,28.5708,77.0711,85.7,86.6,900.0,26.1,42.8,69.0,185.3
2024-12-29 06:00:00,Dwarka Sector 8,28.5708,77.0711,75.0,76.4,805.0,21.9,45.0,88.0,148.8
2024-12-29 07:00:00,Dwarka Sector 8,28.5708,77.0711,70.1,71.5,705.0,18.2,42.9,104.0,132.1
2024-12-29 08:00:00,Dwarka Sector 8,28.5708,77.0711,66.6,68.2,609.0,15.2,38.4,117.0,120.1
2024-12-29 09:00:00,Dwarka Sector 8,28.5708,77.0711,65.4,67.3,587.0,15.6,34.7,121.0,116.0
2024-12-29 10:00:00,Dwarka Sector 8,28.5708,77.0711,63.1,65.0,701.0,21.6,32.8,111.0,108.2
2024-12-29 11:00:00,Dwarka Sector 8,28.5708,77.0711,64.0,65.7,890.0,31.1,31.6,93.0,111.2
2024-12-29 12:00:00,Dwarka Sector 8,28.5708,77.0711,94.1,95.7,1038.0,39.4,34.2,66.0,211.6
2024-12-29 13:00:00,Dwarka Sector 8,28.5708,77.0711,100.8,102.2,1106.0,42.4,33.2,56.0,234.5
2024-12-29 14:00:00,Dwarka Sector 8,28.5708,77.0711,100.6,101.7,1132.0,46.3,31.6,43.0,233.8
2024-12-29 15:00:00,Dwarka Sector 8,28.5708,77.0711,99.4,100.4,1123.0,47.4,29.9,35.0,229.7
2024-12-29 16:00:00,Dwarka Sector 8,28.5708,77.0711,95.9,96.6,1065.0,43.3,28.0,36.0,217.7
2024-12-29 17:00:00,Dwarka Sector 8,28.5708,77.0711,93.6,94.3,971.0,36.4,25.8,41.0,209.9
2024-12-29 18:00:00,Dwarka Sector 8,28.5708,77.0711,91.3,92.0,882.0,29.9,23.7,47.0,202.0
2024-12-29 19:00:00,Dwarka Sector 8,28.5708,77.0711,86.4,87.1,803.0,24.8,21.4,51.0,187.7
2024-12-29 20:00:00,Dwarka Sector 8,28.5708,77.0711,83.4,84.1,729.0,20.1,19.1,55.0,177.5
2024-12-29 21:00:00,Dwarka Sector 8,28.5708,77.0711,81.0,81.7,689.0,16.5,17.7,58.0,169.3
2024-12-29 22:00:00,Dwarka Sector 8,28.5708,77.0711,79.4,79.9,702.0,13.8,17.7,60.0,163.8
2024-12-29 23:00:00,Dwarka Sector 8,28.5708,77.0711,78.5,78.9,749.0,12.3,18.7,62.0,160.7
2024-12-30 00:00:00,Dwarka Sector 8,28.5708,77.0711,80.8,81.5,798.0,13.4,19.4,59.0,168.6
2024-12-30 01:00:00,Dwarka Sector 8,28.5708,77.0711,79.9,80.3,847.0,17.9,22.0,55.0,165.5
2024-12-30 02:00:00,Dwarka Sector 8,28.5708,77.0711,82.7,83.1,898.0,23.9,25.7,50.0,175.1
2024-12-30 03:00:00,Dwarka Sector 8,28.5708,77.0711,85.0,85.4,924.0,27.4,29.4,55.0,182.9
2024-12-30 04:00:00,Dwarka Sector 8,28.5708,77.0711,82.0,82.2,906.0,26.0,33.1,76.0,172.7
2024-12-30 05:00:00,Dwarka Sector 8,28.5708,77.0711,80.1,80.3,863.0,22.0,36.8,106.0,166.2
2024-12-30 06:00:00,Dwarka Sector 8,28.5708,77.0711,78.7,78.9,829.0,18.4,39.1,132.0,161.4
2024-12-30 07:00:00,Dwarka Sector 8,28.5708,77.0711,73.8,74.0,797.0,14.7,39.0,153.0,144.7
2024-12-30 08:00:00,Dwarka Sector 8,28.5708,77.0711,65.4,65.9,774.0,11.4,37.5,169.0,116.0
2024-12-30 09:00:00,Dwarka Sector 8,28.5708,77.0711,57.5,57.9,810.0,12.2,35.8,173.0,95.8
2024-12-30 10:00:00,Dwarka Sector 8,28.5708,77.0711,53.4,53.9,958.0,19.9,34.0,155.0,88.8
2024-12-30 11:00:00,Dwarka Sector 8,28.5708,77.0711,54.6,55.1,1167.0,31.8,32.0,125.0,90.9
2024-12-30 12:00:00,Dwarka Sector 8,28.5708,77.0711,102.7,103.8,1328.0,56.8,45.6,92.0,240.9
2024-12-30 13:00:00,Dwarka Sector 8,28.5708,77.0711,117.3,118.3,1395.0,64.8,47.0,73.0,290.8
2024-12-30 14:00:00,Dwarka Sector 8,28.5708,77.0711,126.2,127.6,1416.0,75.7,48.9,47.0,305.0
2024-12-30 15:00:00,Dwarka Sector 8,28.5708,77.0711,131.8,132.7,1426.0,82.4,50.0,27.0,309.3
2024-12-30 16:00:00,Dwarka Sector 8,28.5708,77.0711,137.4,138.3,1443.0,81.8,50.2,20.0,313.6
2024-12-30 17:00:00,Dwarka Sector 8,28.5708,77.0711,141.6,143.0,1450.0,77.2,49.6,19.0,316.8
2024-12-30 18:00:00,Dwarka Sector 8,28.5708,77.0711,141.6,143.0,1427.0,70.8,47.4,21.0,316.8
2024-12-30 19:00:00,Dwarka Sector 8,28.5708,77.0711,134.6,135.5,1352.0,62.8,42.4,25.0,311.4
2024-12-30 20:00:00,Dwarka Sector 8,28.5708,77.0711,128.1,129.5,1248.0,53.0,35.8,31.0,306.4
2024-12-30 21:00:00,Dwarka Sector 8,28.5708,77.0711,123.9,125.3,1168.0,44.1,30.5,37.0,303.2
2024-12-30 22:00:00,Dwarka Sector 8,28.5708,77.0711,119.0,120.1,1131.0,35.6,27.2,43.0,296.6
2024-12-30 23:00:00,Dwarka Sector 8,28.5708,77.0711,115.3,116.4,1119.0,27.8,25.2,49.0,284.0
2024-12-31 00:00:00,Dwarka Sector 8,28.5708,77.0711,157.9,159.3,1130.0,48.5,36.2,20.0,329.3
2024-12-31 01:00:00,Dwarka Sector 8,28.5708,77.0711,153.7,154.6,1187.0,47.1,35.9,21.0,326.1
2024-12-31 02:00:00,Dwarka Sector 8,28.5708,77.0711,157.9,158.8,1267.0,44.8,35.6,24.0,329.3
2024-12-31 03:00:00,Dwarka Sector 8,28.5708,77.0711,150.9,152.3,1306.0,41.4,36.4,34.0,323.9
2024-12-31 04:00:00,Dwarka Sector 8,28.5708,77.0711,137.4,139.2,1268.0,35.8,39.2,57.0,313.6
2024-12-31 05:00:00,Dwarka Sector 8,28.5708,77.0711,117.6,119.7,1189.0,29.0,43.1,87.0,291.8
2024-12-31 06:00:00,Dwarka Sector 8,28.5708,77.0711,100.8,103.4,1109.0,23.7,45.9,112.0,234.5
2024-12-31 07:00:00,Dwarka Sector 8,28.5708,77.0711,95.7,98.0,1010.0,19.6,46.3,132.0,217.0
2024-12-31 08:00:00,Dwarka Sector 8,28.5708,77.0711,92.4,94.8,910.0,17.1,45.7,147.0,205.8
2024-12-31 09:00:00,Dwarka Sector 8,28.5708,77.0711,89.2,91.5,906.0,19.4,45.4,151.0,197.3
2024-12-31 10:00:00,Dwarka Sector 8,28.5708,77.0711,88.0,90.1,1069.0,29.3,45.9,138.0,193.2
2024-12-31 11:00:00,Dwarka Sector 8,28.5708,77.0711,88.7,91.0,1328.0,44.1,46.7,114.0,195.6
2024-12-31 12:00:00,Dwarka Sector 8,28.5708,77.0711,158.3,162.1,1565.0,76.3,78.7,88.0,329.6
2024-12-31 13:00:00,Dwarka Sector 8,28.5708,77.0711,190.5,193.7,1758.0,91.0,82.2,64.0,354.3
2024-12-31 14:00:00,Dwarka Sector 8,28.5708,77.0711,210.9,214.7,1929.0,110.9,86.7,32.0,370.0
2024-12-31 15:00:00,Dwarka Sector 8,28.5708,77.0711,217.5,220.7,2022.0,121.9,87.9,9.0,375.1
2024-12-31 16:00:00,Dwarka Sector 8,28.5708,77.0711,217.0,220.3,1994.0,117.0,83.6,5.0,374.7
2024-12-31 17:00:00,Dwarka Sector 8,28.5708,77.0711,217.0,220.3,1888.0,103.4,76.1,10.0,374.7
2024-12-31 18:00:00,Dwarka Sector 8,28.5708,77.0711,209.5,212.8,1779.0,88.6,67.4,17.0,368.9
2024-12-31 19:00:00,Dwarka Sector 8,28.5708,77.0711,193.7,197.0,1688.0,74.2,57.5,24.0,356.8
2024-12-31 20:00:00,Dwarka Sector 8,28.5708,77.0711,180.7,183.9,1594.0,58.6,46.5,33.0,346.8
2024-12-31 21:00:00,Dwarka Sector 8,28.5708,77.0711,167.6,170.4,1512.0,45.0,37.2,42.0,336.8
2024-12-31 22:00:00,Dwarka Sector 8,28.5708,77.0711,153.2,156.0,1439.0,33.8,30.3,50.0,325.7
2024-12-31 23:00:00,Dwarka Sector 8,28.5708,77.0711,141.6,144.4,1378.0,24.6,25.1,57.0,316.8
2024-12-19 12:00:00,IGI Airport T3,28.5627,77.118,145.3,147.6,1329.0,73.3,58.6,95.0,319.6
2024-12-19 13:00:00,IGI Airport T3,28.5627,77.118,167.6,169.5,1608.0,83.3,62.5,76.0,336.8
2024-12-19 14:00:00,IGI Airport T3,28.5627,77.118,186.7,189.1,1907.0,96.9,67.8,49.0,351.4
2024-12-19 15:00:00,IGI Airport T3,28.5627,77.118,199.3,201.6,2103.0,105.5,71.0,29.0,361.1
2024-12-19 16:00:00,IGI Airport T3,28.5627,77.118,206.8,209.1,2133.0,105.0,70.7,21.0,366.8
2024-12-19 17:00:00,IGI Airport T3,28.5627,77.118,212.8,214.7,2059.0,99.5,68.4,20.0,371.5
2024-12-19 18:00:00,IGI Airport T3,28.5627,77.118,212.3,214.2,1943.0,92.5,64.7,20.0,371.1
2024-12-19 19:00:00,IGI Airport T3,28.5627,77.118,204.9,207.2,1773.0,84.7,59.1,21.0,365.4
2024-12-19 20:00:00,IGI Airport T3,28.5627,77.118,197.0,198.8,1561.0,75.5,52.1,24.0,359.3
2024-12-19 21:00:00,IGI Airport T3,28.5627,77.118,187.2,189.1,1404.0,66.3,46.3,28.0,351.8
2024-12-19 22:00:00,IGI Airport T3,28.5627,77.118,177.0,178.8,1317.0,55.7,42.0,34.0,344.0
2024-12-19 23:00:00,IGI Airport T3,28.5627,77.118,168.6,170.0,1285.0,45.1,38.9,40.0,337.5
2024-12-20 00:00:00,IGI Airport T3,28.5627,77.118,138.8,140.2,1355.0,22.4,33.8,68.0,314.7
2024-12-20 01:00:00,IGI Airport T3,28.5627,77.118,144.4,146.2,1652.0,36.0,40.6,54.0,319.0
2024-12-20 02:00:00,IGI Airport T3,28.5627,77.118,161.6,163.0,2052.0,54.4,50.1,36.0,332.2
2024-12-20 03:00:00,IGI Airport T3,28.5627,77.118,174.2,175.6,2233.0,64.3,56.8,37.0,341.8
2024-12-20 04:00:00,IGI Airport T3,28.5627,77.118,163.9,164.8,1991.0,57.7,57.7,74.0,333.9
2024-12-20 05:00:00,IGI Airport T3,28.5627,77.118,150.9,152.3,1530.0,42.8,56.0,129.0,323.9
2024-12-20 06:00:00,IGI Airport T3,28.5627,77.118,126.7,129.0,1146.0,31.0,55.9,174.0,305.4
2024-12-20 07:00:00,IGI Airport T3,28.5627,77.118,109.9,112.2,932.0,24.6,59.3,199.0,265.5
2024-12-20 08:00:00,IGI Airport T3,28.5627,77.118,100.8,103.4,795.0,21.5,64.2,214.0,234.5
2024-12-20 09:00:00,IGI Airport T3,28.5627,77.118,98.7,101.3,749.0,26.4,69.1,213.0,227.3
2024-12-20 10:00:00,IGI Airport T3,28.5627,77.118,98.3,100.6,844.0,46.1,73.7,189.0,225.9
2024-12-20 11:00:00,IGI Airport T3,28.5627,77.118,114.6,116.4,1030.0,73.8,78.1,149.0,281.6
2024-12-20 12:00:00,IGI Airport T3,28.5627,77.118,149.0,150.9,1169.0,94.5,71.7,100.0,322.5
2024-12-20 13:00:00,IGI Airport T3,28.5627,77.118,167.2,169.5,1196.0,96.0,74.3,84.0,336.5
2024-12-20 14:00:00,IGI Airport T3,28.5627,77.118,174.2,176.0,1175.0,97.6,77.7,61.0,341.8
2024-12-20 15:00:00,IGI Airport T3,28.5627,77.118,170.9,172.8,1164.0,95.1,78.1,44.0,339.3
2024-12-20 16:00:00,IGI Airport T3,28.5627,77.118,165.8,167.2,1193.0,85.4,73.2,39.0,335.4
2024-12-20 17:00:00,IGI Airport T3,28.5627,77.118,159.3,160.7,1231.0,71.7,65.3,39.0,330.4
2024-12-20 18:00:00,IGI Airport T3,28.5627,77.118,150.9,152.3,1242.0,59.0,57.9,40.0,323.9
2024-12-20 19:00:00,IGI Airport T3,28.5627,77.118,142.0,143.4,1197.0,48.7,51.7,41.0,317.1
2024-12-20 20:00:00,IGI Airport T3,28.5627,77.118,136.0,136.9,1125.0,39.5,45.8,43.0,312.5
2024-12-20 21:00:00,IGI Airport T3,28.5627,77.118,131.3,132.2,1071.0,32.3,41.6,44.0,308.9
2024-12-20 22:00:00,IGI Airport T3,28.5627,77.118,127.6,128.5,1026.0,27.2,39.5,44.0,306.1
2024-12-20 23:00:00,IGI Airport T3,28.5627,77.118,124.3,125.3,1000.0,24.1,38.9,44.0,303.5
2024-12-21 00:00:00,IGI Airport T3,28.5627,77.118,131.8,132.7,1070.0,31.7,46.1,36.0,309.3
2024-12-21 01:00:00,IGI Airport T3,28.5627,77.118,137.4,138.3,1357.0,37.0,48.8,28.0,313.6
2024-12-21 02:00:00,IGI Airport T3,28.5627,77.118,149.0,149.9,1740.0,44.2,52.5,19.0,322.5
2024-12-21 03:00:00,IGI Airport T3,28.5627,77.118,153.7,154.6,1937.0,48.1,55.3,22.0,326.1
2024-12-21 04:00:00,IGI Airport T3,28.5627,77.118,150.4,151.3,1780.0,46.1,56.3,48.0,323.6
2024-12-21 05:00:00,IGI Airport T3,28.5627,77.118,144.8,145.8,1437.0,40.9,56.5,87.0,319.3
2024-12-21 06:00:00,IGI Airport T3,28.5627,77.118,135.5,136.4,1127.0,35.6,56.8,121.0,312.1
2024-12-21 07:00:00,IGI Airport T3,28.5627,77.118,116.9,118.3,895.0,28.5,57.8,149.0,289.4
2024-12-21 08:00:00,IGI Airport T3,28.5627,77.118,104.5,105.9,696.0,21.4,59.0,172.0,247.1
2024-12-21 09:00:00,IGI Airport T3,28.5627,77.118,99.0,100.6,611.0,22.2,59.7,179.0,228.3
2024-12-21 10:00:00,IGI Airport T3,28.5627,77.118,96.4,97.8,711.0,36.7,58.8,159.0,219.4
2024-12-21 11:00:00,IGI Airport T3,28.5627,77.118,106.6,107.8,925.0,59.2,57.5,122.0,254.3
2024-12-21 12:00:00,IGI Airport T3,28.5627,77.118,150.4,151.8,1124.0,80.6,65.2,86.0,323.6
2024-12-21 13:00:00,IGI Airport T3,28.5627,77.118,173.7,175.1,1268.0,93.9,70.0,64.0,341.4
2024-12-21 14:00:00,IGI Airport T3,28.5627,77.118,190.9,192.3,1397.0,112.0,76.6,33.0,354.6
2024-12-21 15:00:00,IGI Airport T3,28.5627,77.118,204.0,205.4,1497.0,124.0,82.2,10.0,364.7
2024-12-21 16:00:00,IGI Airport T3,28.5627,77.118,213.3,214.7,1561.0,124.1,86.0,1.0,371.8
2024-12-21 17:00:00,IGI Airport T3,28.5627,77.118,221.2,223.1,1596.0,118.1,88.6,0.0,377.9
2024-12-21 18:00:00,IGI Airport T3,28.5627,77.118,224.9,226.8,1606.0,112.0,89.5,0.0,380.7
2024-12-21 19:00:00,IGI Airport T3,28.5627,77.118,224.9,226.3,1575.0,108.0,88.0,0.0,380.7
2024-12-21 20:00:00,IGI Airport T3,28.5627,77.118,225.8,227.7,1518.0,103.9,84.7,0.0,381.4
2024-12-21 21:00:00,IGI Airport T3,28.5627,77.118,226.8,228.6,1493.0,99.3,80.6,0.0,382.2
2024-12-21 22:00:00,IGI Airport T3,28.5627,77.118,225.4,227.2,1457.0,93.7,74.6,0.0,381.1
2024-12-21 23:00:00,IGI Airport T3,28.5627,77.118,219.8,221.2,1451.0,87.6,67.8,1.0,376.8
2024-12-22 00:00:00,IGI Airport T3,28.5627,77.118,199.3,201.2,1656.0,84.7,62.1,4.0,361.1
2024-12-22 01:00:00,IGI Airport T3,28.5627,77.118,213.3,215.1,2364.0,83.9,67.0,0.0,371.8
2024-12-22 02:00:00,IGI Airport T3,28.5627,77.118,237.5,239.3,3283.0,82.2,73.8,0.0,390.4
2024-12-22 03:00:00,IGI Airport T3,28.5627,77.118,258.9,260.8,3712.0,76.5,78.2,9.0,404.5
2024-12-22 04:00:00,IGI Airport T3,28.5627,77.118,230.5,231.9,3192.0,63.5,78.9,49.0,385.0
2024-12-22 05:00:00,IGI Airport T3,28.5627,77.118,188.6,190.5,2182.0,46.5,77.2,105.0,352.9
2024-12-22 06:00:00,IGI Airport T3,28.5627,77.118,139.7,141.6,1357.0,32.4,73.6,148.0,315.4
2024-12-22 07:00:00,IGI Airport T3,28.5627,77.118,117.3,119.2,965.0,21.0,66.4,172.0,290.8
2024-12-22 08:00:00,IGI Airport T3,28.5627,77.118,104.8,106.6,759.0,12.5,57.2,185.0,248.1
2024-12-22 09:00:00,IGI Airport T3,28.5627,77.118,96.2,98.3,672.0,14.6,51.3,181.0,218.8
2024-12-22 10:00:00,IGI Airport T3,28.5627,77.118,90.6,92.7,712.0,35.1,51.2,152.0,500.0
2024-12-22 11:00:00,IGI Airport T3,28.5627,77.118,105.7,107.3,871.0,66.2,54.3,107.0,251.2
2024-12-22 12:00:00,IGI Airport T3,28.5627,77.118,141.6,143.4,1066.0,93.9,53.8,58.0,316.8
2024-12-22 13:00:00,IGI Airport T3,28.5627,77.118,171.8,173.2,1314.0,103.6,57.9,43.0,340.0
2024-12-22 14:00:00,IGI Airport T3,28.5627,77.118,189.1,190.9,1596.0,116.3,63.4,22.0,353.3
2024-12-22 15:00:00,IGI Airport T3,28.5627,77.118,195.1,196.5,1777.0,121.5,65.7,10.0,357.9
2024-12-22 16:00:00,IGI Airport T3,28.5627,77.118,192.3,194.2,1790.0,113.6,62.3,14.0,355.7
2024-12-22 17:00:00,IGI Airport T3,28.5627,77.118,190.0,191.4,1701.0,98.1,55.8,26.0,354.0
2024-12-22 18:00:00,IGI Airport T3,28.5627,77.118,176.0,177.9,1567.0,81.1,49.4,39.0,343.2
2024-12-22 19:00:00,IGI Airport T3,28.5627,77.118,156.0,157.4,1370.0,62.3,43.8,53.0,327.9
2024-12-22 20:00:00,IGI Airport T3,28.5627,77.118,137.4,138.8,1128.0,42.1,38.4,68.0,313.6
2024-12-22 21:00:00,IGI Airport T3,28.5627,77.118,129.9,131.3,953.0,27.4,34.7,78.0,307.8
2024-12-22 22:00:00,IGI Airport T3,28.5627,77.118,129.5,130.9,875.0,20.3,33.2,80.0,307.5
2024-12-22 23:00:00,IGI Airport T3,28.5627,77.118,134.1,135.5,864.0,18.8,33.4,76.0,311.1
2024-12-23 00:00:00,IGI Airport T3,28.5627,77.118,113.2,114.3,948.0,14.0,28.3,77.0,276.8
2024-12-23 01:00:00,IGI Airport T3,28.5627,77.118,121.1,122.5,1214.0,23.4,30.5,65.0,301.1
2024-12-23 02:00:00,IGI Airport T3,28.5627,77.118,134.6,136.4,1575.0,36.2,33.4,48.0,311.4
2024-12-23 03:00:00,IGI Airport T3,28.5627,77.118,145.3,146.7,1797.0,44.6,35.3,41.0,319.6
2024-12-23 04:00:00,IGI Airport T3,28.5627,77.118,143.0,143.9,1768.0,44.7,34.8,51.0,317.9
2024-12-23 05:00:00,IGI Airport T3,28.5627,77.118,136.9,138.3,1601.0,40.4,33.2,70.0,313.2
2024-12-23 06:00:00,IGI Airport T3,28.5627,77.118,133.2,134.6,1398.0,35.8,32.3,88.0,310.4
2024-12-23 07:00:00,IGI Airport T3,28.5627,77.118,122.0,123.9,1147.0,31.4,33.1,104.0,301.8
2024-12-23 08:00:00,IGI Airport T3,28.5627,77.118,109.7,111.5,861.0,26.8,34.7,120.0,264.8
2024-12-23 09:00:00,IGI Airport T3,28.5627,77.118,105.5,107.3,680.0,24.7,36.2,128.0,250.5
2024-12-23 10:00:00,IGI Airport T3,28.5627,77.118,103.6,105.2,695.0,27.4,37.4,123.0,244.0
2024-12-23 11:00:00,IGI Airport T3,28.5627,77.118,101.7,103.4,815.0,32.6,38.5,110.0,237.5
2024-12-23 12:00:00,IGI Airport T3,28.5627,77.118,129.0,130.9,910.0,41.6,39.9,98.0,307.1
2024-12-23 13:00:00,IGI Airport T3,28.5627,77.118,122.5,124.3,927.0,39.8,40.2,91.0,302.2
2024-12-23 14:00:00,IGI Airport T3,28.5627,77.118,121.1,122.9,917.0,37.2,40.6,82.0,301.1
2024-12-23 15:00:00,IGI Airport T3,28.5627,77.118,119.7,121.5,908.0,35.1,40.7,73.0,299.0
2024-12-23 16:00:00,IGI Airport T3,28.5627,77.118,118.5,120.6,912.0,34.3,40.7,67.0,294.9
2024-12-23 17:00:00,IGI Airport T3,28.5627,77.118,122.5,124.3,915.0,33.8,40.3,61.0,302.2
2024-12-23 18:00:00,IGI Airport T3,28.5627,77.118,120.1,122.0,906.0,32.3,38.8,58.0,500.0
2024-12-23 19:00:00,IGI Airport T3,28.5627,77.118,113.2,115.0,871.0,28.3,35.1,59.0,276.8
2024-12-23 20:00:00,IGI Airport T3,28.5627,77.118,108.0,110.1,822.0,23.2,30.3,62.0,259.0
2024-12-23 21:00:00,IGI Airport T3,28.5627,77.118,106.6,109.0,785.0,19.7,26.5,63.0,254.3
2024-12-23 22:00:00,IGI Airport T3,28.5627,77.118,107.6,109.9,767.0,18.4,24.5,61.0,257.7
2024-12-23 23:00:00,IGI Airport T3,28.5627,77.118,106.6,109.0,760.0,18.7,23.5,56.0,254.3
2024-12-24 00:00:00,IGI Airport T3,28.5627,77.118,90.3,92.2,770.0,17.2,16.7,59.0,500.0
2024-12-24 01:00:00,IGI Airport T3,28.5627,77.118,91.0,92.7,817.0,24.4,19.5,57.0,201.0
2024-12-24 02:00:00,IGI Airport T3,28.5627,77.118,97.6,99.2,880.0,34.1,23.3,55.0,223.5
2024-12-24 03:00:00,IGI Airport T3,28.5627,77.118,105.5,107.6,903.0,39.8,26.5,59.0,250.5
2024-12-24 04:00:00,IGI Airport T3,28.5627,77.118,112.5,114.1,846.0,37.7,28.0,75.0,274.4
2024-12-24 05:00:00,IGI Airport T3,28.5627,77.118,108.5,110.8,749.0,31.6,28.9,98.0,260.7
2024-12-24 06:00:00,IGI Airport T3,28.5627,77.118,108.0,110.8,671.0,26.4,30.0,117.0,259.0
2024-12-24 07:00:00,IGI Airport T3,28.5627,77.118,108.7,111.5,605.0,20.8,31.4,132.0,261.4
2024-12-24 08:00:00,IGI Airport T3,28.5627,77.118,107.6,110.6,557.0,16.0,33.0,144.0,257.7
2024-12-24 09:00:00,IGI Airport T3,28.5627,77.118,107.8,110.8,610.0,20.5,36.3,143.0,258.4
2024-12-24 10:00:00,IGI Airport T3,28.5627,77.118,110.6,113.4,834.0,41.5,41.2,119.0,267.9
2024-12-24 11:00:00,IGI Airport T3,28.5627,77.118,126.7,129.5,1159.0,71.7,47.7,81.0,305.4
2024-12-24 12:00:00,IGI Airport T3,28.5627,77.118,140.2,142.0,1452.0,93.0,48.0,48.0,315.7
2024-12-24 13:00:00,IGI Airport T3,28.5627,77.118,159.7,161.1,1659.0,99.5,52.7,38.0,330.7
2024-12-24 14:00:00,IGI Airport T3,28.5627,77.118,167.2,168.6,1834.0,108.0,59.1,24.0,336.5
2024-12-24 15:00:00,IGI Airport T3,28.5627,77.118,165.8,167.2,2014.0,110.8,62.5,14.0,335.4
2024-12-24 16:00:00,IGI Airport T3,28.5627,77.118,159.7,161.1,2240.0,103.1,60.8,13.0,330.7
2024-12-24 17:00:00,IGI Airport T3,28.5627,77.118,149.0,150.4,2470.0,89.7,56.2,16.0,322.5
2024-12-24 18:00:00,IGI Airport T3,28.5627,77.118,137.8,139.2,2615.0,77.0,51.0,19.0,313.9
2024-12-24 19:00:00,IGI Airport T3,28.5627,77.118,128.1,129.0,2642.0,66.9,45.4,21.0,306.4
2024-12-24 20:00:00,IGI Airport T3,28.5627,77.118,120.1,121.1,2584.0,57.4,39.3,22.0,500.0
2024-12-24 21:00:00,IGI Airport T3,28.5627,77.118,112.9,114.1,2453.0,49.7,34.3,23.0,275.8
2024-12-24 22:00:00,IGI Airport T3,28.5627,77.118,107.8,109.0,2186.0,43.6,30.8,23.0,258.4
2024-12-24 23:00:00,IGI Airport T3,28.5627,77.118,105.0,106.2,1845.0,39.2,28.5,23.0,248.8
2024-12-25 00:00:00,IGI Airport T3,28.5627,77.118,100.6,101.7,1630.0,34.5,25.4,26.0,233.8
2024-12-25 01:00:00,IGI Airport T3,28.5627,77.118,105.5,106.4,1686.0,40.5,30.6,18.0,250.5
2024-12-25 02:00:00,IGI Airport T3,28.5627,77.118,121.5,122.9,1868.0,48.4,37.7,8.0,301.4
2024-12-25 03:00:00,IGI Airport T3,28.5627,77.118,136.9,138.3,1936.0,52.7,43.0,13.0,313.2
2024-12-25 04:00:00,IGI Airport T3,28.5627,77.118,129.0,129.9,1767.0,49.9,43.5,44.0,307.1
2024-12-25 05:00:00,IGI Airport T3,28.5627,77.118,122.5,123.9,1484.0,43.4,42.1,88.0,302.2
2024-12-25 06:00:00,IGI Airport T3,28.5627,77.118,107.3,109.0,1221.0,37.5,44.1,126.0,256.6
2024-12-25 07:00:00,IGI Airport T3,28.5627,77.118,92.9,95.0,997.0,31.7,53.5,153.0,207.5
2024-12-25 08:00:00,IGI Airport T3,28.5627,77.118,95.2,97.6,793.0,26.6,66.3,173.0,215.3
2024-12-25 09:00:00,IGI Airport T3,28.5627,77.118,99.9,102.2,679.0,27.6,75.6,178.0,231.4
2024-12-25 10:00:00,IGI Airport T3,28.5627,77.118,103.4,105.7,689.0,39.7,77.9,160.0,243.3
2024-12-25 11:00:00,IGI Airport T3,28.5627,77.118,111.8,113.6,790.0,58.0,76.7,127.0,272.0
2024-12-25 12:00:00,IGI Airport T3,28.5627,77.118,154.6,156.9,956.0,73.2,72.8,85.0,326.8
2024-12-25 13:00:00,IGI Airport T3,28.5627,77.118,170.4,172.3,1220.0,78.5,72.6,67.0,338.9
2024-12-25 14:00:00,IGI Airport T3,28.5627,77.118,180.7,182.5,1548.0,85.8,72.2,42.0,346.8
2024-12-25 15:00:00,IGI Airport T3,28.5627,77.118,189.1,190.5,1812.0,90.6,71.8,23.0,353.3
2024-12-25 16:00:00,IGI Airport T3,28.5627,77.118,192.8,194.2,1973.0,90.9,71.7,14.0,356.1
2024-12-25 17:00:00,IGI Airport T3,28.5627,77.118,194.6,196.0,2070.0,88.8,71.5,10.0,357.5
2024-12-25 18:00:00,IGI Airport T3,28.5627,77.118,191.4,193.2,2092.0,85.9,70.0,8.0,355.0
2024-12-25 19:00:00,IGI Airport T3,28.5627,77.118,186.3,187.7,2005.0,82.6,66.3,6.0,351.1
2024-12-25 20:00:00,IGI Airport T3,28.5627,77.118,181.6,183.0,1843.0,78.5,61.4,6.0,347.5
2024-12-25 21:00:00,IGI Airport T3,28.5627,77.118,178.3,179.7,1693.0,74.2,57.1,6.0,345.0
2024-12-25 22:00:00,IGI Airport T3,28.5627,77.118,175.1,176.0,1539.0,69.3,53.5,6.0,342.5
2024-12-25 23:00:00,IGI Airport T3,28.5627,77.118,170.0,170.9,1396.0,64.3,50.5,7.0,338.6
2024-12-26 00:00:00,IGI Airport T3,28.5627,77.118,171.8,172.8,1402.0,64.7,56.3,5.0,340.0
2024-12-26 01:00:00,IGI Airport T3,28.5627,77.118,173.2,174.2,1727.0,63.4,57.1,2.0,341.1
2024-12-26 02:00:00,IGI Airport T3,28.5627,77.118,189.1,190.0,2201.0,61.4,58.3,0.0,353.3
2024-12-26 03:00:00,IGI Airport T3,28.5627,77.118,189.5,190.5,2443.0,58.6,59.2,13.0,353.6
2024-12-26 04:00:00,IGI Airport T3,28.5627,77.118,192.8,193.2,2234.0,54.9,59.6,54.0,356.1
2024-12-26 05:00:00,IGI Airport T3,28.5627,77.118,185.3,186.3,1793.0,50.3,59.8,110.0,350.3
2024-12-26 06:00:00,IGI Airport T3,28.5627,77.118,154.6,155.5,1401.0,45.2,60.3,153.0,326.8
2024-12-26 07:00:00,IGI Airport T3,28.5627,77.118,113.9,115.0,1118.0,35.7,60.9,176.0,279.2
2024-12-26 08:00:00,IGI Airport T3,28.5627,77.118,90.8,92.4,884.0,25.7,61.7,186.0,500.0
2024-12-26 09:00:00,IGI Airport T3,28.5627,77.118,85.4,87.3,801.0,26.7,63.5,182.0,184.3
2024-12-26 10:00:00,IGI Airport T3,28.5627,77.118,83.1,85.0,964.0,47.4,66.0,156.0,176.4
2024-12-26 11:00:00,IGI Airport T3,28.5627,77.118,95.2,97.1,1278.0,79.1,69.5,115.0,215.3
2024-12-26 12:00:00,IGI Airport T3,28.5627,77.118,149.0,151.3,1556.0,106.8,73.3,70.0,322.5
2024-12-26 13:00:00,IGI Airport T3,28.5627,77.118,176.5,178.8,1746.0,120.4,79.6,49.0,343.6
2024-12-26 14:00:00,IGI Airport T3,28.5627,77.118,192.8,195.1,1899.0,138.7,87.9,21.0,356.1
2024-12-26 15:00:00,IGI Airport T3,28.5627,77.118,208.2,210.0,1988.0,149.2,92.0,1.0,367.9
2024-12-26 16:00:00,IGI Airport T3,28.5627,77.118,219.3,221.7,1994.0,145.6,88.6,0.0,376.4
2024-12-26 17:00:00,IGI Airport T3,28.5627,77.118,218.9,221.2,1934.0,134.1,81.0,0.0,376.1
2024-12-26 18:00:00,IGI Airport T3,28.5627,77.118,198.4,200.7,1837.0,121.1,72.2,6.0,360.4
2024-12-26 19:00:00,IGI Airport T3,28.5627,77.118,180.7,183.0,1688.0,107.2,62.2,12.0,346.8
2024-12-26 20:00:00,IGI Airport T3,28.5627,77.118,167.2,169.5,1501.0,91.8,51.1,20.0,336.5
2024-12-26 21:00:00,IGI Airport T3,28.5627,77.118,162.5,164.8,1342.0,78.6,42.0,26.0,332.8
2024-12-26 22:00:00,IGI Airport T3,28.5627,77.118,150.4,152.3,1228.0,68.9,35.9,28.0,323.6
2024-12-26 23:00:00,IGI Airport T3,28.5627,77.118,146.7,149.0,1143.0,61.4,31.8,29.0,320.7
2024-12-27 00:00:00,IGI Airport T3,28.5627,77.118,160.7,162.5,1103.0,77.2,46.0,17.0,331.5
2024-12-27 01:00:00,IGI Airport T3,28.5627,77.118,145.3,147.1,1147.0,75.1,45.8,18.0,319.6
2024-12-27 02:00:00,IGI Airport T3,28.5627,77.118,149.0,150.9,1236.0,72.1,45.5,21.0,322.5
2024-12-27 03:00:00,IGI Airport T3,28.5627,77.118,152.3,154.1,1271.0,68.8,44.2,26.0,325.0
2024-12-27 04:00:00,IGI Airport T3,28.5627,77.118,148.5,149.9,1196.0,65.3,41.3,38.0,322.1
2024-12-27 05:00:00,IGI Airport T3,28.5627,77.118,135.5,137.4,1067.0,61.5,37.5,52.0,312.1
2024-12-27 06:00:00,IGI Airport T3,28.5627,77.118,122.0,123.9,947.0,57.4,34.3,64.0,301.8
2024-12-27 07:00:00,IGI Airport T3,28.5627,77.118,107.6,109.7,849.0,52.7,32.7,70.0,257.7
2024-12-27 08:00:00,IGI Airport T3,28.5627,77.118,100.6,102.7,760.0,47.8,31.6,73.0,233.8
2024-12-27 09:00:00,IGI Airport T3,28.5627,77.118,96.4,98.3,712.0,43.6,29.6,74.0,219.4
2024-12-27 10:00:00,IGI Airport T3,28.5627,77.118,93.4,95.0,736.0,40.8,25.4,73.0,209.2
2024-12-27 11:00:00,IGI Airport T3,28.5627,77.118,87.8,89.4,800.0,38.7,20.2,71.0,192.5
2024-12-27 12:00:00,IGI Airport T3,28.5627,77.118,98.5,101.0,840.0,43.5,19.3,60.0,226.6
2024-12-27 13:00:00,IGI Airport T3,28.5627,77.118,96.4,98.5,826.0,40.2,19.3,61.0,219.4
2024-12-27 14:00:00,IGI Airport T3,28.5627,77.118,95.0,97.3,788.0,35.5,19.3,62.0,214.7
2024-12-27 15:00:00,IGI Airport T3,28.5627,77.118,93.4,95.5,748.0,31.4,19.6,63.0,209.2
2024-12-27 16:00:00,IGI Airport T3,28.5627,77.118,94.1,96.2,720.0,28.5,20.4,64.0,211.6
2024-12-27 17:00:00,IGI Airport T3,28.5627,77.118,97.3,99.4,690.0,26.1,21.4,65.0,222.5
2024-12-27 18:00:00,IGI Airport T3,28.5627,77.118,95.7,97.8,646.0,23.9,22.0,65.0,217.0
2024-12-27 19:00:00,IGI Airport T3,28.5627,77.118,92.7,95.0,567.0,21.4,21.6,64.0,206.8
2024-12-27 20:00:00,IGI Airport T3,28.5627,77.118,92.0,94.3,473.0,19.1,20.7,61.0,204.4
2024-12-27 21:00:00,IGI Airport T3,28.5627,77.118,91.0,93.1,410.0,17.9,20.4,59.0,201.0
2024-12-27 22:00:00,IGI Airport T3,28.5627,77.118,90.8,93.1,367.0,17.2,20.8,59.0,500.0
2024-12-27 23:00:00,IGI Airport T3,28.5627,77.118,94.5,96.9,355.0,17.6,21.7,59.0,212.9
2024-12-28 00:00:00,IGI Airport T3,28.5627,77.118,79.9,81.7,447.0,15.0,19.4,63.0,165.5
2024-12-28 01:00:00,IGI Airport T3,28.5627,77.118,83.4,85.0,766.0,27.1,25.5,50.0,177.5
2024-12-28 02:00:00,IGI Airport T3,28.5627,77.118,102.0,103.8,1190.0,43.3,33.9,34.0,238.6
2024-12-28 03:00:00,IGI Airport T3,28.5627,77.118,121.1,122.5,1424.0,52.4,39.7,27.0,301.1
2024-12-28 04:00:00,IGI Airport T3,28.5627,77.118,110.4,112.0,1282.0,47.3,40.3,40.0,267.2
2024-12-28 05:00:00,IGI Airport T3,28.5627,77.118,112.7,115.0,950.0,35.2,38.3,63.0,275.1
2024-12-28 06:00:00,IGI Airport T3,28.5627,77.118,100.4,102.4,690.0,26.1,36.8,81.0,233.1
2024-12-28 07:00:00,IGI Airport T3,28.5627,77.118,96.9,99.0,576.0,22.7,36.3,92.0,221.1
2024-12-28 08:00:00,IGI Airport T3,28.5627,77.118,91.7,93.4,533.0,22.4,36.3,98.0,203.4
2024-12-28 09:00:00,IGI Airport T3,28.5627,77.118,86.8,88.5,603.0,27.1,38.7,96.0,189.1
2024-12-28 10:00:00,IGI Airport T3,28.5627,77.118,82.2,83.4,851.0,40.1,45.1,81.0,173.4
2024-12-28 11:00:00,IGI Airport T3,28.5627,77.118,92.0,93.1,1212.0,58.3,53.8,59.0,204.4
2024-12-28 12:00:00,IGI Airport T3,28.5627,77.118,136.0,137.8,1527.0,75.0,63.7,41.0,312.5
2024-12-28 13:00:00,IGI Airport T3,28.5627,77.118,154.6,156.0,1770.0,82.6,66.2,31.0,326.8
2024-12-28 14:00:00,IGI Airport T3,28.5627,77.118,156.5,157.9,1967.0,92.5,69.3,18.0,328.2
2024-12-28 15:00:00,IGI Airport T3,28.5627,77.118,151.3,152.3,2046.0,96.6,69.5,10.0,324.3
2024-12-28 16:00:00,IGI Airport T3,28.5627,77.118,143.4,144.4,1944.0,90.2,64.4,10.0,318.2
2024-12-28 17:00:00,IGI Airport T3,28.5627,77.118,139.2,140.2,1724.0,77.9,56.4,15.0,315.0
2024-12-28 18:00:00,IGI Airport T3,28.5627,77.118,134.1,135.0,1498.0,65.2,48.8,20.0,311.1
2024-12-28 19:00:00,IGI Airport T3,28.5627,77.118,126.2,127.1,1281.0,53.1,42.4,25.0,305.0
2024-12-28 20:00:00,IGI Airport T3,28.5627,77.118,119.7,120.6,1060.0,40.6,36.3,31.0,299.0
2024-12-28 21:00:00,IGI Airport T3,28.5627,77.118,113.2,114.1,905.0,30.7,31.6,36.0,276.8
2024-12-28 22:00:00,IGI Airport T3,28.5627,77.118,106.6,107.6,860.0,24.2,28.6,40.0,254.3
2024-12-28 23:00:00,IGI Airport T3,28.5627,77.118,99.9,100.6,881.0,20.2,27.0,42.0,231.4
2024-12-29 00:00:00,IGI Airport T3,28.5627,77.118,125.3,126.2,917.0,36.5,31.1,21.0,304.3
2024-12-29 01:00:00,IGI Airport T3,28.5627,77.118,117.3,118.3,967.0,36.4,31.7,22.0,290.8
2024-12-29 02:00:00,IGI Airport T3,28.5627,77.118,115.7,116.4,1032.0,36.1,32.7,23.0,285.3
2024-12-29 03:00:00,IGI Airport T3,28.5627,77.118,116.4,117.1,1053.0,34.6,34.5,30.0,287.7
2024-12-29 04:00:00,IGI Airport T3,28.5627,77.118,99.7,100.6,998.0,30.9,38.2,47.0,230.7
2024-12-29 05:00:00,IGI Airport T3,28.5627,77.118,85.7,86.6,900.0,26.1,42.8,69.0,185.3
2024-12-29 06:00:00,IGI Airport T3,28.5627,77.118,75.0,76.4,805.0,21.9,45.0,88.0,148.8
2024-12-29 07:00:00,IGI Airport T3,28.5627,77.118,70.1,71.5,705.0,18.2,42.9,104.0,132.1
2024-12-29 08:00:00,IGI Airport T3,28.5627,77.118,66.6,68.2,609.0,15.2,38.4,117.0,120.1
2024-12-29 09:00:00,IGI Airport T3,28.5627,77.118,65.4,67.3,587.0,15.6,34.7,121.0,116.0
2024-12-29 10:00:00,IGI Airport T3,28.5627,77.118,63.1,65.0,701.0,21.6,32.8,111.0,108.2
2024-12-29 11:00:00,IGI Airport T3,28.5627,77.118,64.0,65.7,890.0,31.1,31.6,93.0,111.2
2024-12-29 12:00:00,IGI Airport T3,28.5627,77.118,94.1,95.7,1038.0,39.4,34.2,66.0,211.6
2024-12-29 13:00:00,IGI Airport T3,28.5627,77.118,100.8,102.2,1106.0,42.4,33.2,56.0,234.5
2024-12-29 14:00:00,IGI Airport T3,28.5627,77.118,100.6,101.7,1132.0,46.3,31.6,43.0,233.8
2024-12-29 15:00:00,IGI Airport T3,28.5627,77.118,99.4,100.4,1123.0,47.4,29.9,35.0,229.7
2024-12-29 16:00:00,IGI Airport T3,28.5627,77.118,95.9,96.6,1065.0,43.3,28.0,36.0,217.7
2024-12-29 17:00:00,IGI Airport T3,28.5627,77.118,93.6,94.3,971.0,36.4,25.8,41.0,209.9
2024-12-29 18:00:00,IGI Airport T3,28.5627,77.118,91.3,92.0,882.0,29.9,23.7,47.0,202.0
2024-12-29 19:00:00,IGI Airport T3,28.5627,77.118,86.4,87.1,803.0,24.8,21.4,51.0,187.7
2024-12-29 20:00:00,IGI Airport T3,28.5627,77.118,83.4,84.1,729.0,20.1,19.1,55.0,177.5
2024-12-29 21:00:00,IGI Airport T3,28.5627,77.118,81.0,81.7,689.0,16.5,17.7,58.0,169.3
2024-12-29 22:00:00,IGI Airport T3,28.5627,77.118,79.4,79.9,702.0,13.8,17.7,60.0,163.8
2024-12-29 23:00:00,IGI Airport T3,28.5627,77.118,78.5,78.9,749.0,12.3,18.7,62.0,160.7
2024-12-30 00:00:00,IGI Airport T3,28.5627,77.118,80.8,81.5,798.0,13.4,19.4,59.0,168.6
2024-12-30 01:00:00,IGI Airport T3,28.5627,77.118,79.9,80.3,847.0,17.9,22.0,55.0,165.5
2024-12-30 02:00:00,IGI Airport T3,28.5627,77.118,82.7,83.1,898.0,23.9,25.7,50.0,175.1
2024-12-30 03:00:00,IGI Airport T3,28.5627,77.118,85.0,85.4,924.0,27.4,29.4,55.0,182.9
2024-12-30 04:00:00,IGI Airport T3,28.5627,77.118,82.0,82.2,906.0,26.0,33.1,76.0,172.7
2024-12-30 05:00:00,IGI Airport T3,28.5627,77.118,80.1,80.3,863.0,22.0,36.8,106.0,166.2
2024-12-30 06:00:00,IGI Airport T3,28.5627,77.118,78.7,78.9,829.0,18.4,39.1,132.0,161.4
2024-12-30 07:00:00,IGI Airport T3,28.5627,77.118,73.8,74.0,797.0,14.7,39.0,153.0,144.7
2024-12-30 08:00:00,IGI Airport T3,28.5627,77.118,65.4,65.9,774.0,11.4,37.5,169.0,116.0
2024-12-30 09:00:00,IGI Airport T3,28.5627,77.118,57.5,57.9,810.0,12.2,35.8,173.0,95.8
2024-12-30 10:00:00,IGI Airport T3,28.5627,77.118,53.4,53.9,958.0,19.9,34.0,155.0,88.8
2024-12-30 11:00:00,IGI Airport T3,28.5627,77.118,54.6,55.1,1167.0,31.8,32.0,125.0,90.9
2024-12-30 12:00:00,IGI Airport T3,28.5627,77.118,102.7,103.8,1328.0,56.8,45.6,92.0,240.9
2024-12-30 13:00:00,IGI Airport T3,28.5627,77.118,117.3,118.3,1395.0,64.8,47.0,73.0,290.8
2024-12-30 14:00:00,IGI Airport T3,28.5627,77.118,126.2,127.6,1416.0,75.7,48.9,47.0,305.0
2024-12-30 15:00:00,IGI Airport T3,28.5627,77.118,131.8,132.7,1426.0,82.4,50.0,27.0,309.3
2024-12-30 16:00:00,IGI Airport T3,28.5627,77.118,137.4,138.3,1443.0,81.8,50.2,20.0,313.6
2024-12-30 17:00:00,IGI Airport T3,28.5627,77.118,141.6,143.0,1450.0,77.2,49.6,19.0,316.8
2024-12-30 18:00:00,IGI Airport T3,28.5627,77.118,141.6,143.0,1427.0,70.8,47.4,21.0,316.8
2024-12-30 19:00:00,IGI Airport T3,28.5627,77.118,134.6,135.5,1352.0,62.8,42.4,25.0,311.4
2024-12-30 20:00:00,IGI Airport T3,28.5627,77.118,128.1,129.5,1248.0,53.0,35.8,31.0,306.4
2024-12-30 21:00:00,IGI Airport T3,28.5627,77.118,123.9,125.3,1168.0,44.1,30.5,37.0,303.2
2024-12-30 22:00:00,IGI Airport T3,28.5627,77.118,119.0,120.1,1131.0,35.6,27.2,43.0,296.6
2024-12-30 23:00:00,IGI Airport T3,28.5627,77.118,115.3,116.4,1119.0,27.8,25.2,49.0,284.0
2024-12-31 00:00:00,IGI Airport T3,28.5627,77.118,157.9,159.3,1130.0,48.5,36.2,20.0,329.3
2024-12-31 01:00:00,IGI Airport T3,28.5627,77.118,153.7,154.6,1187.0,47.1,35.9,21.0,326.1
2024-12-31 02:00:00,IGI Airport T3,28.5627,77.118,157.9,158.8,1267.0,44.8,35.6,24.0,329.3
2024-12-31 03:00:00,IGI Airport T3,28.5627,77.118,150.9,152.3,1306.0,41.4,36.4,34.0,323.9
2024-12-31 04:00:00,IGI Airport T3,28.5627,77.118,137.4,139.2,1268.0,35.8,39.2,57.0,313.6
2024-12-31 05:00:00,IGI Airport T3,28.5627,77.118,117.6,119.7,1189.0,29.0,43.1,87.0,291.8
2024-12-31 06:00:00,IGI Airport T3,28.5627,77.118,100.8,103.4,1109.0,23.7,45.9,112.0,234.5
2024-12-31 07:00:00,IGI Airport T3,28.5627,77.118,95.7,98.0,1010.0,19.6,46.3,132.0,217.0
2024-12-31 08:00:00,IGI Airport T3,28.5627,77.118,92.4,94.8,910.0,17.1,45.7,147.0,205.8
2024-12-31 09:00:00,IGI Airport T3,28.5627,77.118,89.2,91.5,906.0,19.4,45.4,151.0,197.3
2024-12-31 10:00:00,IGI Airport T3,28.5627,77.118,88.0,90.1,1069.0,29.3,45.9,138.0,193.2
2024-12-31 11:00:00,IGI Airport T3,28.5627,77.118,88.7,91.0,1328.0,44.1,46.7,114.0,195.6
2024-12-31 12:00:00,IGI Airport T3,28.5627,77.118,158.3,162.1,1565.0,76.3,78.7,88.0,329.6
2024-12-31 13:00:00,IGI Airport T3,28.5627,77.118,190.5,193.7,1758.0,91.0,82.2,64.0,354.3
2024-12-31 14:00:00,IGI Airport T3,28.5627,77.118,210.9,214.7,1929.0,110.9,86.7,32.0,370.0
2024-12-31 15:00:00,IGI Airport T3,28.5627,77.118,217.5,220.7,2022.0,121.9,87.9,9.0,375.1
2024-12-31 16:00:00,IGI Airport T3,28.5627,77.118,217.0,220.3,1994.0,117.0,83.6,5.0,374.7
2024-12-31 17:00:00,IGI Airport T3,28.5627,77.118,217.0,220.3,1888.0,103.4,76.1,10.0,374.7
2024-12-31 18:00:00,IGI Airport T3,28.5627,77.118,209.5,212.8,1779.0,88.6,67.4,17.0,368.9
2024-12-31 19:00:00,IGI Airport T3,28.5627,77.118,193.7,197.0,1688.0,74.2,57.5,24.0,356.8
2024-12-31 20:00:00,IGI Airport T3,28.5627,77.118,180.7,183.9,1594.0,58.6,46.5,33.0,346.8
2024-12-31 21:00:00,IGI Airport T3,28.5627,77.118,167.6,170.4,1512.0,45.0,37.2,42.0,336.8
2024-12-31 22:00:00,IGI Airport T3,28.5627,77.118,153.2,156.0,1439.0,33.8,30.3,50.0,325.7
2024-12-31 23:00:00,IGI Airport T3,28.5627,77.118,141.6,144.4,1378.0,24.6,25.1,57.0,316.8
2024-12-19 12:00:00,ITO,28.6289,77.2406,144.8,147.6,1381.0,75.6,65.6,98.0,319.3
2024-12-19 13:00:00,ITO,28.6289,77.2406,168.1,170.4,1597.0,84.5,70.3,78.0,337.1
2024-12-19 14:00:00,ITO,28.6289,77.2406,190.0,192.3,1804.0,96.5,76.5,50.0,354.0
2024-12-19 15:00:00,ITO,28.6289,77.2406,204.9,207.2,1938.0,103.4,79.9,29.0,365.4
2024-12-19 16:00:00,ITO,28.6289,77.2406,212.3,214.2,1966.0,101.2,78.3,22.0,371.1
2024-12-19 17:00:00,ITO,28.6289,77.2406,213.7,215.6,1921.0,94.0,73.9,23.0,372.1
2024-12-19 18:00:00,ITO,28.6289,77.2406,207.2,209.1,1839.0,85.6,68.1,25.0,367.2
2024-12-19 19:00:00,ITO,28.6289,77.2406,195.1,197.0,1703.0,76.7,60.6,28.0,357.9
2024-12-19 20:00:00,ITO,28.6289,77.2406,184.9,186.7,1530.0,66.7,51.7,33.0,350.0
2024-12-19 21:00:00,ITO,28.6289,77.2406,177.0,178.8,1403.0,57.7,44.6,36.0,344.0
2024-12-19 22:00:00,ITO,28.6289,77.2406,170.9,172.3,1330.0,49.3,39.8,37.0,339.3
2024-12-19 23:00:00,ITO,28.6289,77.2406,165.3,167.2,1304.0,42.0,36.6,37.0,335.0
2024-12-20 00:00:00,ITO,28.6289,77.2406,147.6,149.0,1387.0,28.2,37.5,55.0,321.4
2024-12-20 01:00:00,ITO,28.6289,77.2406,157.9,159.7,1719.0,39.2,43.6,44.0,329.3
2024-12-20 02:00:00,ITO,28.6289,77.2406,176.0,177.9,2160.0,53.8,51.8,30.0,343.2
2024-12-20 03:00:00,ITO,28.6289,77.2406,181.6,183.0,2355.0,61.1,57.4,34.0,347.5
2024-12-20 04:00:00,ITO,28.6289,77.2406,156.5,157.9,2071.0,53.8,57.4,73.0,328.2
2024-12-20 05:00:00,ITO,28.6289,77.2406,138.8,140.2,1542.0,39.1,54.8,129.0,314.7
2024-12-20 06:00:00,ITO,28.6289,77.2406,111.8,113.9,1112.0,27.5,52.9,172.0,272.0
2024-12-20 07:00:00,ITO,28.6289,77.2406,94.3,96.9,899.0,21.6,53.2,190.0,212.3
2024-12-20 08:00:00,ITO,28.6289,77.2406,84.1,86.6,787.0,18.8,54.3,195.0,179.9
2024-12-20 09:00:00,ITO,28.6289,77.2406,80.1,82.4,768.0,22.0,55.4,187.0,166.2
2024-12-20 10:00:00,ITO,28.6289,77.2406,78.5,80.6,889.0,36.2,56.4,162.0,160.7
2024-12-20 11:00:00,ITO,28.6289,77.2406,85.9,87.5,1105.0,56.5,57.3,125.0,186.0
2024-12-20 12:00:00,ITO,28.6289,77.2406,115.5,117.3,1272.0,74.4,56.9,86.0,284.6
2024-12-20 13:00:00,ITO,28.6289,77.2406,125.3,126.7,1332.0,70.4,54.7,77.0,304.3
2024-12-20 14:00:00,ITO,28.6289,77.2406,126.7,128.5,1343.0,64.5,51.5,64.0,305.4
2024-12-20 15:00:00,ITO,28.6289,77.2406,126.7,128.1,1336.0,58.2,48.2,55.0,305.4
2024-12-20 16:00:00,ITO,28.6289,77.2406,127.1,128.1,1316.0,51.5,44.8,52.0,305.7
2024-12-20 17:00:00,ITO,28.6289,77.2406,127.6,128.5,1278.0,44.2,41.3,52.0,306.1
2024-12-20 18:00:00,ITO,28.6289,77.2406,125.7,126.7,1234.0,37.6,38.7,52.0,304.6
2024-12-20 19:00:00,ITO,28.6289,77.2406,122.0,123.4,1182.0,31.6,37.8,52.0,301.8
2024-12-20 20:00:00,ITO,28.6289,77.2406,119.7,120.6,1123.0,26.3,37.8,51.0,299.0
2024-12-20 21:00:00,ITO,28.6289,77.2406,117.6,118.5,1078.0,22.3,37.7,51.0,291.8
2024-12-20 22:00:00,ITO,28.6289,77.2406,115.9,116.9,1019.0,19.6,36.9,50.0,286.0
2024-12-20 23:00:00,ITO,28.6289,77.2406,114.6,115.7,974.0,18.4,35.9,49.0,281.6
2024-12-21 00:00:00,ITO,28.6289,77.2406,116.4,117.3,1038.0,21.0,41.3,46.0,287.7
2024-12-21 01:00:00,ITO,28.6289,77.2406,123.9,124.8,1346.0,27.1,44.6,38.0,303.2
2024-12-21 02:00:00,ITO,28.6289,77.2406,138.3,139.2,1764.0,35.3,49.0,28.0,314.3
2024-12-21 03:00:00,ITO,28.6289,77.2406,144.8,145.8,1990.0,40.2,51.9,30.0,319.3
2024-12-21 04:00:00,ITO,28.6289,77.2406,143.0,143.9,1850.0,38.8,51.9,56.0,317.9
2024-12-21 05:00:00,ITO,28.6289,77.2406,138.3,139.2,1518.0,33.9,50.3,94.0,314.3
2024-12-21 06:00:00,ITO,28.6289,77.2406,129.5,130.4,1208.0,28.9,48.7,127.0,307.5
2024-12-21 07:00:00,ITO,28.6289,77.2406,110.1,111.5,958.0,22.3,47.4,150.0,266.2
2024-12-21 08:00:00,ITO,28.6289,77.2406,98.5,100.1,730.0,15.6,46.2,168.0,226.6
2024-12-21 09:00:00,ITO,28.6289,77.2406,92.7,94.3,628.0,15.6,45.6,171.0,206.8
2024-12-21 10:00:00,ITO,28.6289,77.2406,90.3,92.0,734.0,28.3,45.7,151.0,500.0
2024-12-21 11:00:00,ITO,28.6289,77.2406,98.7,99.9,966.0,47.7,46.4,116.0,227.3
2024-12-21 12:00:00,ITO,28.6289,77.2406,134.1,136.0,1181.0,62.1,50.3,84.0,311.1
2024-12-21 13:00:00,ITO,28.6289,77.2406,152.7,154.6,1340.0,67.0,53.7,70.0,325.3
2024-12-21 14:00:00,ITO,28.6289,77.2406,166.7,168.6,1483.0,73.7,58.4,51.0,336.1
2024-12-21 15:00:00,ITO,28.6289,77.2406,180.2,181.6,1584.0,78.0,62.0,35.0,346.4
2024-12-21 16:00:00,ITO,28.6289,77.2406,193.7,195.1,1629.0,78.0,63.9,26.0,356.8
2024-12-21 17:00:00,ITO,28.6289,77.2406,206.3,208.2,1631.0,75.7,64.7,21.0,366.5
2024-12-21 18:00:00,ITO,28.6289,77.2406,213.3,214.7,1609.0,73.0,64.3,18.0,371.8
2024-12-21 19:00:00,ITO,28.6289,77.2406,214.2,215.6,1544.0,70.5,62.4,16.0,372.5
2024-12-21 20:00:00,ITO,28.6289,77.2406,215.6,217.0,1454.0,67.6,59.2,16.0,373.6
2024-12-21 21:00:00,ITO,28.6289,77.2406,214.2,216.1,1413.0,64.2,56.0,17.0,372.5
2024-12-21 22:00:00,ITO,28.6289,77.2406,205.8,207.7,1369.0,59.2,51.8,21.0,366.1
2024-12-21 23:00:00,ITO,28.6289,77.2406,193.7,195.6,1374.0,53.8,47.6,27.0,356.8
2024-12-22 00:00:00,ITO,28.6289,77.2406,200.7,202.6,1654.0,57.6,44.6,20.0,362.2
2024-12-22 01:00:00,ITO,28.6289,77.2406,204.4,206.3,2587.0,60.8,53.7,19.0,365.0
2024-12-22 02:00:00,ITO,28.6289,77.2406,220.7,223.1,3796.0,64.8,66.2,19.0,377.5
2024-12-22 03:00:00,ITO,28.6289,77.2406,238.0,239.3,4372.0,64.8,74.9,32.0,390.8
2024-12-22 04:00:00,ITO,28.6289,77.2406,218.9,220.3,3716.0,57.4,76.5,69.0,376.1
2024-12-22 05:00:00,ITO,28.6289,77.2406,185.8,187.7,2428.0,45.9,74.3,120.0,350.7
2024-12-22 06:00:00,ITO,28.6289,77.2406,140.2,142.5,1397.0,36.0,71.8,159.0,315.7
2024-12-22 07:00:00,ITO,28.6289,77.2406,117.6,119.7,972.0,26.5,69.1,181.0,291.8
2024-12-22 08:00:00,ITO,28.6289,77.2406,101.7,103.8,806.0,18.5,66.0,192.0,237.5
2024-12-22 09:00:00,ITO,28.6289,77.2406,93.8,95.9,744.0,20.7,65.0,188.0,210.6
2024-12-22 10:00:00,ITO,28.6289,77.2406,90.6,92.4,756.0,41.8,67.7,162.0,500.0
2024-12-22 11:00:00,ITO,28.6289,77.2406,105.5,107.1,873.0,73.2,72.5,122.0,250.5
2024-12-22 12:00:00,ITO,28.6289,77.2406,158.8,160.7,1035.0,101.3,82.2,75.0,330.0
2024-12-22 13:00:00,ITO,28.6289,77.2406,190.0,191.4,1265.0,103.8,84.7,63.0,354.0
2024-12-22 14:00:00,ITO,28.6289,77.2406,207.2,209.1,1540.0,106.9,87.9,46.0,367.2
2024-12-22 15:00:00,ITO,28.6289,77.2406,210.5,211.9,1733.0,107.0,87.9,34.0,369.7
2024-12-22 16:00:00,ITO,28.6289,77.2406,203.0,204.4,1796.0,102.9,82.3,32.0,363.9
2024-12-22 17:00:00,ITO,28.6289,77.2406,197.9,199.3,1775.0,95.9,73.5,36.0,360.0
2024-12-22 18:00:00,ITO,28.6289,77.2406,183.9,185.3,1686.0,85.5,64.8,42.0,349.3
2024-12-22 19:00:00,ITO,28.6289,77.2406,164.4,165.3,1484.0,68.9,56.3,53.0,334.3
2024-12-22 20:00:00,ITO,28.6289,77.2406,146.2,147.1,1212.0,49.1,47.8,66.0,320.3
2024-12-22 21:00:00,ITO,28.6289,77.2406,139.2,140.6,1015.0,34.4,42.1,75.0,315.0
2024-12-22 22:00:00,ITO,28.6289,77.2406,138.8,140.2,933.0,28.0,40.3,76.0,314.7
2024-12-22 23:00:00,ITO,28.6289,77.2406,142.0,143.4,925.0,26.7,41.2,71.0,317.1
2024-12-23 00:00:00,ITO,28.6289,77.2406,117.6,118.7,1013.0,18.7,34.3,76.0,291.8
2024-12-23 01:00:00,ITO,28.6289,77.2406,122.9,123.9,1292.0,30.0,38.4,62.0,302.5
2024-12-23 02:00:00,ITO,28.6289,77.2406,137.4,138.8,1666.0,45.4,44.1,44.0,313.6
2024-12-23 03:00:00,ITO,28.6289,77.2406,156.9,157.9,1874.0,55.4,47.6,36.0,328.6
2024-12-23 04:00:00,ITO,28.6289,77.2406,149.9,150.9,1767.0,55.4,47.0,47.0,323.2
2024-12-23 05:00:00,ITO,28.6289,77.2406,145.8,146.7,1494.0,50.2,44.4,69.0,320.0
2024-12-23 06:00:00,ITO,28.6289,77.2406,143.9,145.3,1232.0,44.2,42.1,89.0,318.6
2024-12-23 07:00:00,ITO,28.6289,77.2406,131.3,132.7,1018.0,38.0,41.1,106.0,308.9
2024-12-23 08:00:00,ITO,28.6289,77.2406,116.6,118.3,815.0,31.0,40.5,122.0,288.4
2024-12-23 09:00:00,ITO,28.6289,77.2406,110.8,112.5,696.0,26.8,40.0,130.0,268.6
2024-12-23 10:00:00,ITO,28.6289,77.2406,105.9,107.8,721.0,27.8,39.9,127.0,251.9
2024-12-23 11:00:00,ITO,28.6289,77.2406,100.8,102.4,829.0,31.5,40.1,116.0,234.5
2024-12-23 12:00:00,ITO,28.6289,77.2406,129.9,131.8,910.0,38.6,38.7,106.0,307.8
2024-12-23 13:00:00,ITO,28.6289,77.2406,123.9,126.2,916.0,36.8,39.4,98.0,303.2
2024-12-23 14:00:00,ITO,28.6289,77.2406,120.1,122.0,895.0,34.3,40.4,86.0,500.0
2024-12-23 15:00:00,ITO,28.6289,77.2406,116.6,118.5,879.0,32.8,41.0,75.0,288.4
2024-12-23 16:00:00,ITO,28.6289,77.2406,114.6,116.4,886.0,33.4,41.2,66.0,281.6
2024-12-23 17:00:00,ITO,28.6289,77.2406,115.7,117.8,898.0,34.9,41.2,59.0,285.3
2024-12-23 18:00:00,ITO,28.6289,77.2406,116.6,118.5,894.0,35.1,40.2,53.0,288.4
2024-12-23 19:00:00,ITO,28.6289,77.2406,113.9,115.7,860.0,32.4,37.9,51.0,279.2
2024-12-23 20:00:00,ITO,28.6289,77.2406,110.6,112.7,811.0,28.3,34.7,52.0,267.9
2024-12-23 21:00:00,ITO,28.6289,77.2406,109.7,111.8,771.0,25.1,31.7,51.0,264.8
2024-12-23 22:00:00,ITO,28.6289,77.2406,108.5,110.4,735.0,23.2,28.9,47.0,260.7
2024-12-23 23:00:00,ITO,28.6289,77.2406,105.7,107.3,707.0,22.1,26.3,43.0,251.2
2024-12-24 00:00:00,ITO,28.6289,77.2406,83.1,85.0,727.0,17.2,17.5,60.0,176.4
2024-12-24 01:00:00,ITO,28.6289,77.2406,84.5,86.4,851.0,24.2,20.1,54.0,181.2
2024-12-24 02:00:00,ITO,28.6289,77.2406,93.1,95.0,1023.0,33.6,23.6,47.0,208.2
2024-12-24 03:00:00,ITO,28.6289,77.2406,102.9,105.0,1111.0,38.9,26.5,49.0,241.6
2024-12-24 04:00:00,ITO,28.6289,77.2406,108.0,109.9,1035.0,36.2,27.7,68.0,259.0
2024-12-24 05:00:00,ITO,28.6289,77.2406,106.9,109.2,875.0,29.6,28.2,97.0,255.3
2024-12-24 06:00:00,ITO,28.6289,77.2406,102.7,105.7,741.0,24.2,29.6,121.0,240.9
2024-12-24 07:00:00,ITO,28.6289,77.2406,106.4,109.7,644.0,19.6,32.0,138.0,253.6
2024-12-24 08:00:00,ITO,28.6289,77.2406,107.1,110.6,573.0,16.3,35.3,151.0,256.0
2024-12-24 09:00:00,ITO,28.6289,77.2406,107.8,111.1,605.0,21.6,40.0,150.0,258.4
2024-12-24 10:00:00,ITO,28.6289,77.2406,108.7,111.8,827.0,43.5,46.5,126.0,261.4
2024-12-24 11:00:00,ITO,28.6289,77.2406,119.7,122.0,1153.0,73.9,54.6,88.0,299.0
2024-12-24 12:00:00,ITO,28.6289,77.2406,134.1,136.0,1397.0,77.1,46.7,62.0,311.1
2024-12-24 13:00:00,ITO,28.6289,77.2406,142.5,143.9,1436.0,74.5,46.8,56.0,317.5
2024-12-24 14:00:00,ITO,28.6289,77.2406,141.6,143.0,1394.0,70.5,46.6,47.0,316.8
2024-12-24 15:00:00,ITO,28.6289,77.2406,131.8,133.2,1457.0,65.0,44.8,41.0,309.3
2024-12-24 16:00:00,ITO,28.6289,77.2406,120.1,121.5,1758.0,56.9,40.0,39.0,500.0
2024-12-24 17:00:00,ITO,28.6289,77.2406,111.8,112.9,2165.0,47.2,33.5,38.0,272.0
2024-12-24 18:00:00,ITO,28.6289,77.2406,105.5,106.6,2466.0,39.0,28.0,38.0,250.5
2024-12-24 19:00:00,ITO,28.6289,77.2406,100.4,101.5,2583.0,33.3,24.3,37.0,233.1
2024-12-24 20:00:00,ITO,28.6289,77.2406,98.0,99.4,2595.0,29.1,21.5,37.0,224.9
2024-12-24 21:00:00,ITO,28.6289,77.2406,98.0,99.2,2529.0,26.1,19.5,36.0,224.9
2024-12-24 22:00:00,ITO,28.6289,77.2406,98.7,100.1,2342.0,24.0,18.1,35.0,227.3
2024-12-24 23:00:00,ITO,28.6289,77.2406,99.7,101.0,2078.0,23.2,17.5,34.0,230.7
2024-12-25 00:00:00,ITO,28.6289,77.2406,94.3,95.7,1894.0,21.1,16.8,39.0,212.3
2024-12-25 01:00:00,ITO,28.6289,77.2406,101.0,102.4,1898.0,28.4,23.0,31.0,235.1
2024-12-25 02:00:00,ITO,28.6289,77.2406,118.0,119.7,1983.0,38.3,31.4,21.0,293.2
2024-12-25 03:00:00,ITO,28.6289,77.2406,134.6,136.0,1978.0,43.8,37.2,24.0,311.4
2024-12-25 04:00:00,ITO,28.6289,77.2406,128.1,129.0,1791.0,41.0,37.0,52.0,306.4
2024-12-25 05:00:00,ITO,28.6289,77.2406,119.7,121.1,1515.0,33.8,34.0,93.0,299.0
2024-12-25 06:00:00,ITO,28.6289,77.2406,95.7,97.6,1259.0,27.4,33.3,126.0,217.0
2024-12-25 07:00:00,ITO,28.6289,77.2406,87.8,90.1,1038.0,22.1,37.7,147.0,192.5
2024-12-25 08:00:00,ITO,28.6289,77.2406,91.7,94.1,838.0,17.5,44.4,161.0,203.4
2024-12-25 09:00:00,ITO,28.6289,77.2406,94.1,96.4,726.0,18.3,49.3,162.0,211.6
2024-12-25 10:00:00,ITO,28.6289,77.2406,94.5,96.9,730.0,28.6,50.3,143.0,212.9
2024-12-25 11:00:00,ITO,28.6289,77.2406,100.1,102.0,822.0,44.2,49.5,111.0,232.1
2024-12-25 12:00:00,ITO,28.6289,77.2406,133.2,135.0,989.0,57.4,47.5,74.0,310.4
2024-12-25 13:00:00,ITO,28.6289,77.2406,144.4,146.2,1294.0,61.4,50.0,61.0,319.0
2024-12-25 14:00:00,ITO,28.6289,77.2406,151.8,153.2,1675.0,66.8,53.5,43.0,324.6
2024-12-25 15:00:00,ITO,28.6289,77.2406,160.7,161.6,1929.0,70.3,56.4,29.0,331.5
2024-12-25 16:00:00,ITO,28.6289,77.2406,167.6,169.0,1948.0,70.0,58.6,23.0,336.8
2024-12-25 17:00:00,ITO,28.6289,77.2406,174.6,176.0,1841.0,67.8,60.2,20.0,342.1
2024-12-25 18:00:00,ITO,28.6289,77.2406,178.3,179.3,1736.0,65.3,60.1,18.0,345.0
2024-12-25 19:00:00,ITO,28.6289,77.2406,179.3,180.2,1675.0,63.3,57.0,15.0,345.7
2024-12-25 20:00:00,ITO,28.6289,77.2406,179.7,180.7,1615.0,61.1,52.2,13.0,346.0
2024-12-25 21:00:00,ITO,28.6289,77.2406,178.8,180.2,1557.0,58.4,48.2,12.0,345.4
2024-12-25 22:00:00,ITO,28.6289,77.2406,175.6,176.5,1451.0,54.2,45.6,13.0,342.9
2024-12-25 23:00:00,ITO,28.6289,77.2406,170.0,170.9,1346.0,49.6,43.8,15.0,338.6
2024-12-26 00:00:00,ITO,28.6289,77.2406,182.5,183.9,1390.0,48.6,39.7,9.0,348.2
2024-12-26 01:00:00,ITO,28.6289,77.2406,173.7,174.6,1767.0,48.1,42.1,6.0,341.4
2024-12-26 02:00:00,ITO,28.6289,77.2406,186.3,187.2,2292.0,47.3,45.4,4.0,351.1
2024-12-26 03:00:00,ITO,28.6289,77.2406,192.3,192.8,2558.0,45.7,47.9,16.0,355.7
2024-12-26 04:00:00,ITO,28.6289,77.2406,192.3,192.8,2323.0,43.1,48.3,56.0,355.7
2024-12-26 05:00:00,ITO,28.6289,77.2406,180.2,180.7,1830.0,39.7,47.8,110.0,346.4
2024-12-26 06:00:00,ITO,28.6289,77.2406,146.7,147.6,1397.0,36.2,48.4,151.0,320.7
2024-12-26 07:00:00,ITO,28.6289,77.2406,100.1,101.3,1109.0,29.2,50.5,172.0,232.1
2024-12-26 08:00:00,ITO,28.6289,77.2406,80.6,82.0,881.0,22.0,53.7,180.0,167.9
2024-12-26 09:00:00,ITO,28.6289,77.2406,75.9,77.5,782.0,25.3,58.1,174.0,151.9
2024-12-26 10:00:00,ITO,28.6289,77.2406,75.4,77.5,857.0,48.6,64.3,147.0,150.2
2024-12-26 11:00:00,ITO,28.6289,77.2406,88.2,89.9,1060.0,82.5,71.7,106.0,193.9
2024-12-26 12:00:00,ITO,28.6289,77.2406,139.2,142.0,1320.0,103.4,69.3,63.0,315.0
2024-12-26 13:00:00,ITO,28.6289,77.2406,170.4,172.8,1692.0,109.4,75.6,49.0,338.9
2024-12-26 14:00:00,ITO,28.6289,77.2406,190.9,193.2,2122.0,117.5,84.2,29.0,354.6
2024-12-26 15:00:00,ITO,28.6289,77.2406,212.3,214.7,2375.0,122.3,89.2,15.0,371.1
2024-12-26 16:00:00,ITO,28.6289,77.2406,230.0,232.8,2307.0,121.7,88.6,10.0,384.7
2024-12-26 17:00:00,ITO,28.6289,77.2406,235.6,238.4,2062.0,117.7,84.6,11.0,388.9
2024-12-26 18:00:00,ITO,28.6289,77.2406,220.3,223.1,1837.0,110.9,77.5,13.0,377.2
2024-12-26 19:00:00,ITO,28.6289,77.2406,205.8,208.2,1703.0,99.6,65.4,17.0,366.1
2024-12-26 20:00:00,ITO,28.6289,77.2406,185.8,187.7,1589.0,85.4,50.4,23.0,350.7
2024-12-26 21:00:00,ITO,28.6289,77.2406,162.1,164.4,1475.0,73.9,38.7,28.0,332.5
2024-12-26 22:00:00,ITO,28.6289,77.2406,145.3,147.1,1339.0,67.3,33.4,31.0,319.6
2024-12-26 23:00:00,ITO,28.6289,77.2406,144.4,146.7,1203.0,63.4,31.6,33.0,319.0
2024-12-27 00:00:00,ITO,28.6289,77.2406,146.2,148.1,1118.0,71.4,44.3,25.0,320.3
2024-12-27 01:00:00,ITO,28.6289,77.2406,130.9,132.7,1133.0,68.8,45.3,26.0,308.6
2024-12-27 02:00:00,ITO,28.6289,77.2406,138.8,140.6,1200.0,64.9,46.4,28.0,314.7
2024-12-27 03:00:00,ITO,28.6289,77.2406,140.6,142.0,1221.0,60.3,45.4,33.0,316.0
2024-12-27 04:00:00,ITO,28.6289,77.2406,138.8,140.2,1147.0,54.6,40.6,45.0,314.7
2024-12-27 05:00:00,ITO,28.6289,77.2406,117.6,119.2,1028.0,48.2,33.8,60.0,291.8
2024-12-27 06:00:00,ITO,28.6289,77.2406,97.8,99.7,920.0,42.2,27.9,72.0,224.2
2024-12-27 07:00:00,ITO,28.6289,77.2406,94.5,97.1,834.0,36.6,24.2,77.0,212.9
2024-12-27 08:00:00,ITO,28.6289,77.2406,91.5,93.8,759.0,31.4,21.5,79.0,202.7
2024-12-27 09:00:00,ITO,28.6289,77.2406,89.4,91.3,720.0,28.1,19.3,79.0,198.0
2024-12-27 10:00:00,ITO,28.6289,77.2406,85.4,87.1,748.0,28.0,17.3,78.0,184.3
2024-12-27 11:00:00,ITO,28.6289,77.2406,80.6,82.0,812.0,29.8,15.9,75.0,167.9
2024-12-27 12:00:00,ITO,28.6289,77.2406,94.3,96.6,842.0,36.8,16.6,64.0,212.3
2024-12-27 13:00:00,ITO,28.6289,77.2406,93.6,95.7,800.0,35.2,17.7,64.0,209.9
2024-12-27 14:00:00,ITO,28.6289,77.2406,96.6,98.7,725.0,32.8,19.2,64.0,220.1
2024-12-27 15:00:00,ITO,28.6289,77.2406,98.3,100.4,665.0,30.6,20.6,65.0,225.9
2024-12-27 16:00:00,ITO,28.6289,77.2406,102.2,104.5,646.0,28.8,21.7,66.0,239.2
2024-12-27 17:00:00,ITO,28.6289,77.2406,106.9,109.2,642.0,27.1,22.6,68.0,255.3
2024-12-27 18:00:00,ITO,28.6289,77.2406,104.3,106.6,618.0,25.5,23.2,68.0,246.4
2024-12-27 19:00:00,ITO,28.6289,77.2406,100.8,103.1,545.0,23.7,23.1,66.0,234.5
2024-12-27 20:00:00,ITO,28.6289,77.2406,100.4,102.7,452.0,21.9,22.5,63.0,233.1
2024-12-27 21:00:00,ITO,28.6289,77.2406,99.9,102.0,391.0,20.9,22.3,60.0,231.4
2024-12-27 22:00:00,ITO,28.6289,77.2406,96.2,98.0,352.0,20.3,22.0,57.0,218.8
2024-12-27 23:00:00,ITO,28.6289,77.2406,91.7,93.6,345.0,20.6,22.0,55.0,203.4
2024-12-28 00:00:00,ITO,28.6289,77.2406,82.0,84.1,454.0,17.1,21.0,66.0,172.7
2024-12-28 01:00:00,ITO,28.6289,77.2406,82.4,84.5,814.0,29.8,29.6,55.0,174.1
2024-12-28 02:00:00,ITO,28.6289,77.2406,105.2,107.6,1289.0,46.9,41.4,40.0,249.5
2024-12-28 03:00:00,ITO,28.6289,77.2406,125.3,127.6,1556.0,57.7,50.5,34.0,304.3
2024-12-28 04:00:00,ITO,28.6289,77.2406,112.0,113.9,1411.0,55.7,53.9,45.0,272.7
2024-12-28 05:00:00,ITO,28.6289,77.2406,103.8,105.9,1057.0,47.2,54.5,65.0,244.7
2024-12-28 06:00:00,ITO,28.6289,77.2406,99.9,102.0,781.0,40.6,55.2,80.0,231.4
2024-12-28 07:00:00,ITO,28.6289,77.2406,99.0,101.0,670.0,38.2,57.3,87.0,228.3
2024-12-28 08:00:00,ITO,28.6289,77.2406,97.3,99.4,638.0,37.6,59.5,91.0,222.5
2024-12-28 09:00:00,ITO,28.6289,77.2406,95.2,97.1,706.0,40.3,61.1,88.0,215.3
2024-12-28 10:00:00,ITO,28.6289,77.2406,91.5,93.1,914.0,48.5,61.5,77.0,202.7
2024-12-28 11:00:00,ITO,28.6289,77.2406,95.9,97.6,1224.0,59.9,61.3,59.0,217.7
2024-12-28 12:00:00,ITO,28.6289,77.2406,128.5,130.4,1543.0,67.4,56.8,47.0,306.8
2024-12-28 13:00:00,ITO,28.6289,77.2406,149.5,151.3,1911.0,67.0,55.3,42.0,322.9
2024-12-28 14:00:00,ITO,28.6289,77.2406,155.1,156.5,2288.0,66.3,53.0,35.0,327.2
2024-12-28 15:00:00,ITO,28.6289,77.2406,150.9,152.3,2468.0,63.9,49.9,30.0,323.9
2024-12-28 16:00:00,ITO,28.6289,77.2406,146.7,147.6,2308.0,59.2,45.4,28.0,320.7
2024-12-28 17:00:00,ITO,28.6289,77.2406,145.8,147.1,1950.0,52.8,40.1,28.0,320.0
2024-12-28 18:00:00,ITO,28.6289,77.2406,143.0,143.9,1614.0,45.9,35.0,29.0,317.9
2024-12-28 19:00:00,ITO,28.6289,77.2406,132.7,133.6,1356.0,37.9,30.3,32.0,310.0
2024-12-28 20:00:00,ITO,28.6289,77.2406,122.9,123.9,1120.0,29.3,25.9,36.0,302.5
2024-12-28 21:00:00,ITO,28.6289,77.2406,114.8,115.7,957.0,22.6,22.7,40.0,282.2
2024-12-28 22:00:00,ITO,28.6289,77.2406,106.9,107.8,902.0,18.5,21.0,43.0,255.3
2024-12-28 23:00:00,ITO,28.6289,77.2406,99.2,99.9,921.0,16.4,20.5,45.0,229.0
2024-12-29 00:00:00,ITO,28.6289,77.2406,122.5,123.4,961.0,23.8,21.8,31.0,302.2
2024-12-29 01:00:00,ITO,28.6289,77.2406,113.4,114.3,1028.0,26.1,23.5,31.0,277.5
2024-12-29 02:00:00,ITO,28.6289,77.2406,110.8,111.8,1116.0,29.2,25.9,32.0,268.6
2024-12-29 03:00:00,ITO,28.6289,77.2406,110.6,111.5,1154.0,30.0,28.1,38.0,267.9
2024-12-29 04:00:00,ITO,28.6289,77.2406,95.9,97.1,1103.0,26.5,29.9,55.0,217.7
2024-12-29 05:00:00,ITO,28.6289,77.2406,85.0,86.4,1002.0,20.7,31.5,77.0,182.9
2024-12-29 06:00:00,ITO,28.6289,77.2406,73.1,74.7,901.0,16.2,32.5,95.0,142.3
2024-12-29 07:00:00,ITO,28.6289,77.2406,66.8,68.5,789.0,13.7,32.4,108.0,120.8
2024-12-29 08:00:00,ITO,28.6289,77.2406,64.0,65.9,676.0,12.4,31.7,117.0,111.2
2024-12-29 09:00:00,ITO,28.6289,77.2406,63.3,65.0,642.0,14.0,31.2,118.0,108.9
2024-12-29 10:00:00,ITO,28.6289,77.2406,60.3,62.2,754.0,20.1,30.9,108.0,500.0
2024-12-29 11:00:00,ITO,28.6289,77.2406,61.5,63.3,945.0,29.1,30.7,90.0,102.7
2024-12-29 12:00:00,ITO,28.6289,77.2406,90.6,92.2,1097.0,35.4,32.7,65.0,500.0
2024-12-29 13:00:00,ITO,28.6289,77.2406,96.2,97.6,1170.0,36.6,32.5,58.0,218.8
2024-12-29 14:00:00,ITO,28.6289,77.2406,96.2,97.1,1203.0,38.2,32.2,50.0,218.8
2024-12-29 15:00:00,ITO,28.6289,77.2406,95.0,95.7,1194.0,38.0,31.1,44.0,214.7
2024-12-29 16:00:00,ITO,28.6289,77.2406,92.2,92.9,1125.0,34.9,28.7,45.0,205.1
2024-12-29 17:00:00,ITO,28.6289,77.2406,90.6,91.3,1013.0,30.1,25.5,48.0,500.0
2024-12-29 18:00:00,ITO,28.6289,77.2406,89.2,89.9,909.0,25.5,22.7,52.0,197.3
2024-12-29 19:00:00,ITO,28.6289,77.2406,85.4,85.9,820.0,21.6,20.4,55.0,184.3
2024-12-29 20:00:00,ITO,28.6289,77.2406,82.9,83.6,738.0,18.0,18.3,57.0,175.8
2024-12-29 21:00:00,ITO,28.6289,77.2406,80.8,81.3,692.0,15.2,17.2,59.0,168.6
2024-12-29 22:00:00,ITO,28.6289,77.2406,78.7,79.2,699.0,13.2,17.1,61.0,161.4
2024-12-29 23:00:00,ITO,28.6289,77.2406,77.1,77.3,741.0,12.1,18.0,62.0,156.0
2024-12-30 00:00:00,ITO,28.6289,77.2406,77.3,77.8,797.0,12.9,18.5,61.0,156.6
2024-12-30 01:00:00,ITO,28.6289,77.2406,75.4,75.7,876.0,17.0,21.4,58.0,150.2
2024-12-30 02:00:00,ITO,28.6289,77.2406,77.5,77.8,968.0,22.6,25.5,55.0,157.3
2024-12-30 03:00:00,ITO,28.6289,77.2406,79.4,79.6,1021.0,25.6,29.1,60.0,163.8
2024-12-30 04:00:00,ITO,28.6289,77.2406,76.8,77.1,1000.0,23.6,31.9,79.0,154.9
2024-12-30 05:00:00,ITO,28.6289,77.2406,76.1,76.4,940.0,19.1,34.2,107.0,152.5
2024-12-30 06:00:00,ITO,28.6289,77.2406,75.2,75.4,893.0,15.3,35.5,130.0,149.5
2024-12-30 07:00:00,ITO,28.6289,77.2406,71.2,71.5,857.0,12.4,35.4,148.0,135.8
2024-12-30 08:00:00,ITO,28.6289,77.2406,63.1,63.3,833.0,10.2,34.4,163.0,108.2
2024-12-30 09:00:00,ITO,28.6289,77.2406,56.0,56.2,877.0,11.6,33.4,166.0,93.2
2024-12-30 10:00:00,ITO,28.6289,77.2406,51.5,51.8,1048.0,18.8,32.4,150.0,85.6
2024-12-30 11:00:00,ITO,28.6289,77.2406,52.3,52.5,1285.0,29.6,31.4,122.0,87.0
2024-12-30 12:00:00,ITO,28.6289,77.2406,96.2,97.3,1466.0,49.6,38.3,83.0,218.8
2024-12-30 13:00:00,ITO,28.6289,77.2406,108.5,109.7,1536.0,55.3,40.6,69.0,260.7
2024-12-30 14:00:00,ITO,28.6289,77.2406,118.0,119.0,1549.0,63.0,43.7,49.0,293.2
2024-12-30 15:00:00,ITO,28.6289,77.2406,127.1,128.1,1540.0,67.8,46.2,34.0,305.7
2024-12-30 16:00:00,ITO,28.6289,77.2406,136.0,136.9,1520.0,67.7,47.9,28.0,312.5
2024-12-30 17:00:00,ITO,28.6289,77.2406,143.9,144.8,1478.0,64.8,48.9,26.0,318.6
2024-12-30 18:00:00,ITO,28.6289,77.2406,145.8,147.1,1419.0,60.3,47.7,26.0,320.0
2024-12-30 19:00:00,ITO,28.6289,77.2406,140.2,141.1,1332.0,53.9,42.6,29.0,315.7
2024-12-30 20:00:00,ITO,28.6289,77.2406,135.0,136.4,1228.0,45.8,35.2,34.0,311.7
2024-12-30 21:00:00,ITO,28.6289,77.2406,131.8,133.2,1150.0,38.2,29.3,39.0,309.3
2024-12-30 22:00:00,ITO,28.6289,77.2406,127.6,129.0,1108.0,30.3,25.8,45.0,306.1
2024-12-30 23:00:00,ITO,28.6289,77.2406,125.7,127.1,1092.0,22.8,23.7,52.0,304.6
2024-12-31 00:00:00,ITO,28.6289,77.2406,162.5,164.4,1114.0,33.1,26.2,33.0,332.8
2024-12-31 01:00:00,ITO,28.6289,77.2406,156.0,157.9,1209.0,33.5,28.1,35.0,327.9
2024-12-31 02:00:00,ITO,28.6289,77.2406,158.3,159.7,1343.0,33.8,30.7,39.0,329.6
2024-12-31 03:00:00,ITO,28.6289,77.2406,151.3,153.2,1421.0,32.6,33.6,48.0,324.3
2024-12-31 04:00:00,ITO,28.6289,77.2406,141.6,143.4,1397.0,28.4,36.8,67.0,316.8
2024-12-31 05:00:00,ITO,28.6289,77.2406,126.7,129.0,1318.0,22.8,40.1,92.0,305.4
2024-12-31 06:00:00,ITO,28.6289,77.2406,108.7,111.3,1234.0,18.6,42.8,113.0,261.4
2024-12-31 07:00:00,ITO,28.6289,77.2406,103.8,106.4,1118.0,16.0,44.4,130.0,244.7
2024-12-31 08:00:00,ITO,28.6289,77.2406,99.2,101.7,997.0,14.9,45.4,143.0,229.0
2024-12-31 09:00:00,ITO,28.6289,77.2406,96.4,99.0,995.0,17.8,46.1,145.0,219.4
2024-12-31 10:00:00,ITO,28.6289,77.2406,93.8,96.4,1208.0,27.4,46.2,130.0,210.6
2024-12-31 11:00:00,ITO,28.6289,77.2406,94.5,97.1,1541.0,41.0,46.0,105.0,212.9
2024-12-31 12:00:00,ITO,28.6289,77.2406,149.9,153.2,1835.0,65.5,63.9,76.0,323.2
2024-12-31 13:00:00,ITO,28.6289,77.2406,175.1,178.3,2062.0,72.7,66.4,60.0,342.5
2024-12-31 14:00:00,ITO,28.6289,77.2406,193.2,196.5,2249.0,82.4,69.6,39.0,356.4
2024-12-31 15:00:00,ITO,28.6289,77.2406,200.2,203.0,2321.0,87.4,70.7,23.0,361.8
2024-12-31 16:00:00,ITO,28.6289,77.2406,200.2,203.5,2204.0,84.3,68.5,19.0,361.8
2024-12-31 17:00:00,ITO,28.6289,77.2406,204.0,206.8,1971.0,76.5,64.1,21.0,364.7
2024-12-31 18:00:00,ITO,28.6289,77.2406,199.3,202.1,1768.0,67.3,58.1,25.0,361.1
2024-12-31 19:00:00,ITO,28.6289,77.2406,185.8,188.6,1645.0,56.7,49.7,31.0,350.7
2024-12-31 20:00:00,ITO,28.6289,77.2406,174.6,177.4,1551.0,44.8,39.7,39.0,342.1
2024-12-31 21:00:00,ITO,28.6289,77.2406,164.4,166.7,1478.0,34.6,31.5,46.0,334.3
2024-12-31 22:00:00,ITO,28.6289,77.2406,156.5,158.8,1418.0,26.7,26.0,52.0,328.2
2024-12-31 23:00:00,ITO,28.6289,77.2406,149.5,151.8,1379.0,20.6,22.3,57.0,322.9
2024-12-19 12:00:00,Jahangirpuri,28.7327,77.1707,144.8,147.6,1286.0,75.6,65.6,98.0,319.3
2024-12-19 13:00:00,Jahangirpuri,28.7327,77.1707,168.1,170.4,1444.0,84.5,70.3,78.0,337.1
2024-12-19 14:00:00,Jahangirpuri,28.7327,77.1707,190.0,192.3,1596.0,96.5,76.5,50.0,354.0
2024-12-19 15:00:00,Jahangirpuri,28.7327,77.1707,204.9,207.2,1687.0,103.4,79.9,29.0,365.4
2024-12-19 16:00:00,Jahangirpuri,28.7327,77.1707,212.3,214.2,1679.0,101.2,78.3,22.0,371.1
2024-12-19 17:00:00,Jahangirpuri,28.7327,77.1707,213.7,215.6,1610.0,94.0,73.9,23.0,372.1
2024-12-19 18:00:00,Jahangirpuri,28.7327,77.1707,207.2,209.1,1536.0,85.6,68.1,25.0,367.2
2024-12-19 19:00:00,Jahangirpuri,28.7327,77.1707,195.1,197.0,1466.0,76.7,60.6,28.0,357.9
2024-12-19 20:00:00,Jahangirpuri,28.7327,77.1707,184.9,186.7,1393.0,66.7,51.7,33.0,350.0
2024-12-19 21:00:00,Jahangirpuri,28.7327,77.1707,177.0,178.8,1346.0,57.7,44.6,36.0,344.0
2024-12-19 22:00:00,Jahangirpuri,28.7327,77.1707,170.9,172.3,1327.0,49.3,39.8,37.0,339.3
2024-12-19 23:00:00,Jahangirpuri,28.7327,77.1707,165.3,167.2,1336.0,42.0,36.6,37.0,335.0
2024-12-20 00:00:00,Jahangirpuri,28.7327,77.1707,147.6,149.0,1401.0,28.2,37.5,55.0,321.4
2024-12-20 01:00:00,Jahangirpuri,28.7327,77.1707,157.9,159.7,1608.0,39.2,43.6,44.0,329.3
2024-12-20 02:00:00,Jahangirpuri,28.7327,77.1707,176.0,177.9,1871.0,53.8,51.8,30.0,343.2
2024-12-20 03:00:00,Jahangirpuri,28.7327,77.1707,181.6,183.0,1963.0,61.1,57.4,34.0,347.5
2024-12-20 04:00:00,Jahangirpuri,28.7327,77.1707,156.5,157.9,1724.0,53.8,57.4,73.0,328.2
2024-12-20 05:00:00,Jahangirpuri,28.7327,77.1707,138.8,140.2,1313.0,39.1,54.8,129.0,314.7
2024-12-20 06:00:00,Jahangirpuri,28.7327,77.1707,111.8,113.9,982.0,27.5,52.9,172.0,272.0
2024-12-20 07:00:00,Jahangirpuri,28.7327,77.1707,94.3,96.9,812.0,21.6,53.2,190.0,212.3
2024-12-20 08:00:00,Jahangirpuri,28.7327,77.1707,84.1,86.6,721.0,18.8,54.3,195.0,179.9
2024-12-20 09:00:00,Jahangirpuri,28.7327,77.1707,80.1,82.4,713.0,22.0,55.4,187.0,166.2
2024-12-20 10:00:00,Jahangirpuri,28.7327,77.1707,78.5,80.6,835.0,36.2,56.4,162.0,160.7
2024-12-20 11:00:00,Jahangirpuri,28.7327,77.1707,85.9,87.5,1041.0,56.5,57.3,125.0,186.0
2024-12-20 12:00:00,Jahangirpuri,28.7327,77.1707,115.5,117.3,1193.0,74.4,56.9,86.0,284.6
2024-12-20 13:00:00,Jahangirpuri,28.7327,77.1707,125.3,126.7,1226.0,70.4,54.7,77.0,304.3
2024-12-20 14:00:00,Jahangirpuri,28.7327,77.1707,126.7,128.5,1206.0,64.5,51.5,64.0,305.4
2024-12-20 15:00:00,Jahangirpuri,28.7327,77.1707,126.7,128.1,1191.0,58.2,48.2,55.0,305.4
2024-12-20 16:00:00,Jahangirpuri,28.7327,77.1707,127.1,128.1,1211.0,51.5,44.8,52.0,305.7
2024-12-20 17:00:00,Jahangirpuri,28.7327,77.1707,127.6,128.5,1236.0,44.2,41.3,52.0,306.1
2024-12-20 18:00:00,Jahangirpuri,28.7327,77.1707,125.7,126.7,1234.0,37.6,38.7,52.0,304.6
2024-12-20 19:00:00,Jahangirpuri,28.7327,77.1707,122.0,123.4,1180.0,31.6,37.8,52.0,301.8
2024-12-20 20:00:00,Jahangirpuri,28.7327,77.1707,119.7,120.6,1098.0,26.3,37.8,51.0,299.0
2024-12-20 21:00:00,Jahangirpuri,28.7327,77.1707,117.6,118.5,1035.0,22.3,37.7,51.0,291.8
2024-12-20 22:00:00,Jahangirpuri,28.7327,77.1707,115.9,116.9,979.0,19.6,36.9,50.0,286.0
2024-12-20 23:00:00,Jahangirpuri,28.7327,77.1707,114.6,115.7,942.0,18.4,35.9,49.0,281.6
2024-12-21 00:00:00,Jahangirpuri,28.7327,77.1707,116.4,117.3,1000.0,21.0,41.3,46.0,287.7
2024-12-21 01:00:00,Jahangirpuri,28.7327,77.1707,123.9,124.8,1266.0,27.1,44.6,38.0,303.2
2024-12-21 02:00:00,Jahangirpuri,28.7327,77.1707,138.3,139.2,1627.0,35.3,49.0,28.0,314.3
2024-12-21 03:00:00,Jahangirpuri,28.7327,77.1707,144.8,145.8,1823.0,40.2,51.9,30.0,319.3
2024-12-21 04:00:00,Jahangirpuri,28.7327,77.1707,143.0,143.9,1709.0,38.8,51.9,56.0,317.9
2024-12-21 05:00:00,Jahangirpuri,28.7327,77.1707,138.3,139.2,1431.0,33.9,50.3,94.0,314.3
2024-12-21 06:00:00,Jahangirpuri,28.7327,77.1707,129.5,130.4,1163.0,28.9,48.7,127.0,307.5
2024-12-21 07:00:00,Jahangirpuri,28.7327,77.1707,110.1,111.5,929.0,22.3,47.4,150.0,266.2
2024-12-21 08:00:00,Jahangirpuri,28.7327,77.1707,98.5,100.1,707.0,15.6,46.2,168.0,226.6
2024-12-21 09:00:00,Jahangirpuri,28.7327,77.1707,92.7,94.3,603.0,15.6,45.6,171.0,206.8
2024-12-21 10:00:00,Jahangirpuri,28.7327,77.1707,90.3,92.0,700.0,28.3,45.7,151.0,500.0
2024-12-21 11:00:00,Jahangirpuri,28.7327,77.1707,98.7,99.9,916.0,47.7,46.4,116.0,227.3
2024-12-21 12:00:00,Jahangirpuri,28.7327,77.1707,134.1,136.0,1115.0,62.1,50.3,84.0,311.1
2024-12-21 13:00:00,Jahangirpuri,28.7327,77.1707,152.7,154.6,1252.0,67.0,53.7,70.0,325.3
2024-12-21 14:00:00,Jahangirpuri,28.7327,77.1707,166.7,168.6,1372.0,73.7,58.4,51.0,336.1
2024-12-21 15:00:00,Jahangirpuri,28.7327,77.1707,180.2,181.6,1468.0,78.0,62.0,35.0,346.4
2024-12-21 16:00:00,Jahangirpuri,28.7327,77.1707,193.7,195.1,1540.0,78.0,63.9,26.0,356.8
2024-12-21 17:00:00,Jahangirpuri,28.7327,77.1707,206.3,208.2,1589.0,75.7,64.7,21.0,366.5
2024-12-21 18:00:00,Jahangirpuri,28.7327,77.1707,213.3,214.7,1608.0,73.0,64.3,18.0,371.8
2024-12-21 19:00:00,Jahangirpuri,28.7327,77.1707,214.2,215.6,1574.0,70.5,62.4,16.0,372.5
2024-12-21 20:00:00,Jahangirpuri,28.7327,77.1707,215.6,217.0,1510.0,67.6,59.2,16.0,373.6
2024-12-21 21:00:00,Jahangirpuri,28.7327,77.1707,214.2,216.1,1480.0,64.2,56.0,17.0,372.5
2024-12-21 22:00:00,Jahangirpuri,28.7327,77.1707,205.8,207.7,1452.0,59.2,51.8,21.0,366.1
2024-12-21 23:00:00,Jahangirpuri,28.7327,77.1707,193.7,195.6,1458.0,53.8,47.6,27.0,356.8
2024-12-22 00:00:00,Jahangirpuri,28.7327,77.1707,200.7,202.6,1655.0,57.6,44.6,20.0,362.2
2024-12-22 01:00:00,Jahangirpuri,28.7327,77.1707,204.4,206.3,2318.0,60.8,53.7,19.0,365.0
2024-12-22 02:00:00,Jahangirpuri,28.7327,77.1707,220.7,223.1,3172.0,64.8,66.2,19.0,377.5
2024-12-22 03:00:00,Jahangirpuri,28.7327,77.1707,238.0,239.3,3553.0,64.8,74.9,32.0,390.8
2024-12-22 04:00:00,Jahangirpuri,28.7327,77.1707,218.9,220.3,3003.0,57.4,76.5,69.0,376.1
2024-12-22 05:00:00,Jahangirpuri,28.7327,77.1707,185.8,187.7,1981.0,45.9,74.3,120.0,350.7
2024-12-22 06:00:00,Jahangirpuri,28.7327,77.1707,140.2,142.5,1194.0,36.0,71.8,159.0,315.7
2024-12-22 07:00:00,Jahangirpuri,28.7327,77.1707,117.6,119.7,934.0,26.5,69.1,181.0,291.8
2024-12-22 08:00:00,Jahangirpuri,28.7327,77.1707,101.7,103.8,911.0,18.5,66.0,192.0,237.5
2024-12-22 09:00:00,Jahangirpuri,28.7327,77.1707,93.8,95.9,961.0,20.7,65.0,188.0,210.6
2024-12-22 10:00:00,Jahangirpuri,28.7327,77.1707,90.6,92.4,1066.0,41.8,67.7,162.0,500.0
2024-12-22 11:00:00,Jahangirpuri,28.7327,77.1707,105.5,107.1,1244.0,73.2,72.5,122.0,250.5
2024-12-22 12:00:00,Jahangirpuri,28.7327,77.1707,158.8,160.7,1392.0,101.3,82.2,75.0,330.0
2024-12-22 13:00:00,Jahangirpuri,28.7327,77.1707,190.0,191.4,1471.0,103.8,84.7,63.0,354.0
2024-12-22 14:00:00,Jahangirpuri,28.7327,77.1707,207.2,209.1,1520.0,106.9,87.9,46.0,367.2
2024-12-22 15:00:00,Jahangirpuri,28.7327,77.1707,210.5,211.9,1547.0,107.0,87.9,34.0,369.7
2024-12-22 16:00:00,Jahangirpuri,28.7327,77.1707,203.0,204.4,1568.0,102.9,82.3,32.0,363.9
2024-12-22 17:00:00,Jahangirpuri,28.7327,77.1707,197.9,199.3,1568.0,95.9,73.5,36.0,360.0
2024-12-22 18:00:00,Jahangirpuri,28.7327,77.1707,183.9,185.3,1510.0,85.5,64.8,42.0,349.3
2024-12-22 19:00:00,Jahangirpuri,28.7327,77.1707,164.4,165.3,1337.0,68.9,56.3,53.0,334.3
2024-12-22 20:00:00,Jahangirpuri,28.7327,77.1707,146.2,147.1,1105.0,49.1,47.8,66.0,320.3
2024-12-22 21:00:00,Jahangirpuri,28.7327,77.1707,139.2,140.6,947.0,34.4,42.1,75.0,315.0
2024-12-22 22:00:00,Jahangirpuri,28.7327,77.1707,138.8,140.2,910.0,28.0,40.3,76.0,314.7
2024-12-22 23:00:00,Jahangirpuri,28.7327,77.1707,142.0,143.4,945.0,26.7,41.2,71.0,317.1
2024-12-23 00:00:00,Jahangirpuri,28.7327,77.1707,117.6,118.7,1042.0,18.7,34.3,76.0,291.8
2024-12-23 01:00:00,Jahangirpuri,28.7327,77.1707,122.9,123.9,1260.0,30.0,38.4,62.0,302.5
2024-12-23 02:00:00,Jahangirpuri,28.7327,77.1707,137.4,138.8,1538.0,45.4,44.1,44.0,313.6
2024-12-23 03:00:00,Jahangirpuri,28.7327,77.1707,156.9,157.9,1685.0,55.4,47.6,36.0,328.6
2024-12-23 04:00:00,Jahangirpuri,28.7327,77.1707,149.9,150.9,1589.0,55.4,47.0,47.0,323.2
2024-12-23 05:00:00,Jahangirpuri,28.7327,77.1707,145.8,146.7,1362.0,50.2,44.4,69.0,320.0
2024-12-23 06:00:00,Jahangirpuri,28.7327,77.1707,143.9,145.3,1144.0,44.2,42.1,89.0,318.6
2024-12-23 07:00:00,Jahangirpuri,28.7327,77.1707,131.3,132.7,962.0,38.0,41.1,106.0,308.9
2024-12-23 08:00:00,Jahangirpuri,28.7327,77.1707,116.6,118.3,789.0,31.0,40.5,122.0,288.4
2024-12-23 09:00:00,Jahangirpuri,28.7327,77.1707,110.8,112.5,684.0,26.8,40.0,130.0,268.6
2024-12-23 10:00:00,Jahangirpuri,28.7327,77.1707,105.9,107.8,700.0,27.8,39.9,127.0,251.9
2024-12-23 11:00:00,Jahangirpuri,28.7327,77.1707,100.8,102.4,784.0,31.5,40.1,116.0,234.5
2024-12-23 12:00:00,Jahangirpuri,28.7327,77.1707,129.9,131.8,837.0,38.6,38.7,106.0,307.8
2024-12-23 13:00:00,Jahangirpuri,28.7327,77.1707,123.9,126.2,811.0,36.8,39.4,98.0,303.2
2024-12-23 14:00:00,Jahangirpuri,28.7327,77.1707,120.1,122.0,753.0,34.3,40.4,86.0,500.0
2024-12-23 15:00:00,Jahangirpuri,28.7327,77.1707,116.6,118.5,714.0,32.8,41.0,75.0,288.4
2024-12-23 16:00:00,Jahangirpuri,28.7327,77.1707,114.6,116.4,717.0,33.4,41.2,66.0,281.6
2024-12-23 17:00:00,Jahangirpuri,28.7327,77.1707,115.7,117.8,739.0,34.9,41.2,59.0,285.3
2024-12-23 18:00:00,Jahangirpuri,28.7327,77.1707,116.6,118.5,751.0,35.1,40.2,53.0,288.4
2024-12-23 19:00:00,Jahangirpuri,28.7327,77.1707,113.9,115.7,742.0,32.4,37.9,51.0,279.2
2024-12-23 20:00:00,Jahangirpuri,28.7327,77.1707,110.6,112.7,723.0,28.3,34.7,52.0,267.9
2024-12-23 21:00:00,Jahangirpuri,28.7327,77.1707,109.7,111.8,707.0,25.1,31.7,51.0,264.8
2024-12-23 22:00:00,Jahangirpuri,28.7327,77.1707,108.5,110.4,690.0,23.2,28.9,47.0,260.7
2024-12-23 23:00:00,Jahangirpuri,28.7327,77.1707,105.7,107.3,676.0,22.1,26.3,43.0,251.2
2024-12-24 00:00:00,Jahangirpuri,28.7327,77.1707,83.1,85.0,679.0,17.2,17.5,60.0,176.4
2024-12-24 01:00:00,Jahangirpuri,28.7327,77.1707,84.5,86.4,723.0,24.2,20.1,54.0,181.2
2024-12-24 02:00:00,Jahangirpuri,28.7327,77.1707,93.1,95.0,786.0,33.6,23.6,47.0,208.2
2024-12-24 03:00:00,Jahangirpuri,28.7327,77.1707,102.9,105.0,816.0,38.9,26.5,49.0,241.6
2024-12-24 04:00:00,Jahangirpuri,28.7327,77.1707,108.0,109.9,783.0,36.2,27.7,68.0,259.0
2024-12-24 05:00:00,Jahangirpuri,28.7327,77.1707,106.9,109.2,718.0,29.6,28.2,97.0,255.3
2024-12-24 06:00:00,Jahangirpuri,28.7327,77.1707,102.7,105.7,663.0,24.2,29.6,121.0,240.9
2024-12-24 07:00:00,Jahangirpuri,28.7327,77.1707,106.4,109.7,588.0,19.6,32.0,138.0,253.6
2024-12-24 08:00:00,Jahangirpuri,28.7327,77.1707,107.1,110.6,523.0,16.3,35.3,151.0,256.0
2024-12-24 09:00:00,Jahangirpuri,28.7327,77.1707,107.8,111.1,604.0,21.6,40.0,150.0,258.4
2024-12-24 10:00:00,Jahangirpuri,28.7327,77.1707,108.7,111.8,932.0,43.5,46.5,126.0,261.4
2024-12-24 11:00:00,Jahangirpuri,28.7327,77.1707,119.7,122.0,1405.0,73.9,54.6,88.0,299.0
2024-12-24 12:00:00,Jahangirpuri,28.7327,77.1707,134.1,136.0,1855.0,77.1,46.7,62.0,311.1
2024-12-24 13:00:00,Jahangirpuri,28.7327,77.1707,142.5,143.9,2224.0,74.5,46.8,56.0,317.5
2024-12-24 14:00:00,Jahangirpuri,28.7327,77.1707,141.6,143.0,2570.0,70.5,46.6,47.0,316.8
2024-12-24 15:00:00,Jahangirpuri,28.7327,77.1707,131.8,133.2,2898.0,65.0,44.8,41.0,309.3
2024-12-24 16:00:00,Jahangirpuri,28.7327,77.1707,120.1,121.5,3282.0,56.9,40.0,39.0,500.0
2024-12-24 17:00:00,Jahangirpuri,28.7327,77.1707,111.8,112.9,3648.0,47.2,33.5,38.0,272.0
2024-12-24 18:00:00,Jahangirpuri,28.7327,77.1707,105.5,106.6,3776.0,39.0,28.0,38.0,250.5
2024-12-24 19:00:00,Jahangirpuri,28.7327,77.1707,100.4,101.5,3513.0,33.3,24.3,37.0,233.1
2024-12-24 20:00:00,Jahangirpuri,28.7327,77.1707,98.0,99.4,3012.0,29.1,21.5,37.0,224.9
2024-12-24 21:00:00,Jahangirpuri,28.7327,77.1707,98.0,99.2,2518.0,26.1,19.5,36.0,224.9
2024-12-24 22:00:00,Jahangirpuri,28.7327,77.1707,98.7,100.1,2048.0,24.0,18.1,35.0,227.3
2024-12-24 23:00:00,Jahangirpuri,28.7327,77.1707,99.7,101.0,1585.0,23.2,17.5,34.0,230.7
2024-12-25 00:00:00,Jahangirpuri,28.7327,77.1707,94.3,95.7,1320.0,21.1,16.8,39.0,212.3
2024-12-25 01:00:00,Jahangirpuri,28.7327,77.1707,101.0,102.4,1432.0,28.4,23.0,31.0,235.1
2024-12-25 02:00:00,Jahangirpuri,28.7327,77.1707,118.0,119.7,1743.0,38.3,31.4,21.0,293.2
2024-12-25 03:00:00,Jahangirpuri,28.7327,77.1707,134.6,136.0,1909.0,43.8,37.2,24.0,311.4
2024-12-25 04:00:00,Jahangirpuri,28.7327,77.1707,128.1,129.0,1761.0,41.0,37.0,52.0,306.4
2024-12-25 05:00:00,Jahangirpuri,28.7327,77.1707,119.7,121.1,1468.0,33.8,34.0,93.0,299.0
2024-12-25 06:00:00,Jahangirpuri,28.7327,77.1707,95.7,97.6,1196.0,27.4,33.3,126.0,217.0
2024-12-25 07:00:00,Jahangirpuri,28.7327,77.1707,87.8,90.1,974.0,22.1,37.7,147.0,192.5
2024-12-25 08:00:00,Jahangirpuri,28.7327,77.1707,91.7,94.1,773.0,17.5,44.4,161.0,203.4
2024-12-25 09:00:00,Jahangirpuri,28.7327,77.1707,94.1,96.4,676.0,18.3,49.3,162.0,211.6
2024-12-25 10:00:00,Jahangirpuri,28.7327,77.1707,94.5,96.9,734.0,28.6,50.3,143.0,212.9
2024-12-25 11:00:00,Jahangirpuri,28.7327,77.1707,100.1,102.0,896.0,44.2,49.5,111.0,232.1
2024-12-25 12:00:00,Jahangirpuri,28.7327,77.1707,133.2,135.0,1090.0,57.4,47.5,74.0,310.4
2024-12-25 13:00:00,Jahangirpuri,28.7327,77.1707,144.4,146.2,1340.0,61.4,50.0,61.0,319.0
2024-12-25 14:00:00,Jahangirpuri,28.7327,77.1707,151.8,153.2,1622.0,66.8,53.5,43.0,324.6
2024-12-25 15:00:00,Jahangirpuri,28.7327,77.1707,160.7,161.6,1796.0,70.3,56.4,29.0,331.5
2024-12-25 16:00:00,Jahangirpuri,28.7327,77.1707,167.6,169.0,1778.0,70.0,58.6,23.0,336.8
2024-12-25 17:00:00,Jahangirpuri,28.7327,77.1707,174.6,176.0,1652.0,67.8,60.2,20.0,342.1
2024-12-25 18:00:00,Jahangirpuri,28.7327,77.1707,178.3,179.3,1528.0,65.3,60.1,18.0,345.0
2024-12-25 19:00:00,Jahangirpuri,28.7327,77.1707,179.3,180.2,1438.0,63.3,57.0,15.0,345.7
2024-12-25 20:00:00,Jahangirpuri,28.7327,77.1707,179.7,180.7,1352.0,61.1,52.2,13.0,346.0
2024-12-25 21:00:00,Jahangirpuri,28.7327,77.1707,178.8,180.2,1285.0,58.4,48.2,12.0,345.4
2024-12-25 22:00:00,Jahangirpuri,28.7327,77.1707,175.6,176.5,1216.0,54.2,45.6,13.0,342.9
2024-12-25 23:00:00,Jahangirpuri,28.7327,77.1707,170.0,170.9,1166.0,49.6,43.8,15.0,338.6
2024-12-26 00:00:00,Jahangirpuri,28.7327,77.1707,182.5,183.9,1222.0,48.6,39.7,9.0,348.2
2024-12-26 01:00:00,Jahangirpuri,28.7327,77.1707,173.7,174.6,1506.0,48.1,42.1,6.0,341.4
2024-12-26 02:00:00,Jahangirpuri,28.7327,77.1707,186.3,187.2,1895.0,47.3,45.4,4.0,351.1
2024-12-26 03:00:00,Jahangirpuri,28.7327,77.1707,192.3,192.8,2108.0,45.7,47.9,16.0,355.7
2024-12-26 04:00:00,Jahangirpuri,28.7327,77.1707,192.3,192.8,1992.0,43.1,48.3,56.0,355.7
2024-12-26 05:00:00,Jahangirpuri,28.7327,77.1707,180.2,180.7,1699.0,39.7,47.8,110.0,346.4
2024-12-26 06:00:00,Jahangirpuri,28.7327,77.1707,146.7,147.6,1411.0,36.2,48.4,151.0,320.7
2024-12-26 07:00:00,Jahangirpuri,28.7327,77.1707,100.1,101.3,1144.0,29.2,50.5,172.0,232.1
2024-12-26 08:00:00,Jahangirpuri,28.7327,77.1707,80.6,82.0,882.0,22.0,53.7,180.0,167.9
2024-12-26 09:00:00,Jahangirpuri,28.7327,77.1707,75.9,77.5,749.0,25.3,58.1,174.0,151.9
2024-12-26 10:00:00,Jahangirpuri,28.7327,77.1707,75.4,77.5,840.0,48.6,64.3,147.0,150.2
2024-12-26 11:00:00,Jahangirpuri,28.7327,77.1707,88.2,89.9,1061.0,82.5,71.7,106.0,193.9
2024-12-26 12:00:00,Jahangirpuri,28.7327,77.1707,139.2,142.0,1258.0,103.4,69.3,63.0,315.0
2024-12-26 13:00:00,Jahangirpuri,28.7327,77.1707,170.4,172.8,1371.0,109.4,75.6,49.0,338.9
2024-12-26 14:00:00,Jahangirpuri,28.7327,77.1707,190.9,193.2,1460.0,117.5,84.2,29.0,354.6
2024-12-26 15:00:00,Jahangirpuri,28.7327,77.1707,212.3,214.7,1552.0,122.3,89.2,15.0,371.1
2024-12-26 16:00:00,Jahangirpuri,28.7327,77.1707,230.0,232.8,1685.0,121.7,88.6,10.0,384.7
2024-12-26 17:00:00,Jahangirpuri,28.7327,77.1707,235.6,238.4,1819.0,117.7,84.6,11.0,388.9
2024-12-26 18:00:00,Jahangirpuri,28.7327,77.1707,220.3,223.1,1866.0,110.9,77.5,13.0,377.2
2024-12-26 19:00:00,Jahangirpuri,28.7327,77.1707,205.8,208.2,1759.0,99.6,65.4,17.0,366.1
2024-12-26 20:00:00,Jahangirpuri,28.7327,77.1707,185.8,187.7,1564.0,85.4,50.4,23.0,350.7
2024-12-26 21:00:00,Jahangirpuri,28.7327,77.1707,162.1,164.4,1387.0,73.9,38.7,28.0,332.5
2024-12-26 22:00:00,Jahangirpuri,28.7327,77.1707,145.3,147.1,1265.0,67.3,33.4,31.0,319.6
2024-12-26 23:00:00,Jahangirpuri,28.7327,77.1707,144.4,146.7,1162.0,63.4,31.6,33.0,319.0
2024-12-27 00:00:00,Jahangirpuri,28.7327,77.1707,146.2,148.1,1077.0,71.4,44.3,25.0,320.3
2024-12-27 01:00:00,Jahangirpuri,28.7327,77.1707,130.9,132.7,1022.0,68.8,45.3,26.0,308.6
2024-12-27 02:00:00,Jahangirpuri,28.7327,77.1707,138.8,140.6,985.0,64.9,46.4,28.0,314.7
2024-12-27 03:00:00,Jahangirpuri,28.7327,77.1707,140.6,142.0,927.0,60.3,45.4,33.0,316.0
2024-12-27 04:00:00,Jahangirpuri,28.7327,77.1707,138.8,140.2,815.0,54.6,40.6,45.0,314.7
2024-12-27 05:00:00,Jahangirpuri,28.7327,77.1707,117.6,119.2,682.0,48.2,33.8,60.0,291.8
2024-12-27 06:00:00,Jahangirpuri,28.7327,77.1707,97.8,99.7,586.0,42.2,27.9,72.0,224.2
2024-12-27 07:00:00,Jahangirpuri,28.7327,77.1707,94.5,97.1,558.0,36.6,24.2,77.0,212.9
2024-12-27 08:00:00,Jahangirpuri,28.7327,77.1707,91.5,93.8,567.0,31.4,21.5,79.0,202.7
2024-12-27 09:00:00,Jahangirpuri,28.7327,77.1707,89.4,91.3,580.0,28.1,19.3,79.0,198.0
2024-12-27 10:00:00,Jahangirpuri,28.7327,77.1707,85.4,87.1,588.0,28.0,17.3,78.0,184.3
2024-12-27 11:00:00,Jahangirpuri,28.7327,77.1707,80.6,82.0,600.0,29.8,15.9,75.0,167.9
2024-12-27 12:00:00,Jahangirpuri,28.7327,77.1707,94.3,96.6,607.0,36.8,16.6,64.0,212.3
2024-12-27 13:00:00,Jahangirpuri,28.7327,77.1707,93.6,95.7,605.0,35.2,17.7,64.0,209.9
2024-12-27 14:00:00,Jahangirpuri,28.7327,77.1707,96.6,98.7,600.0,32.8,19.2,64.0,220.1
2024-12-27 15:00:00,Jahangirpuri,28.7327,77.1707,98.3,100.4,597.0,30.6,20.6,65.0,225.9
2024-12-27 16:00:00,Jahangirpuri,28.7327,77.1707,102.2,104.5,610.0,28.8,21.7,66.0,239.2
2024-12-27 17:00:00,Jahangirpuri,28.7327,77.1707,106.9,109.2,626.0,27.1,22.6,68.0,255.3
2024-12-27 18:00:00,Jahangirpuri,28.7327,77.1707,104.3,106.6,614.0,25.5,23.2,68.0,246.4
2024-12-27 19:00:00,Jahangirpuri,28.7327,77.1707,100.8,103.1,543.0,23.7,23.1,66.0,234.5
2024-12-27 20:00:00,Jahangirpuri,28.7327,77.1707,100.4,102.7,445.0,21.9,22.5,63.0,233.1
2024-12-27 21:00:00,Jahangirpuri,28.7327,77.1707,99.9,102.0,382.0,20.9,22.3,60.0,231.4
2024-12-27 22:00:00,Jahangirpuri,28.7327,77.1707,96.2,98.0,354.0,20.3,22.0,57.0,218.8
2024-12-27 23:00:00,Jahangirpuri,28.7327,77.1707,91.7,93.6,363.0,20.6,22.0,55.0,203.4
2024-12-28 00:00:00,Jahangirpuri,28.7327,77.1707,82.0,84.1,473.0,17.1,21.0,66.0,172.7
2024-12-28 01:00:00,Jahangirpuri,28.7327,77.1707,82.4,84.5,807.0,29.8,29.6,55.0,174.1
2024-12-28 02:00:00,Jahangirpuri,28.7327,77.1707,105.2,107.6,1242.0,46.9,41.4,40.0,249.5
2024-12-28 03:00:00,Jahangirpuri,28.7327,77.1707,125.3,127.6,1481.0,57.7,50.5,34.0,304.3
2024-12-28 04:00:00,Jahangirpuri,28.7327,77.1707,112.0,113.9,1333.0,55.7,53.9,45.0,272.7
2024-12-28 05:00:00,Jahangirpuri,28.7327,77.1707,103.8,105.9,989.0,47.2,54.5,65.0,244.7
2024-12-28 06:00:00,Jahangirpuri,28.7327,77.1707,99.9,102.0,719.0,40.6,55.2,80.0,231.4
2024-12-28 07:00:00,Jahangirpuri,28.7327,77.1707,99.0,101.0,614.0,38.2,57.3,87.0,228.3
2024-12-28 08:00:00,Jahangirpuri,28.7327,77.1707,97.3,99.4,583.0,37.6,59.5,91.0,222.5
2024-12-28 09:00:00,Jahangirpuri,28.7327,77.1707,95.2,97.1,627.0,40.3,61.1,88.0,215.3
2024-12-28 10:00:00,Jahangirpuri,28.7327,77.1707,91.5,93.1,761.0,48.5,61.5,77.0,202.7
2024-12-28 11:00:00,Jahangirpuri,28.7327,77.1707,95.9,97.6,969.0,59.9,61.3,59.0,217.7
2024-12-28 12:00:00,Jahangirpuri,28.7327,77.1707,128.5,130.4,1204.0,67.4,56.8,47.0,306.8
2024-12-28 13:00:00,Jahangirpuri,28.7327,77.1707,149.5,151.3,1504.0,67.0,55.3,42.0,322.9
2024-12-28 14:00:00,Jahangirpuri,28.7327,77.1707,155.1,156.5,1830.0,66.3,53.0,35.0,327.2
2024-12-28 15:00:00,Jahangirpuri,28.7327,77.1707,150.9,152.3,2023.0,63.9,49.9,30.0,323.9
2024-12-28 16:00:00,Jahangirpuri,28.7327,77.1707,146.7,147.6,1995.0,59.2,45.4,28.0,320.7
2024-12-28 17:00:00,Jahangirpuri,28.7327,77.1707,145.8,147.1,1834.0,52.8,40.1,28.0,320.0
2024-12-28 18:00:00,Jahangirpuri,28.7327,77.1707,143.0,143.9,1637.0,45.9,35.0,29.0,317.9
2024-12-28 19:00:00,Jahangirpuri,28.7327,77.1707,132.7,133.6,1399.0,37.9,30.3,32.0,310.0
2024-12-28 20:00:00,Jahangirpuri,28.7327,77.1707,122.9,123.9,1126.0,29.3,25.9,36.0,302.5
2024-12-28 21:00:00,Jahangirpuri,28.7327,77.1707,114.8,115.7,933.0,22.6,22.7,40.0,282.2
2024-12-28 22:00:00,Jahangirpuri,28.7327,77.1707,106.9,107.8,884.0,18.5,21.0,43.0,255.3
2024-12-28 23:00:00,Jahangirpuri,28.7327,77.1707,99.2,99.9,915.0,16.4,20.5,45.0,229.0
2024-12-29 00:00:00,Jahangirpuri,28.7327,77.1707,122.5,123.4,950.0,23.8,21.8,31.0,302.2
2024-12-29 01:00:00,Jahangirpuri,28.7327,77.1707,113.4,114.3,975.0,26.1,23.5,31.0,277.5
2024-12-29 02:00:00,Jahangirpuri,28.7327,77.1707,110.8,111.8,1004.0,29.2,25.9,32.0,268.6
2024-12-29 03:00:00,Jahangirpuri,28.7327,77.1707,110.6,111.5,1006.0,30.0,28.1,38.0,267.9
2024-12-29 04:00:00,Jahangirpuri,28.7327,77.1707,95.9,97.1,962.0,26.5,29.9,55.0,217.7
2024-12-29 05:00:00,Jahangirpuri,28.7327,77.1707,85.0,86.4,890.0,20.7,31.5,77.0,182.9
2024-12-29 06:00:00,Jahangirpuri,28.7327,77.1707,73.1,74.7,816.0,16.2,32.5,95.0,142.3
2024-12-29 07:00:00,Jahangirpuri,28.7327,77.1707,66.8,68.5,724.0,13.7,32.4,108.0,120.8
2024-12-29 08:00:00,Jahangirpuri,28.7327,77.1707,64.0,65.9,630.0,12.4,31.7,117.0,111.2
2024-12-29 09:00:00,Jahangirpuri,28.7327,77.1707,63.3,65.0,602.0,14.0,31.2,118.0,108.9
2024-12-29 10:00:00,Jahangirpuri,28.7327,77.1707,60.3,62.2,698.0,20.1,30.9,108.0,500.0
2024-12-29 11:00:00,Jahangirpuri,28.7327,77.1707,61.5,63.3,860.0,29.1,30.7,90.0,102.7
2024-12-29 12:00:00,Jahangirpuri,28.7327,77.1707,90.6,92.2,987.0,35.4,32.7,65.0,500.0
2024-12-29 13:00:00,Jahangirpuri,28.7327,77.1707,96.2,97.6,1044.0,36.6,32.5,58.0,218.8
2024-12-29 14:00:00,Jahangirpuri,28.7327,77.1707,96.2,97.1,1066.0,38.2,32.2,50.0,218.8
2024-12-29 15:00:00,Jahangirpuri,28.7327,77.1707,95.0,95.7,1059.0,38.0,31.1,44.0,214.7
2024-12-29 16:00:00,Jahangirpuri,28.7327,77.1707,92.2,92.9,1014.0,34.9,28.7,45.0,205.1
2024-12-29 17:00:00,Jahangirpuri,28.7327,77.1707,90.6,91.3,940.0,30.1,25.5,48.0,500.0
2024-12-29 18:00:00,Jahangirpuri,28.7327,77.1707,89.2,89.9,867.0,25.5,22.7,52.0,197.3
2024-12-29 19:00:00,Jahangirpuri,28.7327,77.1707,85.4,85.9,795.0,21.6,20.4,55.0,184.3
2024-12-29 20:00:00,Jahangirpuri,28.7327,77.1707,82.9,83.6,724.0,18.0,18.3,57.0,175.8
2024-12-29 21:00:00,Jahangirpuri,28.7327,77.1707,80.8,81.3,686.0,15.2,17.2,59.0,168.6
2024-12-29 22:00:00,Jahangirpuri,28.7327,77.1707,78.7,79.2,701.0,13.2,17.1,61.0,161.4
2024-12-29 23:00:00,Jahangirpuri,28.7327,77.1707,77.1,77.3,749.0,12.1,18.0,62.0,156.0
2024-12-30 00:00:00,Jahangirpuri,28.7327,77.1707,77.3,77.8,806.0,12.9,18.5,61.0,156.6
2024-12-30 01:00:00,Jahangirpuri,28.7327,77.1707,75.4,75.7,876.0,17.0,21.4,58.0,150.2
2024-12-30 02:00:00,Jahangirpuri,28.7327,77.1707,77.5,77.8,955.0,22.6,25.5,55.0,157.3
2024-12-30 03:00:00,Jahangirpuri,28.7327,77.1707,79.4,79.6,999.0,25.6,29.1,60.0,163.8
2024-12-30 04:00:00,Jahangirpuri,28.7327,77.1707,76.8,77.1,981.0,23.6,31.9,79.0,154.9
2024-12-30 05:00:00,Jahangirpuri,28.7327,77.1707,76.1,76.4,928.0,19.1,34.2,107.0,152.5
2024-12-30 06:00:00,Jahangirpuri,28.7327,77.1707,75.2,75.4,885.0,15.3,35.5,130.0,149.5
2024-12-30 07:00:00,Jahangirpuri,28.7327,77.1707,71.2,71.5,850.0,12.4,35.4,148.0,135.8
2024-12-30 08:00:00,Jahangirpuri,28.7327,77.1707,63.1,63.3,824.0,10.2,34.4,163.0,108.2
2024-12-30 09:00:00,Jahangirpuri,28.7327,77.1707,56.0,56.2,851.0,11.6,33.4,166.0,93.2
2024-12-30 10:00:00,Jahangirpuri,28.7327,77.1707,51.5,51.8,969.0,18.8,32.4,150.0,85.6
2024-12-30 11:00:00,Jahangirpuri,28.7327,77.1707,52.3,52.5,1140.0,29.6,31.4,122.0,87.0
2024-12-30 12:00:00,Jahangirpuri,28.7327,77.1707,96.2,97.3,1289.0,49.6,38.3,83.0,218.8
2024-12-30 13:00:00,Jahangirpuri,28.7327,77.1707,108.5,109.7,1397.0,55.3,40.6,69.0,260.7
2024-12-30 14:00:00,Jahangirpuri,28.7327,77.1707,118.0,119.0,1483.0,63.0,43.7,49.0,293.2
2024-12-30 15:00:00,Jahangirpuri,28.7327,77.1707,127.1,128.1,1526.0,67.8,46.2,34.0,305.7
2024-12-30 16:00:00,Jahangirpuri,28.7327,77.1707,136.0,136.9,1512.0,67.7,47.9,28.0,312.5
2024-12-30 17:00:00,Jahangirpuri,28.7327,77.1707,143.9,144.8,1455.0,64.8,48.9,26.0,318.6
2024-12-30 18:00:00,Jahangirpuri,28.7327,77.1707,145.8,147.1,1382.0,60.3,47.7,26.0,320.0
2024-12-30 19:00:00,Jahangirpuri,28.7327,77.1707,140.2,141.1,1286.0,53.9,42.6,29.0,315.7
2024-12-30 20:00:00,Jahangirpuri,28.7327,77.1707,135.0,136.4,1175.0,45.8,35.2,34.0,311.7
2024-12-30 21:00:00,Jahangirpuri,28.7327,77.1707,131.8,133.2,1095.0,38.2,29.3,39.0,309.3
2024-12-30 22:00:00,Jahangirpuri,28.7327,77.1707,127.6,129.0,1064.0,30.3,25.8,45.0,306.1
2024-12-30 23:00:00,Jahangirpuri,28.7327,77.1707,125.7,127.1,1064.0,22.8,23.7,52.0,304.6
2024-12-31 00:00:00,Jahangirpuri,28.7327,77.1707,162.5,164.4,1091.0,33.1,26.2,33.0,332.8
2024-12-31 01:00:00,Jahangirpuri,28.7327,77.1707,156.0,157.9,1166.0,33.5,28.1,35.0,327.9
2024-12-31 02:00:00,Jahangirpuri,28.7327,77.1707,158.3,159.7,1267.0,33.8,30.7,39.0,329.6
2024-12-31 03:00:00,Jahangirpuri,28.7327,77.1707,151.3,153.2,1329.0,32.6,33.6,48.0,324.3
2024-12-31 04:00:00,Jahangirpuri,28.7327,77.1707,141.6,143.4,1319.0,28.4,36.8,67.0,316.8
2024-12-31 05:00:00,Jahangirpuri,28.7327,77.1707,126.7,129.0,1270.0,22.8,40.1,92.0,305.4
2024-12-31 06:00:00,Jahangirpuri,28.7327,77.1707,108.7,111.3,1210.0,18.6,42.8,113.0,261.4
2024-12-31 07:00:00,Jahangirpuri,28.7327,77.1707,103.8,106.4,1115.0,16.0,44.4,130.0,244.7
2024-12-31 08:00:00,Jahangirpuri,28.7327,77.1707,99.2,101.7,1009.0,14.9,45.4,143.0,229.0
2024-12-31 09:00:00,Jahangirpuri,28.7327,77.1707,96.4,99.0,1001.0,17.8,46.1,145.0,219.4
2024-12-31 10:00:00,Jahangirpuri,28.7327,77.1707,93.8,96.4,1147.0,27.4,46.2,130.0,210.6
2024-12-31 11:00:00,Jahangirpuri,28.7327,77.1707,94.5,97.1,1390.0,41.0,46.0,105.0,212.9
2024-12-31 12:00:00,Jahangirpuri,28.7327,77.1707,149.9,153.2,1668.0,65.5,63.9,76.0,323.2
2024-12-31 13:00:00,Jahangirpuri,28.7327,77.1707,175.1,178.3,2024.0,72.7,66.4,60.0,342.5
2024-12-31 14:00:00,Jahangirpuri,28.7327,77.1707,193.2,196.5,2414.0,82.4,69.6,39.0,356.4
2024-12-31 15:00:00,Jahangirpuri,28.7327,77.1707,200.2,203.0,2644.0,87.4,70.7,23.0,361.8
2024-12-31 16:00:00,Jahangirpuri,28.7327,77.1707,200.2,203.5,2602.0,84.3,68.5,19.0,361.8
2024-12-31 17:00:00,Jahangirpuri,28.7327,77.1707,204.0,206.8,2400.0,76.5,64.1,21.0,364.7
2024-12-31 18:00:00,Jahangirpuri,28.7327,77.1707,199.3,202.1,2178.0,67.3,58.1,25.0,361.1
2024-12-31 19:00:00,Jahangirpuri,28.7327,77.1707,185.8,188.6,1960.0,56.7,49.7,31.0,350.7
2024-12-31 20:00:00,Jahangirpuri,28.7327,77.1707,174.6,177.4,1724.0,44.8,39.7,39.0,342.1
2024-12-31 21:00:00,Jahangirpuri,28.7327,77.1707,164.4,166.7,1539.0,34.6,31.5,46.0,334.3
2024-12-31 22:00:00,Jahangirpuri,28.7327,77.1707,156.5,158.8,1435.0,26.7,26.0,52.0,328.2
2024-12-31 23:00:00,Jahangirpuri,28.7327,77.1707,149.5,151.8,1382.0,20.6,22.3,57.0,322.9
2024-12-19 12:00:00,JLN Stadium,28.5833,77.2425,145.3,147.6,1381.0,73.3,58.6,95.0,319.6
2024-12-19 13:00:00,JLN Stadium,28.5833,77.2425,167.6,169.5,1597.0,83.3,62.5,76.0,336.8
2024-12-19 14:00:00,JLN Stadium,28.5833,77.2425,186.7,189.1,1804.0,96.9,67.8,49.0,351.4
2024-12-19 15:00:00,JLN Stadium,28.5833,77.2425,199.3,201.6,1938.0,105.5,71.0,29.0,361.1
2024-12-19 16:00:00,JLN Stadium,28.5833,77.2425,206.8,209.1,1966.0,105.0,70.7,21.0,366.8
2024-12-19 17:00:00,JLN Stadium,28.5833,77.2425,212.8,214.7,1921.0,99.5,68.4,20.0,371.5
2024-12-19 18:00:00,JLN Stadium,28.5833,77.2425,212.3,214.2,1839.0,92.5,64.7,20.0,371.1
2024-12-19 19:00:00,JLN Stadium,28.5833,77.2425,204.9,207.2,1703.0,84.7,59.1,21.0,365.4
2024-12-19 20:00:00,JLN Stadium,28.5833,77.2425,197.0,198.8,1530.0,75.5,52.1,24.0,359.3
2024-12-19 21:00:00,JLN Stadium,28.5833,77.2425,187.2,189.1,1403.0,66.3,46.3,28.0,351.8
2024-12-19 22:00:00,JLN Stadium,28.5833,77.2425,177.0,178.8,1330.0,55.7,42.0,34.0,344.0
2024-12-19 23:00:00,JLN Stadium,28.5833,77.2425,168.6,170.0,1304.0,45.1,38.9,40.0,337.5
2024-12-20 00:00:00,JLN Stadium,28.5833,77.2425,138.8,140.2,1387.0,22.4,33.8,68.0,314.7
2024-12-20 01:00:00,JLN Stadium,28.5833,77.2425,144.4,146.2,1719.0,36.0,40.6,54.0,319.0
2024-12-20 02:00:00,JLN Stadium,28.5833,77.2425,161.6,163.0,2160.0,54.4,50.1,36.0,332.2
2024-12-20 03:00:00,JLN Stadium,28.5833,77.2425,174.2,175.6,2355.0,64.3,56.8,37.0,341.8
2024-12-20 04:00:00,JLN Stadium,28.5833,77.2425,163.9,164.8,2071.0,57.7,57.7,74.0,333.9
2024-12-20 05:00:00,JLN Stadium,28.5833,77.2425,150.9,152.3,1542.0,42.8,56.0,129.0,323.9
2024-12-20 06:00:00,JLN Stadium,28.5833,77.2425,126.7,129.0,1112.0,31.0,55.9,174.0,305.4
2024-12-20 07:00:00,JLN Stadium,28.5833,77.2425,109.9,112.2,899.0,24.6,59.3,199.0,265.5
2024-12-20 08:00:00,JLN Stadium,28.5833,77.2425,100.8,103.4,787.0,21.5,64.2,214.0,234.5
2024-12-20 09:00:00,JLN Stadium,28.5833,77.2425,98.7,101.3,768.0,26.4,69.1,213.0,227.3
2024-12-20 10:00:00,JLN Stadium,28.5833,77.2425,98.3,100.6,889.0,46.1,73.7,189.0,225.9
2024-12-20 11:00:00,JLN Stadium,28.5833,77.2425,114.6,116.4,1105.0,73.8,78.1,149.0,281.6
2024-12-20 12:00:00,JLN Stadium,28.5833,77.2425,149.0,150.9,1272.0,94.5,71.7,100.0,322.5
2024-12-20 13:00:00,JLN Stadium,28.5833,77.2425,167.2,169.5,1332.0,96.0,74.3,84.0,336.5
2024-12-20 14:00:00,JLN Stadium,28.5833,77.2425,174.2,176.0,1343.0,97.6,77.7,61.0,341.8
2024-12-20 15:00:00,JLN Stadium,28.5833,77.2425,170.9,172.8,1336.0,95.1,78.1,44.0,339.3
2024-12-20 16:00:00,JLN Stadium,28.5833,77.2425,165.8,167.2,1316.0,85.4,73.2,39.0,335.4
2024-12-20 17:00:00,JLN Stadium,28.5833,77.2425,159.3,160.7,1278.0,71.7,65.3,39.0,330.4
2024-12-20 18:00:00,JLN Stadium,28.5833,77.2425,150.9,152.3,1234.0,59.0,57.9,40.0,323.9
2024-12-20 19:00:00,JLN Stadium,28.5833,77.2425,142.0,143.4,1182.0,48.7,51.7,41.0,317.1
2024-12-20 20:00:00,JLN Stadium,28.5833,77.2425,136.0,136.9,1123.0,39.5,45.8,43.0,312.5
2024-12-20 21:00:00,JLN Stadium,28.5833,77.2425,131.3,132.2,1078.0,32.3,41.6,44.0,308.9
2024-12-20 22:00:00,JLN Stadium,28.5833,77.2425,127.6,128.5,1019.0,27.2,39.5,44.0,306.1
2024-12-20 23:00:00,JLN Stadium,28.5833,77.2425,124.3,125.3,974.0,24.1,38.9,44.0,303.5
2024-12-21 00:00:00,JLN Stadium,28.5833,77.2425,131.8,132.7,1038.0,31.7,46.1,36.0,309.3
2024-12-21 01:00:00,JLN Stadium,28.5833,77.2425,137.4,138.3,1346.0,37.0,48.8,28.0,313.6
2024-12-21 02:00:00,JLN Stadium,28.5833,77.2425,149.0,149.9,1764.0,44.2,52.5,19.0,322.5
2024-12-21 03:00:00,JLN Stadium,28.5833,77.2425,153.7,154.6,1990.0,48.1,55.3,22.0,326.1
2024-12-21 04:00:00,JLN Stadium,28.5833,77.2425,150.4,151.3,1850.0,46.1,56.3,48.0,323.6
2024-12-21 05:00:00,JLN Stadium,28.5833,77.2425,144.8,145.8,1518.0,40.9,56.5,87.0,319.3
2024-12-21 06:00:00,JLN Stadium,28.5833,77.2425,135.5,136.4,1208.0,35.6,56.8,121.0,312.1
2024-12-21 07:00:00,JLN Stadium,28.5833,77.2425,116.9,118.3,958.0,28.5,57.8,149.0,289.4
2024-12-21 08:00:00,JLN Stadium,28.5833,77.2425,104.5,105.9,730.0,21.4,59.0,172.0,247.1
2024-12-21 09:00:00,JLN Stadium,28.5833,77.2425,99.0,100.6,628.0,22.2,59.7,179.0,228.3
2024-12-21 10:00:00,JLN Stadium,28.5833,77.2425,96.4,97.8,734.0,36.7,58.8,159.0,219.4
2024-12-21 11:00:00,JLN Stadium,28.5833,77.2425,106.6,107.8,966.0,59.2,57.5,122.0,254.3
2024-12-21 12:00:00,JLN Stadium,28.5833,77.2425,150.4,151.8,1181.0,80.6,65.2,86.0,323.6
2024-12-21 13:00:00,JLN Stadium,28.5833,77.2425,173.7,175.1,1340.0,93.9,70.0,64.0,341.4
2024-12-21 14:00:00,JLN Stadium,28.5833,77.2425,190.9,192.3,1483.0,112.0,76.6,33.0,354.6
2024-12-21 15:00:00,JLN Stadium,28.5833,77.2425,204.0,205.4,1584.0,124.0,82.2,10.0,364.7
2024-12-21 16:00:00,JLN Stadium,28.5833,77.2425,213.3,214.7,1629.0,124.1,86.0,1.0,371.8
2024-12-21 17:00:00,JLN Stadium,28.5833,77.2425,221.2,223.1,1631.0,118.1,88.6,0.0,377.9
2024-12-21 18:00:00,JLN Stadium,28.5833,77.2425,224.9,226.8,1609.0,112.0,89.5,0.0,380.7
2024-12-21 19:00:00,JLN Stadium,28.5833,77.2425,224.9,226.3,1544.0,108.0,88.0,0.0,380.7
2024-12-21 20:00:00,JLN Stadium,28.5833,77.2425,225.8,227.7,1454.0,103.9,84.7,0.0,381.4
2024-12-21 21:00:00,JLN Stadium,28.5833,77.2425,226.8,228.6,1413.0,99.3,80.6,0.0,382.2
2024-12-21 22:00:00,JLN Stadium,28.5833,77.2425,225.4,227.2,1369.0,93.7,74.6,0.0,381.1
2024-12-21 23:00:00,JLN Stadium,28.5833,77.2425,219.8,221.2,1374.0,87.6,67.8,1.0,376.8
2024-12-22 00:00:00,JLN Stadium,28.5833,77.2425,199.3,201.2,1654.0,84.7,62.1,4.0,361.1
2024-12-22 01:00:00,JLN Stadium,28.5833,77.2425,213.3,215.1,2587.0,83.9,67.0,0.0,371.8
2024-12-22 02:00:00,JLN Stadium,28.5833,77.2425,237.5,239.3,3796.0,82.2,73.8,0.0,390.4
2024-12-22 03:00:00,JLN Stadium,28.5833,77.2425,258.9,260.8,4372.0,76.5,78.2,9.0,404.5
2024-12-22 04:00:00,JLN Stadium,28.5833,77.2425,230.5,231.9,3716.0,63.5,78.9,49.0,385.0
2024-12-22 05:00:00,JLN Stadium,28.5833,77.2425,188.6,190.5,2428.0,46.5,77.2,105.0,352.9
2024-12-22 06:00:00,JLN Stadium,28.5833,77.2425,139.7,141.6,1397.0,32.4,73.6,148.0,315.4
2024-12-22 07:00:00,JLN Stadium,28.5833,77.2425,117.3,119.2,972.0,21.0,66.4,172.0,290.8
2024-12-22 08:00:00,JLN Stadium,28.5833,77.2425,104.8,106.6,806.0,12.5,57.2,185.0,248.1
2024-12-22 09:00:00,JLN Stadium,28.5833,77.2425,96.2,98.3,744.0,14.6,51.3,181.0,218.8
2024-12-22 10:00:00,JLN Stadium,28.5833,77.2425,90.6,92.7,756.0,35.1,51.2,152.0,500.0
2024-12-22 11:00:00,JLN Stadium,28.5833,77.2425,105.7,107.3,873.0,66.2,54.3,107.0,251.2
2024-12-22 12:00:00,JLN Stadium,28.5833,77.2425,141.6,143.4,1035.0,93.9,53.8,58.0,316.8
2024-12-22 13:00:00,JLN Stadium,28.5833,77.2425,171.8,173.2,1265.0,103.6,57.9,43.0,340.0
2024-12-22 14:00:00,JLN Stadium,28.5833,77.2425,189.1,190.9,1540.0,116.3,63.4,22.0,353.3
2024-12-22 15:00:00,JLN Stadium,28.5833,77.2425,195.1,196.5,1733.0,121.5,65.7,10.0,357.9
2024-12-22 16:00:00,JLN Stadium,28.5833,77.2425,192.3,194.2,1796.0,113.6,62.3,14.0,355.7
2024-12-22 17:00:00,JLN Stadium,28.5833,77.2425,190.0,191.4,1775.0,98.1,55.8,26.0,354.0
2024-12-22 18:00:00,JLN Stadium,28.5833,77.2425,176.0,177.9,1686.0,81.1,49.4,39.0,343.2
2024-12-22 19:00:00,JLN Stadium,28.5833,77.2425,156.0,157.4,1484.0,62.3,43.8,53.0,327.9
2024-12-22 20:00:00,JLN Stadium,28.5833,77.2425,137.4,138.8,1212.0,42.1,38.4,68.0,313.6
2024-12-22 21:00:00,JLN Stadium,28.5833,77.2425,129.9,131.3,1015.0,27.4,34.7,78.0,307.8
2024-12-22 22:00:00,JLN Stadium,28.5833,77.2425,129.5,130.9,933.0,20.3,33.2,80.0,307.5
2024-12-22 23:00:00,JLN Stadium,28.5833,77.2425,134.1,135.5,925.0,18.8,33.4,76.0,311.1
2024-12-23 00:00:00,JLN Stadium,28.5833,77.2425,113.2,114.3,1013.0,14.0,28.3,77.0,276.8
2024-12-23 01:00:00,JLN Stadium,28.5833,77.2425,121.1,122.5,1292.0,23.4,30.5,65.0,301.1
2024-12-23 02:00:00,JLN Stadium,28.5833,77.2425,134.6,136.4,1666.0,36.2,33.4,48.0,311.4
2024-12-23 03:00:00,JLN Stadium,28.5833,77.2425,145.3,146.7,1874.0,44.6,35.3,41.0,319.6
2024-12-23 04:00:00,JLN Stadium,28.5833,77.2425,143.0,143.9,1767.0,44.7,34.8,51.0,317.9
2024-12-23 05:00:00,JLN Stadium,28.5833,77.2425,136.9,138.3,1494.0,40.4,33.2,70.0,313.2
2024-12-23 06:00:00,JLN Stadium,28.5833,77.2425,133.2,134.6,1232.0,35.8,32.3,88.0,310.4
2024-12-23 07:00:00,JLN Stadium,28.5833,77.2425,122.0,123.9,1018.0,31.4,33.1,104.0,301.8
2024-12-23 08:00:00,JLN Stadium,28.5833,77.2425,109.7,111.5,815.0,26.8,34.7,120.0,264.8
2024-12-23 09:00:00,JLN Stadium,28.5833,77.2425,105.5,107.3,696.0,24.7,36.2,128.0,250.5
2024-12-23 10:00:00,JLN Stadium,28.5833,77.2425,103.6,105.2,721.0,27.4,37.4,123.0,244.0
2024-12-23 11:00:00,JLN Stadium,28.5833,77.2425,101.7,103.4,829.0,32.6,38.5,110.0,237.5
2024-12-23 12:00:00,JLN Stadium,28.5833,77.2425,129.0,130.9,910.0,41.6,39.9,98.0,307.1
2024-12-23 13:00:00,JLN Stadium,28.5833,77.2425,122.5,124.3,916.0,39.8,40.2,91.0,302.2
2024-12-23 14:00:00,JLN Stadium,28.5833,77.2425,121.1,122.9,895.0,37.2,40.6,82.0,301.1
2024-12-23 15:00:00,JLN Stadium,28.5833,77.2425,119.7,121.5,879.0,35.1,40.7,73.0,299.0
2024-12-23 16:00:00,JLN Stadium,28.5833,77.2425,118.5,120.6,886.0,34.3,40.7,67.0,294.9
2024-12-23 17:00:00,JLN Stadium,28.5833,77.2425,122.5,124.3,898.0,33.8,40.3,61.0,302.2
2024-12-23 18:00:00,JLN Stadium,28.5833,77.2425,120.1,122.0,894.0,32.3,38.8,58.0,500.0
2024-12-23 19:00:00,JLN Stadium,28.5833,77.2425,113.2,115.0,860.0,28.3,35.1,59.0,276.8
2024-12-23 20:00:00,JLN Stadium,28.5833,77.2425,108.0,110.1,811.0,23.2,30.3,62.0,259.0
2024-12-23 21:00:00,JLN Stadium,28.5833,77.2425,106.6,109.0,771.0,19.7,26.5,63.0,254.3
2024-12-23 22:00:00,JLN Stadium,28.5833,77.2425,107.6,109.9,735.0,18.4,24.5,61.0,257.7
2024-12-23 23:00:00,JLN Stadium,28.5833,77.2425,106.6,109.0,707.0,18.7,23.5,56.0,254.3
2024-12-24 00:00:00,JLN Stadium,28.5833,77.2425,90.3,92.2,727.0,17.2,16.7,59.0,500.0
2024-12-24 01:00:00,JLN Stadium,28.5833,77.2425,91.0,92.7,851.0,24.4,19.5,57.0,201.0
2024-12-24 02:00:00,JLN Stadium,28.5833,77.2425,97.6,99.2,1023.0,34.1,23.3,55.0,223.5
2024-12-24 03:00:00,JLN Stadium,28.5833,77.2425,105.5,107.6,1111.0,39.8,26.5,59.0,250.5
2024-12-24 04:00:00,JLN Stadium,28.5833,77.2425,112.5,114.1,1035.0,37.7,28.0,75.0,274.4
2024-12-24 05:00:00,JLN Stadium,28.5833,77.2425,108.5,110.8,875.0,31.6,28.9,98.0,260.7
2024-12-24 06:00:00,JLN Stadium,28.5833,77.2425,108.0,110.8,741.0,26.4,30.0,117.0,259.0
2024-12-24 07:00:00,JLN Stadium,28.5833,77.2425,108.7,111.5,644.0,20.8,31.4,132.0,261.4
2024-12-24 08:00:00,JLN Stadium,28.5833,77.2425,107.6,110.6,573.0,16.0,33.0,144.0,257.7
2024-12-24 09:00:00,JLN Stadium,28.5833,77.2425,107.8,110.8,605.0,20.5,36.3,143.0,258.4
2024-12-24 10:00:00,JLN Stadium,28.5833,77.2425,110.6,113.4,827.0,41.5,41.2,119.0,267.9
2024-12-24 11:00:00,JLN Stadium,28.5833,77.2425,126.7,129.5,1153.0,71.7,47.7,81.0,305.4
2024-12-24 12:00:00,JLN Stadium,28.5833,77.2425,140.2,142.0,1397.0,93.0,48.0,48.0,315.7
2024-12-24 13:00:00,JLN Stadium,28.5833,77.2425,159.7,161.1,1436.0,99.5,52.7,38.0,330.7
2024-12-24 14:00:00,JLN Stadium,28.5833,77.2425,167.2,168.6,1394.0,108.0,59.1,24.0,336.5
2024-12-24 15:00:00,JLN Stadium,28.5833,77.2425,165.8,167.2,1457.0,110.8,62.5,14.0,335.4
2024-12-24 16:00:00,JLN Stadium,28.5833,77.2425,159.7,161.1,1758.0,103.1,60.8,13.0,330.7
2024-12-24 17:00:00,JLN Stadium,28.5833,77.2425,149.0,150.4,2165.0,89.7,56.2,16.0,322.5
2024-12-24 18:00:00,JLN Stadium,28.5833,77.2425,137.8,139.2,2466.0,77.0,51.0,19.0,313.9
2024-12-24 19:00:00,JLN Stadium,28.5833,77.2425,128.1,129.0,2583.0,66.9,45.4,21.0,306.4
2024-12-24 20:00:00,JLN Stadium,28.5833,77.2425,120.1,121.1,2595.0,57.4,39.3,22.0,500.0
2024-12-24 21:00:00,JLN Stadium,28.5833,77.2425,112.9,114.1,2529.0,49.7,34.3,23.0,275.8
2024-12-24 22:00:00,JLN Stadium,28.5833,77.2425,107.8,109.0,2342.0,43.6,30.8,23.0,258.4
2024-12-24 23:00:00,JLN Stadium,28.5833,77.2425,105.0,106.2,2078.0,39.2,28.5,23.0,248.8
2024-12-25 00:00:00,JLN Stadium,28.5833,77.2425,100.6,101.7,1894.0,34.5,25.4,26.0,233.8
2024-12-25 01:00:00,JLN Stadium,28.5833,77.2425,105.5,106.4,1898.0,40.5,30.6,18.0,250.5
2024-12-25 02:00:00,JLN Stadium,28.5833,77.2425,121.5,122.9,1983.0,48.4,37.7,8.0,301.4
2024-12-25 03:00:00,JLN Stadium,28.5833,77.2425,136.9,138.3,1978.0,52.7,43.0,13.0,313.2
2024-12-25 04:00:00,JLN Stadium,28.5833,77.2425,129.0,129.9,1791.0,49.9,43.5,44.0,307.1
2024-12-25 05:00:00,JLN Stadium,28.5833,77.2425,122.5,123.9,1515.0,43.4,42.1,88.0,302.2
2024-12-25 06:00:00,JLN Stadium,28.5833,77.2425,107.3,109.0,1259.0,37.5,44.1,126.0,256.6
2024-12-25 07:00:00,JLN Stadium,28.5833,77.2425,92.9,95.0,1038.0,31.7,53.5,153.0,207.5
2024-12-25 08:00:00,JLN Stadium,28.5833,77.2425,95.2,97.6,838.0,26.6,66.3,173.0,215.3
2024-12-25 09:00:00,JLN Stadium,28.5833,77.2425,99.9,102.2,726.0,27.6,75.6,178.0,231.4
2024-12-25 10:00:00,JLN Stadium,28.5833,77.2425,103.4,105.7,730.0,39.7,77.9,160.0,243.3
2024-12-25 11:00:00,JLN Stadium,28.5833,77.2425,111.8,113.6,822.0,58.0,76.7,127.0,272.0
2024-12-25 12:00:00,JLN Stadium,28.5833,77.2425,154.6,156.9,989.0,73.2,72.8,85.0,326.8
2024-12-25 13:00:00,JLN Stadium,28.5833,77.2425,170.4,172.3,1294.0,78.5,72.6,67.0,338.9
2024-12-25 14:00:00,JLN Stadium,28.5833,77.2425,180.7,182.5,1675.0,85.8,72.2,42.0,346.8
2024-12-25 15:00:00,JLN Stadium,28.5833,77.2425,189.1,190.5,1929.0,90.6,71.8,23.0,353.3
2024-12-25 16:00:00,JLN Stadium,28.5833,77.2425,192.8,194.2,1948.0,90.9,71.7,14.0,356.1
2024-12-25 17:00:00,JLN Stadium,28.5833,77.2425,194.6,196.0,1841.0,88.8,71.5,10.0,357.5
2024-12-25 18:00:00,JLN Stadium,28.5833,77.2425,191.4,193.2,1736.0,85.9,70.0,8.0,355.0
2024-12-25 19:00:00,JLN Stadium,28.5833,77.2425,186.3,187.7,1675.0,82.6,66.3,6.0,351.1
2024-12-25 20:00:00,JLN Stadium,28.5833,77.2425,181.6,183.0,1615.0,78.5,61.4,6.0,347.5
2024-12-25 21:00:00,JLN Stadium,28.5833,77.2425,178.3,179.7,1557.0,74.2,57.1,6.0,345.0
2024-12-25 22:00:00,JLN Stadium,28.5833,77.2425,175.1,176.0,1451.0,69.3,53.5,6.0,342.5
2024-12-25 23:00:00,JLN Stadium,28.5833,77.2425,170.0,170.9,1346.0,64.3,50.5,7.0,338.6
2024-12-26 00:00:00,JLN Stadium,28.5833,77.2425,171.8,172.8,1390.0,64.7,56.3,5.0,340.0
2024-12-26 01:00:00,JLN Stadium,28.5833,77.2425,173.2,174.2,1767.0,63.4,57.1,2.0,341.1
2024-12-26 02:00:00,JLN Stadium,28.5833,77.2425,189.1,190.0,2292.0,61.4,58.3,0.0,353.3
2024-12-26 03:00:00,JLN Stadium,28.5833,77.2425,189.5,190.5,2558.0,58.6,59.2,13.0,353.6
2024-12-26 04:00:00,JLN Stadium,28.5833,77.2425,192.8,193.2,2323.0,54.9,59.6,54.0,356.1
2024-12-26 05:00:00,JLN Stadium,28.5833,77.2425,185.3,186.3,1830.0,50.3,59.8,110.0,350.3
2024-12-26 06:00:00,JLN Stadium,28.5833,77.2425,154.6,155.5,1397.0,45.2,60.3,153.0,326.8
2024-12-26 07:00:00,JLN Stadium,28.5833,77.2425,113.9,115.0,1109.0,35.7,60.9,176.0,279.2
2024-12-26 08:00:00,JLN Stadium,28.5833,77.2425,90.8,92.4,881.0,25.7,61.7,186.0,500.0
2024-12-26 09:00:00,JLN Stadium,28.5833,77.2425,85.4,87.3,782.0,26.7,63.5,182.0,184.3
2024-12-26 10:00:00,JLN Stadium,28.5833,77.2425,83.1,85.0,857.0,47.4,66.0,156.0,176.4
2024-12-26 11:00:00,JLN Stadium,28.5833,77.2425,95.2,97.1,1060.0,79.1,69.5,115.0,215.3
2024-12-26 12:00:00,JLN Stadium,28.5833,77.2425,149.0,151.3,1320.0,106.8,73.3,70.0,322.5
2024-12-26 13:00:00,JLN Stadium,28.5833,77.2425,176.5,178.8,1692.0,120.4,79.6,49.0,343.6
2024-12-26 14:00:00,JLN Stadium,28.5833,77.2425,192.8,195.1,2122.0,138.7,87.9,21.0,356.1
2024-12-26 15:00:00,JLN Stadium,28.5833,77.2425,208.2,210.0,2375.0,149.2,92.0,1.0,367.9
2024-12-26 16:00:00,JLN Stadium,28.5833,77.2425,219.3,221.7,2307.0,145.6,88.6,0.0,376.4
2024-12-26 17:00:00,JLN Stadium,28.5833,77.2425,218.9,221.2,2062.0,134.1,81.0,0.0,376.1
2024-12-26 18:00:00,JLN Stadium,28.5833,77.2425,198.4,200.7,1837.0,121.1,72.2,6.0,360.4
2024-12-26 19:00:00,JLN Stadium,28.5833,77.2425,180.7,183.0,1703.0,107.2,62.2,12.0,346.8
2024-12-26 20:00:00,JLN Stadium,28.5833,77.2425,167.2,169.5,1589.0,91.8,51.1,20.0,336.5
2024-12-26 21:00:00,JLN Stadium,28.5833,77.2425,162.5,164.8,1475.0,78.6,42.0,26.0,332.8
2024-12-26 22:00:00,JLN Stadium,28.5833,77.2425,150.4,152.3,1339.0,68.9,35.9,28.0,323.6
2024-12-26 23:00:00,JLN Stadium,28.5833,77.2425,146.7,149.0,1203.0,61.4,31.8,29.0,320.7
2024-12-27 00:00:00,JLN Stadium,28.5833,77.2425,160.7,162.5,1118.0,77.2,46.0,17.0,331.5
2024-12-27 01:00:00,JLN Stadium,28.5833,77.2425,145.3,147.1,1133.0,75.1,45.8,18.0,319.6
2024-12-27 02:00:00,JLN Stadium,28.5833,77.2425,149.0,150.9,1200.0,72.1,45.5,21.0,322.5
2024-12-27 03:00:00,JLN Stadium,28.5833,77.2425,152.3,154.1,1221.0,68.8,44.2,26.0,325.0
2024-12-27 04:00:00,JLN Stadium,28.5833,77.2425,148.5,149.9,1147.0,65.3,41.3,38.0,322.1
2024-12-27 05:00:00,JLN Stadium,28.5833,77.2425,135.5,137.4,1028.0,61.5,37.5,52.0,312.1
2024-12-27 06:00:00,JLN Stadium,28.5833,77.2425,122.0,123.9,920.0,57.4,34.3,64.0,301.8
2024-12-27 07:00:00,JLN Stadium,28.5833,77.2425,107.6,109.7,834.0,52.7,32.7,70.0,257.7
2024-12-27 08:00:00,JLN Stadium,28.5833,77.2425,100.6,102.7,759.0,47.8,31.6,73.0,233.8
2024-12-27 09:00:00,JLN Stadium,28.5833,77.2425,96.4,98.3,720.0,43.6,29.6,74.0,219.4
2024-12-27 10:00:00,JLN Stadium,28.5833,77.2425,93.4,95.0,748.0,40.8,25.4,73.0,209.2
2024-12-27 11:00:00,JLN Stadium,28.5833,77.2425,87.8,89.4,812.0,38.7,20.2,71.0,192.5
2024-12-27 12:00:00,JLN Stadium,28.5833,77.2425,98.5,101.0,842.0,43.5,19.3,60.0,226.6
2024-12-27 13:00:00,JLN Stadium,28.5833,77.2425,96.4,98.5,800.0,40.2,19.3,61.0,219.4
2024-12-27 14:00:00,JLN Stadium,28.5833,77.2425,95.0,97.3,725.0,35.5,19.3,62.0,214.7
2024-12-27 15:00:00,JLN Stadium,28.5833,77.2425,93.4,95.5,665.0,31.4,19.6,63.0,209.2
2024-12-27 16:00:00,JLN Stadium,28.5833,77.2425,94.1,96.2,646.0,28.5,20.4,64.0,211.6
2024-12-27 17:00:00,JLN Stadium,28.5833,77.2425,97.3,99.4,642.0,26.1,21.4,65.0,222.5
2024-12-27 18:00:00,JLN Stadium,28.5833,77.2425,95.7,97.8,618.0,23.9,22.0,65.0,217.0
2024-12-27 19:00:00,JLN Stadium,28.5833,77.2425,92.7,95.0,545.0,21.4,21.6,64.0,206.8
2024-12-27 20:00:00,JLN Stadium,28.5833,77.2425,92.0,94.3,452.0,19.1,20.7,61.0,204.4
2024-12-27 21:00:00,JLN Stadium,28.5833,77.2425,91.0,93.1,391.0,17.9,20.4,59.0,201.0
2024-12-27 22:00:00,JLN Stadium,28.5833,77.2425,90.8,93.1,352.0,17.2,20.8,59.0,500.0
2024-12-27 23:00:00,JLN Stadium,28.5833,77.2425,94.5,96.9,345.0,17.6,21.7,59.0,212.9
2024-12-28 00:00:00,JLN Stadium,28.5833,77.2425,79.9,81.7,454.0,15.0,19.4,63.0,165.5
2024-12-28 01:00:00,JLN Stadium,28.5833,77.2425,83.4,85.0,814.0,27.1,25.5,50.0,177.5
2024-12-28 02:00:00,JLN Stadium,28.5833,77.2425,102.0,103.8,1289.0,43.3,33.9,34.0,238.6
2024-12-28 03:00:00,JLN Stadium,28.5833,77.2425,121.1,122.5,1556.0,52.4,39.7,27.0,301.1
2024-12-28 04:00:00,JLN Stadium,28.5833,77.2425,110.4,112.0,1411.0,47.3,40.3,40.0,267.2
2024-12-28 05:00:00,JLN Stadium,28.5833,77.2425,112.7,115.0,1057.0,35.2,38.3,63.0,275.1
2024-12-28 06:00:00,JLN Stadium,28.5833,77.2425,100.4,102.4,781.0,26.1,36.8,81.0,233.1
2024-12-28 07:00:00,JLN Stadium,28.5833,77.2425,96.9,99.0,670.0,22.7,36.3,92.0,221.1
2024-12-28 08:00:00,JLN Stadium,28.5833,77.2425,91.7,93.4,638.0,22.4,36.3,98.0,203.4
2024-12-28 09:00:00,JLN Stadium,28.5833,77.2425,86.8,88.5,706.0,27.1,38.7,96.0,189.1
2024-12-28 10:00:00,JLN Stadium,28.5833,77.2425,82.2,83.4,914.0,40.1,45.1,81.0,173.4
2024-12-28 11:00:00,JLN Stadium,28.5833,77.2425,92.0,93.1,1224.0,58.3,53.8,59.0,204.4
2024-12-28 12:00:00,JLN Stadium,28.5833,77.2425,136.0,137.8,1543.0,75.0,63.7,41.0,312.5
2024-12-28 13:00:00,JLN Stadium,28.5833,77.2425,154.6,156.0,1911.0,82.6,66.2,31.0,326.8
2024-12-28 14:00:00,JLN Stadium,28.5833,77.2425,156.5,157.9,2288.0,92.5,69.3,18.0,328.2
2024-12-28 15:00:00,JLN Stadium,28.5833,77.2425,151.3,152.3,2468.0,96.6,69.5,10.0,324.3
2024-12-28 16:00:00,JLN Stadium,28.5833,77.2425,143.4,144.4,2308.0,90.2,64.4,10.0,318.2
2024-12-28 17:00:00,JLN Stadium,28.5833,77.2425,139.2,140.2,1950.0,77.9,56.4,15.0,315.0
2024-12-28 18:00:00,JLN Stadium,28.5833,77.2425,134.1,135.0,1614.0,65.2,48.8,20.0,311.1
2024-12-28 19:00:00,JLN Stadium,28.5833,77.2425,126.2,127.1,1356.0,53.1,42.4,25.0,305.0
2024-12-28 20:00:00,JLN Stadium,28.5833,77.2425,119.7,120.6,1120.0,40.6,36.3,31.0,299.0
2024-12-28 21:00:00,JLN Stadium,28.5833,77.2425,113.2,114.1,957.0,30.7,31.6,36.0,276.8
2024-12-28 22:00:00,JLN Stadium,28.5833,77.2425,106.6,107.6,902.0,24.2,28.6,40.0,254.3
2024-12-28 23:00:00,JLN Stadium,28.5833,77.2425,99.9,100.6,921.0,20.2,27.0,42.0,231.4
2024-12-29 00:00:00,JLN Stadium,28.5833,77.2425,125.3,126.2,961.0,36.5,31.1,21.0,304.3
2024-12-29 01:00:00,JLN Stadium,28.5833,77.2425,117.3,118.3,1028.0,36.4,31.7,22.0,290.8
2024-12-29 02:00:00,JLN Stadium,28.5833,77.2425,115.7,116.4,1116.0,36.1,32.7,23.0,285.3
2024-12-29 03:00:00,JLN Stadium,28.5833,77.2425,116.4,117.1,1154.0,34.6,34.5,30.0,287.7
2024-12-29 04:00:00,JLN Stadium,28.5833,77.2425,99.7,100.6,1103.0,30.9,38.2,47.0,230.7
2024-12-29 05:00:00,JLN Stadium,28.5833,77.2425,85.7,86.6,1002.0,26.1,42.8,69.0,185.3
2024-12-29 06:00:00,JLN Stadium,28.5833,77.2425,75.0,76.4,901.0,21.9,45.0,88.0,148.8
2024-12-29 07:00:00,JLN Stadium,28.5833,77.2425,70.1,71.5,789.0,18.2,42.9,104.0,132.1
2024-12-29 08:00:00,JLN Stadium,28.5833,77.2425,66.6,68.2,676.0,15.2,38.4,117.0,120.1
2024-12-29 09:00:00,JLN Stadium,28.5833,77.2425,65.4,67.3,642.0,15.6,34.7,121.0,116.0
2024-12-29 10:00:00,JLN Stadium,28.5833,77.2425,63.1,65.0,754.0,21.6,32.8,111.0,108.2
2024-12-29 11:00:00,JLN Stadium,28.5833,77.2425,64.0,65.7,945.0,31.1,31.6,93.0,111.2
2024-12-29 12:00:00,JLN Stadium,28.5833,77.2425,94.1,95.7,1097.0,39.4,34.2,66.0,211.6
2024-12-29 13:00:00,JLN Stadium,28.5833,77.2425,100.8,102.2,1170.0,42.4,33.2,56.0,234.5
2024-12-29 14:00:00,JLN Stadium,28.5833,77.2425,100.6,101.7,1203.0,46.3,31.6,43.0,233.8
2024-12-29 15:00:00,JLN Stadium,28.5833,77.2425,99.4,100.4,1194.0,47.4,29.9,35.0,229.7
2024-12-29 16:00:00,JLN Stadium,28.5833,77.2425,95.9,96.6,1125.0,43.3,28.0,36.0,217.7
2024-12-29 17:00:00,JLN Stadium,28.5833,77.2425,93.6,94.3,1013.0,36.4,25.8,41.0,209.9
2024-12-29 18:00:00,JLN Stadium,28.5833,77.2425,91.3,92.0,909.0,29.9,23.7,47.0,202.0
2024-12-29 19:00:00,JLN Stadium,28.5833,77.2425,86.4,87.1,820.0,24.8,21.4,51.0,187.7
2024-12-29 20:00:00,JLN Stadium,28.5833,77.2425,83.4,84.1,738.0,20.1,19.1,55.0,177.5
2024-12-29 21:00:00,JLN Stadium,28.5833,77.2425,81.0,81.7,692.0,16.5,17.7,58.0,169.3
2024-12-29 22:00:00,JLN Stadium,28.5833,77.2425,79.4,79.9,699.0,13.8,17.7,60.0,163.8
2024-12-29 23:00:00,JLN Stadium,28.5833,77.2425,78.5,78.9,741.0,12.3,18.7,62.0,160.7
2024-12-30 00:00:00,JLN Stadium,28.5833,77.2425,80.8,81.5,797.0,13.4,19.4,59.0,168.6
2024-12-30 01:00:00,JLN Stadium,28.5833,77.2425,79.9,80.3,876.0,17.9,22.0,55.0,165.5
2024-12-30 02:00:00,JLN Stadium,28.5833,77.2425,82.7,83.1,968.0,23.9,25.7,50.0,175.1
2024-12-30 03:00:00,JLN Stadium,28.5833,77.2425,85.0,85.4,1021.0,27.4,29.4,55.0,182.9
2024-12-30 04:00:00,JLN Stadium,28.5833,77.2425,82.0,82.2,1000.0,26.0,33.1,76.0,172.7
2024-12-30 05:00:00,JLN Stadium,28.5833,77.2425,80.1,80.3,940.0,22.0,36.8,106.0,166.2
2024-12-30 06:00:00,JLN Stadium,28.5833,77.2425,78.7,78.9,893.0,18.4,39.1,132.0,161.4
2024-12-30 07:00:00,JLN Stadium,28.5833,77.2425,73.8,74.0,857.0,14.7,39.0,153.0,144.7
2024-12-30 08:00:00,JLN Stadium,28.5833,77.2425,65.4,65.9,833.0,11.4,37.5,169.0,116.0
2024-12-30 09:00:00,JLN Stadium,28.5833,77.2425,57.5,57.9,877.0,12.2,35.8,173.0,95.8
2024-12-30 10:00:00,JLN Stadium,28.5833,77.2425,53.4,53.9,1048.0,19.9,34.0,155.0,88.8
2024-12-30 11:00:00,JLN Stadium,28.5833,77.2425,54.6,55.1,1285.0,31.8,32.0,125.0,90.9
2024-12-30 12:00:00,JLN Stadium,28.5833,77.2425,102.7,103.8,1466.0,56.8,45.6,92.0,240.9
2024-12-30 13:00:00,JLN Stadium,28.5833,77.2425,117.3,118.3,1536.0,64.8,47.0,73.0,290.8
2024-12-30 14:00:00,JLN Stadium,28.5833,77.2425,126.2,127.6,1549.0,75.7,48.9,47.0,305.0
2024-12-30 15:00:00,JLN Stadium,28.5833,77.2425,131.8,132.7,1540.0,82.4,50.0,27.0,309.3
2024-12-30 16:00:00,JLN Stadium,28.5833,77.2425,137.4,138.3,1520.0,81.8,50.2,20.0,313.6
2024-12-30 17:00:00,JLN Stadium,28.5833,77.2425,141.6,143.0,1478.0,77.2,49.6,19.0,316.8
2024-12-30 18:00:00,JLN Stadium,28.5833,77.2425,141.6,143.0,1419.0,70.8,47.4,21.0,316.8
2024-12-30 19:00:00,JLN Stadium,28.5833,77.2425,134.6,135.5,1332.0,62.8,42.4,25.0,311.4
2024-12-30 20:00:00,JLN Stadium,28.5833,77.2425,128.1,129.5,1228.0,53.0,35.8,31.0,306.4
2024-12-30 21:00:00,JLN Stadium,28.5833,77.2425,123.9,125.3,1150.0,44.1,30.5,37.0,303.2
2024-12-30 22:00:00,JLN Stadium,28.5833,77.2425,119.0,120.1,1108.0,35.6,27.2,43.0,296.6
2024-12-30 23:00:00,JLN Stadium,28.5833,77.2425,115.3,116.4,1092.0,27.8,25.2,49.0,284.0
2024-12-31 00:00:00,JLN Stadium,28.5833,77.2425,157.9,159.3,1114.0,48.5,36.2,20.0,329.3
2024-12-31 01:00:00,JLN Stadium,28.5833,77.2425,153.7,154.6,1209.0,47.1,35.9,21.0,326.1
2024-12-31 02:00:00,JLN Stadium,28.5833,77.2425,157.9,158.8,1343.0,44.8,35.6,24.0,329.3
2024-12-31 03:00:00,JLN Stadium,28.5833,77.2425,150.9,152.3,1421.0,41.4,36.4,34.0,323.9
2024-12-31 04:00:00,JLN Stadium,28.5833,77.2425,137.4,139.2,1397.0,35.8,39.2,57.0,313.6
2024-12-31 05:00:00,JLN Stadium,28.5833,77.2425,117.6,119.7,1318.0,29.0,43.1,87.0,291.8
2024-12-31 06:00:00,JLN Stadium,28.5833,77.2425,100.8,103.4,1234.0,23.7,45.9,112.0,234.5
2024-12-31 07:00:00,JLN Stadium,28.5833,77.2425,95.7,98.0,1118.0,19.6,46.3,132.0,217.0
2024-12-31 08:00:00,JLN Stadium,28.5833,77.2425,92.4,94.8,997.0,17.1,45.7,147.0,205.8
2024-12-31 09:00:00,JLN Stadium,28.5833,77.2425,89.2,91.5,995.0,19.4,45.4,151.0,197.3
2024-12-31 10:00:00,JLN Stadium,28.5833,77.2425,88.0,90.1,1208.0,29.3,45.9,138.0,193.2
2024-12-31 11:00:00,JLN Stadium,28.5833,77.2425,88.7,91.0,1541.0,44.1,46.7,114.0,195.6
2024-12-31 12:00:00,JLN Stadium,28.5833,77.2425,158.3,162.1,1835.0,76.3,78.7,88.0,329.6
2024-12-31 13:00:00,JLN Stadium,28.5833,77.2425,190.5,193.7,2062.0,91.0,82.2,64.0,354.3
2024-12-31 14:00:00,JLN Stadium,28.5833,77.2425,210.9,214.7,2249.0,110.9,86.7,32.0,370.0
2024-12-31 15:00:00,JLN Stadium,28.5833,77.2425,217.5,220.7,2321.0,121.9,87.9,9.0,375.1
2024-12-31 16:00:00,JLN Stadium,28.5833,77.2425,217.0,220.3,2204.0,117.0,83.6,5.0,374.7
2024-12-31 17:00:00,JLN Stadium,28.5833,77.2425,217.0,220.3,1971.0,103.4,76.1,10.0,374.7
2024-12-31 18:00:00,JLN Stadium,28.5833,77.2425,209.5,212.8,1768.0,88.6,67.4,17.0,368.9
2024-12-31 19:00:00,JLN Stadium,28.5833,77.2425,193.7,197.0,1645.0,74.2,57.5,24.0,356.8
2024-12-31 20:00:00,JLN Stadium,28.5833,77.2425,180.7,183.9,1551.0,58.6,46.5,33.0,346.8
2024-12-31 21:00:00,JLN Stadium,28.5833,77.2425,167.6,170.4,1478.0,45.0,37.2,42.0,336.8
2024-12-31 22:00:00,JLN Stadium,28.5833,77.2425,153.2,156.0,1418.0,33.8,30.3,50.0,325.7
2024-12-31 23:00:00,JLN Stadium,28.5833,77.2425,141.6,144.4,1379.0,24.6,25.1,57.0,316.8
2024-12-19 12:00:00,Lodhi Road,28.5918,77.2273,145.3,147.6,1381.0,73.3,58.6,95.0,319.6
2024-12-19 13:00:00,Lodhi Road,28.5918,77.2273,167.6,169.5,1597.0,83.3,62.5,76.0,336.8
2024-12-19 14:00:00,Lodhi Road,28.5918,77.2273,186.7,189.1,1804.0,96.9,67.8,49.0,351.4
2024-12-19 15:00:00,Lodhi Road,28.5918,77.2273,199.3,201.6,1938.0,105.5,71.0,29.0,361.1
2024-12-19 16:00:00,Lodhi Road,28.5918,77.2273,206.8,209.1,1966.0,105.0,70.7,21.0,366.8
2024-12-19 17:00:00,Lodhi Road,28.5918,77.2273,212.8,214.7,1921.0,99.5,68.4,20.0,371.5
2024-12-19 18:00:00,Lodhi Road,28.5918,77.2273,212.3,214.2,1839.0,92.5,64.7,20.0,371.1
2024-12-19 19:00:00,Lodhi Road,28.5918,77.2273,204.9,207.2,1703.0,84.7,59.1,21.0,365.4
2024-12-19 20:00:00,Lodhi Road,28.5918,77.2273,197.0,198.8,1530.0,75.5,52.1,24.0,359.3
2024-12-19 21:00:00,Lodhi Road,28.5918,77.2273,187.2,189.1,1403.0,66.3,46.3,28.0,351.8
2024-12-19 22:00:00,Lodhi Road,28.5918,77.2273,177.0,178.8,1330.0,55.7,42.0,34.0,344.0
2024-12-19 23:00:00,Lodhi Road,28.5918,77.2273,168.6,170.0,1304.0,45.1,38.9,40.0,337.5
2024-12-20 00:00:00,Lodhi Road,28.5918,77.2273,138.8,140.2,1387.0,22.4,33.8,68.0,314.7
2024-12-20 01:00:00,Lodhi Road,28.5918,77.2273,144.4,146.2,1719.0,36.0,40.6,54.0,319.0
2024-12-20 02:00:00,Lodhi Road,28.5918,77.2273,161.6,163.0,2160.0,54.4,50.1,36.0,332.2
2024-12-20 03:00:00,Lodhi Road,28.5918,77.2273,174.2,175.6,2355.0,64.3,56.8,37.0,341.8
2024-12-20 04:00:00,Lodhi Road,28.5918,77.2273,163.9,164.8,2071.0,57.7,57.7,74.0,333.9
2024-12-20 05:00:00,Lodhi Road,28.5918,77.2273,150.9,152.3,1542.0,42.8,56.0,129.0,323.9
2024-12-20 06:00:00,Lodhi Road,28.5918,77.2273,126.7,129.0,1112.0,31.0,55.9,174.0,305.4
2024-12-20 07:00:00,Lodhi Road,28.5918,77.2273,109.9,112.2,899.0,24.6,59.3,199.0,265.5
2024-12-20 08:00:00,Lodhi Road,28.5918,77.2273,100.8,103.4,787.0,21.5,64.2,214.0,234.5
2024-12-20 09:00:00,Lodhi Road,28.5918,77.2273,98.7,101.3,768.0,26.4,69.1,213.0,227.3
2024-12-20 10:00:00,Lodhi Road,28.5918,77.2273,98.3,100.6,889.0,46.1,73.7,189.0,225.9
2024-12-20 11:00:00,Lodhi Road,28.5918,77.2273,114.6,116.4,1105.0,73.8,78.1,149.0,281.6
2024-12-20 12:00:00,Lodhi Road,28.5918,77.2273,149.0,150.9,1272.0,94.5,71.7,100.0,322.5
2024-12-20 13:00:00,Lodhi Road,28.5918,77.2273,167.2,169.5,1332.0,96.0,74.3,84.0,336.5
2024-12-20 14:00:00,Lodhi Road,28.5918,77.2273,174.2,176.0,1343.0,97.6,77.7,61.0,341.8
2024-12-20 15:00:00,Lodhi Road,28.5918,77.2273,170.9,172.8,1336.0,95.1,78.1,44.0,339.3
2024-12-20 16:00:00,Lodhi Road,28.5918,77.2273,165.8,167.2,1316.0,85.4,73.2,39.0,335.4
2024-12-20 17:00:00,Lodhi Road,28.5918,77.2273,159.3,160.7,1278.0,71.7,65.3,39.0,330.4
2024-12-20 18:00:00,Lodhi Road,28.5918,77.2273,150.9,152.3,1234.0,59.0,57.9,40.0,323.9
2024-12-20 19:00:00,Lodhi Road,28.5918,77.2273,142.0,143.4,1182.0,48.7,51.7,41.0,317.1
2024-12-20 20:00:00,Lodhi Road,28.5918,77.2273,136.0,136.9,1123.0,39.5,45.8,43.0,312.5
2024-12-20 21:00:00,Lodhi Road,28.5918,77.2273,131.3,132.2,1078.0,32.3,41.6,44.0,308.9
2024-12-20 22:00:00,Lodhi Road,28.5918,77.2273,127.6,128.5,1019.0,27.2,39.5,44.0,306.1
2024-12-20 23:00:00,Lodhi Road,28.5918,77.2273,124.3,125.3,974.0,24.1,38.9,44.0,303.5
2024-12-21 00:00:00,Lodhi Road,28.5918,77.2273,131.8,132.7,1038.0,31.7,46.1,36.0,309.3
2024-12-21 01:00:00,Lodhi Road,28.5918,77.2273,137.4,138.3,1346.0,37.0,48.8,28.0,313.6
2024-12-21 02:00:00,Lodhi Road,28.5918,77.2273,149.0,149.9,1764.0,44.2,52.5,19.0,322.5
2024-12-21 03:00:00,Lodhi Road,28.5918,77.2273,153.7,154.6,1990.0,48.1,55.3,22.0,326.1
2024-12-21 04:00:00,Lodhi Road,28.5918,77.2273,150.4,151.3,1850.0,46.1,56.3,48.0,323.6
2024-12-21 05:00:00,Lodhi Road,28.5918,77.2273,144.8,145.8,1518.0,40.9,56.5,87.0,319.3
2024-12-21 06:00:00,Lodhi Road,28.5918,77.2273,135.5,136.4,1208.0,35.6,56.8,121.0,312.1
2024-12-21 07:00:00,Lodhi Road,28.5918,77.2273,116.9,118.3,958.0,28.5,57.8,149.0,289.4
2024-12-21 08:00:00,Lodhi Road,28.5918,77.2273,104.5,105.9,730.0,21.4,59.0,172.0,247.1
2024-12-21 09:00:00,Lodhi Road,28.5918,77.2273,99.0,100.6,628.0,22.2,59.7,179.0,228.3
2024-12-21 10:00:00,Lodhi Road,28.5918,77.2273,96.4,97.8,734.0,36.7,58.8,159.0,219.4
2024-12-21 11:00:00,Lodhi Road,28.5918,77.2273,106.6,107.8,966.0,59.2,57.5,122.0,254.3
2024-12-21 12:00:00,Lodhi Road,28.5918,77.2273,150.4,151.8,1181.0,80.6,65.2,86.0,323.6
2024-12-21 13:00:00,Lodhi Road,28.5918,77.2273,173.7,175.1,1340.0,93.9,70.0,64.0,341.4
2024-12-21 14:00:00,Lodhi Road,28.5918,77.2273,190.9,192.3,1483.0,112.0,76.6,33.0,354.6
2024-12-21 15:00:00,Lodhi Road,28.5918,77.2273,204.0,205.4,1584.0,124.0,82.2,10.0,364.7
2024-12-21 16:00:00,Lodhi Road,28.5918,77.2273,213.3,214.7,1629.0,124.1,86.0,1.0,371.8
2024-12-21 17:00:00,Lodhi Road,28.5918,77.2273,221.2,223.1,1631.0,118.1,88.6,0.0,377.9
2024-12-21 18:00:00,Lodhi Road,28.5918,77.2273,224.9,226.8,1609.0,112.0,89.5,0.0,380.7
2024-12-21 19:00:00,Lodhi Road,28.5918,77.2273,224.9,226.3,1544.0,108.0,88.0,0.0,380.7
2024-12-21 20:00:00,Lodhi Road,28.5918,77.2273,225.8,227.7,1454.0,103.9,84.7,0.0,381.4
2024-12-21 21:00:00,Lodhi Road,28.5918,77.2273,226.8,228.6,1413.0,99.3,80.6,0.0,382.2
2024-12-21 22:00:00,Lodhi Road,28.5918,77.2273,225.4,227.2,1369.0,93.7,74.6,0.0,381.1
2024-12-21 23:00:00,Lodhi Road,28.5918,77.2273,219.8,221.2,1374.0,87.6,67.8,1.0,376.8
2024-12-22 00:00:00,Lodhi Road,28.5918,77.2273,199.3,201.2,1654.0,84.7,62.1,4.0,361.1
2024-12-22 01:00:00,Lodhi Road,28.5918,77.2273,213.3,215.1,2587.0,83.9,67.0,0.0,371.8
2024-12-22 02:00:00,Lodhi Road,28.5918,77.2273,237.5,239.3,3796.0,82.2,73.8,0.0,390.4
2024-12-22 03:00:00,Lodhi Road,28.5918,77.2273,258.9,260.8,4372.0,76.5,78.2,9.0,404.5
2024-12-22 04:00:00,Lodhi Road,28.5918,77.2273,230.5,231.9,3716.0,63.5,78.9,49.0,385.0
2024-12-22 05:00:00,Lodhi Road,28.5918,77.2273,188.6,190.5,2428.0,46.5,77.2,105.0,352.9
2024-12-22 06:00:00,Lodhi Road,28.5918,77.2273,139.7,141.6,1397.0,32.4,73.6,148.0,315.4
2024-12-22 07:00:00,Lodhi Road,28.5918,77.2273,117.3,119.2,972.0,21.0,66.4,172.0,290.8
2024-12-22 08:00:00,Lodhi Road,28.5918,77.2273,104.8,106.6,806.0,12.5,57.2,185.0,248.1
2024-12-22 09:00:00,Lodhi Road,28.5918,77.2273,96.2,98.3,744.0,14.6,51.3,181.0,218.8
2024-12-22 10:00:00,Lodhi Road,28.5918,77.2273,90.6,92.7,756.0,35.1,51.2,152.0,500.0
2024-12-22 11:00:00,Lodhi Road,28.5918,77.2273,105.7,107.3,873.0,66.2,54.3,107.0,251.2
2024-12-22 12:00:00,Lodhi Road,28.5918,77.2273,141.6,143.4,1035.0,93.9,53.8,58.0,316.8
2024-12-22 13:00:00,Lodhi Road,28.5918,77.2273,171.8,173.2,1265.0,103.6,57.9,43.0,340.0
2024-12-22 14:00:00,Lodhi Road,28.5918,77.2273,189.1,190.9,1540.0,116.3,63.4,22.0,353.3
2024-12-22 15:00:00,Lodhi Road,28.5918,77.2273,195.1,196.5,1733.0,121.5,65.7,10.0,357.9
2024-12-22 16:00:00,Lodhi Road,28.5918,77.2273,192.3,194.2,1796.0,113.6,62.3,14.0,355.7
2024-12-22 17:00:00,Lodhi Road,28.5918,77.2273,190.0,191.4,1775.0,98.1,55.8,26.0,354.0
2024-12-22 18:00:00,Lodhi Road,28.5918,77.2273,176.0,177.9,1686.0,81.1,49.4,39.0,343.2
2024-12-22 19:00:00,Lodhi Road,28.5918,77.2273,156.0,157.4,1484.0,62.3,43.8,53.0,327.9
2024-12-22 20:00:00,Lodhi Road,28.5918,77.2273,137.4,138.8,1212.0,42.1,38.4,68.0,313.6
2024-12-22 21:00:00,Lodhi Road,28.5918,77.2273,129.9,131.3,1015.0,27.4,34.7,78.0,307.8
2024-12-22 22:00:00,Lodhi Road,28.5918,77.2273,129.5,130.9,933.0,20.3,33.2,80.0,307.5
2024-12-22 23:00:00,Lodhi Road,28.5918,77.2273,134.1,135.5,925.0,18.8,33.4,76.0,311.1
2024-12-23 00:00:00,Lodhi Road,28.5918,77.2273,113.2,114.3,1013.0,14.0,28.3,77.0,276.8
2024-12-23 01:00:00,Lodhi Road,28.5918,77.2273,121.1,122.5,1292.0,23.4,30.5,65.0,301.1
2024-12-23 02:00:00,Lodhi Road,28.5918,77.2273,134.6,136.4,1666.0,36.2,33.4,48.0,311.4
2024-12-23 03:00:00,Lodhi Road,28.5918,77.2273,145.3,146.7,1874.0,44.6,35.3,41.0,319.6
2024-12-23 04:00:00,Lodhi Road,28.5918,77.2273,143.0,143.9,1767.0,44.7,34.8,51.0,317.9
2024-12-23 05:00:00,Lodhi Road,28.5918,77.2273,136.9,138.3,1494.0,40.4,33.2,70.0,313.2
2024-12-23 06:00:00,Lodhi Road,28.5918,77.2273,133.2,134.6,1232.0,35.8,32.3,88.0,310.4
2024-12-23 07:00:00,Lodhi Road,28.5918,77.2273,122.0,123.9,1018.0,31.4,33.1,104.0,301.8
2024-12-23 08:00:00,Lodhi Road,28.5918,77.2273,109.7,111.5,815.0,26.8,34.7,120.0,264.8
2024-12-23 09:00:00,Lodhi Road,28.5918,77.2273,105.5,107.3,696.0,24.7,36.2,128.0,250.5
2024-12-23 10:00:00,Lodhi Road,28.5918,77.2273,103.6,105.2,721.0,27.4,37.4,123.0,244.0
2024-12-23 11:00:00,Lodhi Road,28.5918,77.2273,101.7,103.4,829.0,32.6,38.5,110.0,237.5
2024-12-23 12:00:00,Lodhi Road,28.5918,77.2273,129.0,130.9,910.0,41.6,39.9,98.0,307.1
2024-12-23 13:00:00,Lodhi Road,28.5918,77.2273,122.5,124.3,916.0,39.8,40.2,91.0,302.2
2024-12-23 14:00:00,Lodhi Road,28.5918,77.2273,121.1,122.9,895.0,37.2,40.6,82.0,301.1
2024-12-23 15:00:00,Lodhi Road,28.5918,77.2273,119.7,121.5,879.0,35.1,40.7,73.0,299.0
2024-12-23 16:00:00,Lodhi Road,28.5918,77.2273,118.5,120.6,886.0,34.3,40.7,67.0,294.9
2024-12-23 17:00:00,Lodhi Road,28.5918,77.2273,122.5,124.3,898.0,33.8,40.3,61.0,302.2
2024-12-23 18:00:00,Lodhi Road,28.5918,77.2273,120.1,122.0,894.0,32.3,38.8,58.0,500.0
2024-12-23 19:00:00,Lodhi Road,28.5918,77.2273,113.2,115.0,860.0,28.3,35.1,59.0,276.8
2024-12-23 20:00:00,Lodhi Road,28.5918,77.2273,108.0,110.1,811.0,23.2,30.3,62.0,259.0
2024-12-23 21:00:00,Lodhi Road,28.5918,77.2273,106.6,109.0,771.0,19.7,26.5,63.0,254.3
2024-12-23 22:00:00,Lodhi Road,28.5918,77.2273,107.6,109.9,735.0,18.4,24.5,61.0,257.7
2024-12-23 23:00:00,Lodhi Road,28.5918,77.2273,106.6,109.0,707.0,18.7,23.5,56.0,254.3
2024-12-24 00:00:00,Lodhi Road,28.5918,77.2273,90.3,92.2,727.0,17.2,16.7,59.0,500.0
2024-12-24 01:00:00,Lodhi Road,28.5918,77.2273,91.0,92.7,851.0,24.4,19.5,57.0,201.0
2024-12-24 02:00:00,Lodhi Road,28.5918,77.2273,97.6,99.2,1023.0,34.1,23.3,55.0,223.5
2024-12-24 03:00:00,Lodhi Road,28.5918,77.2273,105.5,107.6,1111.0,39.8,26.5,59.0,250.5
2024-12-24 04:00:00,Lodhi Road,28.5918,77.2273,112.5,114.1,1035.0,37.7,28.0,75.0,274.4
2024-12-24 05:00:00,Lodhi Road,28.5918,77.2273,108.5,110.8,875.0,31.6,28.9,98.0,260.7
2024-12-24 06:00:00,Lodhi Road,28.5918,77.2273,108.0,110.8,741.0,26.4,30.0,117.0,259.0
2024-12-24 07:00:00,Lodhi Road,28.5918,77.2273,108.7,111.5,644.0,20.8,31.4,132.0,261.4
2024-12-24 08:00:00,Lodhi Road,28.5918,77.2273,107.6,110.6,573.0,16.0,33.0,144.0,257.7
2024-12-24 09:00:00,Lodhi Road,28.5918,77.2273,107.8,110.8,605.0,20.5,36.3,143.0,258.4
2024-12-24 10:00:00,Lodhi Road,28.5918,77.2273,110.6,113.4,827.0,41.5,41.2,119.0,267.9
2024-12-24 11:00:00,Lodhi Road,28.5918,77.2273,126.7,129.5,1153.0,71.7,47.7,81.0,305.4
2024-12-24 12:00:00,Lodhi Road,28.5918,77.2273,140.2,142.0,1397.0,93.0,48.0,48.0,315.7
2024-12-24 13:00:00,Lodhi Road,28.5918,77.2273,159.7,161.1,1436.0,99.5,52.7,38.0,330.7
2024-12-24 14:00:00,Lodhi Road,28.5918,77.2273,167.2,168.6,1394.0,108.0,59.1,24.0,336.5
2024-12-24 15:00:00,Lodhi Road,28.5918,77.2273,165.8,167.2,1457.0,110.8,62.5,14.0,335.4
2024-12-24 16:00:00,Lodhi Road,28.5918,77.2273,159.7,161.1,1758.0,103.1,60.8,13.0,330.7
2024-12-24 17:00:00,Lodhi Road,28.5918,77.2273,149.0,150.4,2165.0,89.7,56.2,16.0,322.5
2024-12-24 18:00:00,Lodhi Road,28.5918,77.2273,137.8,139.2,2466.0,77.0,51.0,19.0,313.9
2024-12-24 19:00:00,Lodhi Road,28.5918,77.2273,128.1,129.0,2583.0,66.9,45.4,21.0,306.4
2024-12-24 20:00:00,Lodhi Road,28.5918,77.2273,120.1,121.1,2595.0,57.4,39.3,22.0,500.0
2024-12-24 21:00:00,Lodhi Road,28.5918,77.2273,112.9,114.1,2529.0,49.7,34.3,23.0,275.8
2024-12-24 22:00:00,Lodhi Road,28.5918,77.2273,107.8,109.0,2342.0,43.6,30.8,23.0,258.4
2024-12-24 23:00:00,Lodhi Road,28.5918,77.2273,105.0,106.2,2078.0,39.2,28.5,23.0,248.8
2024-12-25 00:00:00,Lodhi Road,28.5918,77.2273,100.6,101.7,1894.0,34.5,25.4,26.0,233.8
2024-12-25 01:00:00,Lodhi Road,28.5918,77.2273,105.5,106.4,1898.0,40.5,30.6,18.0,250.5
2024-12-25 02:00:00,Lodhi Road,28.5918,77.2273,121.5,122.9,1983.0,48.4,37.7,8.0,301.4
2024-12-25 03:00:00,Lodhi Road,28.5918,77.2273,136.9,138.3,1978.0,52.7,43.0,13.0,313.2
2024-12-25 04:00:00,Lodhi Road,28.5918,77.2273,129.0,129.9,1791.0,49.9,43.5,44.0,307.1
2024-12-25 05:00:00,Lodhi Road,28.5918,77.2273,122.5,123.9,1515.0,43.4,42.1,88.0,302.2
2024-12-25 06:00:00,Lodhi Road,28.5918,77.2273,107.3,109.0,1259.0,37.5,44.1,126.0,256.6
2024-12-25 07:00:00,Lodhi Road,28.5918,77.2273,92.9,95.0,1038.0,31.7,53.5,153.0,207.5
2024-12-25 08:00:00,Lodhi Road,28.5918,77.2273,95.2,97.6,838.0,26.6,66.3,173.0,215.3
2024-12-25 09:00:00,Lodhi Road,28.5918,77.2273,99.9,102.2,726.0,27.6,75.6,178.0,231.4
2024-12-25 10:00:00,Lodhi Road,28.5918,77.2273,103.4,105.7,730.0,39.7,77.9,160.0,243.3
2024-12-25 11:00:00,Lodhi Road,28.5918,77.2273,111.8,113.6,822.0,58.0,76.7,127.0,272.0
2024-12-25 12:00:00,Lodhi Road,28.5918,77.2273,154.6,156.9,989.0,73.2,72.8,85.0,326.8
2024-12-25 13:00:00,Lodhi Road,28.5918,77.2273,170.4,172.3,1294.0,78.5,72.6,67.0,338.9
2024-12-25 14:00:00,Lodhi Road,28.5918,77.2273,180.7,182.5,1675.0,85.8,72.2,42.0,346.8
2024-12-25 15:00:00,Lodhi Road,28.5918,77.2273,189.1,190.5,1929.0,90.6,71.8,23.0,353.3
2024-12-25 16:00:00,Lodhi Road,28.5918,77.2273,192.8,194.2,1948.0,90.9,71.7,14.0,356.1
2024-12-25 17:00:00,Lodhi Road,28.5918,77.2273,194.6,196.0,1841.0,88.8,71.5,10.0,357.5
2024-12-25 18:00:00,Lodhi Road,28.5918,77.2273,191.4,193.2,1736.0,85.9,70.0,8.0,355.0
2024-12-25 19:00:00,Lodhi Road,28.5918,77.2273,186.3,187.7,1675.0,82.6,66.3,6.0,351.1
2024-12-25 20:00:00,Lodhi Road,28.5918,77.2273,181.6,183.0,1615.0,78.5,61.4,6.0,347.5
2024-12-25 21:00:00,Lodhi Road,28.5918,77.2273,178.3,179.7,1557.0,74.2,57.1,6.0,345.0
2024-12-25 22:00:00,Lodhi Road,28.5918,77.2273,175.1,176.0,1451.0,69.3,53.5,6.0,342.5
2024-12-25 23:00:00,Lodhi Road,28.5918,77.2273,170.0,170.9,1346.0,64.3,50.5,7.0,338.6
2024-12-26 00:00:00,Lodhi Road,28.5918,77.2273,171.8,172.8,1390.0,64.7,56.3,5.0,340.0
2024-12-26 01:00:00,Lodhi Road,28.5918,77.2273,173.2,174.2,1767.0,63.4,57.1,2.0,341.1
2024-12-26 02:00:00,Lodhi Road,28.5918,77.2273,189.1,190.0,2292.0,61.4,58.3,0.0,353.3
2024-12-26 03:00:00,Lodhi Road,28.5918,77.2273,189.5,190.5,2558.0,58.6,59.2,13.0,353.6
2024-12-26 04:00:00,Lodhi Road,28.5918,77.2273,192.8,193.2,2323.0,54.9,59.6,54.0,356.1
2024-12-26 05:00:00,Lodhi Road,28.5918,77.2273,185.3,186.3,1830.0,50.3,59.8,110.0,350.3
2024-12-26 06:00:00,Lodhi Road,28.5918,77.2273,154.6,155.5,1397.0,45.2,60.3,153.0,326.8
2024-12-26 07:00:00,Lodhi Road,28.5918,77.2273,113.9,115.0,1109.0,35.7,60.9,176.0,279.2
2024-12-26 08:00:00,Lodhi Road,28.5918,77.2273,90.8,92.4,881.0,25.7,61.7,186.0,500.0
2024-12-26 09:00:00,Lodhi Road,28.5918,77.2273,85.4,87.3,782.0,26.7,63.5,182.0,184.3
2024-12-26 10:00:00,Lodhi Road,28.5918,77.2273,83.1,85.0,857.0,47.4,66.0,156.0,176.4
2024-12-26 11:00:00,Lodhi Road,28.5918,77.2273,95.2,97.1,1060.0,79.1,69.5,115.0,215.3
2024-12-26 12:00:00,Lodhi Road,28.5918,77.2273,149.0,151.3,1320.0,106.8,73.3,70.0,322.5
2024-12-26 13:00:00,Lodhi Road,28.5918,77.2273,176.5,178.8,1692.0,120.4,79.6,49.0,343.6
2024-12-26 14:00:00,Lodhi Road,28.5918,77.2273,192.8,195.1,2122.0,138.7,87.9,21.0,356.1
2024-12-26 15:00:00,Lodhi Road,28.5918,77.2273,208.2,210.0,2375.0,149.2,92.0,1.0,367.9
2024-12-26 16:00:00,Lodhi Road,28.5918,77.2273,219.3,221.7,2307.0,145.6,88.6,0.0,376.4
2024-12-26 17:00:00,Lodhi Road,28.5918,77.2273,218.9,221.2,2062.0,134.1,81.0,0.0,376.1
2024-12-26 18:00:00,Lodhi Road,28.5918,77.2273,198.4,200.7,1837.0,121.1,72.2,6.0,360.4
2024-12-26 19:00:00,Lodhi Road,28.5918,77.2273,180.7,183.0,1703.0,107.2,62.2,12.0,346.8
2024-12-26 20:00:00,Lodhi Road,28.5918,77.2273,167.2,169.5,1589.0,91.8,51.1,20.0,336.5
2024-12-26 21:00:00,Lodhi Road,28.5918,77.2273,162.5,164.8,1475.0,78.6,42.0,26.0,332.8
2024-12-26 22:00:00,Lodhi Road,28.5918,77.2273,150.4,152.3,1339.0,68.9,35.9,28.0,323.6
2024-12-26 23:00:00,Lodhi Road,28.5918,77.2273,146.7,149.0,1203.0,61.4,31.8,29.0,320.7
2024-12-27 00:00:00,Lodhi Road,28.5918,77.2273,160.7,162.5,1118.0,77.2,46.0,17.0,331.5
2024-12-27 01:00:00,Lodhi Road,28.5918,77.2273,145.3,147.1,1133.0,75.1,45.8,18.0,319.6
2024-12-27 02:00:00,Lodhi Road,28.5918,77.2273,149.0,150.9,1200.0,72.1,45.5,21.0,322.5
2024-12-27 03:00:00,Lodhi Road,28.5918,77.2273,152.3,154.1,1221.0,68.8,44.2,26.0,325.0
2024-12-27 04:00:00,Lodhi Road,28.5918,77.2273,148.5,149.9,1147.0,65.3,41.3,38.0,322.1
2024-12-27 05:00:00,Lodhi Road,28.5918,77.2273,135.5,137.4,1028.0,61.5,37.5,52.0,312.1
2024-12-27 06:00:00,Lodhi Road,28.5918,77.2273,122.0,123.9,920.0,57.4,34.3,64.0,301.8
2024-12-27 07:00:00,Lodhi Road,28.5918,77.2273,107.6,109.7,834.0,52.7,32.7,70.0,257.7
2024-12-27 08:00:00,Lodhi Road,28.5918,77.2273,100.6,102.7,759.0,47.8,31.6,73.0,233.8
2024-12-27 09:00:00,Lodhi Road,28.5918,77.2273,96.4,98.3,720.0,43.6,29.6,74.0,219.4
2024-12-27 10:00:00,Lodhi Road,28.5918,77.2273,93.4,95.0,748.0,40.8,25.4,73.0,209.2
2024-12-27 11:00:00,Lodhi Road,28.5918,77.2273,87.8,89.4,812.0,38.7,20.2,71.0,192.5
2024-12-27 12:00:00,Lodhi Road,28.5918,77.2273,98.5,101.0,842.0,43.5,19.3,60.0,226.6
2024-12-27 13:00:00,Lodhi Road,28.5918,77.2273,96.4,98.5,800.0,40.2,19.3,61.0,219.4
2024-12-27 14:00:00,Lodhi Road,28.5918,77.2273,95.0,97.3,725.0,35.5,19.3,62.0,214.7
2024-12-27 15:00:00,Lodhi Road,28.5918,77.2273,93.4,95.5,665.0,31.4,19.6,63.0,209.2
2024-12-27 16:00:00,Lodhi Road,28.5918,77.2273,94.1,96.2,646.0,28.5,20.4,64.0,211.6
2024-12-27 17:00:00,Lodhi Road,28.5918,77.2273,97.3,99.4,642.0,26.1,21.4,65.0,222.5
2024-12-27 18:00:00,Lodhi Road,28.5918,77.2273,95.7,97.8,618.0,23.9,22.0,65.0,217.0
2024-12-27 19:00:00,Lodhi Road,28.5918,77.2273,92.7,95.0,545.0,21.4,21.6,64.0,206.8
2024-12-27 20:00:00,Lodhi Road,28.5918,77.2273,92.0,94.3,452.0,19.1,20.7,61.0,204.4
2024-12-27 21:00:00,Lodhi Road,28.5918,77.2273,91.0,93.1,391.0,17.9,20.4,59.0,201.0
2024-12-27 22:00:00,Lodhi Road,28.5918,77.2273,90.8,93.1,352.0,17.2,20.8,59.0,500.0
2024-12-27 23:00:00,Lodhi Road,28.5918,77.2273,94.5,96.9,345.0,17.6,21.7,59.0,212.9
2024-12-28 00:00:00,Lodhi Road,28.5918,77.2273,79.9,81.7,454.0,15.0,19.4,63.0,165.5
2024-12-28 01:00:00,Lodhi Road,28.5918,77.2273,83.4,85.0,814.0,27.1,25.5,50.0,177.5
2024-12-28 02:00:00,Lodhi Road,28.5918,77.2273,102.0,103.8,1289.0,43.3,33.9,34.0,238.6
2024-12-28 03:00:00,Lodhi Road,28.5918,77.2273,121.1,122.5,1556.0,52.4,39.7,27.0,301.1
2024-12-28 04:00:00,Lodhi Road,28.5918,77.2273,110.4,112.0,1411.0,47.3,40.3,40.0,267.2
2024-12-28 05:00:00,Lodhi Road,28.5918,77.2273,112.7,115.0,1057.0,35.2,38.3,63.0,275.1
2024-12-28 06:00:00,Lodhi Road,28.5918,77.2273,100.4,102.4,781.0,26.1,36.8,81.0,233.1
2024-12-28 07:00:00,Lodhi Road,28.5918,77.2273,96.9,99.0,670.0,22.7,36.3,92.0,221.1
2024-12-28 08:00:00,Lodhi Road,28.5918,77.2273,91.7,93.4,638.0,22.4,36.3,98.0,203.4
2024-12-28 09:00:00,Lodhi Road,28.5918,77.2273,86.8,88.5,706.0,27.1,38.7,96.0,189.1
2024-12-28 10:00:00,Lodhi Road,28.5918,77.2273,82.2,83.4,914.0,40.1,45.1,81.0,173.4
2024-12-28 11:00:00,Lodhi Road,28.5918,77.2273,92.0,93.1,1224.0,58.3,53.8,59.0,204.4
2024-12-28 12:00:00,Lodhi Road,28.5918,77.2273,136.0,137.8,1543.0,75.0,63.7,41.0,312.5
2024-12-28 13:00:00,Lodhi Road,28.5918,77.2273,154.6,156.0,1911.0,82.6,66.2,31.0,326.8
2024-12-28 14:00:00,Lodhi Road,28.5918,77.2273,156.5,157.9,2288.0,92.5,69.3,18.0,328.2
2024-12-28 15:00:00,Lodhi Road,28.5918,77.2273,151.3,152.3,2468.0,96.6,69.5,10.0,324.3
2024-12-28 16:00:00,Lodhi Road,28.5918,77.2273,143.4,144.4,2308.0,90.2,64.4,10.0,318.2
2024-12-28 17:00:00,Lodhi Road,28.5918,77.2273,139.2,140.2,1950.0,77.9,56.4,15.0,315.0
2024-12-28 18:00:00,Lodhi Road,28.5918,77.2273,134.1,135.0,1614.0,65.2,48.8,20.0,311.1
2024-12-28 19:00:00,Lodhi Road,28.5918,77.2273,126.2,127.1,1356.0,53.1,42.4,25.0,305.0
2024-12-28 20:00:00,Lodhi Road,28.5918,77.2273,119.7,120.6,1120.0,40.6,36.3,31.0,299.0
2024-12-28 21:00:00,Lodhi Road,28.5918,77.2273,113.2,114.1,957.0,30.7,31.6,36.0,276.8
2024-12-28 22:00:00,Lodhi Road,28.5918,77.2273,106.6,107.6,902.0,24.2,28.6,40.0,254.3
2024-12-28 23:00:00,Lodhi Road,28.5918,77.2273,99.9,100.6,921.0,20.2,27.0,42.0,231.4
2024-12-29 00:00:00,Lodhi Road,28.5918,77.2273,125.3,126.2,961.0,36.5,31.1,21.0,304.3
2024-12-29 01:00:00,Lodhi Road,28.5918,77.2273,117.3,118.3,1028.0,36.4,31.7,22.0,290.8
2024-12-29 02:00:00,Lodhi Road,28.5918,77.2273,115.7,116.4,1116.0,36.1,32.7,23.0,285.3
2024-12-29 03:00:00,Lodhi Road,28.5918,77.2273,116.4,117.1,1154.0,34.6,34.5,30.0,287.7
2024-12-29 04:00:00,Lodhi Road,28.5918,77.2273,99.7,100.6,1103.0,30.9,38.2,47.0,230.7
2024-12-29 05:00:00,Lodhi Road,28.5918,77.2273,85.7,86.6,1002.0,26.1,42.8,69.0,185.3
2024-12-29 06:00:00,Lodhi Road,28.5918,77.2273,75.0,76.4,901.0,21.9,45.0,88.0,148.8
2024-12-29 07:00:00,Lodhi Road,28.5918,77.2273,70.1,71.5,789.0,18.2,42.9,104.0,132.1
2024-12-29 08:00:00,Lodhi Road,28.5918,77.2273,66.6,68.2,676.0,15.2,38.4,117.0,120.1
2024-12-29 09:00:00,Lodhi Road,28.5918,77.2273,65.4,67.3,642.0,15.6,34.7,121.0,116.0
2024-12-29 10:00:00,Lodhi Road,28.5918,77.2273,63.1,65.0,754.0,21.6,32.8,111.0,108.2
2024-12-29 11:00:00,Lodhi Road,28.5918,77.2273,64.0,65.7,945.0,31.1,31.6,93.0,111.2
2024-12-29 12:00:00,Lodhi Road,28.5918,77.2273,94.1,95.7,1097.0,39.4,34.2,66.0,211.6
2024-12-29 13:00:00,Lodhi Road,28.5918,77.2273,100.8,102.2,1170.0,42.4,33.2,56.0,234.5
2024-12-29 14:00:00,Lodhi Road,28.5918,77.2273,100.6,101.7,1203.0,46.3,31.6,43.0,233.8
2024-12-29 15:00:00,Lodhi Road,28.5918,77.2273,99.4,100.4,1194.0,47.4,29.9,35.0,229.7
2024-12-29 16:00:00,Lodhi Road,28.5918,77.2273,95.9,96.6,1125.0,43.3,28.0,36.0,217.7
2024-12-29 17:00:00,Lodhi Road,28.5918,77.2273,93.6,94.3,1013.0,36.4,25.8,41.0,209.9
2024-12-29 18:00:00,Lodhi Road,28.5918,77.2273,91.3,92.0,909.0,29.9,23.7,47.0,202.0
2024-12-29 19:00:00,Lodhi Road,28.5918,77.2273,86.4,87.1,820.0,24.8,21.4,51.0,187.7
2024-12-29 20:00:00,Lodhi Road,28.5918,77.2273,83.4,84.1,738.0,20.1,19.1,55.0,177.5
2024-12-29 21:00:00,Lodhi Road,28.5918,77.2273,81.0,81.7,692.0,16.5,17.7,58.0,169.3
2024-12-29 22:00:00,Lodhi Road,28.5918,77.2273,79.4,79.9,699.0,13.8,17.7,60.0,163.8
2024-12-29 23:00:00,Lodhi Road,28.5918,77.2273,78.5,78.9,741.0,12.3,18.7,62.0,160.7
2024-12-30 00:00:00,Lodhi Road,28.5918,77.2273,80.8,81.5,797.0,13.4,19.4,59.0,168.6
2024-12-30 01:00:00,Lodhi Road,28.5918,77.2273,79.9,80.3,876.0,17.9,22.0,55.0,165.5
2024-12-30 02:00:00,Lodhi Road,28.5918,77.2273,82.7,83.1,968.0,23.9,25.7,50.0,175.1
2024-12-30 03:00:00,Lodhi Road,28.5918,77.2273,85.0,85.4,1021.0,27.4,29.4,55.0,182.9
2024-12-30 04:00:00,Lodhi Road,28.5918,77.2273,82.0,82.2,1000.0,26.0,33.1,76.0,172.7
2024-12-30 05:00:00,Lodhi Road,28.5918,77.2273,80.1,80.3,940.0,22.0,36.8,106.0,166.2
2024-12-30 06:00:00,Lodhi Road,28.5918,77.2273,78.7,78.9,893.0,18.4,39.1,132.0,161.4
2024-12-30 07:00:00,Lodhi Road,28.5918,77.2273,73.8,74.0,857.0,14.7,39.0,153.0,144.7
2024-12-30 08:00:00,Lodhi Road,28.5918,77.2273,65.4,65.9,833.0,11.4,37.5,169.0,116.0
2024-12-30 09:00:00,Lodhi Road,28.5918,77.2273,57.5,57.9,877.0,12.2,35.8,173.0,95.8
2024-12-30 10:00:00,Lodhi Road,28.5918,77.2273,53.4,53.9,1048.0,19.9,34.0,155.0,88.8
2024-12-30 11:00:00,Lodhi Road,28.5918,77.2273,54.6,55.1,1285.0,31.8,32.0,125.0,90.9
2024-12-30 12:00:00,Lodhi Road,28.5918,77.2273,102.7,103.8,1466.0,56.8,45.6,92.0,240.9
2024-12-30 13:00:00,Lodhi Road,28.5918,77.2273,117.3,118.3,1536.0,64.8,47.0,73.0,290.8
2024-12-30 14:00:00,Lodhi Road,28.5918,77.2273,126.2,127.6,1549.0,75.7,48.9,47.0,305.0
2024-12-30 15:00:00,Lodhi Road,28.5918,77.2273,131.8,132.7,1540.0,82.4,50.0,27.0,309.3
2024-12-30 16:00:00,Lodhi Road,28.5918,77.2273,137.4,138.3,1520.0,81.8,50.2,20.0,313.6
2024-12-30 17:00:00,Lodhi Road,28.5918,77.2273,141.6,143.0,1478.0,77.2,49.6,19.0,316.8
2024-12-30 18:00:00,Lodhi Road,28.5918,77.2273,141.6,143.0,1419.0,70.8,47.4,21.0,316.8
2024-12-30 19:00:00,Lodhi Road,28.5918,77.2273,134.6,135.5,1332.0,62.8,42.4,25.0,311.4
2024-12-30 20:00:00,Lodhi Road,28.5918,77.2273,128.1,129.5,1228.0,53.0,35.8,31.0,306.4
2024-12-30 21:00:00,Lodhi Road,28.5918,77.2273,123.9,125.3,1150.0,44.1,30.5,37.0,303.2
2024-12-30 22:00:00,Lodhi Road,28.5918,77.2273,119.0,120.1,1108.0,35.6,27.2,43.0,296.6
2024-12-30 23:00:00,Lodhi Road,28.5918,77.2273,115.3,116.4,1092.0,27.8,25.2,49.0,284.0
2024-12-31 00:00:00,Lodhi Road,28.5918,77.2273,157.9,159.3,1114.0,48.5,36.2,20.0,329.3
2024-12-31 01:00:00,Lodhi Road,28.5918,77.2273,153.7,154.6,1209.0,47.1,35.9,21.0,326.1
2024-12-31 02:00:00,Lodhi Road,28.5918,77.2273,157.9,158.8,1343.0,44.8,35.6,24.0,329.3
2024-12-31 03:00:00,Lodhi Road,28.5918,77.2273,150.9,152.3,1421.0,41.4,36.4,34.0,323.9
2024-12-31 04:00:00,Lodhi Road,28.5918,77.2273,137.4,139.2,1397.0,35.8,39.2,57.0,313.6
2024-12-31 05:00:00,Lodhi Road,28.5918,77.2273,117.6,119.7,1318.0,29.0,43.1,87.0,291.8
2024-12-31 06:00:00,Lodhi Road,28.5918,77.2273,100.8,103.4,1234.0,23.7,45.9,112.0,234.5
2024-12-31 07:00:00,Lodhi Road,28.5918,77.2273,95.7,98.0,1118.0,19.6,46.3,132.0,217.0
2024-12-31 08:00:00,Lodhi Road,28.5918,77.2273,92.4,94.8,997.0,17.1,45.7,147.0,205.8
2024-12-31 09:00:00,Lodhi Road,28.5918,77.2273,89.2,91.5,995.0,19.4,45.4,151.0,197.3
2024-12-31 10:00:00,Lodhi Road,28.5918,77.2273,88.0,90.1,1208.0,29.3,45.9,138.0,193.2
2024-12-31 11:00:00,Lodhi Road,28.5918,77.2273,88.7,91.0,1541.0,44.1,46.7,114.0,195.6
2024-12-31 12:00:00,Lodhi Road,28.5918,77.2273,158.3,162.1,1835.0,76.3,78.7,88.0,329.6
2024-12-31 13:00:00,Lodhi Road,28.5918,77.2273,190.5,193.7,2062.0,91.0,82.2,64.0,354.3
2024-12-31 14:00:00,Lodhi Road,28.5918,77.2273,210.9,214.7,2249.0,110.9,86.7,32.0,370.0
2024-12-31 15:00:00,Lodhi Road,28.5918,77.2273,217.5,220.7,2321.0,121.9,87.9,9.0,375.1
2024-12-31 16:00:00,Lodhi Road,28.5918,77.2273,217.0,220.3,2204.0,117.0,83.6,5.0,374.7
2024-12-31 17:00:00,Lodhi Road,28.5918,77.2273,217.0,220.3,1971.0,103.4,76.1,10.0,374.7
2024-12-31 18:00:00,Lodhi Road,28.5918,77.2273,209.5,212.8,1768.0,88.6,67.4,17.0,368.9
2024-12-31 19:00:00,Lodhi Road,28.5918,77.2273,193.7,197.0,1645.0,74.2,57.5,24.0,356.8
2024-12-31 20:00:00,Lodhi Road,28.5918,77.2273,180.7,183.9,1551.0,58.6,46.5,33.0,346.8
2024-12-31 21:00:00,Lodhi Road,28.5918,77.2273,167.6,170.4,1478.0,45.0,37.2,42.0,336.8
2024-12-31 22:00:00,Lodhi Road,28.5918,77.2273,153.2,156.0,1418.0,33.8,30.3,50.0,325.7
2024-12-31 23:00:00,Lodhi Road,28.5918,77.2273,141.6,144.4,1379.0,24.6,25.1,57.0,316.8
2024-12-19 12:00:00,Mandir Marg,28.6364,77.2008,144.8,147.6,1381.0,75.6,65.6,98.0,319.3
2024-12-19 13:00:00,Mandir Marg,28.6364,77.2008,168.1,170.4,1597.0,84.5,70.3,78.0,337.1
2024-12-19 14:00:00,Mandir Marg,28.6364,77.2008,190.0,192.3,1804.0,96.5,76.5,50.0,354.0
2024-12-19 15:00:00,Mandir Marg,28.6364,77.2008,204.9,207.2,1938.0,103.4,79.9,29.0,365.4
2024-12-19 16:00:00,Mandir Marg,28.6364,77.2008,212.3,214.2,1966.0,101.2,78.3,22.0,371.1
2024-12-19 17:00:00,Mandir Marg,28.6364,77.2008,213.7,215.6,1921.0,94.0,73.9,23.0,372.1
2024-12-19 18:00:00,Mandir Marg,28.6364,77.2008,207.2,209.1,1839.0,85.6,68.1,25.0,367.2
2024-12-19 19:00:00,Mandir Marg,28.6364,77.2008,195.1,197.0,1703.0,76.7,60.6,28.0,357.9
2024-12-19 20:00:00,Mandir Marg,28.6364,77.2008,184.9,186.7,1530.0,66.7,51.7,33.0,350.0
2024-12-19 21:00:00,Mandir Marg,28.6364,77.2008,177.0,178.8,1403.0,57.7,44.6,36.0,344.0
2024-12-19 22:00:00,Mandir Marg,28.6364,77.2008,170.9,172.3,1330.0,49.3,39.8,37.0,339.3
2024-12-19 23:00:00,Mandir Marg,28.6364,77.2008,165.3,167.2,1304.0,42.0,36.6,37.0,335.0
2024-12-20 00:00:00,Mandir Marg,28.6364,77.2008,147.6,149.0,1387.0,28.2,37.5,55.0,321.4
2024-12-20 01:00:00,Mandir Marg,28.6364,77.2008,157.9,159.7,1719.0,39.2,43.6,44.0,329.3
2024-12-20 02:00:00,Mandir Marg,28.6364,77.2008,176.0,177.9,2160.0,53.8,51.8,30.0,343.2
2024-12-20 03:00:00,Mandir Marg,28.6364,77.2008,181.6,183.0,2355.0,61.1,57.4,34.0,347.5
2024-12-20 04:00:00,Mandir Marg,28.6364,77.2008,156.5,157.9,2071.0,53.8,57.4,73.0,328.2
2024-12-20 05:00:00,Mandir Marg,28.6364,77.2008,138.8,140.2,1542.0,39.1,54.8,129.0,314.7
2024-12-20 06:00:00,Mandir Marg,28.6364,77.2008,111.8,113.9,1112.0,27.5,52.9,172.0,272.0
2024-12-20 07:00:00,Mandir Marg,28.6364,77.2008,94.3,96.9,899.0,21.6,53.2,190.0,212.3
2024-12-20 08:00:00,Mandir Marg,28.6364,77.2008,84.1,86.6,787.0,18.8,54.3,195.0,179.9
2024-12-20 09:00:00,Mandir Marg,28.6364,77.2008,80.1,82.4,768.0,22.0,55.4,187.0,166.2
2024-12-20 10:00:00,Mandir Marg,28.6364,77.2008,78.5,80.6,889.0,36.2,56.4,162.0,160.7
2024-12-20 11:00:00,Mandir Marg,28.6364,77.2008,85.9,87.5,1105.0,56.5,57.3,125.0,186.0
2024-12-20 12:00:00,Mandir Marg,28.6364,77.2008,115.5,117.3,1272.0,74.4,56.9,86.0,284.6
2024-12-20 13:00:00,Mandir Marg,28.6364,77.2008,125.3,126.7,1332.0,70.4,54.7,77.0,304.3
2024-12-20 14:00:00,Mandir Marg,28.6364,77.2008,126.7,128.5,1343.0,64.5,51.5,64.0,305.4
2024-12-20 15:00:00,Mandir Marg,28.6364,77.2008,126.7,128.1,1336.0,58.2,48.2,55.0,305.4
2024-12-20 16:00:00,Mandir Marg,28.6364,77.2008,127.1,128.1,1316.0,51.5,44.8,52.0,305.7
2024-12-20 17:00:00,Mandir Marg,28.6364,77.2008,127.6,128.5,1278.0,44.2,41.3,52.0,306.1
2024-12-20 18:00:00,Mandir Marg,28.6364,77.2008,125.7,126.7,1234.0,37.6,38.7,52.0,304.6
2024-12-20 19:00:00,Mandir Marg,28.6364,77.2008,122.0,123.4,1182.0,31.6,37.8,52.0,301.8
2024-12-20 20:00:00,Mandir Marg,28.6364,77.2008,119.7,120.6,1123.0,26.3,37.8,51.0,299.0
2024-12-20 21:00:00,Mandir Marg,28.6364,77.2008,117.6,118.5,1078.0,22.3,37.7,51.0,291.8
2024-12-20 22:00:00,Mandir Marg,28.6364,77.2008,115.9,116.9,1019.0,19.6,36.9,50.0,286.0
2024-12-20 23:00:00,Mandir Marg,28.6364,77.2008,114.6,115.7,974.0,18.4,35.9,49.0,281.6
2024-12-21 00:00:00,Mandir Marg,28.6364,77.2008,116.4,117.3,1038.0,21.0,41.3,46.0,287.7
2024-12-21 01:00:00,Mandir Marg,28.6364,77.2008,123.9,124.8,1346.0,27.1,44.6,38.0,303.2
2024-12-21 02:00:00,Mandir Marg,28.6364,77.2008,138.3,139.2,1764.0,35.3,49.0,28.0,314.3
2024-12-21 03:00:00,Mandir Marg,28.6364,77.2008,144.8,145.8,1990.0,40.2,51.9,30.0,319.3
2024-12-21 04:00:00,Mandir Marg,28.6364,77.2008,143.0,143.9,1850.0,38.8,51.9,56.0,317.9
2024-12-21 05:00:00,Mandir Marg,28.6364,77.2008,138.3,139.2,1518.0,33.9,50.3,94.0,314.3
2024-12-21 06:00:00,Mandir Marg,28.6364,77.2008,129.5,130.4,1208.0,28.9,48.7,127.0,307.5
2024-12-21 07:00:00,Mandir Marg,28.6364,77.2008,110.1,111.5,958.0,22.3,47.4,150.0,266.2
2024-12-21 08:00:00,Mandir Marg,28.6364,77.2008,98.5,100.1,730.0,15.6,46.2,168.0,226.6
2024-12-21 09:00:00,Mandir Marg,28.6364,77.2008,92.7,94.3,628.0,15.6,45.6,171.0,206.8
2024-12-21 10:00:00,Mandir Marg,28.6364,77.2008,90.3,92.0,734.0,28.3,45.7,151.0,500.0
2024-12-21 11:00:00,Mandir Marg,28.6364,77.2008,98.7,99.9,966.0,47.7,46.4,116.0,227.3
2024-12-21 12:00:00,Mandir Marg,28.6364,77.2008,134.1,136.0,1181.0,62.1,50.3,84.0,311.1
2024-12-21 13:00:00,Mandir Marg,28.6364,77.2008,152.7,154.6,1340.0,67.0,53.7,70.0,325.3
2024-12-21 14:00:00,Mandir Marg,28.6364,77.2008,166.7,168.6,1483.0,73.7,58.4,51.0,336.1
2024-12-21 15:00:00,Mandir Marg,28.6364,77.2008,180.2,181.6,1584.0,78.0,62.0,35.0,346.4
2024-12-21 16:00:00,Mandir Marg,28.6364,77.2008,193.7,195.1,1629.0,78.0,63.9,26.0,356.8
2024-12-21 17:00:00,Mandir Marg,28.6364,77.2008,206.3,208.2,1631.0,75.7,64.7,21.0,366.5
2024-12-21 18:00:00,Mandir Marg,28.6364,77.2008,213.3,214.7,1609.0,73.0,64.3,18.0,371.8
2024-12-21 19:00:00,Mandir Marg,28.6364,77.2008,214.2,215.6,1544.0,70.5,62.4,16.0,372.5
2024-12-21 20:00:00,Mandir Marg,28.6364,77.2008,215.6,217.0,1454.0,67.6,59.2,16.0,373.6
2024-12-21 21:00:00,Mandir Marg,28.6364,77.2008,214.2,216.1,1413.0,64.2,56.0,17.0,372.5
2024-12-21 22:00:00,Mandir Marg,28.6364,77.2008,205.8,207.7,1369.0,59.2,51.8,21.0,366.1
2024-12-21 23:00:00,Mandir Marg,28.6364,77.2008,193.7,195.6,1374.0,53.8,47.6,27.0,356.8
2024-12-22 00:00:00,Mandir Marg,28.6364,77.2008,200.7,202.6,1654.0,57.6,44.6,20.0,362.2
2024-12-22 01:00:00,Mandir Marg,28.6364,77.2008,204.4,206.3,2587.0,60.8,53.7,19.0,365.0
2024-12-22 02:00:00,Mandir Marg,28.6364,77.2008,220.7,223.1,3796.0,64.8,66.2,19.0,377.5
2024-12-22 03:00:00,Mandir Marg,28.6364,77.2008,238.0,239.3,4372.0,64.8,74.9,32.0,390.8
2024-12-22 04:00:00,Mandir Marg,28.6364,77.2008,218.9,220.3,3716.0,57.4,76.5,69.0,376.1
2024-12-22 05:00:00,Mandir Marg,28.6364,77.2008,185.8,187.7,2428.0,45.9,74.3,120.0,350.7
2024-12-22 06:00:00,Mandir Marg,28.6364,77.2008,140.2,142.5,1397.0,36.0,71.8,159.0,315.7
2024-12-22 07:00:00,Mandir Marg,28.6364,77.2008,117.6,119.7,972.0,26.5,69.1,181.0,291.8
2024-12-22 08:00:00,Mandir Marg,28.6364,77.2008,101.7,103.8,806.0,18.5,66.0,192.0,237.5
2024-12-22 09:00:00,Mandir Marg,28.6364,77.2008,93.8,95.9,744.0,20.7,65.0,188.0,210.6
2024-12-22 10:00:00,Mandir Marg,28.6364,77.2008,90.6,92.4,756.0,41.8,67.7,162.0,500.0
2024-12-22 11:00:00,Mandir Marg,28.6364,77.2008,105.5,107.1,873.0,73.2,72.5,122.0,250.5
2024-12-22 12:00:00,Mandir Marg,28.6364,77.2008,158.8,160.7,1035.0,101.3,82.2,75.0,330.0
2024-12-22 13:00:00,Mandir Marg,28.6364,77.2008,190.0,191.4,1265.0,103.8,84.7,63.0,354.0
2024-12-22 14:00:00,Mandir Marg,28.6364,77.2008,207.2,209.1,1540.0,106.9,87.9,46.0,367.2
2024-12-22 15:00:00,Mandir Marg,28.6364,77.2008,210.5,211.9,1733.0,107.0,87.9,34.0,369.7
2024-12-22 16:00:00,Mandir Marg,28.6364,77.2008,203.0,204.4,1796.0,102.9,82.3,32.0,363.9
2024-12-22 17:00:00,Mandir Marg,28.6364,77.2008,197.9,199.3,1775.0,95.9,73.5,36.0,360.0
2024-12-22 18:00:00,Mandir Marg,28.6364,77.2008,183.9,185.3,1686.0,85.5,64.8,42.0,349.3
2024-12-22 19:00:00,Mandir Marg,28.6364,77.2008,164.4,165.3,1484.0,68.9,56.3,53.0,334.3
2024-12-22 20:00:00,Mandir Marg,28.6364,77.2008,146.2,147.1,1212.0,49.1,47.8,66.0,320.3
2024-12-22 21:00:00,Mandir Marg,28.6364,77.2008,139.2,140.6,1015.0,34.4,42.1,75.0,315.0
2024-12-22 22:00:00,Mandir Marg,28.6364,77.2008,138.8,140.2,933.0,28.0,40.3,76.0,314.7
2024-12-22 23:00:00,Mandir Marg,28.6364,77.2008,142.0,143.4,925.0,26.7,41.2,71.0,317.1
2024-12-23 00:00:00,Mandir Marg,28.6364,77.2008,117.6,118.7,1013.0,18.7,34.3,76.0,291.8
2024-12-23 01:00:00,Mandir Marg,28.6364,77.2008,122.9,123.9,1292.0,30.0,38.4,62.0,302.5
2024-12-23 02:00:00,Mandir Marg,28.6364,77.2008,137.4,138.8,1666.0,45.4,44.1,44.0,313.6
2024-12-23 03:00:00,Mandir Marg,28.6364,77.2008,156.9,157.9,1874.0,55.4,47.6,36.0,328.6
2024-12-23 04:00:00,Mandir Marg,28.6364,77.2008,149.9,150.9,1767.0,55.4,47.0,47.0,323.2
2024-12-23 05:00:00,Mandir Marg,28.6364,77.2008,145.8,146.7,1494.0,50.2,44.4,69.0,320.0
2024-12-23 06:00:00,Mandir Marg,28.6364,77.2008,143.9,145.3,1232.0,44.2,42.1,89.0,318.6
2024-12-23 07:00:00,Mandir Marg,28.6364,77.2008,131.3,132.7,1018.0,38.0,41.1,106.0,308.9
2024-12-23 08:00:00,Mandir Marg,28.6364,77.2008,116.6,118.3,815.0,31.0,40.5,122.0,288.4
2024-12-23 09:00:00,Mandir Marg,28.6364,77.2008,110.8,112.5,696.0,26.8,40.0,130.0,268.6
2024-12-23 10:00:00,Mandir Marg,28.6364,77.2008,105.9,107.8,721.0,27.8,39.9,127.0,251.9
2024-12-23 11:00:00,Mandir Marg,28.6364,77.2008,100.8,102.4,829.0,31.5,40.1,116.0,234.5
2024-12-23 12:00:00,Mandir Marg,28.6364,77.2008,129.9,131.8,910.0,38.6,38.7,106.0,307.8
2024-12-23 13:00:00,Mandir Marg,28.6364,77.2008,123.9,126.2,916.0,36.8,39.4,98.0,303.2
2024-12-23 14:00:00,Mandir Marg,28.6364,77.2008,120.1,122.0,895.0,34.3,40.4,86.0,500.0
2024-12-23 15:00:00,Mandir Marg,28.6364,77.2008,116.6,118.5,879.0,32.8,41.0,75.0,288.4
2024-12-23 16:00:00,Mandir Marg,28.6364,77.2008,114.6,116.4,886.0,33.4,41.2,66.0,281.6
2024-12-23 17:00:00,Mandir Marg,28.6364,77.2008,115.7,117.8,898.0,34.9,41.2,59.0,285.3
2024-12-23 18:00:00,Mandir Marg,28.6364,77.2008,116.6,118.5,894.0,35.1,40.2,53.0,288.4
2024-12-23 19:00:00,Mandir Marg,28.6364,77.2008,113.9,115.7,860.0,32.4,37.9,51.0,279.2
2024-12-23 20:00:00,Mandir Marg,28.6364,77.2008,110.6,112.7,811.0,28.3,34.7,52.0,267.9
2024-12-23 21:00:00,Mandir Marg,28.6364,77.2008,109.7,111.8,771.0,25.1,31.7,51.0,264.8
2024-12-23 22:00:00,Mandir Marg,28.6364,77.2008,108.5,110.4,735.0,23.2,28.9,47.0,260.7
2024-12-23 23:00:00,Mandir Marg,28.6364,77.2008,105.7,107.3,707.0,22.1,26.3,43.0,251.2
2024-12-24 00:00:00,Mandir Marg,28.6364,77.2008,83.1,85.0,727.0,17.2,17.5,60.0,176.4
2024-12-24 01:00:00,Mandir Marg,28.6364,77.2008,84.5,86.4,851.0,24.2,20.1,54.0,181.2
2024-12-24 02:00:00,Mandir Marg,28.6364,77.2008,93.1,95.0,1023.0,33.6,23.6,47.0,208.2
2024-12-24 03:00:00,Mandir Marg,28.6364,77.2008,102.9,105.0,1111.0,38.9,26.5,49.0,241.6
2024-12-24 04:00:00,Mandir Marg,28.6364,77.2008,108.0,109.9,1035.0,36.2,27.7,68.0,259.0
2024-12-24 05:00:00,Mandir Marg,28.6364,77.2008,106.9,109.2,875.0,29.6,28.2,97.0,255.3
2024-12-24 06:00:00,Mandir Marg,28.6364,77.2008,102.7,105.7,741.0,24.2,29.6,121.0,240.9
2024-12-24 07:00:00,Mandir Marg,28.6364,77.2008,106.4,109.7,644.0,19.6,32.0,138.0,253.6
2024-12-24 08:00:00,Mandir Marg,28.6364,77.2008,107.1,110.6,573.0,16.3,35.3,151.0,256.0
2024-12-24 09:00:00,Mandir Marg,28.6364,77.2008,107.8,111.1,605.0,21.6,40.0,150.0,258.4
2024-12-24 10:00:00,Mandir Marg,28.6364,77.2008,108.7,111.8,827.0,43.5,46.5,126.0,261.4
2024-12-24 11:00:00,Mandir Marg,28.6364,77.2008,119.7,122.0,1153.0,73.9,54.6,88.0,299.0
2024-12-24 12:00:00,Mandir Marg,28.6364,77.2008,134.1,136.0,1397.0,77.1,46.7,62.0,311.1
2024-12-24 13:00:00,Mandir Marg,28.6364,77.2008,142.5,143.9,1436.0,74.5,46.8,56.0,317.5
2024-12-24 14:00:00,Mandir Marg,28.6364,77.2008,141.6,143.0,1394.0,70.5,46.6,47.0,316.8
2024-12-24 15:00:00,Mandir Marg,28.6364,77.2008,131.8,133.2,1457.0,65.0,44.8,41.0,309.3
2024-12-24 16:00:00,Mandir Marg,28.6364,77.2008,120.1,121.5,1758.0,56.9,40.0,39.0,500.0
2024-12-24 17:00:00,Mandir Marg,28.6364,77.2008,111.8,112.9,2165.0,47.2,33.5,38.0,272.0
2024-12-24 18:00:00,Mandir Marg,28.6364,77.2008,105.5,106.6,2466.0,39.0,28.0,38.0,250.5
2024-12-24 19:00:00,Mandir Marg,28.6364,77.2008,100.4,101.5,2583.0,33.3,24.3,37.0,233.1
2024-12-24 20:00:00,Mandir Marg,28.6364,77.2008,98.0,99.4,2595.0,29.1,21.5,37.0,224.9
2024-12-24 21:00:00,Mandir Marg,28.6364,77.2008,98.0,99.2,2529.0,26.1,19.5,36.0,224.9
2024-12-24 22:00:00,Mandir Marg,28.6364,77.2008,98.7,100.1,2342.0,24.0,18.1,35.0,227.3
2024-12-24 23:00:00,Mandir Marg,28.6364,77.2008,99.7,101.0,2078.0,23.2,17.5,34.0,230.7
2024-12-25 00:00:00,Mandir Marg,28.6364,77.2008,94.3,95.7,1894.0,21.1,16.8,39.0,212.3
2024-12-25 01:00:00,Mandir Marg,28.6364,77.2008,101.0,102.4,1898.0,28.4,23.0,31.0,235.1
2024-12-25 02:00:00,Mandir Marg,28.6364,77.2008,118.0,119.7,1983.0,38.3,31.4,21.0,293.2
2024-12-25 03:00:00,Mandir Marg,28.6364,77.2008,134.6,136.0,1978.0,43.8,37.2,24.0,311.4
2024-12-25 04:00:00,Mandir Marg,28.6364,77.2008,128.1,129.0,1791.0,41.0,37.0,52.0,306.4
2024-12-25 05:00:00,Mandir Marg,28.6364,77.2008,119.7,121.1,1515.0,33.8,34.0,93.0,299.0
2024-12-25 06:00:00,Mandir Marg,28.6364,77.2008,95.7,97.6,1259.0,27.4,33.3,126.0,217.0
2024-12-25 07:00:00,Mandir Marg,28.6364,77.2008,87.8,90.1,1038.0,22.1,37.7,147.0,192.5
2024-12-25 08:00:00,Mandir Marg,28.6364,77.2008,91.7,94.1,838.0,17.5,44.4,161.0,203.4
2024-12-25 09:00:00,Mandir Marg,28.6364,77.2008,94.1,96.4,726.0,18.3,49.3,162.0,211.6
2024-12-25 10:00:00,Mandir Marg,28.6364,77.2008,94.5,96.9,730.0,28.6,50.3,143.0,212.9
2024-12-25 11:00:00,Mandir Marg,28.6364,77.2008,100.1,102.0,822.0,44.2,49.5,111.0,232.1
2024-12-25 12:00:00,Mandir Marg,28.6364,77.2008,133.2,135.0,989.0,57.4,47.5,74.0,310.4
2024-12-25 13:00:00,Mandir Marg,28.6364,77.2008,144.4,146.2,1294.0,61.4,50.0,61.0,319.0
2024-12-25 14:00:00,Mandir Marg,28.6364,77.2008,151.8,153.2,1675.0,66.8,53.5,43.0,324.6
2024-12-25 15:00:00,Mandir Marg,28.6364,77.2008,160.7,161.6,1929.0,70.3,56.4,29.0,331.5
2024-12-25 16:00:00,Mandir Marg,28.6364,77.2008,167.6,169.0,1948.0,70.0,58.6,23.0,336.8
2024-12-25 17:00:00,Mandir Marg,28.6364,77.2008,174.6,176.0,1841.0,67.8,60.2,20.0,342.1
2024-12-25 18:00:00,Mandir Marg,28.6364,77.2008,178.3,179.3,1736.0,65.3,60.1,18.0,345.0
2024-12-25 19:00:00,Mandir Marg,28.6364,77.2008,179.3,180.2,1675.0,63.3,57.0,15.0,345.7
2024-12-25 20:00:00,Mandir Marg,28.6364,77.2008,179.7,180.7,1615.0,61.1,52.2,13.0,346.0
2024-12-25 21:00:00,Mandir Marg,28.6364,77.2008,178.8,180.2,1557.0,58.4,48.2,12.0,345.4
2024-12-25 22:00:00,Mandir Marg,28.6364,77.2008,175.6,176.5,1451.0,54.2,45.6,13.0,342.9
2024-12-25 23:00:00,Mandir Marg,28.6364,77.2008,170.0,170.9,1346.0,49.6,43.8,15.0,338.6
2024-12-26 00:00:00,Mandir Marg,28.6364,77.2008,182.5,183.9,1390.0,48.6,39.7,9.0,348.2
2024-12-26 01:00:00,Mandir Marg,28.6364,77.2008,173.7,174.6,1767.0,48.1,42.1,6.0,341.4
2024-12-26 02:00:00,Mandir Marg,28.6364,77.2008,186.3,187.2,2292.0,47.3,45.4,4.0,351.1
2024-12-26 03:00:00,Mandir Marg,28.6364,77.2008,192.3,192.8,2558.0,45.7,47.9,16.0,355.7
2024-12-26 04:00:00,Mandir Marg,28.6364,77.2008,192.3,192.8,2323.0,43.1,48.3,56.0,355.7
2024-12-26 05:00:00,Mandir Marg,28.6364,77.2008,180.2,180.7,1830.0,39.7,47.8,110.0,346.4
2024-12-26 06:00:00,Mandir Marg,28.6364,77.2008,146.7,147.6,1397.0,36.2,48.4,151.0,320.7
2024-12-26 07:00:00,Mandir Marg,28.6364,77.2008,100.1,101.3,1109.0,29.2,50.5,172.0,232.1
2024-12-26 08:00:00,Mandir Marg,28.6364,77.2008,80.6,82.0,881.0,22.0,53.7,180.0,167.9
2024-12-26 09:00:00,Mandir Marg,28.6364,77.2008,75.9,77.5,782.0,25.3,58.1,174.0,151.9
2024-12-26 10:00:00,Mandir Marg,28.6364,77.2008,75.4,77.5,857.0,48.6,64.3,147.0,150.2
2024-12-26 11:00:00,Mandir Marg,28.6364,77.2008,88.2,89.9,1060.0,82.5,71.7,106.0,193.9
2024-12-26 12:00:00,Mandir Marg,28.6364,77.2008,139.2,142.0,1320.0,103.4,69.3,63.0,315.0
2024-12-26 13:00:00,Mandir Marg,28.6364,77.2008,170.4,172.8,1692.0,109.4,75.6,49.0,338.9
2024-12-26 14:00:00,Mandir Marg,28.6364,77.2008,190.9,193.2,2122.0,117.5,84.2,29.0,354.6
2024-12-26 15:00:00,Mandir Marg,28.6364,77.2008,212.3,214.7,2375.0,122.3,89.2,15.0,371.1
2024-12-26 16:00:00,Mandir Marg,28.6364,77.2008,230.0,232.8,2307.0,121.7,88.6,10.0,384.7
2024-12-26 17:00:00,Mandir Marg,28.6364,77.2008,235.6,238.4,2062.0,117.7,84.6,11.0,388.9
2024-12-26 18:00:00,Mandir Marg,28.6364,77.2008,220.3,223.1,1837.0,110.9,77.5,13.0,377.2
2024-12-26 19:00:00,Mandir Marg,28.6364,77.2008,205.8,208.2,1703.0,99.6,65.4,17.0,366.1
2024-12-26 20:00:00,Mandir Marg,28.6364,77.2008,185.8,187.7,1589.0,85.4,50.4,23.0,350.7
2024-12-26 21:00:00,Mandir Marg,28.6364,77.2008,162.1,164.4,1475.0,73.9,38.7,28.0,332.5
2024-12-26 22:00:00,Mandir Marg,28.6364,77.2008,145.3,147.1,1339.0,67.3,33.4,31.0,319.6
2024-12-26 23:00:00,Mandir Marg,28.6364,77.2008,144.4,146.7,1203.0,63.4,31.6,33.0,319.0
2024-12-27 00:00:00,Mandir Marg,28.6364,77.2008,146.2,148.1,1118.0,71.4,44.3,25.0,320.3
2024-12-27 01:00:00,Mandir Marg,28.6364,77.2008,130.9,132.7,1133.0,68.8,45.3,26.0,308.6
2024-12-27 02:00:00,Mandir Marg,28.6364,77.2008,138.8,140.6,1200.0,64.9,46.4,28.0,314.7
2024-12-27 03:00:00,Mandir Marg,28.6364,77.2008,140.6,142.0,1221.0,60.3,45.4,33.0,316.0
2024-12-27 04:00:00,Mandir Marg,28.6364,77.2008,138.8,140.2,1147.0,54.6,40.6,45.0,314.7
2024-12-27 05:00:00,Mandir Marg,28.6364,77.2008,117.6,119.2,1028.0,48.2,33.8,60.0,291.8
2024-12-27 06:00:00,Mandir Marg,28.6364,77.2008,97.8,99.7,920.0,42.2,27.9,72.0,224.2
2024-12-27 07:00:00,Mandir Marg,28.6364,77.2008,94.5,97.1,834.0,36.6,24.2,77.0,212.9
2024-12-27 08:00:00,Mandir Marg,28.6364,77.2008,91.5,93.8,759.0,31.4,21.5,79.0,202.7
2024-12-27 09:00:00,Mandir Marg,28.6364,77.2008,89.4,91.3,720.0,28.1,19.3,79.0,198.0
2024-12-27 10:00:00,Mandir Marg,28.6364,77.2008,85.4,87.1,748.0,28.0,17.3,78.0,184.3
2024-12-27 11:00:00,Mandir Marg,28.6364,77.2008,80.6,82.0,812.0,29.8,15.9,75.0,167.9
2024-12-27 12:00:00,Mandir Marg,28.6364,77.2008,94.3,96.6,842.0,36.8,16.6,64.0,212.3
2024-12-27 13:00:00,Mandir Marg,28.6364,77.2008,93.6,95.7,800.0,35.2,17.7,64.0,209.9
2024-12-27 14:00:00,Mandir Marg,28.6364,77.2008,96.6,98.7,725.0,32.8,19.2,64.0,220.1
2024-12-27 15:00:00,Mandir Marg,28.6364,77.2008,98.3,100.4,665.0,30.6,20.6,65.0,225.9
2024-12-27 16:00:00,Mandir Marg,28.6364,77.2008,102.2,104.5,646.0,28.8,21.7,66.0,239.2
2024-12-27 17:00:00,Mandir Marg,28.6364,77.2008,106.9,109.2,642.0,27.1,22.6,68.0,255.3
2024-12-27 18:00:00,Mandir Marg,28.6364,77.2008,104.3,106.6,618.0,25.5,23.2,68.0,246.4
2024-12-27 19:00:00,Mandir Marg,28.6364,77.2008,100.8,103.1,545.0,23.7,23.1,66.0,234.5
2024-12-27 20:00:00,Mandir Marg,28.6364,77.2008,100.4,102.7,452.0,21.9,22.5,63.0,233.1
2024-12-27 21:00:00,Mandir Marg,28.6364,77.2008,99.9,102.0,391.0,20.9,22.3,60.0,231.4
2024-12-27 22:00:00,Mandir Marg,28.6364,77.2008,96.2,98.0,352.0,20.3,22.0,57.0,218.8
2024-12-27 23:00:00,Mandir Marg,28.6364,77.2008,91.7,93.6,345.0,20.6,22.0,55.0,203.4
2024-12-28 00:00:00,Mandir Marg,28.6364,77.2008,82.0,84.1,454.0,17.1,21.0,66.0,172.7
2024-12-28 01:00:00,Mandir Marg,28.6364,77.2008,82.4,84.5,814.0,29.8,29.6,55.0,174.1
2024-12-28 02:00:00,Mandir Marg,28.6364,77.2008,105.2,107.6,1289.0,46.9,41.4,40.0,249.5
2024-12-28 03:00:00,Mandir Marg,28.6364,77.2008,125.3,127.6,1556.0,57.7,50.5,34.0,304.3
2024-12-28 04:00:00,Mandir Marg,28.6364,77.2008,112.0,113.9,1411.0,55.7,53.9,45.0,272.7
2024-12-28 05:00:00,Mandir Marg,28.6364,77.2008,103.8,105.9,1057.0,47.2,54.5,65.0,244.7
2024-12-28 06:00:00,Mandir Marg,28.6364,77.2008,99.9,102.0,781.0,40.6,55.2,80.0,231.4
2024-12-28 07:00:00,Mandir Marg,28.6364,77.2008,99.0,101.0,670.0,38.2,57.3,87.0,228.3
2024-12-28 08:00:00,Mandir Marg,28.6364,77.2008,97.3,99.4,638.0,37.6,59.5,91.0,222.5
2024-12-28 09:00:00,Mandir Marg,28.6364,77.2008,95.2,97.1,706.0,40.3,61.1,88.0,215.3
2024-12-28 10:00:00,Mandir Marg,28.6364,77.2008,91.5,93.1,914.0,48.5,61.5,77.0,202.7
2024-12-28 11:00:00,Mandir Marg,28.6364,77.2008,95.9,97.6,1224.0,59.9,61.3,59.0,217.7
2024-12-28 12:00:00,Mandir Marg,28.6364,77.2008,128.5,130.4,1543.0,67.4,56.8,47.0,306.8
2024-12-28 13:00:00,Mandir Marg,28.6364,77.2008,149.5,151.3,1911.0,67.0,55.3,42.0,322.9
2024-12-28 14:00:00,Mandir Marg,28.6364,77.2008,155.1,156.5,2288.0,66.3,53.0,35.0,327.2
2024-12-28 15:00:00,Mandir Marg,28.6364,77.2008,150.9,152.3,2468.0,63.9,49.9,30.0,323.9
2024-12-28 16:00:00,Mandir Marg,28.6364,77.2008,146.7,147.6,2308.0,59.2,45.4,28.0,320.7
2024-12-28 17:00:00,Mandir Marg,28.6364,77.2008,145.8,147.1,1950.0,52.8,40.1,28.0,320.0
2024-12-28 18:00:00,Mandir Marg,28.6364,77.2008,143.0,143.9,1614.0,45.9,35.0,29.0,317.9
2024-12-28 19:00:00,Mandir Marg,28.6364,77.2008,132.7,133.6,1356.0,37.9,30.3,32.0,310.0
2024-12-28 20:00:00,Mandir Marg,28.6364,77.2008,122.9,123.9,1120.0,29.3,25.9,36.0,302.5
2024-12-28 21:00:00,Mandir Marg,28.6364,77.2008,114.8,115.7,957.0,22.6,22.7,40.0,282.2
2024-12-28 22:00:00,Mandir Marg,28.6364,77.2008,106.9,107.8,902.0,18.5,21.0,43.0,255.3
2024-12-28 23:00:00,Mandir Marg,28.6364,77.2008,99.2,99.9,921.0,16.4,20.5,45.0,229.0
2024-12-29 00:00:00,Mandir Marg,28.6364,77.2008,122.5,123.4,961.0,23.8,21.8,31.0,302.2
2024-12-29 01:00:00,Mandir Marg,28.6364,77.2008,113.4,114.3,1028.0,26.1,23.5,31.0,277.5
2024-12-29 02:00:00,Mandir Marg,28.6364,77.2008,110.8,111.8,1116.0,29.2,25.9,32.0,268.6
2024-12-29 03:00:00,Mandir Marg,28.6364,77.2008,110.6,111.5,1154.0,30.0,28.1,38.0,267.9
2024-12-29 04:00:00,Mandir Marg,28.6364,77.2008,95.9,97.1,1103.0,26.5,29.9,55.0,217.7
2024-12-29 05:00:00,Mandir Marg,28.6364,77.2008,85.0,86.4,1002.0,20.7,31.5,77.0,182.9
2024-12-29 06:00:00,Mandir Marg,28.6364,77.2008,73.1,74.7,901.0,16.2,32.5,95.0,142.3
2024-12-29 07:00:00,Mandir Marg,28.6364,77.2008,66.8,68.5,789.0,13.7,32.4,108.0,120.8
2024-12-29 08:00:00,Mandir Marg,28.6364,77.2008,64.0,65.9,676.0,12.4,31.7,117.0,111.2
2024-12-29 09:00:00,Mandir Marg,28.6364,77.2008,63.3,65.0,642.0,14.0,31.2,118.0,108.9
2024-12-29 10:00:00,Mandir Marg,28.6364,77.2008,60.3,62.2,754.0,20.1,30.9,108.0,500.0
2024-12-29 11:00:00,Mandir Marg,28.6364,77.2008,61.5,63.3,945.0,29.1,30.7,90.0,102.7
2024-12-29 12:00:00,Mandir Marg,28.6364,77.2008,90.6,92.2,1097.0,35.4,32.7,65.0,500.0
2024-12-29 13:00:00,Mandir Marg,28.6364,77.2008,96.2,97.6,1170.0,36.6,32.5,58.0,218.8
2024-12-29 14:00:00,Mandir Marg,28.6364,77.2008,96.2,97.1,1203.0,38.2,32.2,50.0,218.8
2024-12-29 15:00:00,Mandir Marg,28.6364,77.2008,95.0,95.7,1194.0,38.0,31.1,44.0,214.7
2024-12-29 16:00:00,Mandir Marg,28.6364,77.2008,92.2,92.9,1125.0,34.9,28.7,45.0,205.1
2024-12-29 17:00:00,Mandir Marg,28.6364,77.2008,90.6,91.3,1013.0,30.1,25.5,48.0,500.0
2024-12-29 18:00:00,Mandir Marg,28.6364,77.2008,89.2,89.9,909.0,25.5,22.7,52.0,197.3
2024-12-29 19:00:00,Mandir Marg,28.6364,77.2008,85.4,85.9,820.0,21.6,20.4,55.0,184.3
2024-12-29 20:00:00,Mandir Marg,28.6364,77.2008,82.9,83.6,738.0,18.0,18.3,57.0,175.8
2024-12-29 21:00:00,Mandir Marg,28.6364,77.2008,80.8,81.3,692.0,15.2,17.2,59.0,168.6
2024-12-29 22:00:00,Mandir Marg,28.6364,77.2008,78.7,79.2,699.0,13.2,17.1,61.0,161.4
2024-12-29 23:00:00,Mandir Marg,28.6364,77.2008,77.1,77.3,741.0,12.1,18.0,62.0,156.0
2024-12-30 00:00:00,Mandir Marg,28.6364,77.2008,77.3,77.8,797.0,12.9,18.5,61.0,156.6
2024-12-30 01:00:00,Mandir Marg,28.6364,77.2008,75.4,75.7,876.0,17.0,21.4,58.0,150.2
2024-12-30 02:00:00,Mandir Marg,28.6364,77.2008,77.5,77.8,968.0,22.6,25.5,55.0,157.3
2024-12-30 03:00:00,Mandir Marg,28.6364,77.2008,79.4,79.6,1021.0,25.6,29.1,60.0,163.8
2024-12-30 04:00:00,Mandir Marg,28.6364,77.2008,76.8,77.1,1000.0,23.6,31.9,79.0,154.9
2024-12-30 05:00:00,Mandir Marg,28.6364,77.2008,76.1,76.4,940.0,19.1,34.2,107.0,152.5
2024-12-30 06:00:00,Mandir Marg,28.6364,77.2008,75.2,75.4,893.0,15.3,35.5,130.0,149.5
2024-12-30 07:00:00,Mandir Marg,28.6364,77.2008,71.2,71.5,857.0,12.4,35.4,148.0,135.8
2024-12-30 08:00:00,Mandir Marg,28.6364,77.2008,63.1,63.3,833.0,10.2,34.4,163.0,108.2
2024-12-30 09:00:00,Mandir Marg,28.6364,77.2008,56.0,56.2,877.0,11.6,33.4,166.0,93.2
2024-12-30 10:00:00,Mandir Marg,28.6364,77.2008,51.5,51.8,1048.0,18.8,32.4,150.0,85.6
2024-12-30 11:00:00,Mandir Marg,28.6364,77.2008,52.3,52.5,1285.0,29.6,31.4,122.0,87.0
2024-12-30 12:00:00,Mandir Marg,28.6364,77.2008,96.2,97.3,1466.0,49.6,38.3,83.0,218.8
2024-12-30 13:00:00,Mandir Marg,28.6364,77.2008,108.5,109.7,1536.0,55.3,40.6,69.0,260.7
2024-12-30 14:00:00,Mandir Marg,28.6364,77.2008,118.0,119.0,1549.0,63.0,43.7,49.0,293.2
2024-12-30 15:00:00,Mandir Marg,28.6364,77.2008,127.1,128.1,1540.0,67.8,46.2,34.0,305.7
2024-12-30 16:00:00,Mandir Marg,28.6364,77.2008,136.0,136.9,1520.0,67.7,47.9,28.0,312.5
2024-12-30 17:00:00,Mandir Marg,28.6364,77.2008,143.9,144.8,1478.0,64.8,48.9,26.0,318.6
2024-12-30 18:00:00,Mandir Marg,28.6364,77.2008,145.8,147.1,1419.0,60.3,47.7,26.0,320.0
2024-12-30 19:00:00,Mandir Marg,28.6364,77.2008,140.2,141.1,1332.0,53.9,42.6,29.0,315.7
2024-12-30 20:00:00,Mandir Marg,28.6364,77.2008,135.0,136.4,1228.0,45.8,35.2,34.0,311.7
2024-12-30 21:00:00,Mandir Marg,28.6364,77.2008,131.8,133.2,1150.0,38.2,29.3,39.0,309.3
2024-12-30 22:00:00,Mandir Marg,28.6364,77.2008,127.6,129.0,1108.0,30.3,25.8,45.0,306.1
2024-12-30 23:00:00,Mandir Marg,28.6364,77.2008,125.7,127.1,1092.0,22.8,23.7,52.0,304.6
2024-12-31 00:00:00,Mandir Marg,28.6364,77.2008,162.5,164.4,1114.0,33.1,26.2,33.0,332.8
2024-12-31 01:00:00,Mandir Marg,28.6364,77.2008,156.0,157.9,1209.0,33.5,28.1,35.0,327.9
2024-12-31 02:00:00,Mandir Marg,28.6364,77.2008,158.3,159.7,1343.0,33.8,30.7,39.0,329.6
2024-12-31 03:00:00,Mandir Marg,28.6364,77.2008,151.3,153.2,1421.0,32.6,33.6,48.0,324.3
2024-12-31 04:00:00,Mandir Marg,28.6364,77.2008,141.6,143.4,1397.0,28.4,36.8,67.0,316.8
2024-12-31 05:00:00,Mandir Marg,28.6364,77.2008,126.7,129.0,1318.0,22.8,40.1,92.0,305.4
2024-12-31 06:00:00,Mandir Marg,28.6364,77.2008,108.7,111.3,1234.0,18.6,42.8,113.0,261.4
2024-12-31 07:00:00,Mandir Marg,28.6364,77.2008,103.8,106.4,1118.0,16.0,44.4,130.0,244.7
2024-12-31 08:00:00,Mandir Marg,28.6364,77.2008,99.2,101.7,997.0,14.9,45.4,143.0,229.0
2024-12-31 09:00:00,Mandir Marg,28.6364,77.2008,96.4,99.0,995.0,17.8,46.1,145.0,219.4
2024-12-31 10:00:00,Mandir Marg,28.6364,77.2008,93.8,96.4,1208.0,27.4,46.2,130.0,210.6
2024-12-31 11:00:00,Mandir Marg,28.6364,77.2008,94.5,97.1,1541.0,41.0,46.0,105.0,212.9
2024-12-31 12:00:00,Mandir Marg,28.6364,77.2008,149.9,153.2,1835.0,65.5,63.9,76.0,323.2
2024-12-31 13:00:00,Mandir Marg,28.6364,77.2008,175.1,178.3,2062.0,72.7,66.4,60.0,342.5
2024-12-31 14:00:00,Mandir Marg,28.6364,77.2008,193.2,196.5,2249.0,82.4,69.6,39.0,356.4
2024-12-31 15:00:00,Mandir Marg,28.6364,77.2008,200.2,203.0,2321.0,87.4,70.7,23.0,361.8
2024-12-31 16:00:00,Mandir Marg,28.6364,77.2008,200.2,203.5,2204.0,84.3,68.5,19.0,361.8
2024-12-31 17:00:00,Mandir Marg,28.6364,77.2008,204.0,206.8,1971.0,76.5,64.1,21.0,364.7
2024-12-31 18:00:00,Mandir Marg,28.6364,77.2008,199.3,202.1,1768.0,67.3,58.1,25.0,361.1
2024-12-31 19:00:00,Mandir Marg,28.6364,77.2008,185.8,188.6,1645.0,56.7,49.7,31.0,350.7
2024-12-31 20:00:00,Mandir Marg,28.6364,77.2008,174.6,177.4,1551.0,44.8,39.7,39.0,342.1
2024-12-31 21:00:00,Mandir Marg,28.6364,77.2008,164.4,166.7,1478.0,34.6,31.5,46.0,334.3
2024-12-31 22:00:00,Mandir Marg,28.6364,77.2008,156.5,158.8,1418.0,26.7,26.0,52.0,328.2
2024-12-31 23:00:00,Mandir Marg,28.6364,77.2008,149.5,151.8,1379.0,20.6,22.3,57.0,322.9
2024-12-19 12:00:00,Mundka,28.6839,77.0318,144.8,147.6,1418.0,75.6,65.6,98.0,319.3
2024-12-19 13:00:00,Mundka,28.6839,77.0318,168.1,170.4,1737.0,84.5,70.3,78.0,337.1
2024-12-19 14:00:00,Mundka,28.6839,77.0318,190.0,192.3,2083.0,96.5,76.5,50.0,354.0
2024-12-19 15:00:00,Mundka,28.6839,77.0318,204.9,207.2,2273.0,103.4,79.9,29.0,365.4
2024-12-19 16:00:00,Mundka,28.6839,77.0318,212.3,214.2,2187.0,101.2,78.3,22.0,371.1
2024-12-19 17:00:00,Mundka,28.6839,77.0318,213.7,215.6,1946.0,94.0,73.9,23.0,372.1
2024-12-19 18:00:00,Mundka,28.6839,77.0318,207.2,209.1,1721.0,85.6,68.1,25.0,367.2
2024-12-19 19:00:00,Mundka,28.6839,77.0318,195.1,197.0,1560.0,76.7,60.6,28.0,357.9
2024-12-19 20:00:00,Mundka,28.6839,77.0318,184.9,186.7,1417.0,66.7,51.7,33.0,350.0
2024-12-19 21:00:00,Mundka,28.6839,77.0318,177.0,178.8,1324.0,57.7,44.6,36.0,344.0
2024-12-19 22:00:00,Mundka,28.6839,77.0318,170.9,172.3,1295.0,49.3,39.8,37.0,339.3
2024-12-19 23:00:00,Mundka,28.6839,77.0318,165.3,167.2,1316.0,42.0,36.6,37.0,335.0
2024-12-20 00:00:00,Mundka,28.6839,77.0318,147.6,149.0,1378.0,28.2,37.5,55.0,321.4
2024-12-20 01:00:00,Mundka,28.6839,77.0318,157.9,159.7,1538.0,39.2,43.6,44.0,329.3
2024-12-20 02:00:00,Mundka,28.6839,77.0318,176.0,177.9,1738.0,53.8,51.8,30.0,343.2
2024-12-20 03:00:00,Mundka,28.6839,77.0318,181.6,183.0,1800.0,61.1,57.4,34.0,347.5
2024-12-20 04:00:00,Mundka,28.6839,77.0318,156.5,157.9,1599.0,53.8,57.4,73.0,328.2
2024-12-20 05:00:00,Mundka,28.6839,77.0318,138.8,140.2,1259.0,39.1,54.8,129.0,314.7
2024-12-20 06:00:00,Mundka,28.6839,77.0318,111.8,113.9,974.0,27.5,52.9,172.0,272.0
2024-12-20 07:00:00,Mundka,28.6839,77.0318,94.3,96.9,801.0,21.6,53.2,190.0,212.3
2024-12-20 08:00:00,Mundka,28.6839,77.0318,84.1,86.6,684.0,18.8,54.3,195.0,179.9
2024-12-20 09:00:00,Mundka,28.6839,77.0318,80.1,82.4,644.0,22.0,55.4,187.0,166.2
2024-12-20 10:00:00,Mundka,28.6839,77.0318,78.5,80.6,728.0,36.2,56.4,162.0,160.7
2024-12-20 11:00:00,Mundka,28.6839,77.0318,85.9,87.5,889.0,56.5,57.3,125.0,186.0
2024-12-20 12:00:00,Mundka,28.6839,77.0318,115.5,117.3,1011.0,74.4,56.9,86.0,284.6
2024-12-20 13:00:00,Mundka,28.6839,77.0318,125.3,126.7,1039.0,70.4,54.7,77.0,304.3
2024-12-20 14:00:00,Mundka,28.6839,77.0318,126.7,128.5,1027.0,64.5,51.5,64.0,305.4
2024-12-20 15:00:00,Mundka,28.6839,77.0318,126.7,128.1,1028.0,58.2,48.2,55.0,305.4
2024-12-20 16:00:00,Mundka,28.6839,77.0318,127.1,128.1,1074.0,51.5,44.8,52.0,305.7
2024-12-20 17:00:00,Mundka,28.6839,77.0318,127.6,128.5,1132.0,44.2,41.3,52.0,306.1
2024-12-20 18:00:00,Mundka,28.6839,77.0318,125.7,126.7,1154.0,37.6,38.7,52.0,304.6
2024-12-20 19:00:00,Mundka,28.6839,77.0318,122.0,123.4,1103.0,31.6,37.8,52.0,301.8
2024-12-20 20:00:00,Mundka,28.6839,77.0318,119.7,120.6,1017.0,26.3,37.8,51.0,299.0
2024-12-20 21:00:00,Mundka,28.6839,77.0318,117.6,118.5,959.0,22.3,37.7,51.0,291.8
2024-12-20 22:00:00,Mundka,28.6839,77.0318,115.9,116.9,941.0,19.6,36.9,50.0,286.0
2024-12-20 23:00:00,Mundka,28.6839,77.0318,114.6,115.7,951.0,18.4,35.9,49.0,281.6
2024-12-21 00:00:00,Mundka,28.6839,77.0318,116.4,117.3,1021.0,21.0,41.3,46.0,287.7
2024-12-21 01:00:00,Mundka,28.6839,77.0318,123.9,124.8,1225.0,27.1,44.6,38.0,303.2
2024-12-21 02:00:00,Mundka,28.6839,77.0318,138.3,139.2,1488.0,35.3,49.0,28.0,314.3
2024-12-21 03:00:00,Mundka,28.6839,77.0318,144.8,145.8,1619.0,40.2,51.9,30.0,319.3
2024-12-21 04:00:00,Mundka,28.6839,77.0318,143.0,143.9,1504.0,38.8,51.9,56.0,317.9
2024-12-21 05:00:00,Mundka,28.6839,77.0318,138.3,139.2,1257.0,33.9,50.3,94.0,314.3
2024-12-21 06:00:00,Mundka,28.6839,77.0318,129.5,130.4,1025.0,28.9,48.7,127.0,307.5
2024-12-21 07:00:00,Mundka,28.6839,77.0318,110.1,111.5,826.0,22.3,47.4,150.0,266.2
2024-12-21 08:00:00,Mundka,28.6839,77.0318,98.5,100.1,643.0,15.6,46.2,168.0,226.6
2024-12-21 09:00:00,Mundka,28.6839,77.0318,92.7,94.3,573.0,15.6,45.6,171.0,206.8
2024-12-21 10:00:00,Mundka,28.6839,77.0318,90.3,92.0,697.0,28.3,45.7,151.0,500.0
2024-12-21 11:00:00,Mundka,28.6839,77.0318,98.7,99.9,934.0,47.7,46.4,116.0,227.3
2024-12-21 12:00:00,Mundka,28.6839,77.0318,134.1,136.0,1136.0,62.1,50.3,84.0,311.1
2024-12-21 13:00:00,Mundka,28.6839,77.0318,152.7,154.6,1245.0,67.0,53.7,70.0,325.3
2024-12-21 14:00:00,Mundka,28.6839,77.0318,166.7,168.6,1318.0,73.7,58.4,51.0,336.1
2024-12-21 15:00:00,Mundka,28.6839,77.0318,180.2,181.6,1381.0,78.0,62.0,35.0,346.4
2024-12-21 16:00:00,Mundka,28.6839,77.0318,193.7,195.1,1446.0,78.0,63.9,26.0,356.8
2024-12-21 17:00:00,Mundka,28.6839,77.0318,206.3,208.2,1500.0,75.7,64.7,21.0,366.5
2024-12-21 18:00:00,Mundka,28.6839,77.0318,213.3,214.7,1527.0,73.0,64.3,18.0,371.8
2024-12-21 19:00:00,Mundka,28.6839,77.0318,214.2,215.6,1508.0,70.5,62.4,16.0,372.5
2024-12-21 20:00:00,Mundka,28.6839,77.0318,215.6,217.0,1461.0,67.6,59.2,16.0,373.6
2024-12-21 21:00:00,Mundka,28.6839,77.0318,214.2,216.1,1428.0,64.2,56.0,17.0,372.5
2024-12-21 22:00:00,Mundka,28.6839,77.0318,205.8,207.7,1379.0,59.2,51.8,21.0,366.1
2024-12-21 23:00:00,Mundka,28.6839,77.0318,193.7,195.6,1343.0,53.8,47.6,27.0,356.8
2024-12-22 00:00:00,Mundka,28.6839,77.0318,200.7,202.6,1449.0,57.6,44.6,20.0,362.2
2024-12-22 01:00:00,Mundka,28.6839,77.0318,204.4,206.3,1896.0,60.8,53.7,19.0,365.0
2024-12-22 02:00:00,Mundka,28.6839,77.0318,220.7,223.1,2486.0,64.8,66.2,19.0,377.5
2024-12-22 03:00:00,Mundka,28.6839,77.0318,238.0,239.3,2745.0,64.8,74.9,32.0,390.8
2024-12-22 04:00:00,Mundka,28.6839,77.0318,218.9,220.3,2354.0,57.4,76.5,69.0,376.1
2024-12-22 05:00:00,Mundka,28.6839,77.0318,185.8,187.7,1633.0,45.9,74.3,120.0,350.7
2024-12-22 06:00:00,Mundka,28.6839,77.0318,140.2,142.5,1074.0,36.0,71.8,159.0,315.7
2024-12-22 07:00:00,Mundka,28.6839,77.0318,117.6,119.7,862.0,26.5,69.1,181.0,291.8
2024-12-22 08:00:00,Mundka,28.6839,77.0318,101.7,103.8,811.0,18.5,66.0,192.0,237.5
2024-12-22 09:00:00,Mundka,28.6839,77.0318,93.8,95.9,858.0,20.7,65.0,188.0,210.6
2024-12-22 10:00:00,Mundka,28.6839,77.0318,90.6,92.4,1022.0,41.8,67.7,162.0,500.0
2024-12-22 11:00:00,Mundka,28.6839,77.0318,105.5,107.1,1283.0,73.2,72.5,122.0,250.5
2024-12-22 12:00:00,Mundka,28.6839,77.0318,158.8,160.7,1521.0,101.3,82.2,75.0,330.0
2024-12-22 13:00:00,Mundka,28.6839,77.0318,190.0,191.4,1714.0,103.8,84.7,63.0,354.0
2024-12-22 14:00:00,Mundka,28.6839,77.0318,207.2,209.1,1883.0,106.9,87.9,46.0,367.2
2024-12-22 15:00:00,Mundka,28.6839,77.0318,210.5,211.9,1969.0,107.0,87.9,34.0,369.7
2024-12-22 16:00:00,Mundka,28.6839,77.0318,203.0,204.4,1939.0,102.9,82.3,32.0,363.9
2024-12-22 17:00:00,Mundka,28.6839,77.0318,197.9,199.3,1827.0,95.9,73.5,36.0,360.0
2024-12-22 18:00:00,Mundka,28.6839,77.0318,183.9,185.3,1672.0,85.5,64.8,42.0,349.3
2024-12-22 19:00:00,Mundka,28.6839,77.0318,164.4,165.3,1449.0,68.9,56.3,53.0,334.3
2024-12-22 20:00:00,Mundka,28.6839,77.0318,146.2,147.1,1185.0,49.1,47.8,66.0,320.3
2024-12-22 21:00:00,Mundka,28.6839,77.0318,139.2,140.6,996.0,34.4,42.1,75.0,315.0
2024-12-22 22:00:00,Mundka,28.6839,77.0318,138.8,140.2,927.0,28.0,40.3,76.0,314.7
2024-12-22 23:00:00,Mundka,28.6839,77.0318,142.0,143.4,933.0,26.7,41.2,71.0,317.1
2024-12-23 00:00:00,Mundka,28.6839,77.0318,117.6,118.7,1005.0,18.7,34.3,76.0,291.8
2024-12-23 01:00:00,Mundka,28.6839,77.0318,122.9,123.9,1191.0,30.0,38.4,62.0,302.5
2024-12-23 02:00:00,Mundka,28.6839,77.0318,137.4,138.8,1441.0,45.4,44.1,44.0,313.6
2024-12-23 03:00:00,Mundka,28.6839,77.0318,156.9,157.9,1600.0,55.4,47.6,36.0,328.6
2024-12-23 04:00:00,Mundka,28.6839,77.0318,149.9,150.9,1597.0,55.4,47.0,47.0,323.2
2024-12-23 05:00:00,Mundka,28.6839,77.0318,145.8,146.7,1502.0,50.2,44.4,69.0,320.0
2024-12-23 06:00:00,Mundka,28.6839,77.0318,143.9,145.3,1367.0,44.2,42.1,89.0,318.6
2024-12-23 07:00:00,Mundka,28.6839,77.0318,131.3,132.7,1170.0,38.0,41.1,106.0,308.9
2024-12-23 08:00:00,Mundka,28.6839,77.0318,116.6,118.3,933.0,31.0,40.5,122.0,288.4
2024-12-23 09:00:00,Mundka,28.6839,77.0318,110.8,112.5,777.0,26.8,40.0,130.0,268.6
2024-12-23 10:00:00,Mundka,28.6839,77.0318,105.9,107.8,776.0,27.8,39.9,127.0,251.9
2024-12-23 11:00:00,Mundka,28.6839,77.0318,100.8,102.4,856.0,31.5,40.1,116.0,234.5
2024-12-23 12:00:00,Mundka,28.6839,77.0318,129.9,131.8,915.0,38.6,38.7,106.0,307.8
2024-12-23 13:00:00,Mundka,28.6839,77.0318,123.9,126.2,910.0,36.8,39.4,98.0,303.2
2024-12-23 14:00:00,Mundka,28.6839,77.0318,120.1,122.0,884.0,34.3,40.4,86.0,500.0
2024-12-23 15:00:00,Mundka,28.6839,77.0318,116.6,118.5,862.0,32.8,41.0,75.0,288.4
2024-12-23 16:00:00,Mundka,28.6839,77.0318,114.6,116.4,853.0,33.4,41.2,66.0,281.6
2024-12-23 17:00:00,Mundka,28.6839,77.0318,115.7,117.8,848.0,34.9,41.2,59.0,285.3
2024-12-23 18:00:00,Mundka,28.6839,77.0318,116.6,118.5,844.0,35.1,40.2,53.0,288.4
2024-12-23 19:00:00,Mundka,28.6839,77.0318,113.9,115.7,847.0,32.4,37.9,51.0,279.2
2024-12-23 20:00:00,Mundka,28.6839,77.0318,110.6,112.7,851.0,28.3,34.7,52.0,267.9
2024-12-23 21:00:00,Mundka,28.6839,77.0318,109.7,111.8,840.0,25.1,31.7,51.0,264.8
2024-12-23 22:00:00,Mundka,28.6839,77.0318,108.5,110.4,794.0,23.2,28.9,47.0,260.7
2024-12-23 23:00:00,Mundka,28.6839,77.0318,105.7,107.3,732.0,22.1,26.3,43.0,251.2
2024-12-24 00:00:00,Mundka,28.6839,77.0318,83.1,85.0,697.0,17.2,17.5,60.0,176.4
2024-12-24 01:00:00,Mundka,28.6839,77.0318,84.5,86.4,723.0,24.2,20.1,54.0,181.2
2024-12-24 02:00:00,Mundka,28.6839,77.0318,93.1,95.0,775.0,33.6,23.6,47.0,208.2
2024-12-24 03:00:00,Mundka,28.6839,77.0318,102.9,105.0,795.0,38.9,26.5,49.0,241.6
2024-12-24 04:00:00,Mundka,28.6839,77.0318,108.0,109.9,747.0,36.2,27.7,68.0,259.0
2024-12-24 05:00:00,Mundka,28.6839,77.0318,106.9,109.2,666.0,29.6,28.2,97.0,255.3
2024-12-24 06:00:00,Mundka,28.6839,77.0318,102.7,105.7,602.0,24.2,29.6,121.0,240.9
2024-12-24 07:00:00,Mundka,28.6839,77.0318,106.4,109.7,548.0,19.6,32.0,138.0,253.6
2024-12-24 08:00:00,Mundka,28.6839,77.0318,107.1,110.6,510.0,16.3,35.3,151.0,256.0
2024-12-24 09:00:00,Mundka,28.6839,77.0318,107.8,111.1,562.0,21.6,40.0,150.0,258.4
2024-12-24 10:00:00,Mundka,28.6839,77.0318,108.7,111.8,733.0,43.5,46.5,126.0,261.4
2024-12-24 11:00:00,Mundka,28.6839,77.0318,119.7,122.0,993.0,73.9,54.6,88.0,299.0
2024-12-24 12:00:00,Mundka,28.6839,77.0318,134.1,136.0,1326.0,77.1,46.7,62.0,311.1
2024-12-24 13:00:00,Mundka,28.6839,77.0318,142.5,143.9,1800.0,74.5,46.8,56.0,317.5
2024-12-24 14:00:00,Mundka,28.6839,77.0318,141.6,143.0,2347.0,70.5,46.6,47.0,316.8
2024-12-24 15:00:00,Mundka,28.6839,77.0318,131.8,133.2,2748.0,65.0,44.8,41.0,309.3
2024-12-24 16:00:00,Mundka,28.6839,77.0318,120.1,121.5,2931.0,56.9,40.0,39.0,500.0
2024-12-24 17:00:00,Mundka,28.6839,77.0318,111.8,112.9,2967.0,47.2,33.5,38.0,272.0
2024-12-24 18:00:00,Mundka,28.6839,77.0318,105.5,106.6,2849.0,39.0,28.0,38.0,250.5
2024-12-24 19:00:00,Mundka,28.6839,77.0318,100.4,101.5,2493.0,33.3,24.3,37.0,233.1
2024-12-24 20:00:00,Mundka,28.6839,77.0318,98.0,99.4,1984.0,29.1,21.5,37.0,224.9
2024-12-24 21:00:00,Mundka,28.6839,77.0318,98.0,99.2,1567.0,26.1,19.5,36.0,224.9
2024-12-24 22:00:00,Mundka,28.6839,77.0318,98.7,100.1,1319.0,24.0,18.1,35.0,227.3
2024-12-24 23:00:00,Mundka,28.6839,77.0318,99.7,101.0,1164.0,23.2,17.5,34.0,230.7
2024-12-25 00:00:00,Mundka,28.6839,77.0318,94.3,95.7,1121.0,21.1,16.8,39.0,212.3
2024-12-25 01:00:00,Mundka,28.6839,77.0318,101.0,102.4,1278.0,28.4,23.0,31.0,235.1
2024-12-25 02:00:00,Mundka,28.6839,77.0318,118.0,119.7,1548.0,38.3,31.4,21.0,293.2
2024-12-25 03:00:00,Mundka,28.6839,77.0318,134.6,136.0,1685.0,43.8,37.2,24.0,311.4
2024-12-25 04:00:00,Mundka,28.6839,77.0318,128.1,129.0,1557.0,41.0,37.0,52.0,306.4
2024-12-25 05:00:00,Mundka,28.6839,77.0318,119.7,121.1,1296.0,33.8,34.0,93.0,299.0
2024-12-25 06:00:00,Mundka,28.6839,77.0318,95.7,97.6,1055.0,27.4,33.3,126.0,217.0
2024-12-25 07:00:00,Mundka,28.6839,77.0318,87.8,90.1,861.0,22.1,37.7,147.0,192.5
2024-12-25 08:00:00,Mundka,28.6839,77.0318,91.7,94.1,687.0,17.5,44.4,161.0,203.4
2024-12-25 09:00:00,Mundka,28.6839,77.0318,94.1,96.4,597.0,18.3,49.3,162.0,211.6
2024-12-25 10:00:00,Mundka,28.6839,77.0318,94.5,96.9,628.0,28.6,50.3,143.0,212.9
2024-12-25 11:00:00,Mundka,28.6839,77.0318,100.1,102.0,744.0,44.2,49.5,111.0,232.1
2024-12-25 12:00:00,Mundka,28.6839,77.0318,133.2,135.0,903.0,57.4,47.5,74.0,310.4
2024-12-25 13:00:00,Mundka,28.6839,77.0318,144.4,146.2,1124.0,61.4,50.0,61.0,319.0
2024-12-25 14:00:00,Mundka,28.6839,77.0318,151.8,153.2,1389.0,66.8,53.5,43.0,324.6
2024-12-25 15:00:00,Mundka,28.6839,77.0318,160.7,161.6,1603.0,70.3,56.4,29.0,331.5
2024-12-25 16:00:00,Mundka,28.6839,77.0318,167.6,169.0,1751.0,70.0,58.6,23.0,336.8
2024-12-25 17:00:00,Mundka,28.6839,77.0318,174.6,176.0,1848.0,67.8,60.2,20.0,342.1
2024-12-25 18:00:00,Mundka,28.6839,77.0318,178.3,179.3,1851.0,65.3,60.1,18.0,345.0
2024-12-25 19:00:00,Mundka,28.6839,77.0318,179.3,180.2,1692.0,63.3,57.0,15.0,345.7
2024-12-25 20:00:00,Mundka,28.6839,77.0318,179.7,180.7,1439.0,61.1,52.2,13.0,346.0
2024-12-25 21:00:00,Mundka,28.6839,77.0318,178.8,180.2,1246.0,58.4,48.2,12.0,345.4
2024-12-25 22:00:00,Mundka,28.6839,77.0318,175.6,176.5,1164.0,54.2,45.6,13.0,342.9
2024-12-25 23:00:00,Mundka,28.6839,77.0318,170.0,170.9,1143.0,49.6,43.8,15.0,338.6
2024-12-26 00:00:00,Mundka,28.6839,77.0318,182.5,183.9,1190.0,48.6,39.7,9.0,348.2
2024-12-26 01:00:00,Mundka,28.6839,77.0318,173.7,174.6,1369.0,48.1,42.1,6.0,341.4
2024-12-26 02:00:00,Mundka,28.6839,77.0318,186.3,187.2,1617.0,47.3,45.4,4.0,351.1
2024-12-26 03:00:00,Mundka,28.6839,77.0318,192.3,192.8,1749.0,45.7,47.9,16.0,355.7
2024-12-26 04:00:00,Mundka,28.6839,77.0318,192.3,192.8,1667.0,43.1,48.3,56.0,355.7
2024-12-26 05:00:00,Mundka,28.6839,77.0318,180.2,180.7,1471.0,39.7,47.8,110.0,346.4
2024-12-26 06:00:00,Mundka,28.6839,77.0318,146.7,147.6,1272.0,36.2,48.4,151.0,320.7
2024-12-26 07:00:00,Mundka,28.6839,77.0318,100.1,101.3,1069.0,29.2,50.5,172.0,232.1
2024-12-26 08:00:00,Mundka,28.6839,77.0318,80.6,82.0,865.0,22.0,53.7,180.0,167.9
2024-12-26 09:00:00,Mundka,28.6839,77.0318,75.9,77.5,776.0,25.3,58.1,174.0,151.9
2024-12-26 10:00:00,Mundka,28.6839,77.0318,75.4,77.5,882.0,48.6,64.3,147.0,150.2
2024-12-26 11:00:00,Mundka,28.6839,77.0318,88.2,89.9,1103.0,82.5,71.7,106.0,193.9
2024-12-26 12:00:00,Mundka,28.6839,77.0318,139.2,142.0,1325.0,103.4,69.3,63.0,315.0
2024-12-26 13:00:00,Mundka,28.6839,77.0318,170.4,172.8,1521.0,109.4,75.6,49.0,338.9
2024-12-26 14:00:00,Mundka,28.6839,77.0318,190.9,193.2,1716.0,117.5,84.2,29.0,354.6
2024-12-26 15:00:00,Mundka,28.6839,77.0318,212.3,214.7,1873.0,122.3,89.2,15.0,371.1
2024-12-26 16:00:00,Mundka,28.6839,77.0318,230.0,232.8,1999.0,121.7,88.6,10.0,384.7
2024-12-26 17:00:00,Mundka,28.6839,77.0318,235.6,238.4,2087.0,117.7,84.6,11.0,388.9
2024-12-26 18:00:00,Mundka,28.6839,77.0318,220.3,223.1,2075.0,110.9,77.5,13.0,377.2
2024-12-26 19:00:00,Mundka,28.6839,77.0318,205.8,208.2,1900.0,99.6,65.4,17.0,366.1
2024-12-26 20:00:00,Mundka,28.6839,77.0318,185.8,187.7,1625.0,85.4,50.4,23.0,350.7
2024-12-26 21:00:00,Mundka,28.6839,77.0318,162.1,164.4,1382.0,73.9,38.7,28.0,332.5
2024-12-26 22:00:00,Mundka,28.6839,77.0318,145.3,147.1,1209.0,67.3,33.4,31.0,319.6
2024-12-26 23:00:00,Mundka,28.6839,77.0318,144.4,146.7,1068.0,63.4,31.6,33.0,319.0
2024-12-27 00:00:00,Mundka,28.6839,77.0318,146.2,148.1,970.0,71.4,44.3,25.0,320.3
2024-12-27 01:00:00,Mundka,28.6839,77.0318,130.9,132.7,941.0,68.8,45.3,26.0,308.6
2024-12-27 02:00:00,Mundka,28.6839,77.0318,138.8,140.6,956.0,64.9,46.4,28.0,314.7
2024-12-27 03:00:00,Mundka,28.6839,77.0318,140.6,142.0,946.0,60.3,45.4,33.0,316.0
2024-12-27 04:00:00,Mundka,28.6839,77.0318,138.8,140.2,875.0,54.6,40.6,45.0,314.7
2024-12-27 05:00:00,Mundka,28.6839,77.0318,117.6,119.2,780.0,48.2,33.8,60.0,291.8
2024-12-27 06:00:00,Mundka,28.6839,77.0318,97.8,99.7,700.0,42.2,27.9,72.0,224.2
2024-12-27 07:00:00,Mundka,28.6839,77.0318,94.5,97.1,647.0,36.6,24.2,77.0,212.9
2024-12-27 08:00:00,Mundka,28.6839,77.0318,91.5,93.8,608.0,31.4,21.5,79.0,202.7
2024-12-27 09:00:00,Mundka,28.6839,77.0318,89.4,91.3,590.0,28.1,19.3,79.0,198.0
2024-12-27 10:00:00,Mundka,28.6839,77.0318,85.4,87.1,598.0,28.0,17.3,78.0,184.3
2024-12-27 11:00:00,Mundka,28.6839,77.0318,80.6,82.0,627.0,29.8,15.9,75.0,167.9
2024-12-27 12:00:00,Mundka,28.6839,77.0318,94.3,96.6,659.0,36.8,16.6,64.0,212.3
2024-12-27 13:00:00,Mundka,28.6839,77.0318,93.6,95.7,697.0,35.2,17.7,64.0,209.9
2024-12-27 14:00:00,Mundka,28.6839,77.0318,96.6,98.7,740.0,32.8,19.2,64.0,220.1
2024-12-27 15:00:00,Mundka,28.6839,77.0318,98.3,100.4,764.0,30.6,20.6,65.0,225.9
2024-12-27 16:00:00,Mundka,28.6839,77.0318,102.2,104.5,764.0,28.8,21.7,66.0,239.2
2024-12-27 17:00:00,Mundka,28.6839,77.0318,106.9,109.2,747.0,27.1,22.6,68.0,255.3
2024-12-27 18:00:00,Mundka,28.6839,77.0318,104.3,106.6,708.0,25.5,23.2,68.0,246.4
2024-12-27 19:00:00,Mundka,28.6839,77.0318,100.8,103.1,630.0,23.7,23.1,66.0,234.5
2024-12-27 20:00:00,Mundka,28.6839,77.0318,100.4,102.7,530.0,21.9,22.5,63.0,233.1
2024-12-27 21:00:00,Mundka,28.6839,77.0318,99.9,102.0,459.0,20.9,22.3,60.0,231.4
2024-12-27 22:00:00,Mundka,28.6839,77.0318,96.2,98.0,420.0,20.3,22.0,57.0,218.8
2024-12-27 23:00:00,Mundka,28.6839,77.0318,91.7,93.6,410.0,20.6,22.0,55.0,203.4
2024-12-28 00:00:00,Mundka,28.6839,77.0318,82.0,84.1,471.0,17.1,21.0,66.0,172.7
2024-12-28 01:00:00,Mundka,28.6839,77.0318,82.4,84.5,685.0,29.8,29.6,55.0,174.1
2024-12-28 02:00:00,Mundka,28.6839,77.0318,105.2,107.6,971.0,46.9,41.4,40.0,249.5
2024-12-28 03:00:00,Mundka,28.6839,77.0318,125.3,127.6,1125.0,57.7,50.5,34.0,304.3
2024-12-28 04:00:00,Mundka,28.6839,77.0318,112.0,113.9,1021.0,55.7,53.9,45.0,272.7
2024-12-28 05:00:00,Mundka,28.6839,77.0318,103.8,105.9,786.0,47.2,54.5,65.0,244.7
2024-12-28 06:00:00,Mundka,28.6839,77.0318,99.9,102.0,599.0,40.6,55.2,80.0,231.4
2024-12-28 07:00:00,Mundka,28.6839,77.0318,99.0,101.0,517.0,38.2,57.3,87.0,228.3
2024-12-28 08:00:00,Mundka,28.6839,77.0318,97.3,99.4,484.0,37.6,59.5,91.0,222.5
2024-12-28 09:00:00,Mundka,28.6839,77.0318,95.2,97.1,505.0,40.3,61.1,88.0,215.3
2024-12-28 10:00:00,Mundka,28.6839,77.0318,91.5,93.1,593.0,48.5,61.5,77.0,202.7
2024-12-28 11:00:00,Mundka,28.6839,77.0318,95.9,97.6,735.0,59.9,61.3,59.0,217.7
2024-12-28 12:00:00,Mundka,28.6839,77.0318,128.5,130.4,907.0,67.4,56.8,47.0,306.8
2024-12-28 13:00:00,Mundka,28.6839,77.0318,149.5,151.3,1142.0,67.0,55.3,42.0,322.9
2024-12-28 14:00:00,Mundka,28.6839,77.0318,155.1,156.5,1406.0,66.3,53.0,35.0,327.2
2024-12-28 15:00:00,Mundka,28.6839,77.0318,150.9,152.3,1568.0,63.9,49.9,30.0,323.9
2024-12-28 16:00:00,Mundka,28.6839,77.0318,146.7,147.6,1557.0,59.2,45.4,28.0,320.7
2024-12-28 17:00:00,Mundka,28.6839,77.0318,145.8,147.1,1443.0,52.8,40.1,28.0,320.0
2024-12-28 18:00:00,Mundka,28.6839,77.0318,143.0,143.9,1312.0,45.9,35.0,29.0,317.9
2024-12-28 19:00:00,Mundka,28.6839,77.0318,132.7,133.6,1171.0,37.9,30.3,32.0,310.0
2024-12-28 20:00:00,Mundka,28.6839,77.0318,122.9,123.9,1011.0,29.3,25.9,36.0,302.5
2024-12-28 21:00:00,Mundka,28.6839,77.0318,114.8,115.7,893.0,22.6,22.7,40.0,282.2
2024-12-28 22:00:00,Mundka,28.6839,77.0318,106.9,107.8,846.0,18.5,21.0,43.0,255.3
2024-12-28 23:00:00,Mundka,28.6839,77.0318,99.2,99.9,841.0,16.4,20.5,45.0,229.0
2024-12-29 00:00:00,Mundka,28.6839,77.0318,122.5,123.4,848.0,23.8,21.8,31.0,302.2
2024-12-29 01:00:00,Mundka,28.6839,77.0318,113.4,114.3,871.0,26.1,23.5,31.0,277.5
2024-12-29 02:00:00,Mundka,28.6839,77.0318,110.8,111.8,906.0,29.2,25.9,32.0,268.6
2024-12-29 03:00:00,Mundka,28.6839,77.0318,110.6,111.5,908.0,30.0,28.1,38.0,267.9
2024-12-29 04:00:00,Mundka,28.6839,77.0318,95.9,97.1,849.0,26.5,29.9,55.0,217.7
2024-12-29 05:00:00,Mundka,28.6839,77.0318,85.0,86.4,758.0,20.7,31.5,77.0,182.9
2024-12-29 06:00:00,Mundka,28.6839,77.0318,73.1,74.7,676.0,16.2,32.5,95.0,142.3
2024-12-29 07:00:00,Mundka,28.6839,77.0318,66.8,68.5,604.0,13.7,32.4,108.0,120.8
2024-12-29 08:00:00,Mundka,28.6839,77.0318,64.0,65.9,542.0,12.4,31.7,117.0,111.2
2024-12-29 09:00:00,Mundka,28.6839,77.0318,63.3,65.0,528.0,14.0,31.2,118.0,108.9
2024-12-29 10:00:00,Mundka,28.6839,77.0318,60.3,62.2,599.0,20.1,30.9,108.0,500.0
2024-12-29 11:00:00,Mundka,28.6839,77.0318,61.5,63.3,719.0,29.1,30.7,90.0,102.7
2024-12-29 12:00:00,Mundka,28.6839,77.0318,90.6,92.2,820.0,35.4,32.7,65.0,500.0
2024-12-29 13:00:00,Mundka,28.6839,77.0318,96.2,97.6,885.0,36.6,32.5,58.0,218.8
2024-12-29 14:00:00,Mundka,28.6839,77.0318,96.2,97.1,932.0,38.2,32.2,50.0,218.8
2024-12-29 15:00:00,Mundka,28.6839,77.0318,95.0,95.7,948.0,38.0,31.1,44.0,214.7
2024-12-29 16:00:00,Mundka,28.6839,77.0318,92.2,92.9,916.0,34.9,28.7,45.0,205.1
2024-12-29 17:00:00,Mundka,28.6839,77.0318,90.6,91.3,851.0,30.1,25.5,48.0,500.0
2024-12-29 18:00:00,Mundka,28.6839,77.0318,89.2,89.9,792.0,25.5,22.7,52.0,197.3
2024-12-29 19:00:00,Mundka,28.6839,77.0318,85.4,85.9,741.0,21.6,20.4,55.0,184.3
2024-12-29 20:00:00,Mundka,28.6839,77.0318,82.9,83.6,695.0,18.0,18.3,57.0,175.8
2024-12-29 21:00:00,Mundka,28.6839,77.0318,80.8,81.3,677.0,15.2,17.2,59.0,168.6
2024-12-29 22:00:00,Mundka,28.6839,77.0318,78.7,79.2,707.0,13.2,17.1,61.0,161.4
2024-12-29 23:00:00,Mundka,28.6839,77.0318,77.1,77.3,765.0,12.1,18.0,62.0,156.0
2024-12-30 00:00:00,Mundka,28.6839,77.0318,77.3,77.8,811.0,12.9,18.5,61.0,156.6
2024-12-30 01:00:00,Mundka,28.6839,77.0318,75.4,75.7,833.0,17.0,21.4,58.0,150.2
2024-12-30 02:00:00,Mundka,28.6839,77.0318,77.5,77.8,843.0,22.6,25.5,55.0,157.3
2024-12-30 03:00:00,Mundka,28.6839,77.0318,79.4,79.6,844.0,25.6,29.1,60.0,163.8
2024-12-30 04:00:00,Mundka,28.6839,77.0318,76.8,77.1,833.0,23.6,31.9,79.0,154.9
2024-12-30 05:00:00,Mundka,28.6839,77.0318,76.1,76.4,813.0,19.1,34.2,107.0,152.5
2024-12-30 06:00:00,Mundka,28.6839,77.0318,75.2,75.4,794.0,15.3,35.5,130.0,149.5
2024-12-30 07:00:00,Mundka,28.6839,77.0318,71.2,71.5,767.0,12.4,35.4,148.0,135.8
2024-12-30 08:00:00,Mundka,28.6839,77.0318,63.1,63.3,740.0,10.2,34.4,163.0,108.2
2024-12-30 09:00:00,Mundka,28.6839,77.0318,56.0,56.2,749.0,11.6,33.4,166.0,93.2
2024-12-30 10:00:00,Mundka,28.6839,77.0318,51.5,51.8,819.0,18.8,32.4,150.0,85.6
2024-12-30 11:00:00,Mundka,28.6839,77.0318,52.3,52.5,925.0,29.6,31.4,122.0,87.0
2024-12-30 12:00:00,Mundka,28.6839,77.0318,96.2,97.3,1026.0,49.6,38.3,83.0,218.8
2024-12-30 13:00:00,Mundka,28.6839,77.0318,108.5,109.7,1112.0,55.3,40.6,69.0,260.7
2024-12-30 14:00:00,Mundka,28.6839,77.0318,118.0,119.0,1193.0,63.0,43.7,49.0,293.2
2024-12-30 15:00:00,Mundka,28.6839,77.0318,127.1,128.1,1259.0,67.8,46.2,34.0,305.7
2024-12-30 16:00:00,Mundka,28.6839,77.0318,136.0,136.9,1313.0,67.7,47.9,28.0,312.5
2024-12-30 17:00:00,Mundka,28.6839,77.0318,143.9,144.8,1352.0,64.8,48.9,26.0,318.6
2024-12-30 18:00:00,Mundka,28.6839,77.0318,145.8,147.1,1354.0,60.3,47.7,26.0,320.0
2024-12-30 19:00:00,Mundka,28.6839,77.0318,140.2,141.1,1290.0,53.9,42.6,29.0,315.7
2024-12-30 20:00:00,Mundka,28.6839,77.0318,135.0,136.4,1189.0,45.8,35.2,34.0,311.7
2024-12-30 21:00:00,Mundka,28.6839,77.0318,131.8,133.2,1113.0,38.2,29.3,39.0,309.3
2024-12-30 22:00:00,Mundka,28.6839,77.0318,127.6,129.0,1090.0,30.3,25.8,45.0,306.1
2024-12-30 23:00:00,Mundka,28.6839,77.0318,125.7,127.1,1091.0,22.8,23.7,52.0,304.6
2024-12-31 00:00:00,Mundka,28.6839,77.0318,162.5,164.4,1098.0,33.1,26.2,33.0,332.8
2024-12-31 01:00:00,Mundka,28.6839,77.0318,156.0,157.9,1112.0,33.5,28.1,35.0,327.9
2024-12-31 02:00:00,Mundka,28.6839,77.0318,158.3,159.7,1131.0,33.8,30.7,39.0,329.6
2024-12-31 03:00:00,Mundka,28.6839,77.0318,151.3,153.2,1128.0,32.6,33.6,48.0,324.3
2024-12-31 04:00:00,Mundka,28.6839,77.0318,141.6,143.4,1087.0,28.4,36.8,67.0,316.8
2024-12-31 05:00:00,Mundka,28.6839,77.0318,126.7,129.0,1025.0,22.8,40.1,92.0,305.4
2024-12-31 06:00:00,Mundka,28.6839,77.0318,108.7,111.3,963.0,18.6,42.8,113.0,261.4
2024-12-31 07:00:00,Mundka,28.6839,77.0318,103.8,106.4,889.0,16.0,44.4,130.0,244.7
2024-12-31 08:00:00,Mundka,28.6839,77.0318,99.2,101.7,816.0,14.9,45.4,143.0,229.0
2024-12-31 09:00:00,Mundka,28.6839,77.0318,96.4,99.0,806.0,17.8,46.1,145.0,219.4
2024-12-31 10:00:00,Mundka,28.6839,77.0318,93.8,96.4,892.0,27.4,46.2,130.0,210.6
2024-12-31 11:00:00,Mundka,28.6839,77.0318,94.5,97.1,1041.0,41.0,46.0,105.0,212.9
2024-12-31 12:00:00,Mundka,28.6839,77.0318,149.9,153.2,1220.0,65.5,63.9,76.0,323.2
2024-12-31 13:00:00,Mundka,28.6839,77.0318,175.1,178.3,1449.0,72.7,66.4,60.0,342.5
2024-12-31 14:00:00,Mundka,28.6839,77.0318,193.2,196.5,1707.0,82.4,69.6,39.0,356.4
2024-12-31 15:00:00,Mundka,28.6839,77.0318,200.2,203.0,1900.0,87.4,70.7,23.0,361.8
2024-12-31 16:00:00,Mundka,28.6839,77.0318,200.2,203.5,1993.0,84.3,68.5,19.0,361.8
2024-12-31 17:00:00,Mundka,28.6839,77.0318,204.0,206.8,2021.0,76.5,64.1,21.0,364.7
2024-12-31 18:00:00,Mundka,28.6839,77.0318,199.3,202.1,1993.0,67.3,58.1,25.0,361.1
2024-12-31 19:00:00,Mundka,28.6839,77.0318,185.8,188.6,1887.0,56.7,49.7,31.0,350.7
2024-12-31 20:00:00,Mundka,28.6839,77.0318,174.6,177.4,1726.0,44.8,39.7,39.0,342.1
2024-12-31 21:00:00,Mundka,28.6839,77.0318,164.4,166.7,1586.0,34.6,31.5,46.0,334.3
2024-12-31 22:00:00,Mundka,28.6839,77.0318,156.5,158.8,1493.0,26.7,26.0,52.0,328.2
2024-12-31 23:00:00,Mundka,28.6839,77.0318,149.5,151.8,1421.0,20.6,22.3,57.0,322.9
2024-12-19 12:00:00,NSIT Dwarka,28.609,77.0323,144.8,147.6,1376.0,75.6,65.6,98.0,319.3
2024-12-19 13:00:00,NSIT Dwarka,28.609,77.0323,168.1,170.4,1715.0,84.5,70.3,78.0,337.1
2024-12-19 14:00:00,NSIT Dwarka,28.609,77.0323,190.0,192.3,2090.0,96.5,76.5,50.0,354.0
2024-12-19 15:00:00,NSIT Dwarka,28.609,77.0323,204.9,207.2,2342.0,103.4,79.9,29.0,365.4
2024-12-19 16:00:00,NSIT Dwarka,28.609,77.0323,212.3,214.2,2399.0,101.2,78.3,22.0,371.1
2024-12-19 17:00:00,NSIT Dwarka,28.609,77.0323,213.7,215.6,2333.0,94.0,73.9,23.0,372.1
2024-12-19 18:00:00,NSIT Dwarka,28.609,77.0323,207.2,209.1,2200.0,85.6,68.1,25.0,367.2
2024-12-19 19:00:00,NSIT Dwarka,28.609,77.0323,195.1,197.0,1974.0,76.7,60.6,28.0,357.9
2024-12-19 20:00:00,NSIT Dwarka,28.609,77.0323,184.9,186.7,1682.0,66.7,51.7,33.0,350.0
2024-12-19 21:00:00,NSIT Dwarka,28.609,77.0323,177.0,178.8,1462.0,57.7,44.6,36.0,344.0
2024-12-19 22:00:00,NSIT Dwarka,28.609,77.0323,170.9,172.3,1359.0,49.3,39.8,37.0,339.3
2024-12-19 23:00:00,NSIT Dwarka,28.609,77.0323,165.3,167.2,1328.0,42.0,36.6,37.0,335.0
2024-12-20 00:00:00,NSIT Dwarka,28.609,77.0323,147.6,149.0,1379.0,28.2,37.5,55.0,321.4
2024-12-20 01:00:00,NSIT Dwarka,28.609,77.0323,157.9,159.7,1599.0,39.2,43.6,44.0,329.3
2024-12-20 02:00:00,NSIT Dwarka,28.609,77.0323,176.0,177.9,1900.0,53.8,51.8,30.0,343.2
2024-12-20 03:00:00,NSIT Dwarka,28.609,77.0323,181.6,183.0,2032.0,61.1,57.4,34.0,347.5
2024-12-20 04:00:00,NSIT Dwarka,28.609,77.0323,156.5,157.9,1839.0,53.8,57.4,73.0,328.2
2024-12-20 05:00:00,NSIT Dwarka,28.609,77.0323,138.8,140.2,1478.0,39.1,54.8,129.0,314.7
2024-12-20 06:00:00,NSIT Dwarka,28.609,77.0323,111.8,113.9,1162.0,27.5,52.9,172.0,272.0
2024-12-20 07:00:00,NSIT Dwarka,28.609,77.0323,94.3,96.9,949.0,21.6,53.2,190.0,212.3
2024-12-20 08:00:00,NSIT Dwarka,28.609,77.0323,84.1,86.6,781.0,18.8,54.3,195.0,179.9
2024-12-20 09:00:00,NSIT Dwarka,28.609,77.0323,80.1,82.4,707.0,22.0,55.4,187.0,166.2
2024-12-20 10:00:00,NSIT Dwarka,28.609,77.0323,78.5,80.6,788.0,36.2,56.4,162.0,160.7
2024-12-20 11:00:00,NSIT Dwarka,28.609,77.0323,85.9,87.5,962.0,56.5,57.3,125.0,186.0
2024-12-20 12:00:00,NSIT Dwarka,28.609,77.0323,115.5,117.3,1091.0,74.4,56.9,86.0,284.6
2024-12-20 13:00:00,NSIT Dwarka,28.609,77.0323,125.3,126.7,1104.0,70.4,54.7,77.0,304.3
2024-12-20 14:00:00,NSIT Dwarka,28.609,77.0323,126.7,128.5,1071.0,64.5,51.5,64.0,305.4
2024-12-20 15:00:00,NSIT Dwarka,28.609,77.0323,126.7,128.1,1063.0,58.2,48.2,55.0,305.4
2024-12-20 16:00:00,NSIT Dwarka,28.609,77.0323,127.1,128.1,1124.0,51.5,44.8,52.0,305.7
2024-12-20 17:00:00,NSIT Dwarka,28.609,77.0323,127.6,128.5,1210.0,44.2,41.3,52.0,306.1
2024-12-20 18:00:00,NSIT Dwarka,28.609,77.0323,125.7,126.7,1253.0,37.6,38.7,52.0,304.6
2024-12-20 19:00:00,NSIT Dwarka,28.609,77.0323,122.0,123.4,1208.0,31.6,37.8,52.0,301.8
2024-12-20 20:00:00,NSIT Dwarka,28.609,77.0323,119.7,120.6,1120.0,26.3,37.8,51.0,299.0
2024-12-20 21:00:00,NSIT Dwarka,28.609,77.0323,117.6,118.5,1059.0,22.3,37.7,51.0,291.8
2024-12-20 22:00:00,NSIT Dwarka,28.609,77.0323,115.9,116.9,1036.0,19.6,36.9,50.0,286.0
2024-12-20 23:00:00,NSIT Dwarka,28.609,77.0323,114.6,115.7,1039.0,18.4,35.9,49.0,281.6
2024-12-21 00:00:00,NSIT Dwarka,28.609,77.0323,116.4,117.3,1102.0,21.0,41.3,46.0,287.7
2024-12-21 01:00:00,NSIT Dwarka,28.609,77.0323,123.9,124.8,1301.0,27.1,44.6,38.0,303.2
2024-12-21 02:00:00,NSIT Dwarka,28.609,77.0323,138.3,139.2,1560.0,35.3,49.0,28.0,314.3
2024-12-21 03:00:00,NSIT Dwarka,28.609,77.0323,144.8,145.8,1684.0,40.2,51.9,30.0,319.3
2024-12-21 04:00:00,NSIT Dwarka,28.609,77.0323,143.0,143.9,1557.0,38.8,51.9,56.0,317.9
2024-12-21 05:00:00,NSIT Dwarka,28.609,77.0323,138.3,139.2,1295.0,33.9,50.3,94.0,314.3
2024-12-21 06:00:00,NSIT Dwarka,28.609,77.0323,129.5,130.4,1052.0,28.9,48.7,127.0,307.5
2024-12-21 07:00:00,NSIT Dwarka,28.609,77.0323,110.1,111.5,847.0,22.3,47.4,150.0,266.2
2024-12-21 08:00:00,NSIT Dwarka,28.609,77.0323,98.5,100.1,663.0,15.6,46.2,168.0,226.6
2024-12-21 09:00:00,NSIT Dwarka,28.609,77.0323,92.7,94.3,597.0,15.6,45.6,171.0,206.8
2024-12-21 10:00:00,NSIT Dwarka,28.609,77.0323,90.3,92.0,731.0,28.3,45.7,151.0,500.0
2024-12-21 11:00:00,NSIT Dwarka,28.609,77.0323,98.7,99.9,983.0,47.7,46.4,116.0,227.3
2024-12-21 12:00:00,NSIT Dwarka,28.609,77.0323,134.1,136.0,1215.0,62.1,50.3,84.0,311.1
2024-12-21 13:00:00,NSIT Dwarka,28.609,77.0323,152.7,154.6,1392.0,67.0,53.7,70.0,325.3
2024-12-21 14:00:00,NSIT Dwarka,28.609,77.0323,166.7,168.6,1548.0,73.7,58.4,51.0,336.1
2024-12-21 15:00:00,NSIT Dwarka,28.609,77.0323,180.2,181.6,1642.0,78.0,62.0,35.0,346.4
2024-12-21 16:00:00,NSIT Dwarka,28.609,77.0323,193.7,195.1,1636.0,78.0,63.9,26.0,356.8
2024-12-21 17:00:00,NSIT Dwarka,28.609,77.0323,206.3,208.2,1568.0,75.7,64.7,21.0,366.5
2024-12-21 18:00:00,NSIT Dwarka,28.609,77.0323,213.3,214.7,1506.0,73.0,64.3,18.0,371.8
2024-12-21 19:00:00,NSIT Dwarka,28.609,77.0323,214.2,215.6,1468.0,70.5,62.4,16.0,372.5
2024-12-21 20:00:00,NSIT Dwarka,28.609,77.0323,215.6,217.0,1437.0,67.6,59.2,16.0,373.6
2024-12-21 21:00:00,NSIT Dwarka,28.609,77.0323,214.2,216.1,1429.0,64.2,56.0,17.0,372.5
2024-12-21 22:00:00,NSIT Dwarka,28.609,77.0323,205.8,207.7,1410.0,59.2,51.8,21.0,366.1
2024-12-21 23:00:00,NSIT Dwarka,28.609,77.0323,193.7,195.6,1415.0,53.8,47.6,27.0,356.8
2024-12-22 00:00:00,NSIT Dwarka,28.609,77.0323,200.7,202.6,1561.0,57.6,44.6,20.0,362.2
2024-12-22 01:00:00,NSIT Dwarka,28.609,77.0323,204.4,206.3,2051.0,60.8,53.7,19.0,365.0
2024-12-22 02:00:00,NSIT Dwarka,28.609,77.0323,220.7,223.1,2682.0,64.8,66.2,19.0,377.5
2024-12-22 03:00:00,NSIT Dwarka,28.609,77.0323,238.0,239.3,2963.0,64.8,74.9,32.0,390.8
2024-12-22 04:00:00,NSIT Dwarka,28.609,77.0323,218.9,220.3,2569.0,57.4,76.5,69.0,376.1
2024-12-22 05:00:00,NSIT Dwarka,28.609,77.0323,185.8,187.7,1825.0,45.9,74.3,120.0,350.7
2024-12-22 06:00:00,NSIT Dwarka,28.609,77.0323,140.2,142.5,1212.0,36.0,71.8,159.0,315.7
2024-12-22 07:00:00,NSIT Dwarka,28.609,77.0323,117.6,119.7,897.0,26.5,69.1,181.0,291.8
2024-12-22 08:00:00,NSIT Dwarka,28.609,77.0323,101.7,103.8,714.0,18.5,66.0,192.0,237.5
2024-12-22 09:00:00,NSIT Dwarka,28.609,77.0323,93.8,95.9,646.0,20.7,65.0,188.0,210.6
2024-12-22 10:00:00,NSIT Dwarka,28.609,77.0323,90.6,92.4,717.0,41.8,67.7,162.0,500.0
2024-12-22 11:00:00,NSIT Dwarka,28.609,77.0323,105.5,107.1,903.0,73.2,72.5,122.0,250.5
2024-12-22 12:00:00,NSIT Dwarka,28.609,77.0323,158.8,160.7,1119.0,101.3,82.2,75.0,330.0
2024-12-22 13:00:00,NSIT Dwarka,28.609,77.0323,190.0,191.4,1389.0,103.8,84.7,63.0,354.0
2024-12-22 14:00:00,NSIT Dwarka,28.609,77.0323,207.2,209.1,1689.0,106.9,87.9,46.0,367.2
2024-12-22 15:00:00,NSIT Dwarka,28.609,77.0323,210.5,211.9,1865.0,107.0,87.9,34.0,369.7
2024-12-22 16:00:00,NSIT Dwarka,28.609,77.0323,203.0,204.4,1832.0,102.9,82.3,32.0,363.9
2024-12-22 17:00:00,NSIT Dwarka,28.609,77.0323,197.9,199.3,1676.0,95.9,73.5,36.0,360.0
2024-12-22 18:00:00,NSIT Dwarka,28.609,77.0323,183.9,185.3,1496.0,85.5,64.8,42.0,349.3
2024-12-22 19:00:00,NSIT Dwarka,28.609,77.0323,164.4,165.3,1297.0,68.9,56.3,53.0,334.3
2024-12-22 20:00:00,NSIT Dwarka,28.609,77.0323,146.2,147.1,1074.0,49.1,47.8,66.0,320.3
2024-12-22 21:00:00,NSIT Dwarka,28.609,77.0323,139.2,140.6,914.0,34.4,42.1,75.0,315.0
2024-12-22 22:00:00,NSIT Dwarka,28.609,77.0323,138.8,140.2,845.0,28.0,40.3,76.0,314.7
2024-12-22 23:00:00,NSIT Dwarka,28.609,77.0323,142.0,143.4,839.0,26.7,41.2,71.0,317.1
2024-12-23 00:00:00,NSIT Dwarka,28.609,77.0323,117.6,118.7,901.0,18.7,34.3,76.0,291.8
2024-12-23 01:00:00,NSIT Dwarka,28.609,77.0323,122.9,123.9,1079.0,30.0,38.4,62.0,302.5
2024-12-23 02:00:00,NSIT Dwarka,28.609,77.0323,137.4,138.8,1324.0,45.4,44.1,44.0,313.6
2024-12-23 03:00:00,NSIT Dwarka,28.609,77.0323,156.9,157.9,1495.0,55.4,47.6,36.0,328.6
2024-12-23 04:00:00,NSIT Dwarka,28.609,77.0323,149.9,150.9,1547.0,55.4,47.0,47.0,323.2
2024-12-23 05:00:00,NSIT Dwarka,28.609,77.0323,145.8,146.7,1526.0,50.2,44.4,69.0,320.0
2024-12-23 06:00:00,NSIT Dwarka,28.609,77.0323,143.9,145.3,1427.0,44.2,42.1,89.0,318.6
2024-12-23 07:00:00,NSIT Dwarka,28.609,77.0323,131.3,132.7,1188.0,38.0,41.1,106.0,308.9
2024-12-23 08:00:00,NSIT Dwarka,28.609,77.0323,116.6,118.3,871.0,31.0,40.5,122.0,288.4
2024-12-23 09:00:00,NSIT Dwarka,28.609,77.0323,110.8,112.5,665.0,26.8,40.0,130.0,268.6
2024-12-23 10:00:00,NSIT Dwarka,28.609,77.0323,105.9,107.8,673.0,27.8,39.9,127.0,251.9
2024-12-23 11:00:00,NSIT Dwarka,28.609,77.0323,100.8,102.4,792.0,31.5,40.1,116.0,234.5
2024-12-23 12:00:00,NSIT Dwarka,28.609,77.0323,129.9,131.8,898.0,38.6,38.7,106.0,307.8
2024-12-23 13:00:00,NSIT Dwarka,28.609,77.0323,123.9,126.2,953.0,36.8,39.4,98.0,303.2
2024-12-23 14:00:00,NSIT Dwarka,28.609,77.0323,120.1,122.0,995.0,34.3,40.4,86.0,500.0
2024-12-23 15:00:00,NSIT Dwarka,28.609,77.0323,116.6,118.5,1016.0,32.8,41.0,75.0,288.4
2024-12-23 16:00:00,NSIT Dwarka,28.609,77.0323,114.6,116.4,1006.0,33.4,41.2,66.0,281.6
2024-12-23 17:00:00,NSIT Dwarka,28.609,77.0323,115.7,117.8,975.0,34.9,41.2,59.0,285.3
2024-12-23 18:00:00,NSIT Dwarka,28.609,77.0323,116.6,118.5,942.0,35.1,40.2,53.0,288.4
2024-12-23 19:00:00,NSIT Dwarka,28.609,77.0323,113.9,115.7,909.0,32.4,37.9,51.0,279.2
2024-12-23 20:00:00,NSIT Dwarka,28.609,77.0323,110.6,112.7,873.0,28.3,34.7,52.0,267.9
2024-12-23 21:00:00,NSIT Dwarka,28.609,77.0323,109.7,111.8,846.0,25.1,31.7,51.0,264.8
2024-12-23 22:00:00,NSIT Dwarka,28.609,77.0323,108.5,110.4,832.0,23.2,28.9,47.0,260.7
2024-12-23 23:00:00,NSIT Dwarka,28.609,77.0323,105.7,107.3,827.0,22.1,26.3,43.0,251.2
2024-12-24 00:00:00,NSIT Dwarka,28.609,77.0323,83.1,85.0,823.0,17.2,17.5,60.0,176.4
2024-12-24 01:00:00,NSIT Dwarka,28.609,77.0323,84.5,86.4,826.0,24.2,20.1,54.0,181.2
2024-12-24 02:00:00,NSIT Dwarka,28.609,77.0323,93.1,95.0,832.0,33.6,23.6,47.0,208.2
2024-12-24 03:00:00,NSIT Dwarka,28.609,77.0323,102.9,105.0,819.0,38.9,26.5,49.0,241.6
2024-12-24 04:00:00,NSIT Dwarka,28.609,77.0323,108.0,109.9,771.0,36.2,27.7,68.0,259.0
2024-12-24 05:00:00,NSIT Dwarka,28.609,77.0323,106.9,109.2,706.0,29.6,28.2,97.0,255.3
2024-12-24 06:00:00,NSIT Dwarka,28.609,77.0323,102.7,105.7,651.0,24.2,29.6,121.0,240.9
2024-12-24 07:00:00,NSIT Dwarka,28.609,77.0323,106.4,109.7,586.0,19.6,32.0,138.0,253.6
2024-12-24 08:00:00,NSIT Dwarka,28.609,77.0323,107.1,110.6,533.0,16.3,35.3,151.0,256.0
2024-12-24 09:00:00,NSIT Dwarka,28.609,77.0323,107.8,111.1,583.0,21.6,40.0,150.0,258.4
2024-12-24 10:00:00,NSIT Dwarka,28.609,77.0323,108.7,111.8,797.0,43.5,46.5,126.0,261.4
2024-12-24 11:00:00,NSIT Dwarka,28.609,77.0323,119.7,122.0,1115.0,73.9,54.6,88.0,299.0
2024-12-24 12:00:00,NSIT Dwarka,28.609,77.0323,134.1,136.0,1448.0,77.1,46.7,62.0,311.1
2024-12-24 13:00:00,NSIT Dwarka,28.609,77.0323,142.5,143.9,1809.0,74.5,46.8,56.0,317.5
2024-12-24 14:00:00,NSIT Dwarka,28.609,77.0323,141.6,143.0,2185.0,70.5,46.6,47.0,316.8
2024-12-24 15:00:00,NSIT Dwarka,28.609,77.0323,131.8,133.2,2455.0,65.0,44.8,41.0,309.3
2024-12-24 16:00:00,NSIT Dwarka,28.609,77.0323,120.1,121.5,2562.0,56.9,40.0,39.0,500.0
2024-12-24 17:00:00,NSIT Dwarka,28.609,77.0323,111.8,112.9,2563.0,47.2,33.5,38.0,272.0
2024-12-24 18:00:00,NSIT Dwarka,28.609,77.0323,105.5,106.6,2504.0,39.0,28.0,38.0,250.5
2024-12-24 19:00:00,NSIT Dwarka,28.609,77.0323,100.4,101.5,2394.0,33.3,24.3,37.0,233.1
2024-12-24 20:00:00,NSIT Dwarka,28.609,77.0323,98.0,99.4,2225.0,29.1,21.5,37.0,224.9
2024-12-24 21:00:00,NSIT Dwarka,28.609,77.0323,98.0,99.2,2018.0,26.1,19.5,36.0,224.9
2024-12-24 22:00:00,NSIT Dwarka,28.609,77.0323,98.7,100.1,1716.0,24.0,18.1,35.0,227.3
2024-12-24 23:00:00,NSIT Dwarka,28.609,77.0323,99.7,101.0,1376.0,23.2,17.5,34.0,230.7
2024-12-25 00:00:00,NSIT Dwarka,28.609,77.0323,94.3,95.7,1192.0,21.1,16.8,39.0,212.3
2024-12-25 01:00:00,NSIT Dwarka,28.609,77.0323,101.0,102.4,1324.0,28.4,23.0,31.0,235.1
2024-12-25 02:00:00,NSIT Dwarka,28.609,77.0323,118.0,119.7,1612.0,38.3,31.4,21.0,293.2
2024-12-25 03:00:00,NSIT Dwarka,28.609,77.0323,134.6,136.0,1764.0,43.8,37.2,24.0,311.4
2024-12-25 04:00:00,NSIT Dwarka,28.609,77.0323,128.1,129.0,1630.0,41.0,37.0,52.0,306.4
2024-12-25 05:00:00,NSIT Dwarka,28.609,77.0323,119.7,121.1,1361.0,33.8,34.0,93.0,299.0
2024-12-25 06:00:00,NSIT Dwarka,28.609,77.0323,95.7,97.6,1112.0,27.4,33.3,126.0,217.0
2024-12-25 07:00:00,NSIT Dwarka,28.609,77.0323,87.8,90.1,917.0,22.1,37.7,147.0,192.5
2024-12-25 08:00:00,NSIT Dwarka,28.609,77.0323,91.7,94.1,742.0,17.5,44.4,161.0,203.4
2024-12-25 09:00:00,NSIT Dwarka,28.609,77.0323,94.1,96.4,650.0,18.3,49.3,162.0,211.6
2024-12-25 10:00:00,NSIT Dwarka,28.609,77.0323,94.5,96.9,662.0,28.6,50.3,143.0,212.9
2024-12-25 11:00:00,NSIT Dwarka,28.609,77.0323,100.1,102.0,756.0,44.2,49.5,111.0,232.1
2024-12-25 12:00:00,NSIT Dwarka,28.609,77.0323,133.2,135.0,925.0,57.4,47.5,74.0,310.4
2024-12-25 13:00:00,NSIT Dwarka,28.609,77.0323,144.4,146.2,1206.0,61.4,50.0,61.0,319.0
2024-12-25 14:00:00,NSIT Dwarka,28.609,77.0323,151.8,153.2,1561.0,66.8,53.5,43.0,324.6
2024-12-25 15:00:00,NSIT Dwarka,28.609,77.0323,160.7,161.6,1873.0,70.3,56.4,29.0,331.5
2024-12-25 16:00:00,NSIT Dwarka,28.609,77.0323,167.6,169.0,2137.0,70.0,58.6,23.0,336.8
2024-12-25 17:00:00,NSIT Dwarka,28.609,77.0323,174.6,176.0,2358.0,67.8,60.2,20.0,342.1
2024-12-25 18:00:00,NSIT Dwarka,28.609,77.0323,178.3,179.3,2429.0,65.3,60.1,18.0,345.0
2024-12-25 19:00:00,NSIT Dwarka,28.609,77.0323,179.3,180.2,2249.0,63.3,57.0,15.0,345.7
2024-12-25 20:00:00,NSIT Dwarka,28.609,77.0323,179.7,180.7,1919.0,61.1,52.2,13.0,346.0
2024-12-25 21:00:00,NSIT Dwarka,28.609,77.0323,178.8,180.2,1642.0,58.4,48.2,12.0,345.4
2024-12-25 22:00:00,NSIT Dwarka,28.609,77.0323,175.6,176.5,1461.0,54.2,45.6,13.0,342.9
2024-12-25 23:00:00,NSIT Dwarka,28.609,77.0323,170.0,170.9,1333.0,49.6,43.8,15.0,338.6
2024-12-26 00:00:00,NSIT Dwarka,28.609,77.0323,182.5,183.9,1325.0,48.6,39.7,9.0,348.2
2024-12-26 01:00:00,NSIT Dwarka,28.609,77.0323,173.7,174.6,1557.0,48.1,42.1,6.0,341.4
2024-12-26 02:00:00,NSIT Dwarka,28.609,77.0323,186.3,187.2,1910.0,47.3,45.4,4.0,351.1
2024-12-26 03:00:00,NSIT Dwarka,28.609,77.0323,192.3,192.8,2090.0,45.7,47.9,16.0,355.7
2024-12-26 04:00:00,NSIT Dwarka,28.609,77.0323,192.3,192.8,1931.0,43.1,48.3,56.0,355.7
2024-12-26 05:00:00,NSIT Dwarka,28.609,77.0323,180.2,180.7,1599.0,39.7,47.8,110.0,346.4
2024-12-26 06:00:00,NSIT Dwarka,28.609,77.0323,146.7,147.6,1301.0,36.2,48.4,151.0,320.7
2024-12-26 07:00:00,NSIT Dwarka,28.609,77.0323,100.1,101.3,1083.0,29.2,50.5,172.0,232.1
2024-12-26 08:00:00,NSIT Dwarka,28.609,77.0323,80.6,82.0,899.0,22.0,53.7,180.0,167.9
2024-12-26 09:00:00,NSIT Dwarka,28.609,77.0323,75.9,77.5,816.0,25.3,58.1,174.0,151.9
2024-12-26 10:00:00,NSIT Dwarka,28.609,77.0323,75.4,77.5,878.0,48.6,64.3,147.0,150.2
2024-12-26 11:00:00,NSIT Dwarka,28.609,77.0323,88.2,89.9,1041.0,82.5,71.7,106.0,193.9
2024-12-26 12:00:00,NSIT Dwarka,28.609,77.0323,139.2,142.0,1241.0,103.4,69.3,63.0,315.0
2024-12-26 13:00:00,NSIT Dwarka,28.609,77.0323,170.4,172.8,1492.0,109.4,75.6,49.0,338.9
2024-12-26 14:00:00,NSIT Dwarka,28.609,77.0323,190.9,193.2,1780.0,117.5,84.2,29.0,354.6
2024-12-26 15:00:00,NSIT Dwarka,28.609,77.0323,212.3,214.7,1993.0,122.3,89.2,15.0,371.1
2024-12-26 16:00:00,NSIT Dwarka,28.609,77.0323,230.0,232.8,2099.0,121.7,88.6,10.0,384.7
2024-12-26 17:00:00,NSIT Dwarka,28.609,77.0323,235.6,238.4,2129.0,117.7,84.6,11.0,388.9
2024-12-26 18:00:00,NSIT Dwarka,28.609,77.0323,220.3,223.1,2073.0,110.9,77.5,13.0,377.2
2024-12-26 19:00:00,NSIT Dwarka,28.609,77.0323,205.8,208.2,1879.0,99.6,65.4,17.0,366.1
2024-12-26 20:00:00,NSIT Dwarka,28.609,77.0323,185.8,187.7,1598.0,85.4,50.4,23.0,350.7
2024-12-26 21:00:00,NSIT Dwarka,28.609,77.0323,162.1,164.4,1368.0,73.9,38.7,28.0,332.5
2024-12-26 22:00:00,NSIT Dwarka,28.609,77.0323,145.3,147.1,1240.0,67.3,33.4,31.0,319.6
2024-12-26 23:00:00,NSIT Dwarka,28.609,77.0323,144.4,146.7,1163.0,63.4,31.6,33.0,319.0
2024-12-27 00:00:00,NSIT Dwarka,28.609,77.0323,146.2,148.1,1118.0,71.4,44.3,25.0,320.3
2024-12-27 01:00:00,NSIT Dwarka,28.609,77.0323,130.9,132.7,1121.0,68.8,45.3,26.0,308.6
2024-12-27 02:00:00,NSIT Dwarka,28.609,77.0323,138.8,140.6,1158.0,64.9,46.4,28.0,314.7
2024-12-27 03:00:00,NSIT Dwarka,28.609,77.0323,140.6,142.0,1161.0,60.3,45.4,33.0,316.0
2024-12-27 04:00:00,NSIT Dwarka,28.609,77.0323,138.8,140.2,1101.0,54.6,40.6,45.0,314.7
2024-12-27 05:00:00,NSIT Dwarka,28.609,77.0323,117.6,119.2,1009.0,48.2,33.8,60.0,291.8
2024-12-27 06:00:00,NSIT Dwarka,28.609,77.0323,97.8,99.7,911.0,42.2,27.9,72.0,224.2
2024-12-27 07:00:00,NSIT Dwarka,28.609,77.0323,94.5,97.1,797.0,36.6,24.2,77.0,212.9
2024-12-27 08:00:00,NSIT Dwarka,28.609,77.0323,91.5,93.8,678.0,31.4,21.5,79.0,202.7
2024-12-27 09:00:00,NSIT Dwarka,28.609,77.0323,89.4,91.3,612.0,28.1,19.3,79.0,198.0
2024-12-27 10:00:00,NSIT Dwarka,28.609,77.0323,85.4,87.1,640.0,28.0,17.3,78.0,184.3
2024-12-27 11:00:00,NSIT Dwarka,28.609,77.0323,80.6,82.0,721.0,29.8,15.9,75.0,167.9
2024-12-27 12:00:00,NSIT Dwarka,28.609,77.0323,94.3,96.6,786.0,36.8,16.6,64.0,212.3
2024-12-27 13:00:00,NSIT Dwarka,28.609,77.0323,93.6,95.7,816.0,35.2,17.7,64.0,209.9
2024-12-27 14:00:00,NSIT Dwarka,28.609,77.0323,96.6,98.7,831.0,32.8,19.2,64.0,220.1
2024-12-27 15:00:00,NSIT Dwarka,28.609,77.0323,98.3,100.4,823.0,30.6,20.6,65.0,225.9
2024-12-27 16:00:00,NSIT Dwarka,28.609,77.0323,102.2,104.5,785.0,28.8,21.7,66.0,239.2
2024-12-27 17:00:00,NSIT Dwarka,28.609,77.0323,106.9,109.2,724.0,27.1,22.6,68.0,255.3
2024-12-27 18:00:00,NSIT Dwarka,28.609,77.0323,104.3,106.6,658.0,25.5,23.2,68.0,246.4
2024-12-27 19:00:00,NSIT Dwarka,28.609,77.0323,100.8,103.1,581.0,23.7,23.1,66.0,234.5
2024-12-27 20:00:00,NSIT Dwarka,28.609,77.0323,100.4,102.7,497.0,21.9,22.5,63.0,233.1
2024-12-27 21:00:00,NSIT Dwarka,28.609,77.0323,99.9,102.0,440.0,20.9,22.3,60.0,231.4
2024-12-27 22:00:00,NSIT Dwarka,28.609,77.0323,96.2,98.0,401.0,20.3,22.0,57.0,218.8
2024-12-27 23:00:00,NSIT Dwarka,28.609,77.0323,91.7,93.6,388.0,20.6,22.0,55.0,203.4
2024-12-28 00:00:00,NSIT Dwarka,28.609,77.0323,82.0,84.1,454.0,17.1,21.0,66.0,172.7
2024-12-28 01:00:00,NSIT Dwarka,28.609,77.0323,82.4,84.5,690.0,29.8,29.6,55.0,174.1
2024-12-28 02:00:00,NSIT Dwarka,28.609,77.0323,105.2,107.6,1004.0,46.9,41.4,40.0,249.5
2024-12-28 03:00:00,NSIT Dwarka,28.609,77.0323,125.3,127.6,1174.0,57.7,50.5,34.0,304.3
2024-12-28 04:00:00,NSIT Dwarka,28.609,77.0323,112.0,113.9,1061.0,55.7,53.9,45.0,272.7
2024-12-28 05:00:00,NSIT Dwarka,28.609,77.0323,103.8,105.9,803.0,47.2,54.5,65.0,244.7
2024-12-28 06:00:00,NSIT Dwarka,28.609,77.0323,99.9,102.0,599.0,40.6,55.2,80.0,231.4
2024-12-28 07:00:00,NSIT Dwarka,28.609,77.0323,99.0,101.0,507.0,38.2,57.3,87.0,228.3
2024-12-28 08:00:00,NSIT Dwarka,28.609,77.0323,97.3,99.4,469.0,37.6,59.5,91.0,222.5
2024-12-28 09:00:00,NSIT Dwarka,28.609,77.0323,95.2,97.1,503.0,40.3,61.1,88.0,215.3
2024-12-28 10:00:00,NSIT Dwarka,28.609,77.0323,91.5,93.1,643.0,48.5,61.5,77.0,202.7
2024-12-28 11:00:00,NSIT Dwarka,28.609,77.0323,95.9,97.6,855.0,59.9,61.3,59.0,217.7
2024-12-28 12:00:00,NSIT Dwarka,28.609,77.0323,128.5,130.4,1061.0,67.4,56.8,47.0,306.8
2024-12-28 13:00:00,NSIT Dwarka,28.609,77.0323,149.5,151.3,1255.0,67.0,55.3,42.0,322.9
2024-12-28 14:00:00,NSIT Dwarka,28.609,77.0323,155.1,156.5,1443.0,66.3,53.0,35.0,327.2
2024-12-28 15:00:00,NSIT Dwarka,28.609,77.0323,150.9,152.3,1557.0,63.9,49.9,30.0,323.9
2024-12-28 16:00:00,NSIT Dwarka,28.609,77.0323,146.7,147.6,1563.0,59.2,45.4,28.0,320.7
2024-12-28 17:00:00,NSIT Dwarka,28.609,77.0323,145.8,147.1,1497.0,52.8,40.1,28.0,320.0
2024-12-28 18:00:00,NSIT Dwarka,28.609,77.0323,143.0,143.9,1393.0,45.9,35.0,29.0,317.9
2024-12-28 19:00:00,NSIT Dwarka,28.609,77.0323,132.7,133.6,1236.0,37.9,30.3,32.0,310.0
2024-12-28 20:00:00,NSIT Dwarka,28.609,77.0323,122.9,123.9,1042.0,29.3,25.9,36.0,302.5
2024-12-28 21:00:00,NSIT Dwarka,28.609,77.0323,114.8,115.7,899.0,22.6,22.7,40.0,282.2
2024-12-28 22:00:00,NSIT Dwarka,28.609,77.0323,106.9,107.8,847.0,18.5,21.0,43.0,255.3
2024-12-28 23:00:00,NSIT Dwarka,28.609,77.0323,99.2,99.9,846.0,16.4,20.5,45.0,229.0
2024-12-29 00:00:00,NSIT Dwarka,28.609,77.0323,122.5,123.4,858.0,23.8,21.8,31.0,302.2
2024-12-29 01:00:00,NSIT Dwarka,28.609,77.0323,113.4,114.3,889.0,26.1,23.5,31.0,277.5
2024-12-29 02:00:00,NSIT Dwarka,28.609,77.0323,110.8,111.8,933.0,29.2,25.9,32.0,268.6
2024-12-29 03:00:00,NSIT Dwarka,28.609,77.0323,110.6,111.5,941.0,30.0,28.1,38.0,267.9
2024-12-29 04:00:00,NSIT Dwarka,28.609,77.0323,95.9,97.1,881.0,26.5,29.9,55.0,217.7
2024-12-29 05:00:00,NSIT Dwarka,28.609,77.0323,85.0,86.4,784.0,20.7,31.5,77.0,182.9
2024-12-29 06:00:00,NSIT Dwarka,28.609,77.0323,73.1,74.7,698.0,16.2,32.5,95.0,142.3
2024-12-29 07:00:00,NSIT Dwarka,28.609,77.0323,66.8,68.5,621.0,13.7,32.4,108.0,120.8
2024-12-29 08:00:00,NSIT Dwarka,28.609,77.0323,64.0,65.9,554.0,12.4,31.7,117.0,111.2
2024-12-29 09:00:00,NSIT Dwarka,28.609,77.0323,63.3,65.0,544.0,14.0,31.2,118.0,108.9
2024-12-29 10:00:00,NSIT Dwarka,28.609,77.0323,60.3,62.2,634.0,20.1,30.9,108.0,500.0
2024-12-29 11:00:00,NSIT Dwarka,28.609,77.0323,61.5,63.3,780.0,29.1,30.7,90.0,102.7
2024-12-29 12:00:00,NSIT Dwarka,28.609,77.0323,90.6,92.2,900.0,35.4,32.7,65.0,500.0
2024-12-29 13:00:00,NSIT Dwarka,28.609,77.0323,96.2,97.6,967.0,36.6,32.5,58.0,218.8
2024-12-29 14:00:00,NSIT Dwarka,28.609,77.0323,96.2,97.1,1007.0,38.2,32.2,50.0,218.8
2024-12-29 15:00:00,NSIT Dwarka,28.609,77.0323,95.0,95.7,1013.0,38.0,31.1,44.0,214.7
2024-12-29 16:00:00,NSIT Dwarka,28.609,77.0323,92.2,92.9,968.0,34.9,28.7,45.0,205.1
2024-12-29 17:00:00,NSIT Dwarka,28.609,77.0323,90.6,91.3,888.0,30.1,25.5,48.0,500.0
2024-12-29 18:00:00,NSIT Dwarka,28.609,77.0323,89.2,89.9,817.0,25.5,22.7,52.0,197.3
2024-12-29 19:00:00,NSIT Dwarka,28.609,77.0323,85.4,85.9,764.0,21.6,20.4,55.0,184.3
2024-12-29 20:00:00,NSIT Dwarka,28.609,77.0323,82.9,83.6,720.0,18.0,18.3,57.0,175.8
2024-12-29 21:00:00,NSIT Dwarka,28.609,77.0323,80.8,81.3,701.0,15.2,17.2,59.0,168.6
2024-12-29 22:00:00,NSIT Dwarka,28.609,77.0323,78.7,79.2,724.0,13.2,17.1,61.0,161.4
2024-12-29 23:00:00,NSIT Dwarka,28.609,77.0323,77.1,77.3,773.0,12.1,18.0,62.0,156.0
2024-12-30 00:00:00,NSIT Dwarka,28.609,77.0323,77.3,77.8,810.0,12.9,18.5,61.0,156.6
2024-12-30 01:00:00,NSIT Dwarka,28.609,77.0323,75.4,75.7,823.0,17.0,21.4,58.0,150.2
2024-12-30 02:00:00,NSIT Dwarka,28.609,77.0323,77.5,77.8,824.0,22.6,25.5,55.0,157.3
2024-12-30 03:00:00,NSIT Dwarka,28.609,77.0323,79.4,79.6,820.0,25.6,29.1,60.0,163.8
2024-12-30 04:00:00,NSIT Dwarka,28.609,77.0323,76.8,77.1,810.0,23.6,31.9,79.0,154.9
2024-12-30 05:00:00,NSIT Dwarka,28.609,77.0323,76.1,76.4,794.0,19.1,34.2,107.0,152.5
2024-12-30 06:00:00,NSIT Dwarka,28.609,77.0323,75.2,75.4,779.0,15.3,35.5,130.0,149.5
2024-12-30 07:00:00,NSIT Dwarka,28.609,77.0323,71.2,71.5,754.0,12.4,35.4,148.0,135.8
2024-12-30 08:00:00,NSIT Dwarka,28.609,77.0323,63.1,63.3,730.0,10.2,34.4,163.0,108.2
2024-12-30 09:00:00,NSIT Dwarka,28.609,77.0323,56.0,56.2,752.0,11.6,33.4,166.0,93.2
2024-12-30 10:00:00,NSIT Dwarka,28.609,77.0323,51.5,51.8,858.0,18.8,32.4,150.0,85.6
2024-12-30 11:00:00,NSIT Dwarka,28.609,77.0323,52.3,52.5,1009.0,29.6,31.4,122.0,87.0
2024-12-30 12:00:00,NSIT Dwarka,28.609,77.0323,96.2,97.3,1141.0,49.6,38.3,83.0,218.8
2024-12-30 13:00:00,NSIT Dwarka,28.609,77.0323,108.5,109.7,1230.0,55.3,40.6,69.0,260.7
2024-12-30 14:00:00,NSIT Dwarka,28.609,77.0323,118.0,119.0,1299.0,63.0,43.7,49.0,293.2
2024-12-30 15:00:00,NSIT Dwarka,28.609,77.0323,127.1,128.1,1349.0,67.8,46.2,34.0,305.7
2024-12-30 16:00:00,NSIT Dwarka,28.609,77.0323,136.0,136.9,1384.0,67.7,47.9,28.0,312.5
2024-12-30 17:00:00,NSIT Dwarka,28.609,77.0323,143.9,144.8,1399.0,64.8,48.9,26.0,318.6
2024-12-30 18:00:00,NSIT Dwarka,28.609,77.0323,145.8,147.1,1387.0,60.3,47.7,26.0,320.0
2024-12-30 19:00:00,NSIT Dwarka,28.609,77.0323,140.2,141.1,1328.0,53.9,42.6,29.0,315.7
2024-12-30 20:00:00,NSIT Dwarka,28.609,77.0323,135.0,136.4,1241.0,45.8,35.2,34.0,311.7
2024-12-30 21:00:00,NSIT Dwarka,28.609,77.0323,131.8,133.2,1174.0,38.2,29.3,39.0,309.3
2024-12-30 22:00:00,NSIT Dwarka,28.609,77.0323,127.6,129.0,1150.0,30.3,25.8,45.0,306.1
2024-12-30 23:00:00,NSIT Dwarka,28.609,77.0323,125.7,127.1,1146.0,22.8,23.7,52.0,304.6
2024-12-31 00:00:00,NSIT Dwarka,28.609,77.0323,162.5,164.4,1146.0,33.1,26.2,33.0,332.8
2024-12-31 01:00:00,NSIT Dwarka,28.609,77.0323,156.0,157.9,1155.0,33.5,28.1,35.0,327.9
2024-12-31 02:00:00,NSIT Dwarka,28.609,77.0323,158.3,159.7,1168.0,33.8,30.7,39.0,329.6
2024-12-31 03:00:00,NSIT Dwarka,28.609,77.0323,151.3,153.2,1156.0,32.6,33.6,48.0,324.3
2024-12-31 04:00:00,NSIT Dwarka,28.609,77.0323,141.6,143.4,1100.0,28.4,36.8,67.0,316.8
2024-12-31 05:00:00,NSIT Dwarka,28.609,77.0323,126.7,129.0,1020.0,22.8,40.1,92.0,305.4
2024-12-31 06:00:00,NSIT Dwarka,28.609,77.0323,108.7,111.3,944.0,18.6,42.8,113.0,261.4
2024-12-31 07:00:00,NSIT Dwarka,28.609,77.0323,103.8,106.4,856.0,16.0,44.4,130.0,244.7
2024-12-31 08:00:00,NSIT Dwarka,28.609,77.0323,99.2,101.7,771.0,14.9,45.4,143.0,229.0
2024-12-31 09:00:00,NSIT Dwarka,28.609,77.0323,96.4,99.0,769.0,17.8,46.1,145.0,219.4
2024-12-31 10:00:00,NSIT Dwarka,28.609,77.0323,93.8,96.4,891.0,27.4,46.2,130.0,210.6
2024-12-31 11:00:00,NSIT Dwarka,28.609,77.0323,94.5,97.1,1094.0,41.0,46.0,105.0,212.9
2024-12-31 12:00:00,NSIT Dwarka,28.609,77.0323,149.9,153.2,1333.0,65.5,63.9,76.0,323.2
2024-12-31 13:00:00,NSIT Dwarka,28.609,77.0323,175.1,178.3,1648.0,72.7,66.4,60.0,342.5
2024-12-31 14:00:00,NSIT Dwarka,28.609,77.0323,193.2,196.5,1997.0,82.4,69.6,39.0,356.4
2024-12-31 15:00:00,NSIT Dwarka,28.609,77.0323,200.2,203.0,2210.0,87.4,70.7,23.0,361.8
2024-12-31 16:00:00,NSIT Dwarka,28.609,77.0323,200.2,203.5,2185.0,84.3,68.5,19.0,361.8
2024-12-31 17:00:00,NSIT Dwarka,28.609,77.0323,204.0,206.8,2024.0,76.5,64.1,21.0,364.7
2024-12-31 18:00:00,NSIT Dwarka,28.609,77.0323,199.3,202.1,1858.0,67.3,58.1,25.0,361.1
2024-12-31 19:00:00,NSIT Dwarka,28.609,77.0323,185.8,188.6,1724.0,56.7,49.7,31.0,350.7
2024-12-31 20:00:00,NSIT Dwarka,28.609,77.0323,174.6,177.4,1585.0,44.8,39.7,39.0,342.1
2024-12-31 21:00:00,NSIT Dwarka,28.609,77.0323,164.4,166.7,1470.0,34.6,31.5,46.0,334.3
2024-12-31 22:00:00,NSIT Dwarka,28.609,77.0323,156.5,158.8,1387.0,26.7,26.0,52.0,328.2
2024-12-31 23:00:00,NSIT Dwarka,28.609,77.0323,149.5,151.8,1327.0,20.6,22.3,57.0,322.9
2024-12-19 12:00:00,Najafgarh,28.5703,76.9337,143.9,145.8,1238.0,51.5,54.3,107.0,318.6
2024-12-19 13:00:00,Najafgarh,28.5703,76.9337,163.4,165.8,1557.0,61.2,58.0,89.0,333.5
2024-12-19 14:00:00,Najafgarh,28.5703,76.9337,178.8,180.7,1925.0,74.6,63.0,64.0,345.4
2024-12-19 15:00:00,Najafgarh,28.5703,76.9337,188.6,190.5,2215.0,83.7,66.9,45.0,352.9
2024-12-19 16:00:00,Najafgarh,28.5703,76.9337,195.1,197.4,2403.0,84.7,69.0,37.0,357.9
2024-12-19 17:00:00,Najafgarh,28.5703,76.9337,201.6,204.0,2512.0,81.5,69.9,35.0,362.9
2024-12-19 18:00:00,Najafgarh,28.5703,76.9337,205.4,207.7,2484.0,78.2,68.8,33.0,365.8
2024-12-19 19:00:00,Najafgarh,28.5703,76.9337,204.0,206.3,2225.0,76.6,64.6,29.0,364.7
2024-12-19 20:00:00,Najafgarh,28.5703,76.9337,201.6,204.0,1830.0,74.9,58.5,25.0,362.9
2024-12-19 21:00:00,Najafgarh,28.5703,76.9337,196.0,198.4,1525.0,71.6,53.1,23.0,358.6
2024-12-19 22:00:00,Najafgarh,28.5703,76.9337,187.2,189.1,1395.0,64.4,48.8,26.0,351.8
2024-12-19 23:00:00,Najafgarh,28.5703,76.9337,177.4,179.7,1355.0,55.5,45.2,31.0,344.3
2024-12-20 00:00:00,Najafgarh,28.5703,76.9337,143.4,145.3,1382.0,23.6,34.2,63.0,318.2
2024-12-20 01:00:00,Najafgarh,28.5703,76.9337,147.6,149.5,1537.0,33.8,40.4,51.0,321.4
2024-12-20 02:00:00,Najafgarh,28.5703,76.9337,162.5,164.4,1760.0,47.4,48.8,36.0,332.8
2024-12-20 03:00:00,Najafgarh,28.5703,76.9337,177.0,178.3,1842.0,54.2,54.3,37.0,344.0
2024-12-20 04:00:00,Najafgarh,28.5703,76.9337,163.0,163.9,1652.0,47.6,53.8,70.0,333.2
2024-12-20 05:00:00,Najafgarh,28.5703,76.9337,150.4,151.8,1322.0,34.2,50.5,120.0,323.6
2024-12-20 06:00:00,Najafgarh,28.5703,76.9337,132.7,134.6,1039.0,23.3,48.5,161.0,310.0
2024-12-20 07:00:00,Najafgarh,28.5703,76.9337,114.6,116.9,859.0,16.9,49.8,188.0,281.6
2024-12-20 08:00:00,Najafgarh,28.5703,76.9337,103.4,105.7,725.0,13.0,52.4,207.0,243.3
2024-12-20 09:00:00,Najafgarh,28.5703,76.9337,100.6,102.9,659.0,15.2,54.7,210.0,233.8
2024-12-20 10:00:00,Najafgarh,28.5703,76.9337,100.1,102.4,693.0,28.4,55.9,188.0,232.1
2024-12-20 11:00:00,Najafgarh,28.5703,76.9337,114.8,116.6,794.0,47.6,56.7,151.0,282.2
2024-12-20 12:00:00,Najafgarh,28.5703,76.9337,155.5,157.9,883.0,64.3,58.4,114.0,327.5
2024-12-20 13:00:00,Najafgarh,28.5703,76.9337,171.8,173.7,928.0,61.1,58.8,102.0,340.0
2024-12-20 14:00:00,Najafgarh,28.5703,76.9337,174.6,177.0,962.0,56.5,59.1,86.0,342.1
2024-12-20 15:00:00,Najafgarh,28.5703,76.9337,170.0,172.3,1004.0,51.2,57.5,73.0,338.6
2024-12-20 16:00:00,Najafgarh,28.5703,76.9337,164.4,166.2,1079.0,45.0,52.7,66.0,334.3
2024-12-20 17:00:00,Najafgarh,28.5703,76.9337,158.3,160.7,1163.0,38.1,46.1,61.0,329.6
2024-12-20 18:00:00,Najafgarh,28.5703,76.9337,150.9,152.7,1203.0,31.9,40.0,58.0,323.9
2024-12-20 19:00:00,Najafgarh,28.5703,76.9337,141.1,143.0,1155.0,26.6,35.2,56.0,316.4
2024-12-20 20:00:00,Najafgarh,28.5703,76.9337,134.1,136.0,1064.0,22.1,31.0,55.0,311.1
2024-12-20 21:00:00,Najafgarh,28.5703,76.9337,129.5,130.9,1003.0,18.6,27.8,54.0,307.5
2024-12-20 22:00:00,Najafgarh,28.5703,76.9337,125.7,127.1,995.0,16.0,25.9,52.0,304.6
2024-12-20 23:00:00,Najafgarh,28.5703,76.9337,122.5,123.9,1018.0,14.6,25.0,50.0,302.2
2024-12-21 00:00:00,Najafgarh,28.5703,76.9337,136.9,138.3,1085.0,21.4,34.7,42.0,313.2
2024-12-21 01:00:00,Najafgarh,28.5703,76.9337,141.1,143.0,1253.0,26.2,35.7,34.0,316.4
2024-12-21 02:00:00,Najafgarh,28.5703,76.9337,151.8,153.7,1464.0,32.5,37.1,24.0,324.6
2024-12-21 03:00:00,Najafgarh,28.5703,76.9337,153.2,154.6,1559.0,34.8,37.9,27.0,325.7
2024-12-21 04:00:00,Najafgarh,28.5703,76.9337,144.8,145.8,1440.0,29.5,37.8,52.0,319.3
2024-12-21 05:00:00,Najafgarh,28.5703,76.9337,135.0,136.4,1206.0,20.4,37.1,89.0,311.7
2024-12-21 06:00:00,Najafgarh,28.5703,76.9337,123.4,124.8,989.0,12.9,35.6,121.0,302.8
2024-12-21 07:00:00,Najafgarh,28.5703,76.9337,107.1,108.5,805.0,7.6,32.3,145.0,256.0
2024-12-21 08:00:00,Najafgarh,28.5703,76.9337,95.5,97.1,638.0,4.0,28.1,164.0,216.4
2024-12-21 09:00:00,Najafgarh,28.5703,76.9337,92.2,93.8,578.0,6.3,25.5,168.0,205.1
2024-12-21 10:00:00,Najafgarh,28.5703,76.9337,90.3,91.7,689.0,18.2,25.0,150.0,500.0
2024-12-21 11:00:00,Najafgarh,28.5703,76.9337,99.9,101.0,907.0,36.0,26.1,117.0,231.4
2024-12-21 12:00:00,Najafgarh,28.5703,76.9337,141.6,143.4,1131.0,53.2,31.9,83.0,316.8
2024-12-21 13:00:00,Najafgarh,28.5703,76.9337,166.7,168.1,1363.0,63.1,39.0,67.0,336.1
2024-12-21 14:00:00,Najafgarh,28.5703,76.9337,185.3,187.2,1602.0,76.6,48.9,44.0,350.3
2024-12-21 15:00:00,Najafgarh,28.5703,76.9337,199.8,201.6,1742.0,86.0,57.4,27.0,361.5
2024-12-21 16:00:00,Najafgarh,28.5703,76.9337,211.4,213.3,1708.0,87.9,63.2,20.0,370.4
2024-12-21 17:00:00,Najafgarh,28.5703,76.9337,221.2,223.1,1576.0,85.6,67.6,17.0,377.9
2024-12-21 18:00:00,Najafgarh,28.5703,76.9337,225.4,227.2,1469.0,82.2,70.4,17.0,381.1
2024-12-21 19:00:00,Najafgarh,28.5703,76.9337,224.9,226.8,1431.0,78.2,71.9,19.0,380.7
2024-12-21 20:00:00,Najafgarh,28.5703,76.9337,223.5,225.8,1418.0,73.1,71.9,23.0,379.7
2024-12-21 21:00:00,Najafgarh,28.5703,76.9337,221.7,223.5,1422.0,67.3,69.5,26.0,378.3
2024-12-21 22:00:00,Najafgarh,28.5703,76.9337,216.1,218.4,1413.0,60.1,62.5,25.0,374.0
2024-12-21 23:00:00,Najafgarh,28.5703,76.9337,208.6,210.5,1421.0,52.3,53.2,23.0,368.2
2024-12-22 00:00:00,Najafgarh,28.5703,76.9337,209.1,211.4,1527.0,72.6,68.4,12.0,368.6
2024-12-22 01:00:00,Najafgarh,28.5703,76.9337,212.3,214.7,1886.0,69.6,67.8,8.0,371.1
2024-12-22 02:00:00,Najafgarh,28.5703,76.9337,224.4,226.8,2343.0,65.0,67.0,4.0,380.4
2024-12-22 03:00:00,Najafgarh,28.5703,76.9337,228.2,229.6,2519.0,57.5,66.2,14.0,383.3
2024-12-22 04:00:00,Najafgarh,28.5703,76.9337,192.8,193.7,2147.0,44.8,66.6,50.0,356.1
2024-12-22 05:00:00,Najafgarh,28.5703,76.9337,164.4,165.8,1493.0,29.3,67.0,99.0,334.3
2024-12-22 06:00:00,Najafgarh,28.5703,76.9337,129.9,131.8,973.0,17.1,64.3,138.0,307.8
2024-12-22 07:00:00,Najafgarh,28.5703,76.9337,112.9,114.8,742.0,8.8,55.1,162.0,275.8
2024-12-22 08:00:00,Najafgarh,28.5703,76.9337,99.4,101.3,646.0,3.8,42.8,176.0,229.7
2024-12-22 09:00:00,Najafgarh,28.5703,76.9337,88.5,90.3,631.0,6.1,34.8,175.0,194.9
2024-12-22 10:00:00,Najafgarh,28.5703,76.9337,83.6,85.4,697.0,20.5,34.8,151.0,178.2
2024-12-22 11:00:00,Najafgarh,28.5703,76.9337,99.4,100.8,845.0,42.3,39.1,113.0,229.7
2024-12-22 12:00:00,Najafgarh,28.5703,76.9337,123.9,125.3,1027.0,62.9,41.6,71.0,303.2
2024-12-22 13:00:00,Najafgarh,28.5703,76.9337,146.7,148.1,1275.0,70.8,45.9,59.0,320.7
2024-12-22 14:00:00,Najafgarh,28.5703,76.9337,153.2,154.6,1557.0,81.4,51.6,43.0,325.7
2024-12-22 15:00:00,Najafgarh,28.5703,76.9337,154.6,156.0,1734.0,86.7,54.5,34.0,326.8
2024-12-22 16:00:00,Najafgarh,28.5703,76.9337,153.7,154.6,1739.0,82.8,52.1,36.0,326.1
2024-12-22 17:00:00,Najafgarh,28.5703,76.9337,149.9,150.9,1639.0,73.6,46.7,45.0,323.2
2024-12-22 18:00:00,Najafgarh,28.5703,76.9337,139.7,141.1,1497.0,63.0,41.4,54.0,315.4
2024-12-22 19:00:00,Najafgarh,28.5703,76.9337,125.3,126.2,1299.0,50.8,36.5,63.0,304.3
2024-12-22 20:00:00,Najafgarh,28.5703,76.9337,116.2,117.6,1059.0,37.4,31.7,72.0,287.0
2024-12-22 21:00:00,Najafgarh,28.5703,76.9337,113.6,115.0,886.0,27.2,28.4,77.0,278.2
2024-12-22 22:00:00,Najafgarh,28.5703,76.9337,113.9,115.0,821.0,21.9,27.5,75.0,279.2
2024-12-22 23:00:00,Najafgarh,28.5703,76.9337,117.1,118.3,823.0,20.0,28.1,69.0,290.1
2024-12-23 00:00:00,Najafgarh,28.5703,76.9337,101.7,102.9,873.0,10.7,23.9,80.0,237.5
2024-12-23 01:00:00,Najafgarh,28.5703,76.9337,105.0,106.2,1000.0,17.2,25.0,70.0,248.8
2024-12-23 02:00:00,Najafgarh,28.5703,76.9337,116.6,118.0,1175.0,26.1,26.4,57.0,288.4
2024-12-23 03:00:00,Najafgarh,28.5703,76.9337,124.3,125.7,1296.0,32.2,27.5,50.0,303.5
2024-12-23 04:00:00,Najafgarh,28.5703,76.9337,123.9,124.8,1328.0,32.9,27.6,54.0,303.2
2024-12-23 05:00:00,Najafgarh,28.5703,76.9337,121.5,122.9,1305.0,30.9,27.2,65.0,301.4
2024-12-23 06:00:00,Najafgarh,28.5703,76.9337,125.3,126.7,1227.0,28.5,27.3,77.0,304.3
2024-12-23 07:00:00,Najafgarh,28.5703,76.9337,119.2,121.1,1046.0,25.9,28.1,93.0,297.3
2024-12-23 08:00:00,Najafgarh,28.5703,76.9337,109.7,111.5,809.0,23.1,29.3,111.0,264.8
2024-12-23 09:00:00,Najafgarh,28.5703,76.9337,102.2,103.8,658.0,22.3,30.8,121.0,239.2
2024-12-23 10:00:00,Najafgarh,28.5703,76.9337,99.7,101.3,662.0,25.5,32.8,119.0,230.7
2024-12-23 11:00:00,Najafgarh,28.5703,76.9337,96.9,98.5,752.0,30.8,35.1,109.0,221.1
2024-12-23 12:00:00,Najafgarh,28.5703,76.9337,135.5,137.4,859.0,40.8,40.9,101.0,312.1
2024-12-23 13:00:00,Najafgarh,28.5703,76.9337,132.2,134.1,984.0,40.4,41.3,91.0,309.6
2024-12-23 14:00:00,Najafgarh,28.5703,76.9337,133.6,135.5,1126.0,39.7,41.8,78.0,310.7
2024-12-23 15:00:00,Najafgarh,28.5703,76.9337,135.0,136.9,1209.0,38.9,42.0,66.0,311.7
2024-12-23 16:00:00,Najafgarh,28.5703,76.9337,135.5,137.4,1185.0,38.2,42.1,58.0,312.1
2024-12-23 17:00:00,Najafgarh,28.5703,76.9337,137.8,139.7,1103.0,37.3,42.0,52.0,313.9
2024-12-23 18:00:00,Najafgarh,28.5703,76.9337,135.0,136.9,1030.0,35.3,40.9,48.0,311.7
2024-12-23 19:00:00,Najafgarh,28.5703,76.9337,126.2,128.1,990.0,31.3,38.1,48.0,305.0
2024-12-23 20:00:00,Najafgarh,28.5703,76.9337,120.6,122.5,960.0,26.2,34.4,50.0,500.0
2024-12-23 21:00:00,Najafgarh,28.5703,76.9337,118.5,120.6,934.0,22.4,31.2,51.0,294.9
2024-12-23 22:00:00,Najafgarh,28.5703,76.9337,118.3,120.1,914.0,20.4,28.8,49.0,294.2
2024-12-23 23:00:00,Najafgarh,28.5703,76.9337,117.3,119.7,897.0,19.6,26.9,46.0,290.8
2024-12-24 00:00:00,Najafgarh,28.5703,76.9337,93.6,95.5,875.0,17.5,20.4,51.0,209.9
2024-12-24 01:00:00,Najafgarh,28.5703,76.9337,94.8,96.6,842.0,22.0,22.2,50.0,214.0
2024-12-24 02:00:00,Najafgarh,28.5703,76.9337,101.0,102.9,803.0,28.1,24.7,48.0,235.1
2024-12-24 03:00:00,Najafgarh,28.5703,76.9337,108.5,110.4,760.0,31.9,27.3,53.0,260.7
2024-12-24 04:00:00,Najafgarh,28.5703,76.9337,113.6,115.3,711.0,31.2,30.0,67.0,278.2
2024-12-24 05:00:00,Najafgarh,28.5703,76.9337,113.2,115.5,659.0,28.1,32.8,88.0,276.8
2024-12-24 06:00:00,Najafgarh,28.5703,76.9337,115.0,117.8,615.0,25.1,35.0,106.0,282.9
2024-12-24 07:00:00,Najafgarh,28.5703,76.9337,116.4,119.7,562.0,20.7,35.7,124.0,287.7
2024-12-24 08:00:00,Najafgarh,28.5703,76.9337,115.5,118.5,518.0,16.3,35.7,141.0,284.6
2024-12-24 09:00:00,Najafgarh,28.5703,76.9337,114.3,117.6,546.0,18.5,36.7,144.0,280.5
2024-12-24 10:00:00,Najafgarh,28.5703,76.9337,115.7,118.7,683.0,32.2,39.4,126.0,285.3
2024-12-24 11:00:00,Najafgarh,28.5703,76.9337,128.5,131.3,892.0,52.4,43.1,94.0,306.8
2024-12-24 12:00:00,Najafgarh,28.5703,76.9337,138.3,140.6,1124.0,57.8,38.1,70.0,314.3
2024-12-24 13:00:00,Najafgarh,28.5703,76.9337,147.6,149.5,1396.0,55.1,40.1,66.0,321.4
2024-12-24 14:00:00,Najafgarh,28.5703,76.9337,156.9,158.8,1691.0,51.1,42.8,61.0,328.6
2024-12-24 15:00:00,Najafgarh,28.5703,76.9337,159.7,162.1,1909.0,46.5,43.7,56.0,330.7
2024-12-24 16:00:00,Najafgarh,28.5703,76.9337,152.7,155.1,2012.0,41.1,41.5,52.0,325.3
2024-12-24 17:00:00,Najafgarh,28.5703,76.9337,141.6,143.4,2038.0,35.1,37.5,49.0,316.8
2024-12-24 18:00:00,Najafgarh,28.5703,76.9337,132.2,134.1,1996.0,30.2,33.6,46.0,309.6
2024-12-24 19:00:00,Najafgarh,28.5703,76.9337,123.9,125.7,1862.0,27.2,30.3,42.0,303.2
2024-12-24 20:00:00,Najafgarh,28.5703,76.9337,119.0,120.6,1660.0,25.4,27.1,39.0,296.6
2024-12-24 21:00:00,Najafgarh,28.5703,76.9337,114.6,116.4,1479.0,23.8,24.4,36.0,281.6
2024-12-24 22:00:00,Najafgarh,28.5703,76.9337,111.1,112.9,1326.0,21.9,22.2,35.0,269.6
2024-12-24 23:00:00,Najafgarh,28.5703,76.9337,109.4,111.1,1193.0,20.3,20.6,34.0,263.8
2024-12-25 00:00:00,Najafgarh,28.5703,76.9337,104.8,106.6,1146.0,20.3,20.2,36.0,248.1
2024-12-25 01:00:00,Najafgarh,28.5703,76.9337,110.4,112.2,1272.0,26.2,23.9,27.0,267.2
2024-12-25 02:00:00,Najafgarh,28.5703,76.9337,128.5,130.4,1483.0,34.0,28.8,15.0,306.8
2024-12-25 03:00:00,Najafgarh,28.5703,76.9337,145.3,147.1,1582.0,37.5,32.1,16.0,319.6
2024-12-25 04:00:00,Najafgarh,28.5703,76.9337,137.8,139.2,1456.0,32.6,31.8,40.0,313.9
2024-12-25 05:00:00,Najafgarh,28.5703,76.9337,127.1,129.5,1218.0,23.3,29.7,76.0,305.7
2024-12-25 06:00:00,Najafgarh,28.5703,76.9337,106.2,108.7,1002.0,15.5,28.7,107.0,252.9
2024-12-25 07:00:00,Najafgarh,28.5703,76.9337,96.6,99.4,839.0,10.3,30.3,130.0,220.1
2024-12-25 08:00:00,Najafgarh,28.5703,76.9337,99.4,102.2,700.0,6.7,32.9,148.0,229.7
2024-12-25 09:00:00,Najafgarh,28.5703,76.9337,102.2,105.0,625.0,7.1,34.4,154.0,239.2
2024-12-25 10:00:00,Najafgarh,28.5703,76.9337,102.9,105.5,624.0,13.9,33.2,140.0,241.6
2024-12-25 11:00:00,Najafgarh,28.5703,76.9337,106.9,108.7,689.0,24.8,31.0,113.0,255.3
2024-12-25 12:00:00,Najafgarh,28.5703,76.9337,134.1,136.4,837.0,37.4,30.2,76.0,311.1
2024-12-25 13:00:00,Najafgarh,28.5703,76.9337,150.4,152.3,1123.0,45.4,34.1,62.0,323.6
2024-12-25 14:00:00,Najafgarh,28.5703,76.9337,161.1,163.0,1492.0,56.3,39.6,43.0,331.8
2024-12-25 15:00:00,Najafgarh,28.5703,76.9337,170.4,172.3,1794.0,63.9,44.0,28.0,338.9
2024-12-25 16:00:00,Najafgarh,28.5703,76.9337,175.1,177.4,2002.0,65.4,46.6,22.0,342.5
2024-12-25 17:00:00,Najafgarh,28.5703,76.9337,178.3,180.2,2143.0,63.4,48.1,20.0,345.0
2024-12-25 18:00:00,Najafgarh,28.5703,76.9337,177.4,179.3,2149.0,60.1,47.9,19.0,344.3
2024-12-25 19:00:00,Najafgarh,28.5703,76.9337,170.4,171.8,1927.0,55.3,45.1,19.0,338.9
2024-12-25 20:00:00,Najafgarh,28.5703,76.9337,164.8,166.2,1570.0,49.2,40.6,21.0,334.6
2024-12-25 21:00:00,Najafgarh,28.5703,76.9337,159.7,161.6,1293.0,43.5,36.8,23.0,330.7
2024-12-25 22:00:00,Najafgarh,28.5703,76.9337,156.0,157.9,1166.0,38.3,34.3,25.0,327.9
2024-12-25 23:00:00,Najafgarh,28.5703,76.9337,151.3,153.2,1118.0,33.7,32.6,27.0,324.3
2024-12-26 00:00:00,Najafgarh,28.5703,76.9337,159.3,161.1,1155.0,35.9,38.7,23.0,330.4
2024-12-26 01:00:00,Najafgarh,28.5703,76.9337,165.3,166.7,1352.0,36.9,37.3,16.0,335.0
2024-12-26 02:00:00,Najafgarh,28.5703,76.9337,185.3,187.2,1634.0,38.0,35.6,8.0,350.3
2024-12-26 03:00:00,Najafgarh,28.5703,76.9337,183.9,185.3,1776.0,37.3,35.5,14.0,349.3
2024-12-26 04:00:00,Najafgarh,28.5703,76.9337,173.7,174.6,1652.0,33.3,38.2,48.0,341.4
2024-12-26 05:00:00,Najafgarh,28.5703,76.9337,170.0,171.4,1388.0,27.6,42.5,97.0,338.6
2024-12-26 06:00:00,Najafgarh,28.5703,76.9337,143.0,144.4,1143.0,22.8,47.2,137.0,317.9
2024-12-26 07:00:00,Najafgarh,28.5703,76.9337,112.0,113.2,945.0,18.1,52.2,160.0,272.7
2024-12-26 08:00:00,Najafgarh,28.5703,76.9337,94.1,95.7,766.0,14.3,57.5,174.0,211.6
2024-12-26 09:00:00,Najafgarh,28.5703,76.9337,89.6,91.5,677.0,16.9,62.0,175.0,198.6
2024-12-26 10:00:00,Najafgarh,28.5703,76.9337,88.9,90.8,725.0,29.3,63.9,159.0,196.2
2024-12-26 11:00:00,Najafgarh,28.5703,76.9337,99.7,101.3,864.0,48.0,65.0,131.0,230.7
2024-12-26 12:00:00,Najafgarh,28.5703,76.9337,147.1,149.0,1029.0,72.9,72.5,96.0,321.0
2024-12-26 13:00:00,Najafgarh,28.5703,76.9337,174.2,176.0,1213.0,90.6,80.6,72.0,341.8
2024-12-26 14:00:00,Najafgarh,28.5703,76.9337,193.7,195.6,1423.0,114.7,91.6,40.0,356.8
2024-12-26 15:00:00,Najafgarh,28.5703,76.9337,210.5,212.3,1618.0,130.1,99.1,16.0,369.7
2024-12-26 16:00:00,Najafgarh,28.5703,76.9337,219.8,221.7,1819.0,129.9,101.1,9.0,376.8
2024-12-26 17:00:00,Najafgarh,28.5703,76.9337,220.7,223.1,2005.0,121.0,99.5,10.0,377.5
2024-12-26 18:00:00,Najafgarh,28.5703,76.9337,212.8,214.7,2075.0,109.1,93.6,14.0,371.5
2024-12-26 19:00:00,Najafgarh,28.5703,76.9337,199.3,201.2,1948.0,94.3,80.8,20.0,361.1
2024-12-26 20:00:00,Najafgarh,28.5703,76.9337,179.7,181.6,1704.0,76.5,63.7,29.0,346.0
2024-12-26 21:00:00,Najafgarh,28.5703,76.9337,157.9,159.7,1487.0,61.4,48.6,39.0,329.3
2024-12-26 22:00:00,Najafgarh,28.5703,76.9337,124.8,127.1,1345.0,50.7,37.2,50.0,303.9
2024-12-26 23:00:00,Najafgarh,28.5703,76.9337,117.1,120.1,1229.0,42.6,27.8,62.0,290.1
2024-12-27 00:00:00,Najafgarh,28.5703,76.9337,140.2,142.5,1136.0,49.5,36.6,47.0,315.7
2024-12-27 01:00:00,Najafgarh,28.5703,76.9337,129.9,132.7,1073.0,52.0,37.5,42.0,307.8
2024-12-27 02:00:00,Najafgarh,28.5703,76.9337,140.2,142.5,1033.0,55.3,38.6,35.0,315.7
2024-12-27 03:00:00,Najafgarh,28.5703,76.9337,145.8,147.6,989.0,56.9,38.9,32.0,320.0
2024-12-27 04:00:00,Najafgarh,28.5703,76.9337,147.6,149.0,934.0,55.2,37.7,38.0,321.4
2024-12-27 05:00:00,Najafgarh,28.5703,76.9337,142.0,143.4,876.0,51.8,35.8,48.0,317.1
2024-12-27 06:00:00,Najafgarh,28.5703,76.9337,128.5,130.9,806.0,48.5,34.0,57.0,306.8
2024-12-27 07:00:00,Najafgarh,28.5703,76.9337,114.1,116.6,703.0,45.8,32.8,63.0,279.9
2024-12-27 08:00:00,Najafgarh,28.5703,76.9337,105.2,107.6,588.0,43.2,31.8,68.0,249.5
2024-12-27 09:00:00,Najafgarh,28.5703,76.9337,102.7,104.5,526.0,41.5,30.5,70.0,240.9
2024-12-27 10:00:00,Najafgarh,28.5703,76.9337,100.8,102.4,556.0,41.5,28.4,69.0,234.5
2024-12-27 11:00:00,Najafgarh,28.5703,76.9337,97.6,99.0,637.0,42.4,26.1,66.0,223.5
2024-12-27 12:00:00,Najafgarh,28.5703,76.9337,108.7,111.1,713.0,43.9,24.4,60.0,261.4
2024-12-27 13:00:00,Najafgarh,28.5703,76.9337,109.7,111.8,774.0,42.6,23.9,58.0,264.8
2024-12-27 14:00:00,Najafgarh,28.5703,76.9337,108.0,110.1,829.0,40.6,23.3,55.0,259.0
2024-12-27 15:00:00,Najafgarh,28.5703,76.9337,106.4,108.5,848.0,38.0,22.8,53.0,253.6
2024-12-27 16:00:00,Najafgarh,28.5703,76.9337,108.0,110.4,809.0,34.3,22.6,54.0,259.0
2024-12-27 17:00:00,Najafgarh,28.5703,76.9337,105.2,107.3,734.0,30.0,22.5,57.0,249.5
2024-12-27 18:00:00,Najafgarh,28.5703,76.9337,99.9,102.0,658.0,26.4,22.4,58.0,231.4
2024-12-27 19:00:00,Najafgarh,28.5703,76.9337,96.9,99.2,586.0,24.3,22.3,56.0,221.1
2024-12-27 20:00:00,Najafgarh,28.5703,76.9337,99.4,102.0,514.0,22.9,22.1,52.0,229.7
2024-12-27 21:00:00,Najafgarh,28.5703,76.9337,102.4,105.0,463.0,21.9,22.1,49.0,239.9
2024-12-27 22:00:00,Najafgarh,28.5703,76.9337,102.9,105.2,432.0,20.6,22.2,48.0,241.6
2024-12-27 23:00:00,Najafgarh,28.5703,76.9337,104.3,106.6,423.0,19.6,22.4,46.0,246.4
2024-12-28 00:00:00,Najafgarh,28.5703,76.9337,91.0,93.1,462.0,15.7,21.3,59.0,201.0
2024-12-28 01:00:00,Najafgarh,28.5703,76.9337,94.8,97.1,602.0,24.3,26.7,50.0,214.0
2024-12-28 02:00:00,Najafgarh,28.5703,76.9337,118.7,121.1,790.0,35.7,34.0,39.0,295.6
2024-12-28 03:00:00,Najafgarh,28.5703,76.9337,128.5,130.9,892.0,41.2,38.2,36.0,306.8
2024-12-28 04:00:00,Najafgarh,28.5703,76.9337,119.7,121.5,828.0,35.3,36.9,51.0,299.0
2024-12-28 05:00:00,Najafgarh,28.5703,76.9337,102.4,104.5,680.0,23.5,32.5,74.0,239.9
2024-12-28 06:00:00,Najafgarh,28.5703,76.9337,91.5,93.4,555.0,13.9,27.1,93.0,202.7
2024-12-28 07:00:00,Najafgarh,28.5703,76.9337,73.8,75.2,482.0,8.9,20.3,103.0,144.7
2024-12-28 08:00:00,Najafgarh,28.5703,76.9337,67.5,68.5,434.0,6.1,12.4,108.0,123.2
2024-12-28 09:00:00,Najafgarh,28.5703,76.9337,63.3,64.3,434.0,5.7,7.0,108.0,108.9
2024-12-28 10:00:00,Najafgarh,28.5703,76.9337,58.2,58.9,502.0,8.7,5.7,101.0,97.0
2024-12-28 11:00:00,Najafgarh,28.5703,76.9337,58.4,59.0,620.0,14.1,6.7,89.0,97.3
2024-12-28 12:00:00,Najafgarh,28.5703,76.9337,109.0,110.4,756.0,32.9,26.5,75.0,262.4
2024-12-28 13:00:00,Najafgarh,28.5703,76.9337,114.3,115.5,925.0,32.0,25.7,69.0,280.5
2024-12-28 14:00:00,Najafgarh,28.5703,76.9337,113.9,114.8,1113.0,30.6,24.5,60.0,279.2
2024-12-28 15:00:00,Najafgarh,28.5703,76.9337,111.8,112.7,1247.0,28.5,23.1,53.0,272.0
2024-12-28 16:00:00,Najafgarh,28.5703,76.9337,110.1,110.8,1297.0,25.3,21.6,50.0,266.2
2024-12-28 17:00:00,Najafgarh,28.5703,76.9337,110.8,111.5,1293.0,21.5,19.9,49.0,268.6
2024-12-28 18:00:00,Najafgarh,28.5703,76.9337,109.2,110.1,1247.0,18.0,18.2,49.0,263.1
2024-12-28 19:00:00,Najafgarh,28.5703,76.9337,101.7,102.4,1137.0,15.2,16.3,49.0,237.5
2024-12-28 20:00:00,Najafgarh,28.5703,76.9337,96.2,96.9,986.0,12.8,14.5,50.0,218.8
2024-12-28 21:00:00,Najafgarh,28.5703,76.9337,91.7,92.4,866.0,11.1,13.0,51.0,203.4
2024-12-28 22:00:00,Najafgarh,28.5703,76.9337,88.0,88.7,807.0,9.8,12.1,52.0,193.2
2024-12-28 23:00:00,Najafgarh,28.5703,76.9337,85.2,85.9,781.0,9.1,11.6,52.0,183.6
2024-12-29 00:00:00,Najafgarh,28.5703,76.9337,111.1,112.0,776.0,13.1,15.9,33.0,269.6
2024-12-29 01:00:00,Najafgarh,28.5703,76.9337,104.5,105.2,810.0,16.3,16.9,31.0,247.1
2024-12-29 02:00:00,Najafgarh,28.5703,76.9337,105.7,106.4,866.0,20.4,18.2,28.0,251.2
2024-12-29 03:00:00,Najafgarh,28.5703,76.9337,105.2,105.7,884.0,22.0,18.9,33.0,249.5
2024-12-29 04:00:00,Najafgarh,28.5703,76.9337,96.9,97.6,826.0,18.6,18.5,50.0,221.1
2024-12-29 05:00:00,Najafgarh,28.5703,76.9337,78.9,80.1,729.0,12.7,17.4,74.0,162.1
2024-12-29 06:00:00,Najafgarh,28.5703,76.9337,74.5,75.9,645.0,8.0,15.9,94.0,147.1
2024-12-29 07:00:00,Najafgarh,28.5703,76.9337,64.7,66.1,582.0,5.3,13.4,107.0,113.6
2024-12-29 08:00:00,Najafgarh,28.5703,76.9337,62.6,64.0,532.0,3.7,10.5,115.0,106.5
2024-12-29 09:00:00,Najafgarh,28.5703,76.9337,58.7,60.3,522.0,4.6,8.6,117.0,97.8
2024-12-29 10:00:00,Najafgarh,28.5703,76.9337,56.2,57.7,577.0,9.5,8.5,108.0,93.6
2024-12-29 11:00:00,Najafgarh,28.5703,76.9337,58.0,59.3,672.0,16.8,9.4,92.0,96.6
2024-12-29 12:00:00,Najafgarh,28.5703,76.9337,78.0,79.2,756.0,19.7,9.7,71.0,159.0
2024-12-29 13:00:00,Najafgarh,28.5703,76.9337,84.1,85.2,818.0,21.0,10.9,66.0,179.9
2024-12-29 14:00:00,Najafgarh,28.5703,76.9337,85.4,86.4,869.0,22.8,12.5,58.0,184.3
2024-12-29 15:00:00,Najafgarh,28.5703,76.9337,86.1,86.8,889.0,23.4,13.5,53.0,186.7
2024-12-29 16:00:00,Najafgarh,28.5703,76.9337,85.4,86.1,858.0,21.9,13.5,53.0,184.3
2024-12-29 17:00:00,Najafgarh,28.5703,76.9337,85.9,86.6,796.0,19.3,12.9,55.0,186.0
2024-12-29 18:00:00,Najafgarh,28.5703,76.9337,85.2,86.1,746.0,16.6,12.3,57.0,183.6
2024-12-29 19:00:00,Najafgarh,28.5703,76.9337,82.0,82.7,720.0,14.1,11.8,59.0,172.7
2024-12-29 20:00:00,Najafgarh,28.5703,76.9337,79.6,80.3,706.0,11.6,11.3,62.0,164.5
2024-12-29 21:00:00,Najafgarh,28.5703,76.9337,77.5,78.2,708.0,9.7,11.3,64.0,157.3
2024-12-29 22:00:00,Najafgarh,28.5703,76.9337,76.6,77.3,736.0,8.4,12.1,65.0,154.3
2024-12-29 23:00:00,Najafgarh,28.5703,76.9337,76.8,77.5,780.0,7.7,13.4,65.0,154.9
2024-12-30 00:00:00,Najafgarh,28.5703,76.9337,78.2,78.9,810.0,8.1,14.1,64.0,159.7
2024-12-30 01:00:00,Najafgarh,28.5703,76.9337,78.0,78.7,811.0,11.3,15.8,59.0,159.0
2024-12-30 02:00:00,Najafgarh,28.5703,76.9337,81.3,81.7,798.0,15.6,18.1,53.0,170.3
2024-12-30 03:00:00,Najafgarh,28.5703,76.9337,83.8,84.3,784.0,17.5,19.9,55.0,178.8
2024-12-30 04:00:00,Najafgarh,28.5703,76.9337,78.7,79.2,773.0,14.9,21.0,73.0,161.4
2024-12-30 05:00:00,Najafgarh,28.5703,76.9337,74.7,75.2,762.0,10.0,21.5,99.0,147.8
2024-12-30 06:00:00,Najafgarh,28.5703,76.9337,69.4,69.8,751.0,6.1,20.9,120.0,129.7
2024-12-30 07:00:00,Najafgarh,28.5703,76.9337,61.5,61.9,732.0,3.7,18.3,133.0,102.7
2024-12-30 08:00:00,Najafgarh,28.5703,76.9337,51.8,52.3,714.0,2.4,14.6,140.0,86.1
2024-12-30 09:00:00,Najafgarh,28.5703,76.9337,45.1,45.6,726.0,3.8,12.1,140.0,74.8
2024-12-30 10:00:00,Najafgarh,28.5703,76.9337,43.1,43.7,789.0,9.5,11.5,128.0,71.4
2024-12-30 11:00:00,Najafgarh,28.5703,76.9337,44.8,45.5,883.0,18.1,12.0,107.0,74.3
2024-12-30 12:00:00,Najafgarh,28.5703,76.9337,79.9,81.3,977.0,32.1,16.9,79.0,165.5
2024-12-30 13:00:00,Najafgarh,28.5703,76.9337,98.0,99.2,1070.0,40.4,21.3,65.0,224.9
2024-12-30 14:00:00,Najafgarh,28.5703,76.9337,110.1,111.5,1162.0,51.8,27.3,47.0,266.2
2024-12-30 15:00:00,Najafgarh,28.5703,76.9337,121.5,122.9,1229.0,59.3,31.7,33.0,301.4
2024-12-30 16:00:00,Najafgarh,28.5703,76.9337,129.5,130.9,1258.0,59.7,33.5,29.0,307.5
2024-12-30 17:00:00,Najafgarh,28.5703,76.9337,136.4,137.8,1260.0,56.3,33.6,29.0,312.8
2024-12-30 18:00:00,Najafgarh,28.5703,76.9337,137.4,138.8,1247.0,51.6,32.4,31.0,313.6
2024-12-30 19:00:00,Najafgarh,28.5703,76.9337,129.5,130.9,1210.0,46.0,29.1,34.0,307.5
2024-12-30 20:00:00,Najafgarh,28.5703,76.9337,123.9,125.3,1156.0,39.2,24.3,37.0,303.2
2024-12-30 21:00:00,Najafgarh,28.5703,76.9337,122.5,123.9,1119.0,33.1,20.2,41.0,302.2
2024-12-30 22:00:00,Najafgarh,28.5703,76.9337,121.1,122.9,1121.0,27.8,17.2,44.0,301.1
2024-12-30 23:00:00,Najafgarh,28.5703,76.9337,120.6,122.0,1139.0,23.1,15.0,48.0,500.0
2024-12-31 00:00:00,Najafgarh,28.5703,76.9337,161.6,163.4,1143.0,25.0,18.0,42.0,332.2
2024-12-31 01:00:00,Najafgarh,28.5703,76.9337,153.7,155.1,1119.0,26.6,18.3,36.0,326.1
2024-12-31 02:00:00,Najafgarh,28.5703,76.9337,155.5,156.9,1080.0,28.6,18.7,30.0,327.5
2024-12-31 03:00:00,Najafgarh,28.5703,76.9337,153.2,154.6,1034.0,28.0,18.3,33.0,325.7
2024-12-31 04:00:00,Najafgarh,28.5703,76.9337,140.2,142.0,982.0,22.5,16.6,55.0,315.7
2024-12-31 05:00:00,Najafgarh,28.5703,76.9337,108.7,111.1,923.0,14.4,14.2,87.0,261.4
2024-12-31 06:00:00,Najafgarh,28.5703,76.9337,86.8,89.2,865.0,8.2,11.9,113.0,189.1
2024-12-31 07:00:00,Najafgarh,28.5703,76.9337,78.7,81.0,788.0,4.7,9.8,128.0,161.4
2024-12-31 08:00:00,Najafgarh,28.5703,76.9337,74.0,76.4,711.0,3.1,7.9,137.0,145.4
2024-12-31 09:00:00,Najafgarh,28.5703,76.9337,70.8,73.1,697.0,4.8,7.0,137.0,134.5
2024-12-31 10:00:00,Najafgarh,28.5703,76.9337,68.2,70.5,776.0,10.8,7.1,125.0,125.6
2024-12-31 11:00:00,Najafgarh,28.5703,76.9337,69.4,71.5,919.0,20.2,8.3,105.0,129.7
2024-12-31 12:00:00,Najafgarh,28.5703,76.9337,134.6,138.3,1099.0,39.1,23.7,90.0,311.4
2024-12-31 13:00:00,Najafgarh,28.5703,76.9337,167.2,171.4,1357.0,55.3,31.1,68.0,336.5
2024-12-31 14:00:00,Najafgarh,28.5703,76.9337,192.8,196.5,1653.0,77.2,41.2,37.0,356.1
2024-12-31 15:00:00,Najafgarh,28.5703,76.9337,206.8,210.9,1843.0,90.9,48.2,16.0,366.8
2024-12-31 16:00:00,Najafgarh,28.5703,76.9337,211.4,215.6,1851.0,89.5,49.8,12.0,370.4
2024-12-31 17:00:00,Najafgarh,28.5703,76.9337,216.1,220.3,1753.0,80.0,48.2,18.0,374.0
2024-12-31 18:00:00,Najafgarh,28.5703,76.9337,211.9,216.1,1639.0,69.0,44.4,25.0,370.8
2024-12-31 19:00:00,Najafgarh,28.5703,76.9337,198.4,202.6,1523.0,57.8,37.5,31.0,360.4
2024-12-31 20:00:00,Najafgarh,28.5703,76.9337,187.7,191.9,1390.0,45.1,28.4,38.0,352.2
2024-12-31 21:00:00,Najafgarh,28.5703,76.9337,174.6,178.3,1289.0,34.2,20.8,45.0,342.1
2024-12-31 22:00:00,Najafgarh,28.5703,76.9337,159.7,163.0,1244.0,25.8,16.1,51.0,330.7
2024-12-31 23:00:00,Najafgarh,28.5703,76.9337,145.8,148.5,1230.0,19.1,12.9,56.0,320.0
2024-12-19 12:00:00,Narela,28.8229,77.1025,144.8,147.6,1473.0,75.6,65.6,98.0,319.3
2024-12-19 13:00:00,Narela,28.8229,77.1025,168.1,170.4,1472.0,84.5,70.3,78.0,337.1
2024-12-19 14:00:00,Narela,28.8229,77.1025,190.0,192.3,1396.0,96.5,76.5,50.0,354.0
2024-12-19 15:00:00,Narela,28.8229,77.1025,204.9,207.2,1351.0,103.4,79.9,29.0,365.4
2024-12-19 16:00:00,Narela,28.8229,77.1025,212.3,214.2,1392.0,101.2,78.3,22.0,371.1
2024-12-19 17:00:00,Narela,28.8229,77.1025,213.7,215.6,1465.0,94.0,73.9,23.0,372.1
2024-12-19 18:00:00,Narela,28.8229,77.1025,207.2,209.1,1507.0,85.6,68.1,25.0,367.2
2024-12-19 19:00:00,Narela,28.8229,77.1025,195.1,197.0,1482.0,76.7,60.6,28.0,357.9
2024-12-19 20:00:00,Narela,28.8229,77.1025,184.9,186.7,1427.0,66.7,51.7,33.0,350.0
2024-12-19 21:00:00,Narela,28.8229,77.1025,177.0,178.8,1391.0,57.7,44.6,36.0,344.0
2024-12-19 22:00:00,Narela,28.8229,77.1025,170.9,172.3,1381.0,49.3,39.8,37.0,339.3
2024-12-19 23:00:00,Narela,28.8229,77.1025,165.3,167.2,1390.0,42.0,36.6,37.0,335.0
2024-12-20 00:00:00,Narela,28.8229,77.1025,147.6,149.0,1443.0,28.2,37.5,55.0,321.4
2024-12-20 01:00:00,Narela,28.8229,77.1025,157.9,159.7,1616.0,39.2,43.6,44.0,329.3
2024-12-20 02:00:00,Narela,28.8229,77.1025,176.0,177.9,1832.0,53.8,51.8,30.0,343.2
2024-12-20 03:00:00,Narela,28.8229,77.1025,181.6,183.0,1891.0,61.1,57.4,34.0,347.5
2024-12-20 04:00:00,Narela,28.8229,77.1025,156.5,157.9,1645.0,53.8,57.4,73.0,328.2
2024-12-20 05:00:00,Narela,28.8229,77.1025,138.8,140.2,1242.0,39.1,54.8,129.0,314.7
2024-12-20 06:00:00,Narela,28.8229,77.1025,111.8,113.9,921.0,27.5,52.9,172.0,272.0
2024-12-20 07:00:00,Narela,28.8229,77.1025,94.3,96.9,759.0,21.6,53.2,190.0,212.3
2024-12-20 08:00:00,Narela,28.8229,77.1025,84.1,86.6,680.0,18.8,54.3,195.0,179.9
2024-12-20 09:00:00,Narela,28.8229,77.1025,80.1,82.4,692.0,22.0,55.4,187.0,166.2
2024-12-20 10:00:00,Narela,28.8229,77.1025,78.5,80.6,856.0,36.2,56.4,162.0,160.7
2024-12-20 11:00:00,Narela,28.8229,77.1025,85.9,87.5,1111.0,56.5,57.3,125.0,186.0
2024-12-20 12:00:00,Narela,28.8229,77.1025,115.5,117.3,1281.0,74.4,56.9,86.0,284.6
2024-12-20 13:00:00,Narela,28.8229,77.1025,125.3,126.7,1271.0,70.4,54.7,77.0,304.3
2024-12-20 14:00:00,Narela,28.8229,77.1025,126.7,128.5,1176.0,64.5,51.5,64.0,305.4
2024-12-20 15:00:00,Narela,28.8229,77.1025,126.7,128.1,1109.0,58.2,48.2,55.0,305.4
2024-12-20 16:00:00,Narela,28.8229,77.1025,127.1,128.1,1127.0,51.5,44.8,52.0,305.7
2024-12-20 17:00:00,Narela,28.8229,77.1025,127.6,128.5,1173.0,44.2,41.3,52.0,306.1
2024-12-20 18:00:00,Narela,28.8229,77.1025,125.7,126.7,1183.0,37.6,38.7,52.0,304.6
2024-12-20 19:00:00,Narela,28.8229,77.1025,122.0,123.4,1116.0,31.6,37.8,52.0,301.8
2024-12-20 20:00:00,Narela,28.8229,77.1025,119.7,120.6,1013.0,26.3,37.8,51.0,299.0
2024-12-20 21:00:00,Narela,28.8229,77.1025,117.6,118.5,941.0,22.3,37.7,51.0,291.8
2024-12-20 22:00:00,Narela,28.8229,77.1025,115.9,116.9,908.0,19.6,36.9,50.0,286.0
2024-12-20 23:00:00,Narela,28.8229,77.1025,114.6,115.7,905.0,18.4,35.9,49.0,281.6
2024-12-21 00:00:00,Narela,28.8229,77.1025,116.4,117.3,970.0,21.0,41.3,46.0,287.7
2024-12-21 01:00:00,Narela,28.8229,77.1025,123.9,124.8,1185.0,27.1,44.6,38.0,303.2
2024-12-21 02:00:00,Narela,28.8229,77.1025,138.3,139.2,1467.0,35.3,49.0,28.0,314.3
2024-12-21 03:00:00,Narela,28.8229,77.1025,144.8,145.8,1609.0,40.2,51.9,30.0,319.3
2024-12-21 04:00:00,Narela,28.8229,77.1025,143.0,143.9,1484.0,38.8,51.9,56.0,317.9
2024-12-21 05:00:00,Narela,28.8229,77.1025,138.3,139.2,1218.0,33.9,50.3,94.0,314.3
2024-12-21 06:00:00,Narela,28.8229,77.1025,129.5,130.4,979.0,28.9,48.7,127.0,307.5
2024-12-21 07:00:00,Narela,28.8229,77.1025,110.1,111.5,793.0,22.3,47.4,150.0,266.2
2024-12-21 08:00:00,Narela,28.8229,77.1025,98.5,100.1,634.0,15.6,46.2,168.0,226.6
2024-12-21 09:00:00,Narela,28.8229,77.1025,92.7,94.3,592.0,15.6,45.6,171.0,206.8
2024-12-21 10:00:00,Narela,28.8229,77.1025,90.3,92.0,753.0,28.3,45.7,151.0,500.0
2024-12-21 11:00:00,Narela,28.8229,77.1025,98.7,99.9,1032.0,47.7,46.4,116.0,227.3
2024-12-21 12:00:00,Narela,28.8229,77.1025,134.1,136.0,1263.0,62.1,50.3,84.0,311.1
2024-12-21 13:00:00,Narela,28.8229,77.1025,152.7,154.6,1369.0,67.0,53.7,70.0,325.3
2024-12-21 14:00:00,Narela,28.8229,77.1025,166.7,168.6,1428.0,73.7,58.4,51.0,336.1
2024-12-21 15:00:00,Narela,28.8229,77.1025,180.2,181.6,1503.0,78.0,62.0,35.0,346.4
2024-12-21 16:00:00,Narela,28.8229,77.1025,193.7,195.1,1649.0,78.0,63.9,26.0,356.8
2024-12-21 17:00:00,Narela,28.8229,77.1025,206.3,208.2,1812.0,75.7,64.7,21.0,366.5
2024-12-21 18:00:00,Narela,28.8229,77.1025,213.3,214.7,1896.0,73.0,64.3,18.0,371.8
2024-12-21 19:00:00,Narela,28.8229,77.1025,214.2,215.6,1834.0,70.5,62.4,16.0,372.5
2024-12-21 20:00:00,Narela,28.8229,77.1025,215.6,217.0,1693.0,67.6,59.2,16.0,373.6
2024-12-21 21:00:00,Narela,28.8229,77.1025,214.2,216.1,1575.0,64.2,56.0,17.0,372.5
2024-12-21 22:00:00,Narela,28.8229,77.1025,205.8,207.7,1461.0,59.2,51.8,21.0,366.1
2024-12-21 23:00:00,Narela,28.8229,77.1025,193.7,195.6,1370.0,53.8,47.6,27.0,356.8
2024-12-22 00:00:00,Narela,28.8229,77.1025,200.7,202.6,1461.0,57.6,44.6,20.0,362.2
2024-12-22 01:00:00,Narela,28.8229,77.1025,204.4,206.3,1978.0,60.8,53.7,19.0,365.0
2024-12-22 02:00:00,Narela,28.8229,77.1025,220.7,223.1,2676.0,64.8,66.2,19.0,377.5
2024-12-22 03:00:00,Narela,28.8229,77.1025,238.0,239.3,2983.0,64.8,74.9,32.0,390.8
2024-12-22 04:00:00,Narela,28.8229,77.1025,218.9,220.3,2508.0,57.4,76.5,69.0,376.1
2024-12-22 05:00:00,Narela,28.8229,77.1025,185.8,187.7,1642.0,45.9,74.3,120.0,350.7
2024-12-22 06:00:00,Narela,28.8229,77.1025,140.2,142.5,982.0,36.0,71.8,159.0,315.7
2024-12-22 07:00:00,Narela,28.8229,77.1025,117.6,119.7,782.0,26.5,69.1,181.0,291.8
2024-12-22 08:00:00,Narela,28.8229,77.1025,101.7,103.8,788.0,18.5,66.0,192.0,237.5
2024-12-22 09:00:00,Narela,28.8229,77.1025,93.8,95.9,842.0,20.7,65.0,188.0,210.6
2024-12-22 10:00:00,Narela,28.8229,77.1025,90.6,92.4,920.0,41.8,67.7,162.0,500.0
2024-12-22 11:00:00,Narela,28.8229,77.1025,105.5,107.1,1045.0,73.2,72.5,122.0,250.5
2024-12-22 12:00:00,Narela,28.8229,77.1025,158.8,160.7,1130.0,101.3,82.2,75.0,330.0
2024-12-22 13:00:00,Narela,28.8229,77.1025,190.0,191.4,1115.0,103.8,84.7,63.0,354.0
2024-12-22 14:00:00,Narela,28.8229,77.1025,207.2,209.1,1060.0,106.9,87.9,46.0,367.2
2024-12-22 15:00:00,Narela,28.8229,77.1025,210.5,211.9,1057.0,107.0,87.9,34.0,369.7
2024-12-22 16:00:00,Narela,28.8229,77.1025,203.0,204.4,1188.0,102.9,82.3,32.0,363.9
2024-12-22 17:00:00,Narela,28.8229,77.1025,197.9,199.3,1372.0,95.9,73.5,36.0,360.0
2024-12-22 18:00:00,Narela,28.8229,77.1025,183.9,185.3,1455.0,85.5,64.8,42.0,349.3
2024-12-22 19:00:00,Narela,28.8229,77.1025,164.4,165.3,1334.0,68.9,56.3,53.0,334.3
2024-12-22 20:00:00,Narela,28.8229,77.1025,146.2,147.1,1112.0,49.1,47.8,66.0,320.3
2024-12-22 21:00:00,Narela,28.8229,77.1025,139.2,140.6,951.0,34.4,42.1,75.0,315.0
2024-12-22 22:00:00,Narela,28.8229,77.1025,138.8,140.2,907.0,28.0,40.3,76.0,314.7
2024-12-22 23:00:00,Narela,28.8229,77.1025,142.0,143.4,924.0,26.7,41.2,71.0,317.1
2024-12-23 00:00:00,Narela,28.8229,77.1025,117.6,118.7,995.0,18.7,34.3,76.0,291.8
2024-12-23 01:00:00,Narela,28.8229,77.1025,122.9,123.9,1173.0,30.0,38.4,62.0,302.5
2024-12-23 02:00:00,Narela,28.8229,77.1025,137.4,138.8,1404.0,45.4,44.1,44.0,313.6
2024-12-23 03:00:00,Narela,28.8229,77.1025,156.9,157.9,1524.0,55.4,47.6,36.0,328.6
2024-12-23 04:00:00,Narela,28.8229,77.1025,149.9,150.9,1432.0,55.4,47.0,47.0,323.2
2024-12-23 05:00:00,Narela,28.8229,77.1025,145.8,146.7,1228.0,50.2,44.4,69.0,320.0
2024-12-23 06:00:00,Narela,28.8229,77.1025,143.9,145.3,1050.0,44.2,42.1,89.0,318.6
2024-12-23 07:00:00,Narela,28.8229,77.1025,131.3,132.7,940.0,38.0,41.1,106.0,308.9
2024-12-23 08:00:00,Narela,28.8229,77.1025,116.6,118.3,857.0,31.0,40.5,122.0,288.4
2024-12-23 09:00:00,Narela,28.8229,77.1025,110.8,112.5,812.0,26.8,40.0,130.0,268.6
2024-12-23 10:00:00,Narela,28.8229,77.1025,105.9,107.8,833.0,27.8,39.9,127.0,251.9
2024-12-23 11:00:00,Narela,28.8229,77.1025,100.8,102.4,891.0,31.5,40.1,116.0,234.5
2024-12-23 12:00:00,Narela,28.8229,77.1025,129.9,131.8,917.0,38.6,38.7,106.0,307.8
2024-12-23 13:00:00,Narela,28.8229,77.1025,123.9,126.2,867.0,36.8,39.4,98.0,303.2
2024-12-23 14:00:00,Narela,28.8229,77.1025,120.1,122.0,784.0,34.3,40.4,86.0,500.0
2024-12-23 15:00:00,Narela,28.8229,77.1025,116.6,118.5,727.0,32.8,41.0,75.0,288.4
2024-12-23 16:00:00,Narela,28.8229,77.1025,114.6,116.4,727.0,33.4,41.2,66.0,281.6
2024-12-23 17:00:00,Narela,28.8229,77.1025,115.7,117.8,751.0,34.9,41.2,59.0,285.3
2024-12-23 18:00:00,Narela,28.8229,77.1025,116.6,118.5,765.0,35.1,40.2,53.0,288.4
2024-12-23 19:00:00,Narela,28.8229,77.1025,113.9,115.7,750.0,32.4,37.9,51.0,279.2
2024-12-23 20:00:00,Narela,28.8229,77.1025,110.6,112.7,724.0,28.3,34.7,52.0,267.9
2024-12-23 21:00:00,Narela,28.8229,77.1025,109.7,111.8,701.0,25.1,31.7,51.0,264.8
2024-12-23 22:00:00,Narela,28.8229,77.1025,108.5,110.4,678.0,23.2,28.9,47.0,260.7
2024-12-23 23:00:00,Narela,28.8229,77.1025,105.7,107.3,659.0,22.1,26.3,43.0,251.2
2024-12-24 00:00:00,Narela,28.8229,77.1025,83.1,85.0,668.0,17.2,17.5,60.0,176.4
2024-12-24 01:00:00,Narela,28.8229,77.1025,84.5,86.4,743.0,24.2,20.1,54.0,181.2
2024-12-24 02:00:00,Narela,28.8229,77.1025,93.1,95.0,847.0,33.6,23.6,47.0,208.2
2024-12-24 03:00:00,Narela,28.8229,77.1025,102.9,105.0,890.0,38.9,26.5,49.0,241.6
2024-12-24 04:00:00,Narela,28.8229,77.1025,108.0,109.9,814.0,36.2,27.7,68.0,259.0
2024-12-24 05:00:00,Narela,28.8229,77.1025,106.9,109.2,678.0,29.6,28.2,97.0,255.3
2024-12-24 06:00:00,Narela,28.8229,77.1025,102.7,105.7,571.0,24.2,29.6,121.0,240.9
2024-12-24 07:00:00,Narela,28.8229,77.1025,106.4,109.7,487.0,19.6,32.0,138.0,253.6
2024-12-24 08:00:00,Narela,28.8229,77.1025,107.1,110.6,432.0,16.3,35.3,151.0,256.0
2024-12-24 09:00:00,Narela,28.8229,77.1025,107.8,111.1,507.0,21.6,40.0,150.0,258.4
2024-12-24 10:00:00,Narela,28.8229,77.1025,108.7,111.8,776.0,43.5,46.5,126.0,261.4
2024-12-24 11:00:00,Narela,28.8229,77.1025,119.7,122.0,1175.0,73.9,54.6,88.0,299.0
2024-12-24 12:00:00,Narela,28.8229,77.1025,134.1,136.0,1618.0,77.1,46.7,62.0,311.1
2024-12-24 13:00:00,Narela,28.8229,77.1025,142.5,143.9,2162.0,74.5,46.8,56.0,317.5
2024-12-24 14:00:00,Narela,28.8229,77.1025,141.6,143.0,2748.0,70.5,46.6,47.0,316.8
2024-12-24 15:00:00,Narela,28.8229,77.1025,131.8,133.2,3119.0,65.0,44.8,41.0,309.3
2024-12-24 16:00:00,Narela,28.8229,77.1025,120.1,121.5,3132.0,56.9,40.0,39.0,500.0
2024-12-24 17:00:00,Narela,28.8229,77.1025,111.8,112.9,2930.0,47.2,33.5,38.0,272.0
2024-12-24 18:00:00,Narela,28.8229,77.1025,105.5,106.6,2673.0,39.0,28.0,38.0,250.5
2024-12-24 19:00:00,Narela,28.8229,77.1025,100.4,101.5,2385.0,33.3,24.3,37.0,233.1
2024-12-24 20:00:00,Narela,28.8229,77.1025,98.0,99.4,2042.0,29.1,21.5,37.0,224.9
2024-12-24 21:00:00,Narela,28.8229,77.1025,98.0,99.2,1743.0,26.1,19.5,36.0,224.9
2024-12-24 22:00:00,Narela,28.8229,77.1025,98.7,100.1,1494.0,24.0,18.1,35.0,227.3
2024-12-24 23:00:00,Narela,28.8229,77.1025,99.7,101.0,1288.0,23.2,17.5,34.0,230.7
2024-12-25 00:00:00,Narela,28.8229,77.1025,94.3,95.7,1198.0,21.1,16.8,39.0,212.3
2024-12-25 01:00:00,Narela,28.8229,77.1025,101.0,102.4,1330.0,28.4,23.0,31.0,235.1
2024-12-25 02:00:00,Narela,28.8229,77.1025,118.0,119.7,1578.0,38.3,31.4,21.0,293.2
2024-12-25 03:00:00,Narela,28.8229,77.1025,134.6,136.0,1704.0,43.8,37.2,24.0,311.4
2024-12-25 04:00:00,Narela,28.8229,77.1025,128.1,129.0,1583.0,41.0,37.0,52.0,306.4
2024-12-25 05:00:00,Narela,28.8229,77.1025,119.7,121.1,1340.0,33.8,34.0,93.0,299.0
2024-12-25 06:00:00,Narela,28.8229,77.1025,95.7,97.6,1108.0,27.4,33.3,126.0,217.0
2024-12-25 07:00:00,Narela,28.8229,77.1025,87.8,90.1,898.0,22.1,37.7,147.0,192.5
2024-12-25 08:00:00,Narela,28.8229,77.1025,91.7,94.1,698.0,17.5,44.4,161.0,203.4
2024-12-25 09:00:00,Narela,28.8229,77.1025,94.1,96.4,609.0,18.3,49.3,162.0,211.6
2024-12-25 10:00:00,Narela,28.8229,77.1025,94.5,96.9,705.0,28.6,50.3,143.0,212.9
2024-12-25 11:00:00,Narela,28.8229,77.1025,100.1,102.0,913.0,44.2,49.5,111.0,232.1
2024-12-25 12:00:00,Narela,28.8229,77.1025,133.2,135.0,1108.0,57.4,47.5,74.0,310.4
2024-12-25 13:00:00,Narela,28.8229,77.1025,144.4,146.2,1261.0,61.4,50.0,61.0,319.0
2024-12-25 14:00:00,Narela,28.8229,77.1025,151.8,153.2,1401.0,66.8,53.5,43.0,324.6
2024-12-25 15:00:00,Narela,28.8229,77.1025,160.7,161.6,1498.0,70.3,56.4,29.0,331.5
2024-12-25 16:00:00,Narela,28.8229,77.1025,167.6,169.0,1538.0,70.0,58.6,23.0,336.8
2024-12-25 17:00:00,Narela,28.8229,77.1025,174.6,176.0,1534.0,67.8,60.2,20.0,342.1
2024-12-25 18:00:00,Narela,28.8229,77.1025,178.3,179.3,1494.0,65.3,60.1,18.0,345.0
2024-12-25 19:00:00,Narela,28.8229,77.1025,179.3,180.2,1393.0,63.3,57.0,15.0,345.7
2024-12-25 20:00:00,Narela,28.8229,77.1025,179.7,180.7,1256.0,61.1,52.2,13.0,346.0
2024-12-25 21:00:00,Narela,28.8229,77.1025,178.8,180.2,1161.0,58.4,48.2,12.0,345.4
2024-12-25 22:00:00,Narela,28.8229,77.1025,175.6,176.5,1114.0,54.2,45.6,13.0,342.9
2024-12-25 23:00:00,Narela,28.8229,77.1025,170.0,170.9,1109.0,49.6,43.8,15.0,338.6
2024-12-26 00:00:00,Narela,28.8229,77.1025,182.5,183.9,1207.0,48.6,39.7,9.0,348.2
2024-12-26 01:00:00,Narela,28.8229,77.1025,173.7,174.6,1529.0,48.1,42.1,6.0,341.4
2024-12-26 02:00:00,Narela,28.8229,77.1025,186.3,187.2,1953.0,47.3,45.4,4.0,351.1
2024-12-26 03:00:00,Narela,28.8229,77.1025,192.3,192.8,2176.0,45.7,47.9,16.0,355.7
2024-12-26 04:00:00,Narela,28.8229,77.1025,192.3,192.8,2018.0,43.1,48.3,56.0,355.7
2024-12-26 05:00:00,Narela,28.8229,77.1025,180.2,180.7,1658.0,39.7,47.8,110.0,346.4
2024-12-26 06:00:00,Narela,28.8229,77.1025,146.7,147.6,1327.0,36.2,48.4,151.0,320.7
2024-12-26 07:00:00,Narela,28.8229,77.1025,100.1,101.3,1066.0,29.2,50.5,172.0,232.1
2024-12-26 08:00:00,Narela,28.8229,77.1025,80.6,82.0,833.0,22.0,53.7,180.0,167.9
2024-12-26 09:00:00,Narela,28.8229,77.1025,75.9,77.5,733.0,25.3,58.1,174.0,151.9
2024-12-26 10:00:00,Narela,28.8229,77.1025,75.4,77.5,849.0,48.6,64.3,147.0,150.2
2024-12-26 11:00:00,Narela,28.8229,77.1025,88.2,89.9,1098.0,82.5,71.7,106.0,193.9
2024-12-26 12:00:00,Narela,28.8229,77.1025,139.2,142.0,1335.0,103.4,69.3,63.0,315.0
2024-12-26 13:00:00,Narela,28.8229,77.1025,170.4,172.8,1521.0,109.4,75.6,49.0,338.9
2024-12-26 14:00:00,Narela,28.8229,77.1025,190.9,193.2,1695.0,117.5,84.2,29.0,354.6
2024-12-26 15:00:00,Narela,28.8229,77.1025,212.3,214.7,1829.0,122.3,89.2,15.0,371.1
2024-12-26 16:00:00,Narela,28.8229,77.1025,230.0,232.8,1930.0,121.7,88.6,10.0,384.7
2024-12-26 17:00:00,Narela,28.8229,77.1025,235.6,238.4,1991.0,117.7,84.6,11.0,388.9
2024-12-26 18:00:00,Narela,28.8229,77.1025,220.3,223.1,1968.0,110.9,77.5,13.0,377.2
2024-12-26 19:00:00,Narela,28.8229,77.1025,205.8,208.2,1810.0,99.6,65.4,17.0,366.1
2024-12-26 20:00:00,Narela,28.8229,77.1025,185.8,187.7,1568.0,85.4,50.4,23.0,350.7
2024-12-26 21:00:00,Narela,28.8229,77.1025,162.1,164.4,1352.0,73.9,38.7,28.0,332.5
2024-12-26 22:00:00,Narela,28.8229,77.1025,145.3,147.1,1198.0,67.3,33.4,31.0,319.6
2024-12-26 23:00:00,Narela,28.8229,77.1025,144.4,146.7,1071.0,63.4,31.6,33.0,319.0
2024-12-27 00:00:00,Narela,28.8229,77.1025,146.2,148.1,971.0,71.4,44.3,25.0,320.3
2024-12-27 01:00:00,Narela,28.8229,77.1025,130.9,132.7,915.0,68.8,45.3,26.0,308.6
2024-12-27 02:00:00,Narela,28.8229,77.1025,138.8,140.6,886.0,64.9,46.4,28.0,314.7
2024-12-27 03:00:00,Narela,28.8229,77.1025,140.6,142.0,841.0,60.3,45.4,33.0,316.0
2024-12-27 04:00:00,Narela,28.8229,77.1025,138.8,140.2,748.0,54.6,40.6,45.0,314.7
2024-12-27 05:00:00,Narela,28.8229,77.1025,117.6,119.2,638.0,48.2,33.8,60.0,291.8
2024-12-27 06:00:00,Narela,28.8229,77.1025,97.8,99.7,558.0,42.2,27.9,72.0,224.2
2024-12-27 07:00:00,Narela,28.8229,77.1025,94.5,97.1,533.0,36.6,24.2,77.0,212.9
2024-12-27 08:00:00,Narela,28.8229,77.1025,91.5,93.8,539.0,31.4,21.5,79.0,202.7
2024-12-27 09:00:00,Narela,28.8229,77.1025,89.4,91.3,550.0,28.1,19.3,79.0,198.0
2024-12-27 10:00:00,Narela,28.8229,77.1025,85.4,87.1,560.0,28.0,17.3,78.0,184.3
2024-12-27 11:00:00,Narela,28.8229,77.1025,80.6,82.0,575.0,29.8,15.9,75.0,167.9
2024-12-27 12:00:00,Narela,28.8229,77.1025,94.3,96.6,584.0,36.8,16.6,64.0,212.3
2024-12-27 13:00:00,Narela,28.8229,77.1025,93.6,95.7,582.0,35.2,17.7,64.0,209.9
2024-12-27 14:00:00,Narela,28.8229,77.1025,96.6,98.7,575.0,32.8,19.2,64.0,220.1
2024-12-27 15:00:00,Narela,28.8229,77.1025,98.3,100.4,571.0,30.6,20.6,65.0,225.9
2024-12-27 16:00:00,Narela,28.8229,77.1025,102.2,104.5,580.0,28.8,21.7,66.0,239.2
2024-12-27 17:00:00,Narela,28.8229,77.1025,106.9,109.2,591.0,27.1,22.6,68.0,255.3
2024-12-27 18:00:00,Narela,28.8229,77.1025,104.3,106.6,580.0,25.5,23.2,68.0,246.4
2024-12-27 19:00:00,Narela,28.8229,77.1025,100.8,103.1,521.0,23.7,23.1,66.0,234.5
2024-12-27 20:00:00,Narela,28.8229,77.1025,100.4,102.7,439.0,21.9,22.5,63.0,233.1
2024-12-27 21:00:00,Narela,28.8229,77.1025,99.9,102.0,387.0,20.9,22.3,60.0,231.4
2024-12-27 22:00:00,Narela,28.8229,77.1025,96.2,98.0,376.0,20.3,22.0,57.0,218.8
2024-12-27 23:00:00,Narela,28.8229,77.1025,91.7,93.6,395.0,20.6,22.0,55.0,203.4
2024-12-28 00:00:00,Narela,28.8229,77.1025,82.0,84.1,467.0,17.1,21.0,66.0,172.7
2024-12-28 01:00:00,Narela,28.8229,77.1025,82.4,84.5,651.0,29.8,29.6,55.0,174.1
2024-12-28 02:00:00,Narela,28.8229,77.1025,105.2,107.6,888.0,46.9,41.4,40.0,249.5
2024-12-28 03:00:00,Narela,28.8229,77.1025,125.3,127.6,1017.0,57.7,50.5,34.0,304.3
2024-12-28 04:00:00,Narela,28.8229,77.1025,112.0,113.9,938.0,55.7,53.9,45.0,272.7
2024-12-28 05:00:00,Narela,28.8229,77.1025,103.8,105.9,751.0,47.2,54.5,65.0,244.7
2024-12-28 06:00:00,Narela,28.8229,77.1025,99.9,102.0,604.0,40.6,55.2,80.0,231.4
2024-12-28 07:00:00,Narela,28.8229,77.1025,99.0,101.0,538.0,38.2,57.3,87.0,228.3
2024-12-28 08:00:00,Narela,28.8229,77.1025,97.3,99.4,511.0,37.6,59.5,91.0,222.5
2024-12-28 09:00:00,Narela,28.8229,77.1025,95.2,97.1,542.0,40.3,61.1,88.0,215.3
2024-12-28 10:00:00,Narela,28.8229,77.1025,91.5,93.1,644.0,48.5,61.5,77.0,202.7
2024-12-28 11:00:00,Narela,28.8229,77.1025,95.9,97.6,804.0,59.9,61.3,59.0,217.7
2024-12-28 12:00:00,Narela,28.8229,77.1025,128.5,130.4,997.0,67.4,56.8,47.0,306.8
2024-12-28 13:00:00,Narela,28.8229,77.1025,149.5,151.3,1266.0,67.0,55.3,42.0,322.9
2024-12-28 14:00:00,Narela,28.8229,77.1025,155.1,156.5,1567.0,66.3,53.0,35.0,327.2
2024-12-28 15:00:00,Narela,28.8229,77.1025,150.9,152.3,1746.0,63.9,49.9,30.0,323.9
2024-12-28 16:00:00,Narela,28.8229,77.1025,146.7,147.6,1711.0,59.2,45.4,28.0,320.7
2024-12-28 17:00:00,Narela,28.8229,77.1025,145.8,147.1,1553.0,52.8,40.1,28.0,320.0
2024-12-28 18:00:00,Narela,28.8229,77.1025,143.0,143.9,1388.0,45.9,35.0,29.0,317.9
2024-12-28 19:00:00,Narela,28.8229,77.1025,132.7,133.6,1241.0,37.9,30.3,32.0,310.0
2024-12-28 20:00:00,Narela,28.8229,77.1025,122.9,123.9,1087.0,29.3,25.9,36.0,302.5
2024-12-28 21:00:00,Narela,28.8229,77.1025,114.8,115.7,970.0,22.6,22.7,40.0,282.2
2024-12-28 22:00:00,Narela,28.8229,77.1025,106.9,107.8,913.0,18.5,21.0,43.0,255.3
2024-12-28 23:00:00,Narela,28.8229,77.1025,99.2,99.9,893.0,16.4,20.5,45.0,229.0
2024-12-29 00:00:00,Narela,28.8229,77.1025,122.5,123.4,887.0,23.8,21.8,31.0,302.2
2024-12-29 01:00:00,Narela,28.8229,77.1025,113.4,114.3,902.0,26.1,23.5,31.0,277.5
2024-12-29 02:00:00,Narela,28.8229,77.1025,110.8,111.8,932.0,29.2,25.9,32.0,268.6
2024-12-29 03:00:00,Narela,28.8229,77.1025,110.6,111.5,930.0,30.0,28.1,38.0,267.9
2024-12-29 04:00:00,Narela,28.8229,77.1025,95.9,97.1,868.0,26.5,29.9,55.0,217.7
2024-12-29 05:00:00,Narela,28.8229,77.1025,85.0,86.4,774.0,20.7,31.5,77.0,182.9
2024-12-29 06:00:00,Narela,28.8229,77.1025,73.1,74.7,691.0,16.2,32.5,95.0,142.3
2024-12-29 07:00:00,Narela,28.8229,77.1025,66.8,68.5,615.0,13.7,32.4,108.0,120.8
2024-12-29 08:00:00,Narela,28.8229,77.1025,64.0,65.9,549.0,12.4,31.7,117.0,111.2
2024-12-29 09:00:00,Narela,28.8229,77.1025,63.3,65.0,543.0,14.0,31.2,118.0,108.9
2024-12-29 10:00:00,Narela,28.8229,77.1025,60.3,62.2,648.0,20.1,30.9,108.0,500.0
2024-12-29 11:00:00,Narela,28.8229,77.1025,61.5,63.3,811.0,29.1,30.7,90.0,102.7
2024-12-29 12:00:00,Narela,28.8229,77.1025,90.6,92.2,929.0,35.4,32.7,65.0,500.0
2024-12-29 13:00:00,Narela,28.8229,77.1025,96.2,97.6,953.0,36.6,32.5,58.0,218.8
2024-12-29 14:00:00,Narela,28.8229,77.1025,96.2,97.1,930.0,38.2,32.2,50.0,218.8
2024-12-29 15:00:00,Narela,28.8229,77.1025,95.0,95.7,899.0,38.0,31.1,44.0,214.7
2024-12-29 16:00:00,Narela,28.8229,77.1025,92.2,92.9,870.0,34.9,28.7,45.0,205.1
2024-12-29 17:00:00,Narela,28.8229,77.1025,90.6,91.3,832.0,30.1,25.5,48.0,500.0
2024-12-29 18:00:00,Narela,28.8229,77.1025,89.2,89.9,793.0,25.5,22.7,52.0,197.3
2024-12-29 19:00:00,Narela,28.8229,77.1025,85.4,85.9,743.0,21.6,20.4,55.0,184.3
2024-12-29 20:00:00,Narela,28.8229,77.1025,82.9,83.6,691.0,18.0,18.3,57.0,175.8
2024-12-29 21:00:00,Narela,28.8229,77.1025,80.8,81.3,670.0,15.2,17.2,59.0,168.6
2024-12-29 22:00:00,Narela,28.8229,77.1025,78.7,79.2,702.0,13.2,17.1,61.0,161.4
2024-12-29 23:00:00,Narela,28.8229,77.1025,77.1,77.3,764.0,12.1,18.0,62.0,156.0
2024-12-30 00:00:00,Narela,28.8229,77.1025,77.3,77.8,821.0,12.9,18.5,61.0,156.6
2024-12-30 01:00:00,Narela,28.8229,77.1025,75.4,75.7,867.0,17.0,21.4,58.0,150.2
2024-12-30 02:00:00,Narela,28.8229,77.1025,77.5,77.8,908.0,22.6,25.5,55.0,157.3
2024-12-30 03:00:00,Narela,28.8229,77.1025,79.4,79.6,928.0,25.6,29.1,60.0,163.8
2024-12-30 04:00:00,Narela,28.8229,77.1025,76.8,77.1,915.0,23.6,31.9,79.0,154.9
2024-12-30 05:00:00,Narela,28.8229,77.1025,76.1,76.4,881.0,19.1,34.2,107.0,152.5
2024-12-30 06:00:00,Narela,28.8229,77.1025,75.2,75.4,848.0,15.3,35.5,130.0,149.5
2024-12-30 07:00:00,Narela,28.8229,77.1025,71.2,71.5,806.0,12.4,35.4,148.0,135.8
2024-12-30 08:00:00,Narela,28.8229,77.1025,63.1,63.3,766.0,10.2,34.4,163.0,108.2
2024-12-30 09:00:00,Narela,28.8229,77.1025,56.0,56.2,777.0,11.6,33.4,166.0,93.2
2024-12-30 10:00:00,Narela,28.8229,77.1025,51.5,51.8,885.0,18.8,32.4,150.0,85.6
2024-12-30 11:00:00,Narela,28.8229,77.1025,52.3,52.5,1046.0,29.6,31.4,122.0,87.0
2024-12-30 12:00:00,Narela,28.8229,77.1025,96.2,97.3,1176.0,49.6,38.3,83.0,218.8
2024-12-30 13:00:00,Narela,28.8229,77.1025,108.5,109.7,1245.0,55.3,40.6,69.0,260.7
2024-12-30 14:00:00,Narela,28.8229,77.1025,118.0,119.0,1284.0,63.0,43.7,49.0,293.2
2024-12-30 15:00:00,Narela,28.8229,77.1025,127.1,128.1,1304.0,67.8,46.2,34.0,305.7
2024-12-30 16:00:00,Narela,28.8229,77.1025,136.0,136.9,1308.0,67.7,47.9,28.0,312.5
2024-12-30 17:00:00,Narela,28.8229,77.1025,143.9,144.8,1292.0,64.8,48.9,26.0,318.6
2024-12-30 18:00:00,Narela,28.8229,77.1025,145.8,147.1,1259.0,60.3,47.7,26.0,320.0
2024-12-30 19:00:00,Narela,28.8229,77.1025,140.2,141.1,1195.0,53.9,42.6,29.0,315.7
2024-12-30 20:00:00,Narela,28.8229,77.1025,135.0,136.4,1114.0,45.8,35.2,34.0,311.7
2024-12-30 21:00:00,Narela,28.8229,77.1025,131.8,133.2,1058.0,38.2,29.3,39.0,309.3
2024-12-30 22:00:00,Narela,28.8229,77.1025,127.6,129.0,1038.0,30.3,25.8,45.0,306.1
2024-12-30 23:00:00,Narela,28.8229,77.1025,125.7,127.1,1043.0,22.8,23.7,52.0,304.6
2024-12-31 00:00:00,Narela,28.8229,77.1025,162.5,164.4,1078.0,33.1,26.2,33.0,332.8
2024-12-31 01:00:00,Narela,28.8229,77.1025,156.0,157.9,1178.0,33.5,28.1,35.0,327.9
2024-12-31 02:00:00,Narela,28.8229,77.1025,158.3,159.7,1309.0,33.8,30.7,39.0,329.6
2024-12-31 03:00:00,Narela,28.8229,77.1025,151.3,153.2,1370.0,32.6,33.6,48.0,324.3
2024-12-31 04:00:00,Narela,28.8229,77.1025,141.6,143.4,1298.0,28.4,36.8,67.0,316.8
2024-12-31 05:00:00,Narela,28.8229,77.1025,126.7,129.0,1157.0,22.8,40.1,92.0,305.4
2024-12-31 06:00:00,Narela,28.8229,77.1025,108.7,111.3,1035.0,18.6,42.8,113.0,261.4
2024-12-31 07:00:00,Narela,28.8229,77.1025,103.8,106.4,937.0,16.0,44.4,130.0,244.7
2024-12-31 08:00:00,Narela,28.8229,77.1025,99.2,101.7,858.0,14.9,45.4,143.0,229.0
2024-12-31 09:00:00,Narela,28.8229,77.1025,96.4,99.0,875.0,17.8,46.1,145.0,219.4
2024-12-31 10:00:00,Narela,28.8229,77.1025,93.8,96.4,1037.0,27.4,46.2,130.0,210.6
2024-12-31 11:00:00,Narela,28.8229,77.1025,94.5,97.1,1296.0,41.0,46.0,105.0,212.9
2024-12-31 12:00:00,Narela,28.8229,77.1025,149.9,153.2,1582.0,65.5,63.9,76.0,323.2
2024-12-31 13:00:00,Narela,28.8229,77.1025,175.1,178.3,1931.0,72.7,66.4,60.0,342.5
2024-12-31 14:00:00,Narela,28.8229,77.1025,193.2,196.5,2308.0,82.4,69.6,39.0,356.4
2024-12-31 15:00:00,Narela,28.8229,77.1025,200.2,203.0,2537.0,87.4,70.7,23.0,361.8
2024-12-31 16:00:00,Narela,28.8229,77.1025,200.2,203.5,2521.0,84.3,68.5,19.0,361.8
2024-12-31 17:00:00,Narela,28.8229,77.1025,204.0,206.8,2357.0,76.5,64.1,21.0,364.7
2024-12-31 18:00:00,Narela,28.8229,77.1025,199.3,202.1,2157.0,67.3,58.1,25.0,361.1
2024-12-31 19:00:00,Narela,28.8229,77.1025,185.8,188.6,1924.0,56.7,49.7,31.0,350.7
2024-12-31 20:00:00,Narela,28.8229,77.1025,174.6,177.4,1655.0,44.8,39.7,39.0,342.1
2024-12-31 21:00:00,Narela,28.8229,77.1025,164.4,166.7,1452.0,34.6,31.5,46.0,334.3
2024-12-31 22:00:00,Narela,28.8229,77.1025,156.5,158.8,1356.0,26.7,26.0,52.0,328.2
2024-12-31 23:00:00,Narela,28.8229,77.1025,149.5,151.8,1325.0,20.6,22.3,57.0,322.9
2024-12-19 12:00:00,Nehru Nagar,28.5676,77.2507,145.3,147.6,1444.0,73.3,58.6,95.0,319.6
2024-12-19 13:00:00,Nehru Nagar,28.5676,77.2507,167.6,169.5,1669.0,83.3,62.5,76.0,336.8
2024-12-19 14:00:00,Nehru Nagar,28.5676,77.2507,186.7,189.1,1879.0,96.9,67.8,49.0,351.4
2024-12-19 15:00:00,Nehru Nagar,28.5676,77.2507,199.3,201.6,2003.0,105.5,71.0,29.0,361.1
2024-12-19 16:00:00,Nehru Nagar,28.5676,77.2507,206.8,209.1,1996.0,105.0,70.7,21.0,366.8
2024-12-19 17:00:00,Nehru Nagar,28.5676,77.2507,212.8,214.7,1902.0,99.5,68.4,20.0,371.5
2024-12-19 18:00:00,Nehru Nagar,28.5676,77.2507,212.3,214.2,1787.0,92.5,64.7,20.0,371.1
2024-12-19 19:00:00,Nehru Nagar,28.5676,77.2507,204.9,207.2,1648.0,84.7,59.1,21.0,365.4
2024-12-19 20:00:00,Nehru Nagar,28.5676,77.2507,197.0,198.8,1487.0,75.5,52.1,24.0,359.3
2024-12-19 21:00:00,Nehru Nagar,28.5676,77.2507,187.2,189.1,1376.0,66.3,46.3,28.0,351.8
2024-12-19 22:00:00,Nehru Nagar,28.5676,77.2507,177.0,178.8,1311.0,55.7,42.0,34.0,344.0
2024-12-19 23:00:00,Nehru Nagar,28.5676,77.2507,168.6,170.0,1295.0,45.1,38.9,40.0,337.5
2024-12-20 00:00:00,Nehru Nagar,28.5676,77.2507,138.8,140.2,1411.0,22.4,33.8,68.0,314.7
2024-12-20 01:00:00,Nehru Nagar,28.5676,77.2507,144.4,146.2,1830.0,36.0,40.6,54.0,319.0
2024-12-20 02:00:00,Nehru Nagar,28.5676,77.2507,161.6,163.0,2380.0,54.4,50.1,36.0,332.2
2024-12-20 03:00:00,Nehru Nagar,28.5676,77.2507,174.2,175.6,2627.0,64.3,56.8,37.0,341.8
2024-12-20 04:00:00,Nehru Nagar,28.5676,77.2507,163.9,164.8,2281.0,57.7,57.7,74.0,333.9
2024-12-20 05:00:00,Nehru Nagar,28.5676,77.2507,150.9,152.3,1632.0,42.8,56.0,129.0,323.9
2024-12-20 06:00:00,Nehru Nagar,28.5676,77.2507,126.7,129.0,1111.0,31.0,55.9,174.0,305.4
2024-12-20 07:00:00,Nehru Nagar,28.5676,77.2507,109.9,112.2,868.0,24.6,59.3,199.0,265.5
2024-12-20 08:00:00,Nehru Nagar,28.5676,77.2507,100.8,103.4,753.0,21.5,64.2,214.0,234.5
2024-12-20 09:00:00,Nehru Nagar,28.5676,77.2507,98.7,101.3,748.0,26.4,69.1,213.0,227.3
2024-12-20 10:00:00,Nehru Nagar,28.5676,77.2507,98.3,100.6,902.0,46.1,73.7,189.0,225.9
2024-12-20 11:00:00,Nehru Nagar,28.5676,77.2507,114.6,116.4,1166.0,73.8,78.1,149.0,281.6
2024-12-20 12:00:00,Nehru Nagar,28.5676,77.2507,149.0,150.9,1371.0,94.5,71.7,100.0,322.5
2024-12-20 13:00:00,Nehru Nagar,28.5676,77.2507,167.2,169.5,1450.0,96.0,74.3,84.0,336.5
2024-12-20 14:00:00,Nehru Nagar,28.5676,77.2507,174.2,176.0,1470.0,97.6,77.7,61.0,341.8
2024-12-20 15:00:00,Nehru Nagar,28.5676,77.2507,170.9,172.8,1459.0,95.1,78.1,44.0,339.3
2024-12-20 16:00:00,Nehru Nagar,28.5676,77.2507,165.8,167.2,1418.0,85.4,73.2,39.0,335.4
2024-12-20 17:00:00,Nehru Nagar,28.5676,77.2507,159.3,160.7,1346.0,71.7,65.3,39.0,330.4
2024-12-20 18:00:00,Nehru Nagar,28.5676,77.2507,150.9,152.3,1276.0,59.0,57.9,40.0,323.9
2024-12-20 19:00:00,Nehru Nagar,28.5676,77.2507,142.0,143.4,1212.0,48.7,51.7,41.0,317.1
2024-12-20 20:00:00,Nehru Nagar,28.5676,77.2507,136.0,136.9,1150.0,39.5,45.8,43.0,312.5
2024-12-20 21:00:00,Nehru Nagar,28.5676,77.2507,131.3,132.2,1102.0,32.3,41.6,44.0,308.9
2024-12-20 22:00:00,Nehru Nagar,28.5676,77.2507,127.6,128.5,1033.0,27.2,39.5,44.0,306.1
2024-12-20 23:00:00,Nehru Nagar,28.5676,77.2507,124.3,125.3,980.0,24.1,38.9,44.0,303.5
2024-12-21 00:00:00,Nehru Nagar,28.5676,77.2507,131.8,132.7,1063.0,31.7,46.1,36.0,309.3
2024-12-21 01:00:00,Nehru Nagar,28.5676,77.2507,137.4,138.3,1448.0,37.0,48.8,28.0,313.6
2024-12-21 02:00:00,Nehru Nagar,28.5676,77.2507,149.0,149.9,1970.0,44.2,52.5,19.0,322.5
2024-12-21 03:00:00,Nehru Nagar,28.5676,77.2507,153.7,154.6,2253.0,48.1,55.3,22.0,326.1
2024-12-21 04:00:00,Nehru Nagar,28.5676,77.2507,150.4,151.3,2083.0,46.1,56.3,48.0,323.6
2024-12-21 05:00:00,Nehru Nagar,28.5676,77.2507,144.8,145.8,1674.0,40.9,56.5,87.0,319.3
2024-12-21 06:00:00,Nehru Nagar,28.5676,77.2507,135.5,136.4,1299.0,35.6,56.8,121.0,312.1
2024-12-21 07:00:00,Nehru Nagar,28.5676,77.2507,116.9,118.3,1009.0,28.5,57.8,149.0,289.4
2024-12-21 08:00:00,Nehru Nagar,28.5676,77.2507,104.5,105.9,753.0,21.4,59.0,172.0,247.1
2024-12-21 09:00:00,Nehru Nagar,28.5676,77.2507,99.0,100.6,643.0,22.2,59.7,179.0,228.3
2024-12-21 10:00:00,Nehru Nagar,28.5676,77.2507,96.4,97.8,778.0,36.7,58.8,159.0,219.4
2024-12-21 11:00:00,Nehru Nagar,28.5676,77.2507,106.6,107.8,1060.0,59.2,57.5,122.0,254.3
2024-12-21 12:00:00,Nehru Nagar,28.5676,77.2507,150.4,151.8,1305.0,80.6,65.2,86.0,323.6
2024-12-21 13:00:00,Nehru Nagar,28.5676,77.2507,173.7,175.1,1462.0,93.9,70.0,64.0,341.4
2024-12-21 14:00:00,Nehru Nagar,28.5676,77.2507,190.9,192.3,1582.0,112.0,76.6,33.0,354.6
2024-12-21 15:00:00,Nehru Nagar,28.5676,77.2507,204.0,205.4,1641.0,124.0,82.2,10.0,364.7
2024-12-21 16:00:00,Nehru Nagar,28.5676,77.2507,213.3,214.7,1608.0,124.1,86.0,1.0,371.8
2024-12-21 17:00:00,Nehru Nagar,28.5676,77.2507,221.2,223.1,1513.0,118.1,88.6,0.0,377.9
2024-12-21 18:00:00,Nehru Nagar,28.5676,77.2507,224.9,226.8,1423.0,112.0,89.5,0.0,380.7
2024-12-21 19:00:00,Nehru Nagar,28.5676,77.2507,224.9,226.3,1347.0,108.0,88.0,0.0,380.7
2024-12-21 20:00:00,Nehru Nagar,28.5676,77.2507,225.8,227.7,1276.0,103.9,84.7,0.0,381.4
2024-12-21 21:00:00,Nehru Nagar,28.5676,77.2507,226.8,228.6,1251.0,99.3,80.6,0.0,382.2
2024-12-21 22:00:00,Nehru Nagar,28.5676,77.2507,225.4,227.2,1189.0,93.7,74.6,0.0,381.1
2024-12-21 23:00:00,Nehru Nagar,28.5676,77.2507,219.8,221.2,1174.0,87.6,67.8,1.0,376.8
2024-12-22 00:00:00,Nehru Nagar,28.5676,77.2507,199.3,201.2,1491.0,84.7,62.1,4.0,361.1
2024-12-22 01:00:00,Nehru Nagar,28.5676,77.2507,213.3,215.1,2590.0,83.9,67.0,0.0,371.8
2024-12-22 02:00:00,Nehru Nagar,28.5676,77.2507,237.5,239.3,4023.0,82.2,73.8,0.0,390.4
2024-12-22 03:00:00,Nehru Nagar,28.5676,77.2507,258.9,260.8,4728.0,76.5,78.2,9.0,404.5
2024-12-22 04:00:00,Nehru Nagar,28.5676,77.2507,230.5,231.9,4010.0,63.5,78.9,49.0,385.0
2024-12-22 05:00:00,Nehru Nagar,28.5676,77.2507,188.6,190.5,2564.0,46.5,77.2,105.0,352.9
2024-12-22 06:00:00,Nehru Nagar,28.5676,77.2507,139.7,141.6,1419.0,32.4,73.6,148.0,315.4
2024-12-22 07:00:00,Nehru Nagar,28.5676,77.2507,117.3,119.2,984.0,21.0,66.4,172.0,290.8
2024-12-22 08:00:00,Nehru Nagar,28.5676,77.2507,104.8,106.6,850.0,12.5,57.2,185.0,248.1
2024-12-22 09:00:00,Nehru Nagar,28.5676,77.2507,96.2,98.3,816.0,14.6,51.3,181.0,218.8
2024-12-22 10:00:00,Nehru Nagar,28.5676,77.2507,90.6,92.7,830.0,35.1,51.2,152.0,500.0
2024-12-22 11:00:00,Nehru Nagar,28.5676,77.2507,105.7,107.3,944.0,66.2,54.3,107.0,251.2
2024-12-22 12:00:00,Nehru Nagar,28.5676,77.2507,141.6,143.4,1112.0,93.9,53.8,58.0,316.8
2024-12-22 13:00:00,Nehru Nagar,28.5676,77.2507,171.8,173.2,1374.0,103.6,57.9,43.0,340.0
2024-12-22 14:00:00,Nehru Nagar,28.5676,77.2507,189.1,190.9,1689.0,116.3,63.4,22.0,353.3
2024-12-22 15:00:00,Nehru Nagar,28.5676,77.2507,195.1,196.5,1896.0,121.5,65.7,10.0,357.9
2024-12-22 16:00:00,Nehru Nagar,28.5676,77.2507,192.3,194.2,1919.0,113.6,62.3,14.0,355.7
2024-12-22 17:00:00,Nehru Nagar,28.5676,77.2507,190.0,191.4,1832.0,98.1,55.8,26.0,354.0
2024-12-22 18:00:00,Nehru Nagar,28.5676,77.2507,176.0,177.9,1698.0,81.1,49.4,39.0,343.2
2024-12-22 19:00:00,Nehru Nagar,28.5676,77.2507,156.0,157.4,1498.0,62.3,43.8,53.0,327.9
2024-12-22 20:00:00,Nehru Nagar,28.5676,77.2507,137.4,138.8,1250.0,42.1,38.4,68.0,313.6
2024-12-22 21:00:00,Nehru Nagar,28.5676,77.2507,129.9,131.3,1071.0,27.4,34.7,78.0,307.8
2024-12-22 22:00:00,Nehru Nagar,28.5676,77.2507,129.5,130.9,976.0,20.3,33.2,80.0,307.5
2024-12-22 23:00:00,Nehru Nagar,28.5676,77.2507,134.1,135.5,950.0,18.8,33.4,76.0,311.1
2024-12-23 00:00:00,Nehru Nagar,28.5676,77.2507,113.2,114.3,1060.0,14.0,28.3,77.0,276.8
2024-12-23 01:00:00,Nehru Nagar,28.5676,77.2507,121.1,122.5,1466.0,23.4,30.5,65.0,301.1
2024-12-23 02:00:00,Nehru Nagar,28.5676,77.2507,134.6,136.4,2010.0,36.2,33.4,48.0,311.4
2024-12-23 03:00:00,Nehru Nagar,28.5676,77.2507,145.3,146.7,2279.0,44.6,35.3,41.0,319.6
2024-12-23 04:00:00,Nehru Nagar,28.5676,77.2507,143.0,143.9,2013.0,44.7,34.8,51.0,317.9
2024-12-23 05:00:00,Nehru Nagar,28.5676,77.2507,136.9,138.3,1474.0,40.4,33.2,70.0,313.2
2024-12-23 06:00:00,Nehru Nagar,28.5676,77.2507,133.2,134.6,1034.0,35.8,32.3,88.0,310.4
2024-12-23 07:00:00,Nehru Nagar,28.5676,77.2507,122.0,123.9,829.0,31.4,33.1,104.0,301.8
2024-12-23 08:00:00,Nehru Nagar,28.5676,77.2507,109.7,111.5,723.0,26.8,34.7,120.0,264.8
2024-12-23 09:00:00,Nehru Nagar,28.5676,77.2507,105.5,107.3,683.0,24.7,36.2,128.0,250.5
2024-12-23 10:00:00,Nehru Nagar,28.5676,77.2507,103.6,105.2,731.0,27.4,37.4,123.0,244.0
2024-12-23 11:00:00,Nehru Nagar,28.5676,77.2507,101.7,103.4,844.0,32.6,38.5,110.0,237.5
2024-12-23 12:00:00,Nehru Nagar,28.5676,77.2507,129.0,130.9,923.0,41.6,39.9,98.0,307.1
2024-12-23 13:00:00,Nehru Nagar,28.5676,77.2507,122.5,124.3,919.0,39.8,40.2,91.0,302.2
2024-12-23 14:00:00,Nehru Nagar,28.5676,77.2507,121.1,122.9,880.0,37.2,40.6,82.0,301.1
2024-12-23 15:00:00,Nehru Nagar,28.5676,77.2507,119.7,121.5,850.0,35.1,40.7,73.0,299.0
2024-12-23 16:00:00,Nehru Nagar,28.5676,77.2507,118.5,120.6,852.0,34.3,40.7,67.0,294.9
2024-12-23 17:00:00,Nehru Nagar,28.5676,77.2507,122.5,124.3,863.0,33.8,40.3,61.0,302.2
2024-12-23 18:00:00,Nehru Nagar,28.5676,77.2507,120.1,122.0,860.0,32.3,38.8,58.0,500.0
2024-12-23 19:00:00,Nehru Nagar,28.5676,77.2507,113.2,115.0,827.0,28.3,35.1,59.0,276.8
2024-12-23 20:00:00,Nehru Nagar,28.5676,77.2507,108.0,110.1,779.0,23.2,30.3,62.0,259.0
2024-12-23 21:00:00,Nehru Nagar,28.5676,77.2507,106.6,109.0,740.0,19.7,26.5,63.0,254.3
2024-12-23 22:00:00,Nehru Nagar,28.5676,77.2507,107.6,109.9,702.0,18.4,24.5,61.0,257.7
2024-12-23 23:00:00,Nehru Nagar,28.5676,77.2507,106.6,109.0,674.0,18.7,23.5,56.0,254.3
2024-12-24 00:00:00,Nehru Nagar,28.5676,77.2507,90.3,92.2,701.0,17.2,16.7,59.0,500.0
2024-12-24 01:00:00,Nehru Nagar,28.5676,77.2507,91.0,92.7,849.0,24.4,19.5,57.0,201.0
2024-12-24 02:00:00,Nehru Nagar,28.5676,77.2507,97.6,99.2,1054.0,34.1,23.3,55.0,223.5
2024-12-24 03:00:00,Nehru Nagar,28.5676,77.2507,105.5,107.6,1165.0,39.8,26.5,59.0,250.5
2024-12-24 04:00:00,Nehru Nagar,28.5676,77.2507,112.5,114.1,1097.0,37.7,28.0,75.0,274.4
2024-12-24 05:00:00,Nehru Nagar,28.5676,77.2507,108.5,110.8,936.0,31.6,28.9,98.0,260.7
2024-12-24 06:00:00,Nehru Nagar,28.5676,77.2507,108.0,110.8,792.0,26.4,30.0,117.0,259.0
2024-12-24 07:00:00,Nehru Nagar,28.5676,77.2507,108.7,111.5,657.0,20.8,31.4,132.0,261.4
2024-12-24 08:00:00,Nehru Nagar,28.5676,77.2507,107.6,110.6,539.0,16.0,33.0,144.0,257.7
2024-12-24 09:00:00,Nehru Nagar,28.5676,77.2507,107.8,110.8,578.0,20.5,36.3,143.0,258.4
2024-12-24 10:00:00,Nehru Nagar,28.5676,77.2507,110.6,113.4,923.0,41.5,41.2,119.0,267.9
2024-12-24 11:00:00,Nehru Nagar,28.5676,77.2507,126.7,129.5,1424.0,71.7,47.7,81.0,305.4
2024-12-24 12:00:00,Nehru Nagar,28.5676,77.2507,140.2,142.0,1769.0,93.0,48.0,48.0,315.7
2024-12-24 13:00:00,Nehru Nagar,28.5676,77.2507,159.7,161.1,1759.0,99.5,52.7,38.0,330.7
2024-12-24 14:00:00,Nehru Nagar,28.5676,77.2507,167.2,168.6,1593.0,108.0,59.1,24.0,336.5
2024-12-24 15:00:00,Nehru Nagar,28.5676,77.2507,165.8,167.2,1559.0,110.8,62.5,14.0,335.4
2024-12-24 16:00:00,Nehru Nagar,28.5676,77.2507,159.7,161.1,1842.0,103.1,60.8,13.0,330.7
2024-12-24 17:00:00,Nehru Nagar,28.5676,77.2507,149.0,150.4,2256.0,89.7,56.2,16.0,322.5
2024-12-24 18:00:00,Nehru Nagar,28.5676,77.2507,137.8,139.2,2535.0,77.0,51.0,19.0,313.9
2024-12-24 19:00:00,Nehru Nagar,28.5676,77.2507,128.1,129.0,2557.0,66.9,45.4,21.0,306.4
2024-12-24 20:00:00,Nehru Nagar,28.5676,77.2507,120.1,121.1,2442.0,57.4,39.3,22.0,500.0
2024-12-24 21:00:00,Nehru Nagar,28.5676,77.2507,112.9,114.1,2286.0,49.7,34.3,23.0,275.8
2024-12-24 22:00:00,Nehru Nagar,28.5676,77.2507,107.8,109.0,2058.0,43.6,30.8,23.0,258.4
2024-12-24 23:00:00,Nehru Nagar,28.5676,77.2507,105.0,106.2,1788.0,39.2,28.5,23.0,248.8
2024-12-25 00:00:00,Nehru Nagar,28.5676,77.2507,100.6,101.7,1664.0,34.5,25.4,26.0,233.8
2024-12-25 01:00:00,Nehru Nagar,28.5676,77.2507,105.5,106.4,1863.0,40.5,30.6,18.0,250.5
2024-12-25 02:00:00,Nehru Nagar,28.5676,77.2507,121.5,122.9,2208.0,48.4,37.7,8.0,301.4
2024-12-25 03:00:00,Nehru Nagar,28.5676,77.2507,136.9,138.3,2353.0,52.7,43.0,13.0,313.2
2024-12-25 04:00:00,Nehru Nagar,28.5676,77.2507,129.0,129.9,2093.0,49.9,43.5,44.0,307.1
2024-12-25 05:00:00,Nehru Nagar,28.5676,77.2507,122.5,123.9,1633.0,43.4,42.1,88.0,302.2
2024-12-25 06:00:00,Nehru Nagar,28.5676,77.2507,107.3,109.0,1243.0,37.5,44.1,126.0,256.6
2024-12-25 07:00:00,Nehru Nagar,28.5676,77.2507,92.9,95.0,1010.0,31.7,53.5,153.0,207.5
2024-12-25 08:00:00,Nehru Nagar,28.5676,77.2507,95.2,97.6,847.0,26.6,66.3,173.0,215.3
2024-12-25 09:00:00,Nehru Nagar,28.5676,77.2507,99.9,102.2,769.0,27.6,75.6,178.0,231.4
2024-12-25 10:00:00,Nehru Nagar,28.5676,77.2507,103.4,105.7,780.0,39.7,77.9,160.0,243.3
2024-12-25 11:00:00,Nehru Nagar,28.5676,77.2507,111.8,113.6,876.0,58.0,76.7,127.0,272.0
2024-12-25 12:00:00,Nehru Nagar,28.5676,77.2507,154.6,156.9,1055.0,73.2,72.8,85.0,326.8
2024-12-25 13:00:00,Nehru Nagar,28.5676,77.2507,170.4,172.3,1399.0,78.5,72.6,67.0,338.9
2024-12-25 14:00:00,Nehru Nagar,28.5676,77.2507,180.7,182.5,1826.0,85.8,72.2,42.0,346.8
2024-12-25 15:00:00,Nehru Nagar,28.5676,77.2507,189.1,190.5,2094.0,90.6,71.8,23.0,353.3
2024-12-25 16:00:00,Nehru Nagar,28.5676,77.2507,192.8,194.2,2063.0,90.9,71.7,14.0,356.1
2024-12-25 17:00:00,Nehru Nagar,28.5676,77.2507,194.6,196.0,1872.0,88.8,71.5,10.0,357.5
2024-12-25 18:00:00,Nehru Nagar,28.5676,77.2507,191.4,193.2,1698.0,85.9,70.0,8.0,355.0
2024-12-25 19:00:00,Nehru Nagar,28.5676,77.2507,186.3,187.7,1599.0,82.6,66.3,6.0,351.1
2024-12-25 20:00:00,Nehru Nagar,28.5676,77.2507,181.6,183.0,1517.0,78.5,61.4,6.0,347.5
2024-12-25 21:00:00,Nehru Nagar,28.5676,77.2507,178.3,179.7,1454.0,74.2,57.1,6.0,345.0
2024-12-25 22:00:00,Nehru Nagar,28.5676,77.2507,175.1,176.0,1368.0,69.3,53.5,6.0,342.5
2024-12-25 23:00:00,Nehru Nagar,28.5676,77.2507,170.0,170.9,1301.0,64.3,50.5,7.0,338.6
2024-12-26 00:00:00,Nehru Nagar,28.5676,77.2507,171.8,172.8,1380.0,64.7,56.3,5.0,340.0
2024-12-26 01:00:00,Nehru Nagar,28.5676,77.2507,173.2,174.2,1783.0,63.4,57.1,2.0,341.1
2024-12-26 02:00:00,Nehru Nagar,28.5676,77.2507,189.1,190.0,2331.0,61.4,58.3,0.0,353.3
2024-12-26 03:00:00,Nehru Nagar,28.5676,77.2507,189.5,190.5,2618.0,58.6,59.2,13.0,353.6
2024-12-26 04:00:00,Nehru Nagar,28.5676,77.2507,192.8,193.2,2407.0,54.9,59.6,54.0,356.1
2024-12-26 05:00:00,Nehru Nagar,28.5676,77.2507,185.3,186.3,1934.0,50.3,59.8,110.0,350.3
2024-12-26 06:00:00,Nehru Nagar,28.5676,77.2507,154.6,155.5,1503.0,45.2,60.3,153.0,326.8
2024-12-26 07:00:00,Nehru Nagar,28.5676,77.2507,113.9,115.0,1165.0,35.7,60.9,176.0,279.2
2024-12-26 08:00:00,Nehru Nagar,28.5676,77.2507,90.8,92.4,868.0,25.7,61.7,186.0,500.0
2024-12-26 09:00:00,Nehru Nagar,28.5676,77.2507,85.4,87.3,767.0,26.7,63.5,182.0,184.3
2024-12-26 10:00:00,Nehru Nagar,28.5676,77.2507,83.1,85.0,945.0,47.4,66.0,156.0,176.4
2024-12-26 11:00:00,Nehru Nagar,28.5676,77.2507,95.2,97.1,1318.0,79.1,69.5,115.0,215.3
2024-12-26 12:00:00,Nehru Nagar,28.5676,77.2507,149.0,151.3,1784.0,106.8,73.3,70.0,322.5
2024-12-26 13:00:00,Nehru Nagar,28.5676,77.2507,176.5,178.8,2446.0,120.4,79.6,49.0,343.6
2024-12-26 14:00:00,Nehru Nagar,28.5676,77.2507,192.8,195.1,3200.0,138.7,87.9,21.0,356.1
2024-12-26 15:00:00,Nehru Nagar,28.5676,77.2507,208.2,210.0,3636.0,149.2,92.0,1.0,367.9
2024-12-26 16:00:00,Nehru Nagar,28.5676,77.2507,219.3,221.7,3507.0,145.6,88.6,0.0,376.4
2024-12-26 17:00:00,Nehru Nagar,28.5676,77.2507,218.9,221.2,3060.0,134.1,81.0,0.0,376.1
2024-12-26 18:00:00,Nehru Nagar,28.5676,77.2507,198.4,200.7,2617.0,121.1,72.2,6.0,360.4
2024-12-26 19:00:00,Nehru Nagar,28.5676,77.2507,180.7,183.0,2272.0,107.2,62.2,12.0,346.8
2024-12-26 20:00:00,Nehru Nagar,28.5676,77.2507,167.2,169.5,1933.0,91.8,51.1,20.0,336.5
2024-12-26 21:00:00,Nehru Nagar,28.5676,77.2507,162.5,164.8,1645.0,78.6,42.0,26.0,332.8
2024-12-26 22:00:00,Nehru Nagar,28.5676,77.2507,150.4,152.3,1417.0,68.9,35.9,28.0,323.6
2024-12-26 23:00:00,Nehru Nagar,28.5676,77.2507,146.7,149.0,1241.0,61.4,31.8,29.0,320.7
2024-12-27 00:00:00,Nehru Nagar,28.5676,77.2507,160.7,162.5,1142.0,77.2,46.0,17.0,331.5
2024-12-27 01:00:00,Nehru Nagar,28.5676,77.2507,145.3,147.1,1180.0,75.1,45.8,18.0,319.6
2024-12-27 02:00:00,Nehru Nagar,28.5676,77.2507,149.0,150.9,1296.0,72.1,45.5,21.0,322.5
2024-12-27 03:00:00,Nehru Nagar,28.5676,77.2507,152.3,154.1,1337.0,68.8,44.2,26.0,325.0
2024-12-27 04:00:00,Nehru Nagar,28.5676,77.2507,148.5,149.9,1217.0,65.3,41.3,38.0,322.1
2024-12-27 05:00:00,Nehru Nagar,28.5676,77.2507,135.5,137.4,1022.0,61.5,37.5,52.0,312.1
2024-12-27 06:00:00,Nehru Nagar,28.5676,77.2507,122.0,123.9,861.0,57.4,34.3,64.0,301.8
2024-12-27 07:00:00,Nehru Nagar,28.5676,77.2507,107.6,109.7,767.0,52.7,32.7,70.0,257.7
2024-12-27 08:00:00,Nehru Nagar,28.5676,77.2507,100.6,102.7,706.0,47.8,31.6,73.0,233.8
2024-12-27 09:00:00,Nehru Nagar,28.5676,77.2507,96.4,98.3,683.0,43.6,29.6,74.0,219.4
2024-12-27 10:00:00,Nehru Nagar,28.5676,77.2507,93.4,95.0,729.0,40.8,25.4,73.0,209.2
2024-12-27 11:00:00,Nehru Nagar,28.5676,77.2507,87.8,89.4,812.0,38.7,20.2,71.0,192.5
2024-12-27 12:00:00,Nehru Nagar,28.5676,77.2507,98.5,101.0,848.0,43.5,19.3,60.0,226.6
2024-12-27 13:00:00,Nehru Nagar,28.5676,77.2507,96.4,98.5,782.0,40.2,19.3,61.0,219.4
2024-12-27 14:00:00,Nehru Nagar,28.5676,77.2507,95.0,97.3,669.0,35.5,19.3,62.0,214.7
2024-12-27 15:00:00,Nehru Nagar,28.5676,77.2507,93.4,95.5,583.0,31.4,19.6,63.0,209.2
2024-12-27 16:00:00,Nehru Nagar,28.5676,77.2507,94.1,96.2,565.0,28.5,20.4,64.0,211.6
2024-12-27 17:00:00,Nehru Nagar,28.5676,77.2507,97.3,99.4,574.0,26.1,21.4,65.0,222.5
2024-12-27 18:00:00,Nehru Nagar,28.5676,77.2507,95.7,97.8,564.0,23.9,22.0,65.0,217.0
2024-12-27 19:00:00,Nehru Nagar,28.5676,77.2507,92.7,95.0,502.0,21.4,21.6,64.0,206.8
2024-12-27 20:00:00,Nehru Nagar,28.5676,77.2507,92.0,94.3,421.0,19.1,20.7,61.0,204.4
2024-12-27 21:00:00,Nehru Nagar,28.5676,77.2507,91.0,93.1,371.0,17.9,20.4,59.0,201.0
2024-12-27 22:00:00,Nehru Nagar,28.5676,77.2507,90.8,93.1,327.0,17.2,20.8,59.0,500.0
2024-12-27 23:00:00,Nehru Nagar,28.5676,77.2507,94.5,96.9,315.0,17.6,21.7,59.0,212.9
2024-12-28 00:00:00,Nehru Nagar,28.5676,77.2507,79.9,81.7,460.0,15.0,19.4,63.0,165.5
2024-12-28 01:00:00,Nehru Nagar,28.5676,77.2507,83.4,85.0,951.0,27.1,25.5,50.0,177.5
2024-12-28 02:00:00,Nehru Nagar,28.5676,77.2507,102.0,103.8,1600.0,43.3,33.9,34.0,238.6
2024-12-28 03:00:00,Nehru Nagar,28.5676,77.2507,121.1,122.5,1965.0,52.4,39.7,27.0,301.1
2024-12-28 04:00:00,Nehru Nagar,28.5676,77.2507,110.4,112.0,1773.0,47.3,40.3,40.0,267.2
2024-12-28 05:00:00,Nehru Nagar,28.5676,77.2507,112.7,115.0,1297.0,35.2,38.3,63.0,275.1
2024-12-28 06:00:00,Nehru Nagar,28.5676,77.2507,100.4,102.4,917.0,26.1,36.8,81.0,233.1
2024-12-28 07:00:00,Nehru Nagar,28.5676,77.2507,96.9,99.0,752.0,22.7,36.3,92.0,221.1
2024-12-28 08:00:00,Nehru Nagar,28.5676,77.2507,91.7,93.4,684.0,22.4,36.3,98.0,203.4
2024-12-28 09:00:00,Nehru Nagar,28.5676,77.2507,86.8,88.5,732.0,27.1,38.7,96.0,189.1
2024-12-28 10:00:00,Nehru Nagar,28.5676,77.2507,82.2,83.4,938.0,40.1,45.1,81.0,173.4
2024-12-28 11:00:00,Nehru Nagar,28.5676,77.2507,92.0,93.1,1262.0,58.3,53.8,59.0,204.4
2024-12-28 12:00:00,Nehru Nagar,28.5676,77.2507,136.0,137.8,1599.0,75.0,63.7,41.0,312.5
2024-12-28 13:00:00,Nehru Nagar,28.5676,77.2507,154.6,156.0,1981.0,82.6,66.2,31.0,326.8
2024-12-28 14:00:00,Nehru Nagar,28.5676,77.2507,156.5,157.9,2377.0,92.5,69.3,18.0,328.2
2024-12-28 15:00:00,Nehru Nagar,28.5676,77.2507,151.3,152.3,2593.0,96.6,69.5,10.0,324.3
2024-12-28 16:00:00,Nehru Nagar,28.5676,77.2507,143.4,144.4,2514.0,90.2,64.4,10.0,318.2
2024-12-28 17:00:00,Nehru Nagar,28.5676,77.2507,139.2,140.2,2255.0,77.9,56.4,15.0,315.0
2024-12-28 18:00:00,Nehru Nagar,28.5676,77.2507,134.1,135.0,1968.0,65.2,48.8,20.0,311.1
2024-12-28 19:00:00,Nehru Nagar,28.5676,77.2507,126.2,127.1,1662.0,53.1,42.4,25.0,305.0
2024-12-28 20:00:00,Nehru Nagar,28.5676,77.2507,119.7,120.6,1328.0,40.6,36.3,31.0,299.0
2024-12-28 21:00:00,Nehru Nagar,28.5676,77.2507,113.2,114.1,1088.0,30.7,31.6,36.0,276.8
2024-12-28 22:00:00,Nehru Nagar,28.5676,77.2507,106.6,107.6,1007.0,24.2,28.6,40.0,254.3
2024-12-28 23:00:00,Nehru Nagar,28.5676,77.2507,99.9,100.6,1019.0,20.2,27.0,42.0,231.4
2024-12-29 00:00:00,Nehru Nagar,28.5676,77.2507,125.3,126.2,1049.0,36.5,31.1,21.0,304.3
2024-12-29 01:00:00,Nehru Nagar,28.5676,77.2507,117.3,118.3,1091.0,36.4,31.7,22.0,290.8
2024-12-29 02:00:00,Nehru Nagar,28.5676,77.2507,115.7,116.4,1151.0,36.1,32.7,23.0,285.3
2024-12-29 03:00:00,Nehru Nagar,28.5676,77.2507,116.4,117.1,1173.0,34.6,34.5,30.0,287.7
2024-12-29 04:00:00,Nehru Nagar,28.5676,77.2507,99.7,100.6,1126.0,30.9,38.2,47.0,230.7
2024-12-29 05:00:00,Nehru Nagar,28.5676,77.2507,85.7,86.6,1041.0,26.1,42.8,69.0,185.3
2024-12-29 06:00:00,Nehru Nagar,28.5676,77.2507,75.0,76.4,953.0,21.9,45.0,88.0,148.8
2024-12-29 07:00:00,Nehru Nagar,28.5676,77.2507,70.1,71.5,844.0,18.2,42.9,104.0,132.1
2024-12-29 08:00:00,Nehru Nagar,28.5676,77.2507,66.6,68.2,732.0,15.2,38.4,117.0,120.1
2024-12-29 09:00:00,Nehru Nagar,28.5676,77.2507,65.4,67.3,708.0,15.6,34.7,121.0,116.0
2024-12-29 10:00:00,Nehru Nagar,28.5676,77.2507,63.1,65.0,849.0,21.6,32.8,111.0,108.2
2024-12-29 11:00:00,Nehru Nagar,28.5676,77.2507,64.0,65.7,1078.0,31.1,31.6,93.0,111.2
2024-12-29 12:00:00,Nehru Nagar,28.5676,77.2507,94.1,95.7,1255.0,39.4,34.2,66.0,211.6
2024-12-29 13:00:00,Nehru Nagar,28.5676,77.2507,100.8,102.2,1333.0,42.4,33.2,56.0,234.5
2024-12-29 14:00:00,Nehru Nagar,28.5676,77.2507,100.6,101.7,1359.0,46.3,31.6,43.0,233.8
2024-12-29 15:00:00,Nehru Nagar,28.5676,77.2507,99.4,100.4,1335.0,47.4,29.9,35.0,229.7
2024-12-29 16:00:00,Nehru Nagar,28.5676,77.2507,95.9,96.6,1240.0,43.3,28.0,36.0,217.7
2024-12-29 17:00:00,Nehru Nagar,28.5676,77.2507,93.6,94.3,1095.0,36.4,25.8,41.0,209.9
2024-12-29 18:00:00,Nehru Nagar,28.5676,77.2507,91.3,92.0,963.0,29.9,23.7,47.0,202.0
2024-12-29 19:00:00,Nehru Nagar,28.5676,77.2507,86.4,87.1,858.0,24.8,21.4,51.0,187.7
2024-12-29 20:00:00,Nehru Nagar,28.5676,77.2507,83.4,84.1,766.0,20.1,19.1,55.0,177.5
2024-12-29 21:00:00,Nehru Nagar,28.5676,77.2507,81.0,81.7,713.0,16.5,17.7,58.0,169.3
2024-12-29 22:00:00,Nehru Nagar,28.5676,77.2507,79.4,79.9,714.0,13.8,17.7,60.0,163.8
2024-12-29 23:00:00,Nehru Nagar,28.5676,77.2507,78.5,78.9,754.0,12.3,18.7,62.0,160.7
2024-12-30 00:00:00,Nehru Nagar,28.5676,77.2507,80.8,81.5,809.0,13.4,19.4,59.0,168.6
2024-12-30 01:00:00,Nehru Nagar,28.5676,77.2507,79.9,80.3,889.0,17.9,22.0,55.0,165.5
2024-12-30 02:00:00,Nehru Nagar,28.5676,77.2507,82.7,83.1,984.0,23.9,25.7,50.0,175.1
2024-12-30 03:00:00,Nehru Nagar,28.5676,77.2507,85.0,85.4,1045.0,27.4,29.4,55.0,182.9
2024-12-30 04:00:00,Nehru Nagar,28.5676,77.2507,82.0,82.2,1040.0,26.0,33.1,76.0,172.7
2024-12-30 05:00:00,Nehru Nagar,28.5676,77.2507,80.1,80.3,999.0,22.0,36.8,106.0,166.2
2024-12-30 06:00:00,Nehru Nagar,28.5676,77.2507,78.7,78.9,966.0,18.4,39.1,132.0,161.4
2024-12-30 07:00:00,Nehru Nagar,28.5676,77.2507,73.8,74.0,928.0,14.7,39.0,153.0,144.7
2024-12-30 08:00:00,Nehru Nagar,28.5676,77.2507,65.4,65.9,897.0,11.4,37.5,169.0,116.0
2024-12-30 09:00:00,Nehru Nagar,28.5676,77.2507,57.5,57.9,953.0,12.2,35.8,173.0,95.8
2024-12-30 10:00:00,Nehru Nagar,28.5676,77.2507,53.4,53.9,1177.0,19.9,34.0,155.0,88.8
2024-12-30 11:00:00,Nehru Nagar,28.5676,77.2507,54.6,55.1,1487.0,31.8,32.0,125.0,90.9
2024-12-30 12:00:00,Nehru Nagar,28.5676,77.2507,102.7,103.8,1722.0,56.8,45.6,92.0,240.9
2024-12-30 13:00:00,Nehru Nagar,28.5676,77.2507,117.3,118.3,1815.0,64.8,47.0,73.0,290.8
2024-12-30 14:00:00,Nehru Nagar,28.5676,77.2507,126.2,127.6,1832.0,75.7,48.9,47.0,305.0
2024-12-30 15:00:00,Nehru Nagar,28.5676,77.2507,131.8,132.7,1808.0,82.4,50.0,27.0,309.3
2024-12-30 16:00:00,Nehru Nagar,28.5676,77.2507,137.4,138.3,1743.0,81.8,50.2,20.0,313.6
2024-12-30 17:00:00,Nehru Nagar,28.5676,77.2507,141.6,143.0,1638.0,77.2,49.6,19.0,316.8
2024-12-30 18:00:00,Nehru Nagar,28.5676,77.2507,141.6,143.0,1524.0,70.8,47.4,21.0,316.8
2024-12-30 19:00:00,Nehru Nagar,28.5676,77.2507,134.6,135.5,1400.0,62.8,42.4,25.0,311.4
2024-12-30 20:00:00,Nehru Nagar,28.5676,77.2507,128.1,129.5,1267.0,53.0,35.8,31.0,306.4
2024-12-30 21:00:00,Nehru Nagar,28.5676,77.2507,123.9,125.3,1169.0,44.1,30.5,37.0,303.2
2024-12-30 22:00:00,Nehru Nagar,28.5676,77.2507,119.0,120.1,1113.0,35.6,27.2,43.0,296.6
2024-12-30 23:00:00,Nehru Nagar,28.5676,77.2507,115.3,116.4,1091.0,27.8,25.2,49.0,284.0
2024-12-31 00:00:00,Nehru Nagar,28.5676,77.2507,157.9,159.3,1118.0,48.5,36.2,20.0,329.3
2024-12-31 01:00:00,Nehru Nagar,28.5676,77.2507,153.7,154.6,1236.0,47.1,35.9,21.0,326.1
2024-12-31 02:00:00,Nehru Nagar,28.5676,77.2507,157.9,158.8,1404.0,44.8,35.6,24.0,329.3
2024-12-31 03:00:00,Nehru Nagar,28.5676,77.2507,150.9,152.3,1507.0,41.4,36.4,34.0,323.9
2024-12-31 04:00:00,Nehru Nagar,28.5676,77.2507,137.4,139.2,1490.0,35.8,39.2,57.0,313.6
2024-12-31 05:00:00,Nehru Nagar,28.5676,77.2507,117.6,119.7,1410.0,29.0,43.1,87.0,291.8
2024-12-31 06:00:00,Nehru Nagar,28.5676,77.2507,100.8,103.4,1321.0,23.7,45.9,112.0,234.5
2024-12-31 07:00:00,Nehru Nagar,28.5676,77.2507,95.7,98.0,1189.0,19.6,46.3,132.0,217.0
2024-12-31 08:00:00,Nehru Nagar,28.5676,77.2507,92.4,94.8,1048.0,17.1,45.7,147.0,205.8
2024-12-31 09:00:00,Nehru Nagar,28.5676,77.2507,89.2,91.5,1062.0,19.4,45.4,151.0,197.3
2024-12-31 10:00:00,Nehru Nagar,28.5676,77.2507,88.0,90.1,1350.0,29.3,45.9,138.0,193.2
2024-12-31 11:00:00,Nehru Nagar,28.5676,77.2507,88.7,91.0,1792.0,44.1,46.7,114.0,195.6
2024-12-31 12:00:00,Nehru Nagar,28.5676,77.2507,158.3,162.1,2195.0,76.3,78.7,88.0,329.6
2024-12-31 13:00:00,Nehru Nagar,28.5676,77.2507,190.5,193.7,2539.0,91.0,82.2,64.0,354.3
2024-12-31 14:00:00,Nehru Nagar,28.5676,77.2507,210.9,214.7,2843.0,110.9,86.7,32.0,370.0
2024-12-31 15:00:00,Nehru Nagar,28.5676,77.2507,217.5,220.7,2971.0,121.9,87.9,9.0,375.1
2024-12-31 16:00:00,Nehru Nagar,28.5676,77.2507,217.0,220.3,2813.0,117.0,83.6,5.0,374.7
2024-12-31 17:00:00,Nehru Nagar,28.5676,77.2507,217.0,220.3,2479.0,103.4,76.1,10.0,374.7
2024-12-31 18:00:00,Nehru Nagar,28.5676,77.2507,209.5,212.8,2161.0,88.6,67.4,17.0,368.9
2024-12-31 19:00:00,Nehru Nagar,28.5676,77.2507,193.7,197.0,1907.0,74.2,57.5,24.0,356.8
2024-12-31 20:00:00,Nehru Nagar,28.5676,77.2507,180.7,183.9,1669.0,58.6,46.5,33.0,346.8
2024-12-31 21:00:00,Nehru Nagar,28.5676,77.2507,167.6,170.4,1493.0,45.0,37.2,42.0,336.8
2024-12-31 22:00:00,Nehru Nagar,28.5676,77.2507,153.2,156.0,1401.0,33.8,30.3,50.0,325.7
2024-12-31 23:00:00,Nehru Nagar,28.5676,77.2507,141.6,144.4,1372.0,24.6,25.1,57.0,316.8
2024-12-19 12:00:00,North Campus DU,28.6879,77.2097,144.8,147.6,1286.0,75.6,65.6,98.0,319.3
2024-12-19 13:00:00,North Campus DU,28.6879,77.2097,168.1,170.4,1444.0,84.5,70.3,78.0,337.1
2024-12-19 14:00:00,North Campus DU,28.6879,77.2097,190.0,192.3,1596.0,96.5,76.5,50.0,354.0
2024-12-19 15:00:00,North Campus DU,28.6879,77.2097,204.9,207.2,1687.0,103.4,79.9,29.0,365.4
2024-12-19 16:00:00,North Campus DU,28.6879,77.2097,212.3,214.2,1679.0,101.2,78.3,22.0,371.1
2024-12-19 17:00:00,North Campus DU,28.6879,77.2097,213.7,215.6,1610.0,94.0,73.9,23.0,372.1
2024-12-19 18:00:00,North Campus DU,28.6879,77.2097,207.2,209.1,1536.0,85.6,68.1,25.0,367.2
2024-12-19 19:00:00,North Campus DU,28.6879,77.2097,195.1,197.0,1466.0,76.7,60.6,28.0,357.9
2024-12-19 20:00:00,North Campus DU,28.6879,77.2097,184.9,186.7,1393.0,66.7,51.7,33.0,350.0
2024-12-19 21:00:00,North Campus DU,28.6879,77.2097,177.0,178.8,1346.0,57.7,44.6,36.0,344.0
2024-12-19 22:00:00,North Campus DU,28.6879,77.2097,170.9,172.3,1327.0,49.3,39.8,37.0,339.3
2024-12-19 23:00:00,North Campus DU,28.6879,77.2097,165.3,167.2,1336.0,42.0,36.6,37.0,335.0
2024-12-20 00:00:00,North Campus DU,28.6879,77.2097,147.6,149.0,1401.0,28.2,37.5,55.0,321.4
2024-12-20 01:00:00,North Campus DU,28.6879,77.2097,157.9,159.7,1608.0,39.2,43.6,44.0,329.3
2024-12-20 02:00:00,North Campus DU,28.6879,77.2097,176.0,177.9,1871.0,53.8,51.8,30.0,343.2
2024-12-20 03:00:00,North Campus DU,28.6879,77.2097,181.6,183.0,1963.0,61.1,57.4,34.0,347.5
2024-12-20 04:00:00,North Campus DU,28.6879,77.2097,156.5,157.9,1724.0,53.8,57.4,73.0,328.2
2024-12-20 05:00:00,North Campus DU,28.6879,77.2097,138.8,140.2,1313.0,39.1,54.8,129.0,314.7
2024-12-20 06:00:00,North Campus DU,28.6879,77.2097,111.8,113.9,982.0,27.5,52.9,172.0,272.0
2024-12-20 07:00:00,North Campus DU,28.6879,77.2097,94.3,96.9,812.0,21.6,53.2,190.0,212.3
2024-12-20 08:00:00,North Campus DU,28.6879,77.2097,84.1,86.6,721.0,18.8,54.3,195.0,179.9
2024-12-20 09:00:00,North Campus DU,28.6879,77.2097,80.1,82.4,713.0,22.0,55.4,187.0,166.2
2024-12-20 10:00:00,North Campus DU,28.6879,77.2097,78.5,80.6,835.0,36.2,56.4,162.0,160.7
2024-12-20 11:00:00,North Campus DU,28.6879,77.2097,85.9,87.5,1041.0,56.5,57.3,125.0,186.0
2024-12-20 12:00:00,North Campus DU,28.6879,77.2097,115.5,117.3,1193.0,74.4,56.9,86.0,284.6
2024-12-20 13:00:00,North Campus DU,28.6879,77.2097,125.3,126.7,1226.0,70.4,54.7,77.0,304.3
2024-12-20 14:00:00,North Campus DU,28.6879,77.2097,126.7,128.5,1206.0,64.5,51.5,64.0,305.4
2024-12-20 15:00:00,North Campus DU,28.6879,77.2097,126.7,128.1,1191.0,58.2,48.2,55.0,305.4
2024-12-20 16:00:00,North Campus DU,28.6879,77.2097,127.1,128.1,1211.0,51.5,44.8,52.0,305.7
2024-12-20 17:00:00,North Campus DU,28.6879,77.2097,127.6,128.5,1236.0,44.2,41.3,52.0,306.1
2024-12-20 18:00:00,North Campus DU,28.6879,77.2097,125.7,126.7,1234.0,37.6,38.7,52.0,304.6
2024-12-20 19:00:00,North Campus DU,28.6879,77.2097,122.0,123.4,1180.0,31.6,37.8,52.0,301.8
2024-12-20 20:00:00,North Campus DU,28.6879,77.2097,119.7,120.6,1098.0,26.3,37.8,51.0,299.0
2024-12-20 21:00:00,North Campus DU,28.6879,77.2097,117.6,118.5,1035.0,22.3,37.7,51.0,291.8
2024-12-20 22:00:00,North Campus DU,28.6879,77.2097,115.9,116.9,979.0,19.6,36.9,50.0,286.0
2024-12-20 23:00:00,North Campus DU,28.6879,77.2097,114.6,115.7,942.0,18.4,35.9,49.0,281.6
2024-12-21 00:00:00,North Campus DU,28.6879,77.2097,116.4,117.3,1000.0,21.0,41.3,46.0,287.7
2024-12-21 01:00:00,North Campus DU,28.6879,77.2097,123.9,124.8,1266.0,27.1,44.6,38.0,303.2
2024-12-21 02:00:00,North Campus DU,28.6879,77.2097,138.3,139.2,1627.0,35.3,49.0,28.0,314.3
2024-12-21 03:00:00,North Campus DU,28.6879,77.2097,144.8,145.8,1823.0,40.2,51.9,30.0,319.3
2024-12-21 04:00:00,North Campus DU,28.6879,77.2097,143.0,143.9,1709.0,38.8,51.9,56.0,317.9
2024-12-21 05:00:00,North Campus DU,28.6879,77.2097,138.3,139.2,1431.0,33.9,50.3,94.0,314.3
2024-12-21 06:00:00,North Campus DU,28.6879,77.2097,129.5,130.4,1163.0,28.9,48.7,127.0,307.5
2024-12-21 07:00:00,North Campus DU,28.6879,77.2097,110.1,111.5,929.0,22.3,47.4,150.0,266.2
2024-12-21 08:00:00,North Campus DU,28.6879,77.2097,98.5,100.1,707.0,15.6,46.2,168.0,226.6
2024-12-21 09:00:00,North Campus DU,28.6879,77.2097,92.7,94.3,603.0,15.6,45.6,171.0,206.8
2024-12-21 10:00:00,North Campus DU,28.6879,77.2097,90.3,92.0,700.0,28.3,45.7,151.0,500.0
2024-12-21 11:00:00,North Campus DU,28.6879,77.2097,98.7,99.9,916.0,47.7,46.4,116.0,227.3
2024-12-21 12:00:00,North Campus DU,28.6879,77.2097,134.1,136.0,1115.0,62.1,50.3,84.0,311.1
2024-12-21 13:00:00,North Campus DU,28.6879,77.2097,152.7,154.6,1252.0,67.0,53.7,70.0,325.3
2024-12-21 14:00:00,North Campus DU,28.6879,77.2097,166.7,168.6,1372.0,73.7,58.4,51.0,336.1
2024-12-21 15:00:00,North Campus DU,28.6879,77.2097,180.2,181.6,1468.0,78.0,62.0,35.0,346.4
2024-12-21 16:00:00,North Campus DU,28.6879,77.2097,193.7,195.1,1540.0,78.0,63.9,26.0,356.8
2024-12-21 17:00:00,North Campus DU,28.6879,77.2097,206.3,208.2,1589.0,75.7,64.7,21.0,366.5
2024-12-21 18:00:00,North Campus DU,28.6879,77.2097,213.3,214.7,1608.0,73.0,64.3,18.0,371.8
2024-12-21 19:00:00,North Campus DU,28.6879,77.2097,214.2,215.6,1574.0,70.5,62.4,16.0,372.5
2024-12-21 20:00:00,North Campus DU,28.6879,77.2097,215.6,217.0,1510.0,67.6,59.2,16.0,373.6
2024-12-21 21:00:00,North Campus DU,28.6879,77.2097,214.2,216.1,1480.0,64.2,56.0,17.0,372.5
2024-12-21 22:00:00,North Campus DU,28.6879,77.2097,205.8,207.7,1452.0,59.2,51.8,21.0,366.1
2024-12-21 23:00:00,North Campus DU,28.6879,77.2097,193.7,195.6,1458.0,53.8,47.6,27.0,356.8
2024-12-22 00:00:00,North Campus DU,28.6879,77.2097,200.7,202.6,1655.0,57.6,44.6,20.0,362.2
2024-12-22 01:00:00,North Campus DU,28.6879,77.2097,204.4,206.3,2318.0,60.8,53.7,19.0,365.0
2024-12-22 02:00:00,North Campus DU,28.6879,77.2097,220.7,223.1,3172.0,64.8,66.2,19.0,377.5
2024-12-22 03:00:00,North Campus DU,28.6879,77.2097,238.0,239.3,3553.0,64.8,74.9,32.0,390.8
2024-12-22 04:00:00,North Campus DU,28.6879,77.2097,218.9,220.3,3003.0,57.4,76.5,69.0,376.1
2024-12-22 05:00:00,North Campus DU,28.6879,77.2097,185.8,187.7,1981.0,45.9,74.3,120.0,350.7
2024-12-22 06:00:00,North Campus DU,28.6879,77.2097,140.2,142.5,1194.0,36.0,71.8,159.0,315.7
2024-12-22 07:00:00,North Campus DU,28.6879,77.2097,117.6,119.7,934.0,26.5,69.1,181.0,291.8
2024-12-22 08:00:00,North Campus DU,28.6879,77.2097,101.7,103.8,911.0,18.5,66.0,192.0,237.5
2024-12-22 09:00:00,North Campus DU,28.6879,77.2097,93.8,95.9,961.0,20.7,65.0,188.0,210.6
2024-12-22 10:00:00,North Campus DU,28.6879,77.2097,90.6,92.4,1066.0,41.8,67.7,162.0,500.0
2024-12-22 11:00:00,North Campus DU,28.6879,77.2097,105.5,107.1,1244.0,73.2,72.5,122.0,250.5
2024-12-22 12:00:00,North Campus DU,28.6879,77.2097,158.8,160.7,1392.0,101.3,82.2,75.0,330.0
2024-12-22 13:00:00,North Campus DU,28.6879,77.2097,190.0,191.4,1471.0,103.8,84.7,63.0,354.0
2024-12-22 14:00:00,North Campus DU,28.6879,77.2097,207.2,209.1,1520.0,106.9,87.9,46.0,367.2
2024-12-22 15:00:00,North Campus DU,28.6879,77.2097,210.5,211.9,1547.0,107.0,87.9,34.0,369.7
2024-12-22 16:00:00,North Campus DU,28.6879,77.2097,203.0,204.4,1568.0,102.9,82.3,32.0,363.9
2024-12-22 17:00:00,North Campus DU,28.6879,77.2097,197.9,199.3,1568.0,95.9,73.5,36.0,360.0
2024-12-22 18:00:00,North Campus DU,28.6879,77.2097,183.9,185.3,1510.0,85.5,64.8,42.0,349.3
2024-12-22 19:00:00,North Campus DU,28.6879,77.2097,164.4,165.3,1337.0,68.9,56.3,53.0,334.3
2024-12-22 20:00:00,North Campus DU,28.6879,77.2097,146.2,147.1,1105.0,49.1,47.8,66.0,320.3
2024-12-22 21:00:00,North Campus DU,28.6879,77.2097,139.2,140.6,947.0,34.4,42.1,75.0,315.0
2024-12-22 22:00:00,North Campus DU,28.6879,77.2097,138.8,140.2,910.0,28.0,40.3,76.0,314.7
2024-12-22 23:00:00,North Campus DU,28.6879,77.2097,142.0,143.4,945.0,26.7,41.2,71.0,317.1
2024-12-23 00:00:00,North Campus DU,28.6879,77.2097,117.6,118.7,1042.0,18.7,34.3,76.0,291.8
2024-12-23 01:00:00,North Campus DU,28.6879,77.2097,122.9,123.9,1260.0,30.0,38.4,62.0,302.5
2024-12-23 02:00:00,North Campus DU,28.6879,77.2097,137.4,138.8,1538.0,45.4,44.1,44.0,313.6
2024-12-23 03:00:00,North Campus DU,28.6879,77.2097,156.9,157.9,1685.0,55.4,47.6,36.0,328.6
2024-12-23 04:00:00,North Campus DU,28.6879,77.2097,149.9,150.9,1589.0,55.4,47.0,47.0,323.2
2024-12-23 05:00:00,North Campus DU,28.6879,77.2097,145.8,146.7,1362.0,50.2,44.4,69.0,320.0
2024-12-23 06:00:00,North Campus DU,28.6879,77.2097,143.9,145.3,1144.0,44.2,42.1,89.0,318.6
2024-12-23 07:00:00,North Campus DU,28.6879,77.2097,131.3,132.7,962.0,38.0,41.1,106.0,308.9
2024-12-23 08:00:00,North Campus DU,28.6879,77.2097,116.6,118.3,789.0,31.0,40.5,122.0,288.4
2024-12-23 09:00:00,North Campus DU,28.6879,77.2097,110.8,112.5,684.0,26.8,40.0,130.0,268.6
2024-12-23 10:00:00,North Campus DU,28.6879,77.2097,105.9,107.8,700.0,27.8,39.9,127.0,251.9
2024-12-23 11:00:00,North Campus DU,28.6879,77.2097,100.8,102.4,784.0,31.5,40.1,116.0,234.5
2024-12-23 12:00:00,North Campus DU,28.6879,77.2097,129.9,131.8,837.0,38.6,38.7,106.0,307.8
2024-12-23 13:00:00,North Campus DU,28.6879,77.2097,123.9,126.2,811.0,36.8,39.4,98.0,303.2
2024-12-23 14:00:00,North Campus DU,28.6879,77.2097,120.1,122.0,753.0,34.3,40.4,86.0,500.0
2024-12-23 15:00:00,North Campus DU,28.6879,77.2097,116.6,118.5,714.0,32.8,41.0,75.0,288.4
2024-12-23 16:00:00,North Campus DU,28.6879,77.2097,114.6,116.4,717.0,33.4,41.2,66.0,281.6
2024-12-23 17:00:00,North Campus DU,28.6879,77.2097,115.7,117.8,739.0,34.9,41.2,59.0,285.3
2024-12-23 18:00:00,North Campus DU,28.6879,77.2097,116.6,118.5,751.0,35.1,40.2,53.0,288.4
2024-12-23 19:00:00,North Campus DU,28.6879,77.2097,113.9,115.7,742.0,32.4,37.9,51.0,279.2
2024-12-23 20:00:00,North Campus DU,28.6879,77.2097,110.6,112.7,723.0,28.3,34.7,52.0,267.9
2024-12-23 21:00:00,North Campus DU,28.6879,77.2097,109.7,111.8,707.0,25.1,31.7,51.0,264.8
2024-12-23 22:00:00,North Campus DU,28.6879,77.2097,108.5,110.4,690.0,23.2,28.9,47.0,260.7
2024-12-23 23:00:00,North Campus DU,28.6879,77.2097,105.7,107.3,676.0,22.1,26.3,43.0,251.2
2024-12-24 00:00:00,North Campus DU,28.6879,77.2097,83.1,85.0,679.0,17.2,17.5,60.0,176.4
2024-12-24 01:00:00,North Campus DU,28.6879,77.2097,84.5,86.4,723.0,24.2,20.1,54.0,181.2
2024-12-24 02:00:00,North Campus DU,28.6879,77.2097,93.1,95.0,786.0,33.6,23.6,47.0,208.2
2024-12-24 03:00:00,North Campus DU,28.6879,77.2097,102.9,105.0,816.0,38.9,26.5,49.0,241.6
2024-12-24 04:00:00,North Campus DU,28.6879,77.2097,108.0,109.9,783.0,36.2,27.7,68.0,259.0
2024-12-24 05:00:00,North Campus DU,28.6879,77.2097,106.9,109.2,718.0,29.6,28.2,97.0,255.3
2024-12-24 06:00:00,North Campus DU,28.6879,77.2097,102.7,105.7,663.0,24.2,29.6,121.0,240.9
2024-12-24 07:00:00,North Campus DU,28.6879,77.2097,106.4,109.7,588.0,19.6,32.0,138.0,253.6
2024-12-24 08:00:00,North Campus DU,28.6879,77.2097,107.1,110.6,523.0,16.3,35.3,151.0,256.0
2024-12-24 09:00:00,North Campus DU,28.6879,77.2097,107.8,111.1,604.0,21.6,40.0,150.0,258.4
2024-12-24 10:00:00,North Campus DU,28.6879,77.2097,108.7,111.8,932.0,43.5,46.5,126.0,261.4
2024-12-24 11:00:00,North Campus DU,28.6879,77.2097,119.7,122.0,1405.0,73.9,54.6,88.0,299.0
2024-12-24 12:00:00,North Campus DU,28.6879,77.2097,134.1,136.0,1855.0,77.1,46.7,62.0,311.1
2024-12-24 13:00:00,North Campus DU,28.6879,77.2097,142.5,143.9,2224.0,74.5,46.8,56.0,317.5
2024-12-24 14:00:00,North Campus DU,28.6879,77.2097,141.6,143.0,2570.0,70.5,46.6,47.0,316.8
2024-12-24 15:00:00,North Campus DU,28.6879,77.2097,131.8,133.2,2898.0,65.0,44.8,41.0,309.3
2024-12-24 16:00:00,North Campus DU,28.6879,77.2097,120.1,121.5,3282.0,56.9,40.0,39.0,500.0
2024-12-24 17:00:00,North Campus DU,28.6879,77.2097,111.8,112.9,3648.0,47.2,33.5,38.0,272.0
2024-12-24 18:00:00,North Campus DU,28.6879,77.2097,105.5,106.6,3776.0,39.0,28.0,38.0,250.5
2024-12-24 19:00:00,North Campus DU,28.6879,77.2097,100.4,101.5,3513.0,33.3,24.3,37.0,233.1
2024-12-24 20:00:00,North Campus DU,28.6879,77.2097,98.0,99.4,3012.0,29.1,21.5,37.0,224.9
2024-12-24 21:00:00,North Campus DU,28.6879,77.2097,98.0,99.2,2518.0,26.1,19.5,36.0,224.9
2024-12-24 22:00:00,North Campus DU,28.6879,77.2097,98.7,100.1,2048.0,24.0,18.1,35.0,227.3
2024-12-24 23:00:00,North Campus DU,28.6879,77.2097,99.7,101.0,1585.0,23.2,17.5,34.0,230.7
2024-12-25 00:00:00,North Campus DU,28.6879,77.2097,94.3,95.7,1320.0,21.1,16.8,39.0,212.3
2024-12-25 01:00:00,North Campus DU,28.6879,77.2097,101.0,102.4,1432.0,28.4,23.0,31.0,235.1
2024-12-25 02:00:00,North Campus DU,28.6879,77.2097,118.0,119.7,1743.0,38.3,31.4,21.0,293.2
2024-12-25 03:00:00,North Campus DU,28.6879,77.2097,134.6,136.0,1909.0,43.8,37.2,24.0,311.4
2024-12-25 04:00:00,North Campus DU,28.6879,77.2097,128.1,129.0,1761.0,41.0,37.0,52.0,306.4
2024-12-25 05:00:00,North Campus DU,28.6879,77.2097,119.7,121.1,1468.0,33.8,34.0,93.0,299.0
2024-12-25 06:00:00,North Campus DU,28.6879,77.2097,95.7,97.6,1196.0,27.4,33.3,126.0,217.0
2024-12-25 07:00:00,North Campus DU,28.6879,77.2097,87.8,90.1,974.0,22.1,37.7,147.0,192.5
2024-12-25 08:00:00,North Campus DU,28.6879,77.2097,91.7,94.1,773.0,17.5,44.4,161.0,203.4
2024-12-25 09:00:00,North Campus DU,28.6879,77.2097,94.1,96.4,676.0,18.3,49.3,162.0,211.6
2024-12-25 10:00:00,North Campus DU,28.6879,77.2097,94.5,96.9,734.0,28.6,50.3,143.0,212.9
2024-12-25 11:00:00,North Campus DU,28.6879,77.2097,100.1,102.0,896.0,44.2,49.5,111.0,232.1
2024-12-25 12:00:00,North Campus DU,28.6879,77.2097,133.2,135.0,1090.0,57.4,47.5,74.0,310.4
2024-12-25 13:00:00,North Campus DU,28.6879,77.2097,144.4,146.2,1340.0,61.4,50.0,61.0,319.0
2024-12-25 14:00:00,North Campus DU,28.6879,77.2097,151.8,153.2,1622.0,66.8,53.5,43.0,324.6
2024-12-25 15:00:00,North Campus DU,28.6879,77.2097,160.7,161.6,1796.0,70.3,56.4,29.0,331.5
2024-12-25 16:00:00,North Campus DU,28.6879,77.2097,167.6,169.0,1778.0,70.0,58.6,23.0,336.8
2024-12-25 17:00:00,North Campus DU,28.6879,77.2097,174.6,176.0,1652.0,67.8,60.2,20.0,342.1
2024-12-25 18:00:00,North Campus DU,28.6879,77.2097,178.3,179.3,1528.0,65.3,60.1,18.0,345.0
2024-12-25 19:00:00,North Campus DU,28.6879,77.2097,179.3,180.2,1438.0,63.3,57.0,15.0,345.7
2024-12-25 20:00:00,North Campus DU,28.6879,77.2097,179.7,180.7,1352.0,61.1,52.2,13.0,346.0
2024-12-25 21:00:00,North Campus DU,28.6879,77.2097,178.8,180.2,1285.0,58.4,48.2,12.0,345.4
2024-12-25 22:00:00,North Campus DU,28.6879,77.2097,175.6,176.5,1216.0,54.2,45.6,13.0,342.9
2024-12-25 23:00:00,North Campus DU,28.6879,77.2097,170.0,170.9,1166.0,49.6,43.8,15.0,338.6
2024-12-26 00:00:00,North Campus DU,28.6879,77.2097,182.5,183.9,1222.0,48.6,39.7,9.0,348.2
2024-12-26 01:00:00,North Campus DU,28.6879,77.2097,173.7,174.6,1506.0,48.1,42.1,6.0,341.4
2024-12-26 02:00:00,North Campus DU,28.6879,77.2097,186.3,187.2,1895.0,47.3,45.4,4.0,351.1
2024-12-26 03:00:00,North Campus DU,28.6879,77.2097,192.3,192.8,2108.0,45.7,47.9,16.0,355.7
2024-12-26 04:00:00,North Campus DU,28.6879,77.2097,192.3,192.8,1992.0,43.1,48.3,56.0,355.7
2024-12-26 05:00:00,North Campus DU,28.6879,77.2097,180.2,180.7,1699.0,39.7,47.8,110.0,346.4
2024-12-26 06:00:00,North Campus DU,28.6879,77.2097,146.7,147.6,1411.0,36.2,48.4,151.0,320.7
2024-12-26 07:00:00,North Campus DU,28.6879,77.2097,100.1,101.3,1144.0,29.2,50.5,172.0,232.1
2024-12-26 08:00:00,North Campus DU,28.6879,77.2097,80.6,82.0,882.0,22.0,53.7,180.0,167.9
2024-12-26 09:00:00,North Campus DU,28.6879,77.2097,75.9,77.5,749.0,25.3,58.1,174.0,151.9
2024-12-26 10:00:00,North Campus DU,28.6879,77.2097,75.4,77.5,840.0,48.6,64.3,147.0,150.2
2024-12-26 11:00:00,North Campus DU,28.6879,77.2097,88.2,89.9,1061.0,82.5,71.7,106.0,193.9
2024-12-26 12:00:00,North Campus DU,28.6879,77.2097,139.2,142.0,1258.0,103.4,69.3,63.0,315.0
2024-12-26 13:00:00,North Campus DU,28.6879,77.2097,170.4,172.8,1371.0,109.4,75.6,49.0,338.9
2024-12-26 14:00:00,North Campus DU,28.6879,77.2097,190.9,193.2,1460.0,117.5,84.2,29.0,354.6
2024-12-26 15:00:00,North Campus DU,28.6879,77.2097,212.3,214.7,1552.0,122.3,89.2,15.0,371.1
2024-12-26 16:00:00,North Campus DU,28.6879,77.2097,230.0,232.8,1685.0,121.7,88.6,10.0,384.7
2024-12-26 17:00:00,North Campus DU,28.6879,77.2097,235.6,238.4,1819.0,117.7,84.6,11.0,388.9
2024-12-26 18:00:00,North Campus DU,28.6879,77.2097,220.3,223.1,1866.0,110.9,77.5,13.0,377.2
2024-12-26 19:00:00,North Campus DU,28.6879,77.2097,205.8,208.2,1759.0,99.6,65.4,17.0,366.1
2024-12-26 20:00:00,North Campus DU,28.6879,77.2097,185.8,187.7,1564.0,85.4,50.4,23.0,350.7
2024-12-26 21:00:00,North Campus DU,28.6879,77.2097,162.1,164.4,1387.0,73.9,38.7,28.0,332.5
2024-12-26 22:00:00,North Campus DU,28.6879,77.2097,145.3,147.1,1265.0,67.3,33.4,31.0,319.6
2024-12-26 23:00:00,North Campus DU,28.6879,77.2097,144.4,146.7,1162.0,63.4,31.6,33.0,319.0
2024-12-27 00:00:00,North Campus DU,28.6879,77.2097,146.2,148.1,1077.0,71.4,44.3,25.0,320.3
2024-12-27 01:00:00,North Campus DU,28.6879,77.2097,130.9,132.7,1022.0,68.8,45.3,26.0,308.6
2024-12-27 02:00:00,North Campus DU,28.6879,77.2097,138.8,140.6,985.0,64.9,46.4,28.0,314.7
2024-12-27 03:00:00,North Campus DU,28.6879,77.2097,140.6,142.0,927.0,60.3,45.4,33.0,316.0
2024-12-27 04:00:00,North Campus DU,28.6879,77.2097,138.8,140.2,815.0,54.6,40.6,45.0,314.7
2024-12-27 05:00:00,North Campus DU,28.6879,77.2097,117.6,119.2,682.0,48.2,33.8,60.0,291.8
2024-12-27 06:00:00,North Campus DU,28.6879,77.2097,97.8,99.7,586.0,42.2,27.9,72.0,224.2
2024-12-27 07:00:00,North Campus DU,28.6879,77.2097,94.5,97.1,558.0,36.6,24.2,77.0,212.9
2024-12-27 08:00:00,North Campus DU,28.6879,77.2097,91.5,93.8,567.0,31.4,21.5,79.0,202.7
2024-12-27 09:00:00,North Campus DU,28.6879,77.2097,89.4,91.3,580.0,28.1,19.3,79.0,198.0
2024-12-27 10:00:00,North Campus DU,28.6879,77.2097,85.4,87.1,588.0,28.0,17.3,78.0,184.3
2024-12-27 11:00:00,North Campus DU,28.6879,77.2097,80.6,82.0,600.0,29.8,15.9,75.0,167.9
2024-12-27 12:00:00,North Campus DU,28.6879,77.2097,94.3,96.6,607.0,36.8,16.6,64.0,212.3
2024-12-27 13:00:00,North Campus DU,28.6879,77.2097,93.6,95.7,605.0,35.2,17.7,64.0,209.9
2024-12-27 14:00:00,North Campus DU,28.6879,77.2097,96.6,98.7,600.0,32.8,19.2,64.0,220.1
2024-12-27 15:00:00,North Campus DU,28.6879,77.2097,98.3,100.4,597.0,30.6,20.6,65.0,225.9
2024-12-27 16:00:00,North Campus DU,28.6879,77.2097,102.2,104.5,610.0,28.8,21.7,66.0,239.2
2024-12-27 17:00:00,North Campus DU,28.6879,77.2097,106.9,109.2,626.0,27.1,22.6,68.0,255.3
2024-12-27 18:00:00,North Campus DU,28.6879,77.2097,104.3,106.6,614.0,25.5,23.2,68.0,246.4
2024-12-27 19:00:00,North Campus DU,28.6879,77.2097,100.8,103.1,543.0,23.7,23.1,66.0,234.5
2024-12-27 20:00:00,North Campus DU,28.6879,77.2097,100.4,102.7,445.0,21.9,22.5,63.0,233.1
2024-12-27 21:00:00,North Campus DU,28.6879,77.2097,99.9,102.0,382.0,20.9,22.3,60.0,231.4
2024-12-27 22:00:00,North Campus DU,28.6879,77.2097,96.2,98.0,354.0,20.3,22.0,57.0,218.8
2024-12-27 23:00:00,North Campus DU,28.6879,77.2097,91.7,93.6,363.0,20.6,22.0,55.0,203.4
2024-12-28 00:00:00,North Campus DU,28.6879,77.2097,82.0,84.1,473.0,17.1,21.0,66.0,172.7
2024-12-28 01:00:00,North Campus DU,28.6879,77.2097,82.4,84.5,807.0,29.8,29.6,55.0,174.1
2024-12-28 02:00:00,North Campus DU,28.6879,77.2097,105.2,107.6,1242.0,46.9,41.4,40.0,249.5
2024-12-28 03:00:00,North Campus DU,28.6879,77.2097,125.3,127.6,1481.0,57.7,50.5,34.0,304.3
2024-12-28 04:00:00,North Campus DU,28.6879,77.2097,112.0,113.9,1333.0,55.7,53.9,45.0,272.7
2024-12-28 05:00:00,North Campus DU,28.6879,77.2097,103.8,105.9,989.0,47.2,54.5,65.0,244.7
2024-12-28 06:00:00,North Campus DU,28.6879,77.2097,99.9,102.0,719.0,40.6,55.2,80.0,231.4
2024-12-28 07:00:00,North Campus DU,28.6879,77.2097,99.0,101.0,614.0,38.2,57.3,87.0,228.3
2024-12-28 08:00:00,North Campus DU,28.6879,77.2097,97.3,99.4,583.0,37.6,59.5,91.0,222.5
2024-12-28 09:00:00,North Campus DU,28.6879,77.2097,95.2,97.1,627.0,40.3,61.1,88.0,215.3
2024-12-28 10:00:00,North Campus DU,28.6879,77.2097,91.5,93.1,761.0,48.5,61.5,77.0,202.7
2024-12-28 11:00:00,North Campus DU,28.6879,77.2097,95.9,97.6,969.0,59.9,61.3,59.0,217.7
2024-12-28 12:00:00,North Campus DU,28.6879,77.2097,128.5,130.4,1204.0,67.4,56.8,47.0,306.8
2024-12-28 13:00:00,North Campus DU,28.6879,77.2097,149.5,151.3,1504.0,67.0,55.3,42.0,322.9
2024-12-28 14:00:00,North Campus DU,28.6879,77.2097,155.1,156.5,1830.0,66.3,53.0,35.0,327.2
2024-12-28 15:00:00,North Campus DU,28.6879,77.2097,150.9,152.3,2023.0,63.9,49.9,30.0,323.9
2024-12-28 16:00:00,North Campus DU,28.6879,77.2097,146.7,147.6,1995.0,59.2,45.4,28.0,320.7
2024-12-28 17:00:00,North Campus DU,28.6879,77.2097,145.8,147.1,1834.0,52.8,40.1,28.0,320.0
2024-12-28 18:00:00,North Campus DU,28.6879,77.2097,143.0,143.9,1637.0,45.9,35.0,29.0,317.9
2024-12-28 19:00:00,North Campus DU,28.6879,77.2097,132.7,133.6,1399.0,37.9,30.3,32.0,310.0
2024-12-28 20:00:00,North Campus DU,28.6879,77.2097,122.9,123.9,1126.0,29.3,25.9,36.0,302.5
2024-12-28 21:00:00,North Campus DU,28.6879,77.2097,114.8,115.7,933.0,22.6,22.7,40.0,282.2
2024-12-28 22:00:00,North Campus DU,28.6879,77.2097,106.9,107.8,884.0,18.5,21.0,43.0,255.3
2024-12-28 23:00:00,North Campus DU,28.6879,77.2097,99.2,99.9,915.0,16.4,20.5,45.0,229.0
2024-12-29 00:00:00,North Campus DU,28.6879,77.2097,122.5,123.4,950.0,23.8,21.8,31.0,302.2
2024-12-29 01:00:00,North Campus DU,28.6879,77.2097,113.4,114.3,975.0,26.1,23.5,31.0,277.5
2024-12-29 02:00:00,North Campus DU,28.6879,77.2097,110.8,111.8,1004.0,29.2,25.9,32.0,268.6
2024-12-29 03:00:00,North Campus DU,28.6879,77.2097,110.6,111.5,1006.0,30.0,28.1,38.0,267.9
2024-12-29 04:00:00,North Campus DU,28.6879,77.2097,95.9,97.1,962.0,26.5,29.9,55.0,217.7
2024-12-29 05:00:00,North Campus DU,28.6879,77.2097,85.0,86.4,890.0,20.7,31.5,77.0,182.9
2024-12-29 06:00:00,North Campus DU,28.6879,77.2097,73.1,74.7,816.0,16.2,32.5,95.0,142.3
2024-12-29 07:00:00,North Campus DU,28.6879,77.2097,66.8,68.5,724.0,13.7,32.4,108.0,120.8
2024-12-29 08:00:00,North Campus DU,28.6879,77.2097,64.0,65.9,630.0,12.4,31.7,117.0,111.2
2024-12-29 09:00:00,North Campus DU,28.6879,77.2097,63.3,65.0,602.0,14.0,31.2,118.0,108.9
2024-12-29 10:00:00,North Campus DU,28.6879,77.2097,60.3,62.2,698.0,20.1,30.9,108.0,500.0
2024-12-29 11:00:00,North Campus DU,28.6879,77.2097,61.5,63.3,860.0,29.1,30.7,90.0,102.7
2024-12-29 12:00:00,North Campus DU,28.6879,77.2097,90.6,92.2,987.0,35.4,32.7,65.0,500.0
2024-12-29 13:00:00,North Campus DU,28.6879,77.2097,96.2,97.6,1044.0,36.6,32.5,58.0,218.8
2024-12-29 14:00:00,North Campus DU,28.6879,77.2097,96.2,97.1,1066.0,38.2,32.2,50.0,218.8
2024-12-29 15:00:00,North Campus DU,28.6879,77.2097,95.0,95.7,1059.0,38.0,31.1,44.0,214.7
2024-12-29 16:00:00,North Campus DU,28.6879,77.2097,92.2,92.9,1014.0,34.9,28.7,45.0,205.1
2024-12-29 17:00:00,North Campus DU,28.6879,77.2097,90.6,91.3,940.0,30.1,25.5,48.0,500.0
2024-12-29 18:00:00,North Campus DU,28.6879,77.2097,89.2,89.9,867.0,25.5,22.7,52.0,197.3
2024-12-29 19:00:00,North Campus DU,28.6879,77.2097,85.4,85.9,795.0,21.6,20.4,55.0,184.3
2024-12-29 20:00:00,North Campus DU,28.6879,77.2097,82.9,83.6,724.0,18.0,18.3,57.0,175.8
2024-12-29 21:00:00,North Campus DU,28.6879,77.2097,80.8,81.3,686.0,15.2,17.2,59.0,168.6
2024-12-29 22:00:00,North Campus DU,28.6879,77.2097,78.7,79.2,701.0,13.2,17.1,61.0,161.4
2024-12-29 23:00:00,North Campus DU,28.6879,77.2097,77.1,77.3,749.0,12.1,18.0,62.0,156.0
2024-12-30 00:00:00,North Campus DU,28.6879,77.2097,77.3,77.8,806.0,12.9,18.5,61.0,156.6
2024-12-30 01:00:00,North Campus DU,28.6879,77.2097,75.4,75.7,876.0,17.0,21.4,58.0,150.2
2024-12-30 02:00:00,North Campus DU,28.6879,77.2097,77.5,77.8,955.0,22.6,25.5,55.0,157.3
2024-12-30 03:00:00,North Campus DU,28.6879,77.2097,79.4,79.6,999.0,25.6,29.1,60.0,163.8
2024-12-30 04:00:00,North Campus DU,28.6879,77.2097,76.8,77.1,981.0,23.6,31.9,79.0,154.9
2024-12-30 05:00:00,North Campus DU,28.6879,77.2097,76.1,76.4,928.0,19.1,34.2,107.0,152.5
2024-12-30 06:00:00,North Campus DU,28.6879,77.2097,75.2,75.4,885.0,15.3,35.5,130.0,149.5
2024-12-30 07:00:00,North Campus DU,28.6879,77.2097,71.2,71.5,850.0,12.4,35.4,148.0,135.8
2024-12-30 08:00:00,North Campus DU,28.6879,77.2097,63.1,63.3,824.0,10.2,34.4,163.0,108.2
2024-12-30 09:00:00,North Campus DU,28.6879,77.2097,56.0,56.2,851.0,11.6,33.4,166.0,93.2
2024-12-30 10:00:00,North Campus DU,28.6879,77.2097,51.5,51.8,969.0,18.8,32.4,150.0,85.6
2024-12-30 11:00:00,North Campus DU,28.6879,77.2097,52.3,52.5,1140.0,29.6,31.4,122.0,87.0
2024-12-30 12:00:00,North Campus DU,28.6879,77.2097,96.2,97.3,1289.0,49.6,38.3,83.0,218.8
2024-12-30 13:00:00,North Campus DU,28.6879,77.2097,108.5,109.7,1397.0,55.3,40.6,69.0,260.7
2024-12-30 14:00:00,North Campus DU,28.6879,77.2097,118.0,119.0,1483.0,63.0,43.7,49.0,293.2
2024-12-30 15:00:00,North Campus DU,28.6879,77.2097,127.1,128.1,1526.0,67.8,46.2,34.0,305.7
2024-12-30 16:00:00,North Campus DU,28.6879,77.2097,136.0,136.9,1512.0,67.7,47.9,28.0,312.5
2024-12-30 17:00:00,North Campus DU,28.6879,77.2097,143.9,144.8,1455.0,64.8,48.9,26.0,318.6
2024-12-30 18:00:00,North Campus DU,28.6879,77.2097,145.8,147.1,1382.0,60.3,47.7,26.0,320.0
2024-12-30 19:00:00,North Campus DU,28.6879,77.2097,140.2,141.1,1286.0,53.9,42.6,29.0,315.7
2024-12-30 20:00:00,North Campus DU,28.6879,77.2097,135.0,136.4,1175.0,45.8,35.2,34.0,311.7
2024-12-30 21:00:00,North Campus DU,28.6879,77.2097,131.8,133.2,1095.0,38.2,29.3,39.0,309.3
2024-12-30 22:00:00,North Campus DU,28.6879,77.2097,127.6,129.0,1064.0,30.3,25.8,45.0,306.1
2024-12-30 23:00:00,North Campus DU,28.6879,77.2097,125.7,127.1,1064.0,22.8,23.7,52.0,304.6
2024-12-31 00:00:00,North Campus DU,28.6879,77.2097,162.5,164.4,1091.0,33.1,26.2,33.0,332.8
2024-12-31 01:00:00,North Campus DU,28.6879,77.2097,156.0,157.9,1166.0,33.5,28.1,35.0,327.9
2024-12-31 02:00:00,North Campus DU,28.6879,77.2097,158.3,159.7,1267.0,33.8,30.7,39.0,329.6
2024-12-31 03:00:00,North Campus DU,28.6879,77.2097,151.3,153.2,1329.0,32.6,33.6,48.0,324.3
2024-12-31 04:00:00,North Campus DU,28.6879,77.2097,141.6,143.4,1319.0,28.4,36.8,67.0,316.8
2024-12-31 05:00:00,North Campus DU,28.6879,77.2097,126.7,129.0,1270.0,22.8,40.1,92.0,305.4
2024-12-31 06:00:00,North Campus DU,28.6879,77.2097,108.7,111.3,1210.0,18.6,42.8,113.0,261.4
2024-12-31 07:00:00,North Campus DU,28.6879,77.2097,103.8,106.4,1115.0,16.0,44.4,130.0,244.7
2024-12-31 08:00:00,North Campus DU,28.6879,77.2097,99.2,101.7,1009.0,14.9,45.4,143.0,229.0
2024-12-31 09:00:00,North Campus DU,28.6879,77.2097,96.4,99.0,1001.0,17.8,46.1,145.0,219.4
2024-12-31 10:00:00,North Campus DU,28.6879,77.2097,93.8,96.4,1147.0,27.4,46.2,130.0,210.6
2024-12-31 11:00:00,North Campus DU,28.6879,77.2097,94.5,97.1,1390.0,41.0,46.0,105.0,212.9
2024-12-31 12:00:00,North Campus DU,28.6879,77.2097,149.9,153.2,1668.0,65.5,63.9,76.0,323.2
2024-12-31 13:00:00,North Campus DU,28.6879,77.2097,175.1,178.3,2024.0,72.7,66.4,60.0,342.5
2024-12-31 14:00:00,North Campus DU,28.6879,77.2097,193.2,196.5,2414.0,82.4,69.6,39.0,356.4
2024-12-31 15:00:00,North Campus DU,28.6879,77.2097,200.2,203.0,2644.0,87.4,70.7,23.0,361.8
2024-12-31 16:00:00,North Campus DU,28.6879,77.2097,200.2,203.5,2602.0,84.3,68.5,19.0,361.8
2024-12-31 17:00:00,North Campus DU,28.6879,77.2097,204.0,206.8,2400.0,76.5,64.1,21.0,364.7
2024-12-31 18:00:00,North Campus DU,28.6879,77.2097,199.3,202.1,2178.0,67.3,58.1,25.0,361.1
2024-12-31 19:00:00,North Campus DU,28.6879,77.2097,185.8,188.6,1960.0,56.7,49.7,31.0,350.7
2024-12-31 20:00:00,North Campus DU,28.6879,77.2097,174.6,177.4,1724.0,44.8,39.7,39.0,342.1
2024-12-31 21:00:00,North Campus DU,28.6879,77.2097,164.4,166.7,1539.0,34.6,31.5,46.0,334.3
2024-12-31 22:00:00,North Campus DU,28.6879,77.2097,156.5,158.8,1435.0,26.7,26.0,52.0,328.2
2024-12-31 23:00:00,North Campus DU,28.6879,77.2097,149.5,151.8,1382.0,20.6,22.3,57.0,322.9
2024-12-19 12:00:00,Okhla Phase 2,28.5308,77.2713,145.3,147.6,1413.0,73.3,58.6,95.0,319.6
2024-12-19 13:00:00,Okhla Phase 2,28.5308,77.2713,167.6,169.5,1651.0,83.3,62.5,76.0,336.8
2024-12-19 14:00:00,Okhla Phase 2,28.5308,77.2713,186.7,189.1,1879.0,96.9,67.8,49.0,351.4
2024-12-19 15:00:00,Okhla Phase 2,28.5308,77.2713,199.3,201.6,2015.0,105.5,71.0,29.0,361.1
2024-12-19 16:00:00,Okhla Phase 2,28.5308,77.2713,206.8,209.1,2008.0,105.0,70.7,21.0,366.8
2024-12-19 17:00:00,Okhla Phase 2,28.5308,77.2713,212.8,214.7,1909.0,99.5,68.4,20.0,371.5
2024-12-19 18:00:00,Okhla Phase 2,28.5308,77.2713,212.3,214.2,1790.0,92.5,64.7,20.0,371.1
2024-12-19 19:00:00,Okhla Phase 2,28.5308,77.2713,204.9,207.2,1652.0,84.7,59.1,21.0,365.4
2024-12-19 20:00:00,Okhla Phase 2,28.5308,77.2713,197.0,198.8,1494.0,75.5,52.1,24.0,359.3
2024-12-19 21:00:00,Okhla Phase 2,28.5308,77.2713,187.2,189.1,1379.0,66.3,46.3,28.0,351.8
2024-12-19 22:00:00,Okhla Phase 2,28.5308,77.2713,177.0,178.8,1302.0,55.7,42.0,34.0,344.0
2024-12-19 23:00:00,Okhla Phase 2,28.5308,77.2713,168.6,170.0,1267.0,45.1,38.9,40.0,337.5
2024-12-20 00:00:00,Okhla Phase 2,28.5308,77.2713,138.8,140.2,1354.0,22.4,33.8,68.0,314.7
2024-12-20 01:00:00,Okhla Phase 2,28.5308,77.2713,144.4,146.2,1716.0,36.0,40.6,54.0,319.0
2024-12-20 02:00:00,Okhla Phase 2,28.5308,77.2713,161.6,163.0,2200.0,54.4,50.1,36.0,332.2
2024-12-20 03:00:00,Okhla Phase 2,28.5308,77.2713,174.2,175.6,2423.0,64.3,56.8,37.0,341.8
2024-12-20 04:00:00,Okhla Phase 2,28.5308,77.2713,163.9,164.8,2134.0,57.7,57.7,74.0,333.9
2024-12-20 05:00:00,Okhla Phase 2,28.5308,77.2713,150.9,152.3,1583.0,42.8,56.0,129.0,323.9
2024-12-20 06:00:00,Okhla Phase 2,28.5308,77.2713,126.7,129.0,1140.0,31.0,55.9,174.0,305.4
2024-12-20 07:00:00,Okhla Phase 2,28.5308,77.2713,109.9,112.2,930.0,24.6,59.3,199.0,265.5
2024-12-20 08:00:00,Okhla Phase 2,28.5308,77.2713,100.8,103.4,827.0,21.5,64.2,214.0,234.5
2024-12-20 09:00:00,Okhla Phase 2,28.5308,77.2713,98.7,101.3,828.0,26.4,69.1,213.0,227.3
2024-12-20 10:00:00,Okhla Phase 2,28.5308,77.2713,98.3,100.6,978.0,46.1,73.7,189.0,225.9
2024-12-20 11:00:00,Okhla Phase 2,28.5308,77.2713,114.6,116.4,1231.0,73.8,78.1,149.0,281.6
2024-12-20 12:00:00,Okhla Phase 2,28.5308,77.2713,149.0,150.9,1449.0,94.5,71.7,100.0,322.5
2024-12-20 13:00:00,Okhla Phase 2,28.5308,77.2713,167.2,169.5,1599.0,96.0,74.3,84.0,336.5
2024-12-20 14:00:00,Okhla Phase 2,28.5308,77.2713,174.2,176.0,1713.0,97.6,77.7,61.0,341.8
2024-12-20 15:00:00,Okhla Phase 2,28.5308,77.2713,170.9,172.8,1746.0,95.1,78.1,44.0,339.3
2024-12-20 16:00:00,Okhla Phase 2,28.5308,77.2713,165.8,167.2,1650.0,85.4,73.2,39.0,335.4
2024-12-20 17:00:00,Okhla Phase 2,28.5308,77.2713,159.3,160.7,1473.0,71.7,65.3,39.0,330.4
2024-12-20 18:00:00,Okhla Phase 2,28.5308,77.2713,150.9,152.3,1320.0,59.0,57.9,40.0,323.9
2024-12-20 19:00:00,Okhla Phase 2,28.5308,77.2713,142.0,143.4,1228.0,48.7,51.7,41.0,317.1
2024-12-20 20:00:00,Okhla Phase 2,28.5308,77.2713,136.0,136.9,1159.0,39.5,45.8,43.0,312.5
2024-12-20 21:00:00,Okhla Phase 2,28.5308,77.2713,131.3,132.2,1109.0,32.3,41.6,44.0,308.9
2024-12-20 22:00:00,Okhla Phase 2,28.5308,77.2713,127.6,128.5,1044.0,27.2,39.5,44.0,306.1
2024-12-20 23:00:00,Okhla Phase 2,28.5308,77.2713,124.3,125.3,997.0,24.1,38.9,44.0,303.5
2024-12-21 00:00:00,Okhla Phase 2,28.5308,77.2713,131.8,132.7,1061.0,31.7,46.1,36.0,309.3
2024-12-21 01:00:00,Okhla Phase 2,28.5308,77.2713,137.4,138.3,1364.0,37.0,48.8,28.0,313.6
2024-12-21 02:00:00,Okhla Phase 2,28.5308,77.2713,149.0,149.9,1778.0,44.2,52.5,19.0,322.5
2024-12-21 03:00:00,Okhla Phase 2,28.5308,77.2713,153.7,154.6,2011.0,48.1,55.3,22.0,326.1
2024-12-21 04:00:00,Okhla Phase 2,28.5308,77.2713,150.4,151.3,1907.0,46.1,56.3,48.0,323.6
2024-12-21 05:00:00,Okhla Phase 2,28.5308,77.2713,144.8,145.8,1622.0,40.9,56.5,87.0,319.3
2024-12-21 06:00:00,Okhla Phase 2,28.5308,77.2713,135.5,136.4,1336.0,35.6,56.8,121.0,312.1
2024-12-21 07:00:00,Okhla Phase 2,28.5308,77.2713,116.9,118.3,1059.0,28.5,57.8,149.0,289.4
2024-12-21 08:00:00,Okhla Phase 2,28.5308,77.2713,104.5,105.9,779.0,21.4,59.0,172.0,247.1
2024-12-21 09:00:00,Okhla Phase 2,28.5308,77.2713,99.0,100.6,646.0,22.2,59.7,179.0,228.3
2024-12-21 10:00:00,Okhla Phase 2,28.5308,77.2713,96.4,97.8,750.0,36.7,58.8,159.0,219.4
2024-12-21 11:00:00,Okhla Phase 2,28.5308,77.2713,106.6,107.8,1000.0,59.2,57.5,122.0,254.3
2024-12-21 12:00:00,Okhla Phase 2,28.5308,77.2713,150.4,151.8,1267.0,80.6,65.2,86.0,323.6
2024-12-21 13:00:00,Okhla Phase 2,28.5308,77.2713,173.7,175.1,1562.0,93.9,70.0,64.0,341.4
2024-12-21 14:00:00,Okhla Phase 2,28.5308,77.2713,190.9,192.3,1874.0,112.0,76.6,33.0,354.6
2024-12-21 15:00:00,Okhla Phase 2,28.5308,77.2713,204.0,205.4,2048.0,124.0,82.2,10.0,364.7
2024-12-21 16:00:00,Okhla Phase 2,28.5308,77.2713,213.3,214.7,1978.0,124.1,86.0,1.0,371.8
2024-12-21 17:00:00,Okhla Phase 2,28.5308,77.2713,221.2,223.1,1769.0,118.1,88.6,0.0,377.9
2024-12-21 18:00:00,Okhla Phase 2,28.5308,77.2713,224.9,226.8,1579.0,112.0,89.5,0.0,380.7
2024-12-21 19:00:00,Okhla Phase 2,28.5308,77.2713,224.9,226.3,1453.0,108.0,88.0,0.0,380.7
2024-12-21 20:00:00,Okhla Phase 2,28.5308,77.2713,225.8,227.7,1347.0,103.9,84.7,0.0,381.4
2024-12-21 21:00:00,Okhla Phase 2,28.5308,77.2713,226.8,228.6,1286.0,99.3,80.6,0.0,382.2
2024-12-21 22:00:00,Okhla Phase 2,28.5308,77.2713,225.4,227.2,1191.0,93.7,74.6,0.0,381.1
2024-12-21 23:00:00,Okhla Phase 2,28.5308,77.2713,219.8,221.2,1141.0,87.6,67.8,1.0,376.8
2024-12-22 00:00:00,Okhla Phase 2,28.5308,77.2713,199.3,201.2,1403.0,84.7,62.1,4.0,361.1
2024-12-22 01:00:00,Okhla Phase 2,28.5308,77.2713,213.3,215.1,2390.0,83.9,67.0,0.0,371.8
2024-12-22 02:00:00,Okhla Phase 2,28.5308,77.2713,237.5,239.3,3688.0,82.2,73.8,0.0,390.4
2024-12-22 03:00:00,Okhla Phase 2,28.5308,77.2713,258.9,260.8,4325.0,76.5,78.2,9.0,404.5
2024-12-22 04:00:00,Okhla Phase 2,28.5308,77.2713,230.5,231.9,3668.0,63.5,78.9,49.0,385.0
2024-12-22 05:00:00,Okhla Phase 2,28.5308,77.2713,188.6,190.5,2349.0,46.5,77.2,105.0,352.9
2024-12-22 06:00:00,Okhla Phase 2,28.5308,77.2713,139.7,141.6,1296.0,32.4,73.6,148.0,315.4
2024-12-22 07:00:00,Okhla Phase 2,28.5308,77.2713,117.3,119.2,865.0,21.0,66.4,172.0,290.8
2024-12-22 08:00:00,Okhla Phase 2,28.5308,77.2713,104.8,106.6,699.0,12.5,57.2,185.0,248.1
2024-12-22 09:00:00,Okhla Phase 2,28.5308,77.2713,96.2,98.3,654.0,14.6,51.3,181.0,218.8
2024-12-22 10:00:00,Okhla Phase 2,28.5308,77.2713,90.6,92.7,715.0,35.1,51.2,152.0,500.0
2024-12-22 11:00:00,Okhla Phase 2,28.5308,77.2713,105.7,107.3,897.0,66.2,54.3,107.0,251.2
2024-12-22 12:00:00,Okhla Phase 2,28.5308,77.2713,141.6,143.4,1104.0,93.9,53.8,58.0,316.8
2024-12-22 13:00:00,Okhla Phase 2,28.5308,77.2713,171.8,173.2,1336.0,103.6,57.9,43.0,340.0
2024-12-22 14:00:00,Okhla Phase 2,28.5308,77.2713,189.1,190.9,1591.0,116.3,63.4,22.0,353.3
2024-12-22 15:00:00,Okhla Phase 2,28.5308,77.2713,195.1,196.5,1772.0,121.5,65.7,10.0,357.9
2024-12-22 16:00:00,Okhla Phase 2,28.5308,77.2713,192.3,194.2,1846.0,113.6,62.3,14.0,355.7
2024-12-22 17:00:00,Okhla Phase 2,28.5308,77.2713,190.0,191.4,1845.0,98.1,55.8,26.0,354.0
2024-12-22 18:00:00,Okhla Phase 2,28.5308,77.2713,176.0,177.9,1764.0,81.1,49.4,39.0,343.2
2024-12-22 19:00:00,Okhla Phase 2,28.5308,77.2713,156.0,157.4,1550.0,62.3,43.8,53.0,327.9
2024-12-22 20:00:00,Okhla Phase 2,28.5308,77.2713,137.4,138.8,1257.0,42.1,38.4,68.0,313.6
2024-12-22 21:00:00,Okhla Phase 2,28.5308,77.2713,129.9,131.3,1039.0,27.4,34.7,78.0,307.8
2024-12-22 22:00:00,Okhla Phase 2,28.5308,77.2713,129.5,130.9,932.0,20.3,33.2,80.0,307.5
2024-12-22 23:00:00,Okhla Phase 2,28.5308,77.2713,134.1,135.5,901.0,18.8,33.4,76.0,311.1
2024-12-23 00:00:00,Okhla Phase 2,28.5308,77.2713,113.2,114.3,998.0,14.0,28.3,77.0,276.8
2024-12-23 01:00:00,Okhla Phase 2,28.5308,77.2713,121.1,122.5,1367.0,23.4,30.5,65.0,301.1
2024-12-23 02:00:00,Okhla Phase 2,28.5308,77.2713,134.6,136.4,1865.0,36.2,33.4,48.0,311.4
2024-12-23 03:00:00,Okhla Phase 2,28.5308,77.2713,145.3,146.7,2107.0,44.6,35.3,41.0,319.6
2024-12-23 04:00:00,Okhla Phase 2,28.5308,77.2713,143.0,143.9,1845.0,44.7,34.8,51.0,317.9
2024-12-23 05:00:00,Okhla Phase 2,28.5308,77.2713,136.9,138.3,1328.0,40.4,33.2,70.0,313.2
2024-12-23 06:00:00,Okhla Phase 2,28.5308,77.2713,133.2,134.6,921.0,35.8,32.3,88.0,310.4
2024-12-23 07:00:00,Okhla Phase 2,28.5308,77.2713,122.0,123.9,768.0,31.4,33.1,104.0,301.8
2024-12-23 08:00:00,Okhla Phase 2,28.5308,77.2713,109.7,111.5,725.0,26.8,34.7,120.0,264.8
2024-12-23 09:00:00,Okhla Phase 2,28.5308,77.2713,105.5,107.3,728.0,24.7,36.2,128.0,250.5
2024-12-23 10:00:00,Okhla Phase 2,28.5308,77.2713,103.6,105.2,780.0,27.4,37.4,123.0,244.0
2024-12-23 11:00:00,Okhla Phase 2,28.5308,77.2713,101.7,103.4,878.0,32.6,38.5,110.0,237.5
2024-12-23 12:00:00,Okhla Phase 2,28.5308,77.2713,129.0,130.9,948.0,41.6,39.9,98.0,307.1
2024-12-23 13:00:00,Okhla Phase 2,28.5308,77.2713,122.5,124.3,954.0,39.8,40.2,91.0,302.2
2024-12-23 14:00:00,Okhla Phase 2,28.5308,77.2713,121.1,122.9,933.0,37.2,40.6,82.0,301.1
2024-12-23 15:00:00,Okhla Phase 2,28.5308,77.2713,119.7,121.5,919.0,35.1,40.7,73.0,299.0
2024-12-23 16:00:00,Okhla Phase 2,28.5308,77.2713,118.5,120.6,938.0,34.3,40.7,67.0,294.9
2024-12-23 17:00:00,Okhla Phase 2,28.5308,77.2713,122.5,124.3,964.0,33.8,40.3,61.0,302.2
2024-12-23 18:00:00,Okhla Phase 2,28.5308,77.2713,120.1,122.0,961.0,32.3,38.8,58.0,500.0
2024-12-23 19:00:00,Okhla Phase 2,28.5308,77.2713,113.2,115.0,899.0,28.3,35.1,59.0,276.8
2024-12-23 20:00:00,Okhla Phase 2,28.5308,77.2713,108.0,110.1,808.0,23.2,30.3,62.0,259.0
2024-12-23 21:00:00,Okhla Phase 2,28.5308,77.2713,106.6,109.0,735.0,19.7,26.5,63.0,254.3
2024-12-23 22:00:00,Okhla Phase 2,28.5308,77.2713,107.6,109.9,682.0,18.4,24.5,61.0,257.7
2024-12-23 23:00:00,Okhla Phase 2,28.5308,77.2713,106.6,109.0,648.0,18.7,23.5,56.0,254.3
2024-12-24 00:00:00,Okhla Phase 2,28.5308,77.2713,90.3,92.2,679.0,17.2,16.7,59.0,500.0
2024-12-24 01:00:00,Okhla Phase 2,28.5308,77.2713,91.0,92.7,851.0,24.4,19.5,57.0,201.0
2024-12-24 02:00:00,Okhla Phase 2,28.5308,77.2713,97.6,99.2,1088.0,34.1,23.3,55.0,223.5
2024-12-24 03:00:00,Okhla Phase 2,28.5308,77.2713,105.5,107.6,1211.0,39.8,26.5,59.0,250.5
2024-12-24 04:00:00,Okhla Phase 2,28.5308,77.2713,112.5,114.1,1111.0,37.7,28.0,75.0,274.4
2024-12-24 05:00:00,Okhla Phase 2,28.5308,77.2713,108.5,110.8,896.0,31.6,28.9,98.0,260.7
2024-12-24 06:00:00,Okhla Phase 2,28.5308,77.2713,108.0,110.8,716.0,26.4,30.0,117.0,259.0
2024-12-24 07:00:00,Okhla Phase 2,28.5308,77.2713,108.7,111.5,598.0,20.8,31.4,132.0,261.4
2024-12-24 08:00:00,Okhla Phase 2,28.5308,77.2713,107.6,110.6,514.0,16.0,33.0,144.0,257.7
2024-12-24 09:00:00,Okhla Phase 2,28.5308,77.2713,107.8,110.8,533.0,20.5,36.3,143.0,258.4
2024-12-24 10:00:00,Okhla Phase 2,28.5308,77.2713,110.6,113.4,735.0,41.5,41.2,119.0,267.9
2024-12-24 11:00:00,Okhla Phase 2,28.5308,77.2713,126.7,129.5,1040.0,71.7,47.7,81.0,305.4
2024-12-24 12:00:00,Okhla Phase 2,28.5308,77.2713,140.2,142.0,1277.0,93.0,48.0,48.0,315.7
2024-12-24 13:00:00,Okhla Phase 2,28.5308,77.2713,159.7,161.1,1357.0,99.5,52.7,38.0,330.7
2024-12-24 14:00:00,Okhla Phase 2,28.5308,77.2713,167.2,168.6,1369.0,108.0,59.1,24.0,336.5
2024-12-24 15:00:00,Okhla Phase 2,28.5308,77.2713,165.8,167.2,1410.0,110.8,62.5,14.0,335.4
2024-12-24 16:00:00,Okhla Phase 2,28.5308,77.2713,159.7,161.1,1526.0,103.1,60.8,13.0,330.7
2024-12-24 17:00:00,Okhla Phase 2,28.5308,77.2713,149.0,150.4,1672.0,89.7,56.2,16.0,322.5
2024-12-24 18:00:00,Okhla Phase 2,28.5308,77.2713,137.8,139.2,1809.0,77.0,51.0,19.0,313.9
2024-12-24 19:00:00,Okhla Phase 2,28.5308,77.2713,128.1,129.0,1943.0,66.9,45.4,21.0,306.4
2024-12-24 20:00:00,Okhla Phase 2,28.5308,77.2713,120.1,121.1,2070.0,57.4,39.3,22.0,500.0
2024-12-24 21:00:00,Okhla Phase 2,28.5308,77.2713,112.9,114.1,2132.0,49.7,34.3,23.0,275.8
2024-12-24 22:00:00,Okhla Phase 2,28.5308,77.2713,107.8,109.0,2076.0,43.6,30.8,23.0,258.4
2024-12-24 23:00:00,Okhla Phase 2,28.5308,77.2713,105.0,106.2,1957.0,39.2,28.5,23.0,248.8
2024-12-25 00:00:00,Okhla Phase 2,28.5308,77.2713,100.6,101.7,1883.0,34.5,25.4,26.0,233.8
2024-12-25 01:00:00,Okhla Phase 2,28.5308,77.2713,105.5,106.4,1939.0,40.5,30.6,18.0,250.5
2024-12-25 02:00:00,Okhla Phase 2,28.5308,77.2713,121.5,122.9,2041.0,48.4,37.7,8.0,301.4
2024-12-25 03:00:00,Okhla Phase 2,28.5308,77.2713,136.9,138.3,2042.0,52.7,43.0,13.0,313.2
2024-12-25 04:00:00,Okhla Phase 2,28.5308,77.2713,129.0,129.9,1849.0,49.9,43.5,44.0,307.1
2024-12-25 05:00:00,Okhla Phase 2,28.5308,77.2713,122.5,123.9,1555.0,43.4,42.1,88.0,302.2
2024-12-25 06:00:00,Okhla Phase 2,28.5308,77.2713,107.3,109.0,1292.0,37.5,44.1,126.0,256.6
2024-12-25 07:00:00,Okhla Phase 2,28.5308,77.2713,92.9,95.0,1080.0,31.7,53.5,153.0,207.5
2024-12-25 08:00:00,Okhla Phase 2,28.5308,77.2713,95.2,97.6,900.0,26.6,66.3,173.0,215.3
2024-12-25 09:00:00,Okhla Phase 2,28.5308,77.2713,99.9,102.2,821.0,27.6,75.6,178.0,231.4
2024-12-25 10:00:00,Okhla Phase 2,28.5308,77.2713,103.4,105.7,881.0,39.7,77.9,160.0,243.3
2024-12-25 11:00:00,Okhla Phase 2,28.5308,77.2713,111.8,113.6,1043.0,58.0,76.7,127.0,272.0
2024-12-25 12:00:00,Okhla Phase 2,28.5308,77.2713,154.6,156.9,1265.0,73.2,72.8,85.0,326.8
2024-12-25 13:00:00,Okhla Phase 2,28.5308,77.2713,170.4,172.3,1604.0,78.5,72.6,67.0,338.9
2024-12-25 14:00:00,Okhla Phase 2,28.5308,77.2713,180.7,182.5,2002.0,85.8,72.2,42.0,346.8
2024-12-25 15:00:00,Okhla Phase 2,28.5308,77.2713,189.1,190.5,2247.0,90.6,71.8,23.0,353.3
2024-12-25 16:00:00,Okhla Phase 2,28.5308,77.2713,192.8,194.2,2215.0,90.9,71.7,14.0,356.1
2024-12-25 17:00:00,Okhla Phase 2,28.5308,77.2713,194.6,196.0,2028.0,88.8,71.5,10.0,357.5
2024-12-25 18:00:00,Okhla Phase 2,28.5308,77.2713,191.4,193.2,1843.0,85.9,70.0,8.0,355.0
2024-12-25 19:00:00,Okhla Phase 2,28.5308,77.2713,186.3,187.7,1699.0,82.6,66.3,6.0,351.1
2024-12-25 20:00:00,Okhla Phase 2,28.5308,77.2713,181.6,183.0,1555.0,78.5,61.4,6.0,347.5
2024-12-25 21:00:00,Okhla Phase 2,28.5308,77.2713,178.3,179.7,1446.0,74.2,57.1,6.0,345.0
2024-12-25 22:00:00,Okhla Phase 2,28.5308,77.2713,175.1,176.0,1354.0,69.3,53.5,6.0,342.5
2024-12-25 23:00:00,Okhla Phase 2,28.5308,77.2713,170.0,170.9,1295.0,64.3,50.5,7.0,338.6
2024-12-26 00:00:00,Okhla Phase 2,28.5308,77.2713,171.8,172.8,1357.0,64.7,56.3,5.0,340.0
2024-12-26 01:00:00,Okhla Phase 2,28.5308,77.2713,173.2,174.2,1676.0,63.4,57.1,2.0,341.1
2024-12-26 02:00:00,Okhla Phase 2,28.5308,77.2713,189.1,190.0,2115.0,61.4,58.3,0.0,353.3
2024-12-26 03:00:00,Okhla Phase 2,28.5308,77.2713,189.5,190.5,2346.0,58.6,59.2,13.0,353.6
2024-12-26 04:00:00,Okhla Phase 2,28.5308,77.2713,192.8,193.2,2183.0,54.9,59.6,54.0,356.1
2024-12-26 05:00:00,Okhla Phase 2,28.5308,77.2713,185.3,186.3,1811.0,50.3,59.8,110.0,350.3
2024-12-26 06:00:00,Okhla Phase 2,28.5308,77.2713,154.6,155.5,1460.0,45.2,60.3,153.0,326.8
2024-12-26 07:00:00,Okhla Phase 2,28.5308,77.2713,113.9,115.0,1160.0,35.7,60.9,176.0,279.2
2024-12-26 08:00:00,Okhla Phase 2,28.5308,77.2713,90.8,92.4,880.0,25.7,61.7,186.0,500.0
2024-12-26 09:00:00,Okhla Phase 2,28.5308,77.2713,85.4,87.3,764.0,26.7,63.5,182.0,184.3
2024-12-26 10:00:00,Okhla Phase 2,28.5308,77.2713,83.1,85.0,839.0,47.4,66.0,156.0,176.4
2024-12-26 11:00:00,Okhla Phase 2,28.5308,77.2713,95.2,97.1,1076.0,79.1,69.5,115.0,215.3
2024-12-26 12:00:00,Okhla Phase 2,28.5308,77.2713,149.0,151.3,1536.0,106.8,73.3,70.0,322.5
2024-12-26 13:00:00,Okhla Phase 2,28.5308,77.2713,176.5,178.8,2383.0,120.4,79.6,49.0,343.6
2024-12-26 14:00:00,Okhla Phase 2,28.5308,77.2713,192.8,195.1,3453.0,138.7,87.9,21.0,356.1
2024-12-26 15:00:00,Okhla Phase 2,28.5308,77.2713,208.2,210.0,4308.0,149.2,92.0,1.0,367.9
2024-12-26 16:00:00,Okhla Phase 2,28.5308,77.2713,219.3,221.7,4879.0,145.6,88.6,0.0,376.4
2024-12-26 17:00:00,Okhla Phase 2,28.5308,77.2713,218.9,221.2,5236.0,134.1,81.0,0.0,376.1
2024-12-26 18:00:00,Okhla Phase 2,28.5308,77.2713,198.4,200.7,5149.0,121.1,72.2,6.0,360.4
2024-12-26 19:00:00,Okhla Phase 2,28.5308,77.2713,180.7,183.0,4304.0,107.2,62.2,12.0,346.8
2024-12-26 20:00:00,Okhla Phase 2,28.5308,77.2713,167.2,169.5,3015.0,91.8,51.1,20.0,336.5
2024-12-26 21:00:00,Okhla Phase 2,28.5308,77.2713,162.5,164.8,1999.0,78.6,42.0,26.0,332.8
2024-12-26 22:00:00,Okhla Phase 2,28.5308,77.2713,150.4,152.3,1548.0,68.9,35.9,28.0,323.6
2024-12-26 23:00:00,Okhla Phase 2,28.5308,77.2713,146.7,149.0,1371.0,61.4,31.8,29.0,320.7
2024-12-27 00:00:00,Okhla Phase 2,28.5308,77.2713,160.7,162.5,1303.0,77.2,46.0,17.0,331.5
2024-12-27 01:00:00,Okhla Phase 2,28.5308,77.2713,145.3,147.1,1359.0,75.1,45.8,18.0,319.6
2024-12-27 02:00:00,Okhla Phase 2,28.5308,77.2713,149.0,150.9,1525.0,72.1,45.5,21.0,322.5
2024-12-27 03:00:00,Okhla Phase 2,28.5308,77.2713,152.3,154.1,1600.0,68.8,44.2,26.0,325.0
2024-12-27 04:00:00,Okhla Phase 2,28.5308,77.2713,148.5,149.9,1478.0,65.3,41.3,38.0,322.1
2024-12-27 05:00:00,Okhla Phase 2,28.5308,77.2713,135.5,137.4,1265.0,61.5,37.5,52.0,312.1
2024-12-27 06:00:00,Okhla Phase 2,28.5308,77.2713,122.0,123.9,1070.0,57.4,34.3,64.0,301.8
2024-12-27 07:00:00,Okhla Phase 2,28.5308,77.2713,107.6,109.7,919.0,52.7,32.7,70.0,257.7
2024-12-27 08:00:00,Okhla Phase 2,28.5308,77.2713,100.6,102.7,787.0,47.8,31.6,73.0,233.8
2024-12-27 09:00:00,Okhla Phase 2,28.5308,77.2713,96.4,98.3,710.0,43.6,29.6,74.0,219.4
2024-12-27 10:00:00,Okhla Phase 2,28.5308,77.2713,93.4,95.0,734.0,40.8,25.4,73.0,209.2
2024-12-27 11:00:00,Okhla Phase 2,28.5308,77.2713,87.8,89.4,813.0,38.7,20.2,71.0,192.5
2024-12-27 12:00:00,Okhla Phase 2,28.5308,77.2713,98.5,101.0,845.0,43.5,19.3,60.0,226.6
2024-12-27 13:00:00,Okhla Phase 2,28.5308,77.2713,96.4,98.5,770.0,40.2,19.3,61.0,219.4
2024-12-27 14:00:00,Okhla Phase 2,28.5308,77.2713,95.0,97.3,648.0,35.5,19.3,62.0,214.7
2024-12-27 15:00:00,Okhla Phase 2,28.5308,77.2713,93.4,95.5,556.0,31.4,19.6,63.0,209.2
2024-12-27 16:00:00,Okhla Phase 2,28.5308,77.2713,94.1,96.2,534.0,28.5,20.4,64.0,211.6
2024-12-27 17:00:00,Okhla Phase 2,28.5308,77.2713,97.3,99.4,543.0,26.1,21.4,65.0,222.5
2024-12-27 18:00:00,Okhla Phase 2,28.5308,77.2713,95.7,97.8,537.0,23.9,22.0,65.0,217.0
2024-12-27 19:00:00,Okhla Phase 2,28.5308,77.2713,92.7,95.0,490.0,21.4,21.6,64.0,206.8
2024-12-27 20:00:00,Okhla Phase 2,28.5308,77.2713,92.0,94.3,430.0,19.1,20.7,61.0,204.4
2024-12-27 21:00:00,Okhla Phase 2,28.5308,77.2713,91.0,93.1,391.0,17.9,20.4,59.0,201.0
2024-12-27 22:00:00,Okhla Phase 2,28.5308,77.2713,90.8,93.1,359.0,17.2,20.8,59.0,500.0
2024-12-27 23:00:00,Okhla Phase 2,28.5308,77.2713,94.5,96.9,349.0,17.6,21.7,59.0,212.9
2024-12-28 00:00:00,Okhla Phase 2,28.5308,77.2713,79.9,81.7,445.0,15.0,19.4,63.0,165.5
2024-12-28 01:00:00,Okhla Phase 2,28.5308,77.2713,83.4,85.0,766.0,27.1,25.5,50.0,177.5
2024-12-28 02:00:00,Okhla Phase 2,28.5308,77.2713,102.0,103.8,1192.0,43.3,33.9,34.0,238.6
2024-12-28 03:00:00,Okhla Phase 2,28.5308,77.2713,121.1,122.5,1450.0,52.4,39.7,27.0,301.1
2024-12-28 04:00:00,Okhla Phase 2,28.5308,77.2713,110.4,112.0,1378.0,47.3,40.3,40.0,267.2
2024-12-28 05:00:00,Okhla Phase 2,28.5308,77.2713,112.7,115.0,1136.0,35.2,38.3,63.0,275.1
2024-12-28 06:00:00,Okhla Phase 2,28.5308,77.2713,100.4,102.4,936.0,26.1,36.8,81.0,233.1
2024-12-28 07:00:00,Okhla Phase 2,28.5308,77.2713,96.9,99.0,823.0,22.7,36.3,92.0,221.1
2024-12-28 08:00:00,Okhla Phase 2,28.5308,77.2713,91.7,93.4,751.0,22.4,36.3,98.0,203.4
2024-12-28 09:00:00,Okhla Phase 2,28.5308,77.2713,86.8,88.5,790.0,27.1,38.7,96.0,189.1
2024-12-28 10:00:00,Okhla Phase 2,28.5308,77.2713,82.2,83.4,1012.0,40.1,45.1,81.0,173.4
2024-12-28 11:00:00,Okhla Phase 2,28.5308,77.2713,92.0,93.1,1347.0,58.3,53.8,59.0,204.4
2024-12-28 12:00:00,Okhla Phase 2,28.5308,77.2713,136.0,137.8,1649.0,75.0,63.7,41.0,312.5
2024-12-28 13:00:00,Okhla Phase 2,28.5308,77.2713,154.6,156.0,1888.0,82.6,66.2,31.0,326.8
2024-12-28 14:00:00,Okhla Phase 2,28.5308,77.2713,156.5,157.9,2095.0,92.5,69.3,18.0,328.2
2024-12-28 15:00:00,Okhla Phase 2,28.5308,77.2713,151.3,152.3,2223.0,96.6,69.5,10.0,324.3
2024-12-28 16:00:00,Okhla Phase 2,28.5308,77.2713,143.4,144.4,2263.0,90.2,64.4,10.0,318.2
2024-12-28 17:00:00,Okhla Phase 2,28.5308,77.2713,139.2,140.2,2223.0,77.9,56.4,15.0,315.0
2024-12-28 18:00:00,Okhla Phase 2,28.5308,77.2713,134.1,135.0,2090.0,65.2,48.8,20.0,311.1
2024-12-28 19:00:00,Okhla Phase 2,28.5308,77.2713,126.2,127.1,1793.0,53.1,42.4,25.0,305.0
2024-12-28 20:00:00,Okhla Phase 2,28.5308,77.2713,119.7,120.6,1401.0,40.6,36.3,31.0,299.0
2024-12-28 21:00:00,Okhla Phase 2,28.5308,77.2713,113.2,114.1,1107.0,30.7,31.6,36.0,276.8
2024-12-28 22:00:00,Okhla Phase 2,28.5308,77.2713,106.6,107.6,996.0,24.2,28.6,40.0,254.3
2024-12-28 23:00:00,Okhla Phase 2,28.5308,77.2713,99.9,100.6,983.0,20.2,27.0,42.0,231.4
2024-12-29 00:00:00,Okhla Phase 2,28.5308,77.2713,125.3,126.2,1003.0,36.5,31.1,21.0,304.3
2024-12-29 01:00:00,Okhla Phase 2,28.5308,77.2713,117.3,118.3,1059.0,36.4,31.7,22.0,290.8
2024-12-29 02:00:00,Okhla Phase 2,28.5308,77.2713,115.7,116.4,1147.0,36.1,32.7,23.0,285.3
2024-12-29 03:00:00,Okhla Phase 2,28.5308,77.2713,116.4,117.1,1195.0,34.6,34.5,30.0,287.7
2024-12-29 04:00:00,Okhla Phase 2,28.5308,77.2713,99.7,100.6,1170.0,30.9,38.2,47.0,230.7
2024-12-29 05:00:00,Okhla Phase 2,28.5308,77.2713,85.7,86.6,1104.0,26.1,42.8,69.0,185.3
2024-12-29 06:00:00,Okhla Phase 2,28.5308,77.2713,75.0,76.4,1019.0,21.9,45.0,88.0,148.8
2024-12-29 07:00:00,Okhla Phase 2,28.5308,77.2713,70.1,71.5,884.0,18.2,42.9,104.0,132.1
2024-12-29 08:00:00,Okhla Phase 2,28.5308,77.2713,66.6,68.2,731.0,15.2,38.4,117.0,120.1
2024-12-29 09:00:00,Okhla Phase 2,28.5308,77.2713,65.4,67.3,674.0,15.6,34.7,121.0,116.0
2024-12-29 10:00:00,Okhla Phase 2,28.5308,77.2713,63.1,65.0,799.0,21.6,32.8,111.0,108.2
2024-12-29 11:00:00,Okhla Phase 2,28.5308,77.2713,64.0,65.7,1022.0,31.1,31.6,93.0,111.2
2024-12-29 12:00:00,Okhla Phase 2,28.5308,77.2713,94.1,95.7,1201.0,39.4,34.2,66.0,211.6
2024-12-29 13:00:00,Okhla Phase 2,28.5308,77.2713,100.8,102.2,1297.0,42.4,33.2,56.0,234.5
2024-12-29 14:00:00,Okhla Phase 2,28.5308,77.2713,100.6,101.7,1350.0,46.3,31.6,43.0,233.8
2024-12-29 15:00:00,Okhla Phase 2,28.5308,77.2713,99.4,100.4,1341.0,47.4,29.9,35.0,229.7
2024-12-29 16:00:00,Okhla Phase 2,28.5308,77.2713,95.9,96.6,1235.0,43.3,28.0,36.0,217.7
2024-12-29 17:00:00,Okhla Phase 2,28.5308,77.2713,93.6,94.3,1066.0,36.4,25.8,41.0,209.9
2024-12-29 18:00:00,Okhla Phase 2,28.5308,77.2713,91.3,92.0,920.0,29.9,23.7,47.0,202.0
2024-12-29 19:00:00,Okhla Phase 2,28.5308,77.2713,86.4,87.1,821.0,24.8,21.4,51.0,187.7
2024-12-29 20:00:00,Okhla Phase 2,28.5308,77.2713,83.4,84.1,744.0,20.1,19.1,55.0,177.5
2024-12-29 21:00:00,Okhla Phase 2,28.5308,77.2713,81.0,81.7,701.0,16.5,17.7,58.0,169.3
2024-12-29 22:00:00,Okhla Phase 2,28.5308,77.2713,79.4,79.9,700.0,13.8,17.7,60.0,163.8
2024-12-29 23:00:00,Okhla Phase 2,28.5308,77.2713,78.5,78.9,732.0,12.3,18.7,62.0,160.7
2024-12-30 00:00:00,Okhla Phase 2,28.5308,77.2713,80.8,81.5,781.0,13.4,19.4,59.0,168.6
2024-12-30 01:00:00,Okhla Phase 2,28.5308,77.2713,79.9,80.3,858.0,17.9,22.0,55.0,165.5
2024-12-30 02:00:00,Okhla Phase 2,28.5308,77.2713,82.7,83.1,953.0,23.9,25.7,50.0,175.1
2024-12-30 03:00:00,Okhla Phase 2,28.5308,77.2713,85.0,85.4,1015.0,27.4,29.4,55.0,182.9
2024-12-30 04:00:00,Okhla Phase 2,28.5308,77.2713,82.0,82.2,1017.0,26.0,33.1,76.0,172.7
2024-12-30 05:00:00,Okhla Phase 2,28.5308,77.2713,80.1,80.3,987.0,22.0,36.8,106.0,166.2
2024-12-30 06:00:00,Okhla Phase 2,28.5308,77.2713,78.7,78.9,956.0,18.4,39.1,132.0,161.4
2024-12-30 07:00:00,Okhla Phase 2,28.5308,77.2713,73.8,74.0,907.0,14.7,39.0,153.0,144.7
2024-12-30 08:00:00,Okhla Phase 2,28.5308,77.2713,65.4,65.9,857.0,11.4,37.5,169.0,116.0
2024-12-30 09:00:00,Okhla Phase 2,28.5308,77.2713,57.5,57.9,889.0,12.2,35.8,173.0,95.8
2024-12-30 10:00:00,Okhla Phase 2,28.5308,77.2713,53.4,53.9,1080.0,19.9,34.0,155.0,88.8
2024-12-30 11:00:00,Okhla Phase 2,28.5308,77.2713,54.6,55.1,1354.0,31.8,32.0,125.0,90.9
2024-12-30 12:00:00,Okhla Phase 2,28.5308,77.2713,102.7,103.8,1564.0,56.8,45.6,92.0,240.9
2024-12-30 13:00:00,Okhla Phase 2,28.5308,77.2713,117.3,118.3,1656.0,64.8,47.0,73.0,290.8
2024-12-30 14:00:00,Okhla Phase 2,28.5308,77.2713,126.2,127.6,1684.0,75.7,48.9,47.0,305.0
2024-12-30 15:00:00,Okhla Phase 2,28.5308,77.2713,131.8,132.7,1670.0,82.4,50.0,27.0,309.3
2024-12-30 16:00:00,Okhla Phase 2,28.5308,77.2713,137.4,138.3,1605.0,81.8,50.2,20.0,313.6
2024-12-30 17:00:00,Okhla Phase 2,28.5308,77.2713,141.6,143.0,1497.0,77.2,49.6,19.0,316.8
2024-12-30 18:00:00,Okhla Phase 2,28.5308,77.2713,141.6,143.0,1392.0,70.8,47.4,21.0,316.8
2024-12-30 19:00:00,Okhla Phase 2,28.5308,77.2713,134.6,135.5,1298.0,62.8,42.4,25.0,311.4
2024-12-30 20:00:00,Okhla Phase 2,28.5308,77.2713,128.1,129.5,1207.0,53.0,35.8,31.0,306.4
2024-12-30 21:00:00,Okhla Phase 2,28.5308,77.2713,123.9,125.3,1138.0,44.1,30.5,37.0,303.2
2024-12-30 22:00:00,Okhla Phase 2,28.5308,77.2713,119.0,120.1,1094.0,35.6,27.2,43.0,296.6
2024-12-30 23:00:00,Okhla Phase 2,28.5308,77.2713,115.3,116.4,1073.0,27.8,25.2,49.0,284.0
2024-12-31 00:00:00,Okhla Phase 2,28.5308,77.2713,157.9,159.3,1089.0,48.5,36.2,20.0,329.3
2024-12-31 01:00:00,Okhla Phase 2,28.5308,77.2713,153.7,154.6,1176.0,47.1,35.9,21.0,326.1
2024-12-31 02:00:00,Okhla Phase 2,28.5308,77.2713,157.9,158.8,1300.0,44.8,35.6,24.0,329.3
2024-12-31 03:00:00,Okhla Phase 2,28.5308,77.2713,150.9,152.3,1377.0,41.4,36.4,34.0,323.9
2024-12-31 04:00:00,Okhla Phase 2,28.5308,77.2713,137.4,139.2,1363.0,35.8,39.2,57.0,313.6
2024-12-31 05:00:00,Okhla Phase 2,28.5308,77.2713,117.6,119.7,1302.0,29.0,43.1,87.0,291.8
2024-12-31 06:00:00,Okhla Phase 2,28.5308,77.2713,100.8,103.4,1235.0,23.7,45.9,112.0,234.5
2024-12-31 07:00:00,Okhla Phase 2,28.5308,77.2713,95.7,98.0,1136.0,19.6,46.3,132.0,217.0
2024-12-31 08:00:00,Okhla Phase 2,28.5308,77.2713,92.4,94.8,1031.0,17.1,45.7,147.0,205.8
2024-12-31 09:00:00,Okhla Phase 2,28.5308,77.2713,89.2,91.5,1048.0,19.4,45.4,151.0,197.3
2024-12-31 10:00:00,Okhla Phase 2,28.5308,77.2713,88.0,90.1,1273.0,29.3,45.9,138.0,193.2
2024-12-31 11:00:00,Okhla Phase 2,28.5308,77.2713,88.7,91.0,1619.0,44.1,46.7,114.0,195.6
2024-12-31 12:00:00,Okhla Phase 2,28.5308,77.2713,158.3,162.1,1950.0,76.3,78.7,88.0,329.6
2024-12-31 13:00:00,Okhla Phase 2,28.5308,77.2713,190.5,193.7,2277.0,91.0,82.2,64.0,354.3
2024-12-31 14:00:00,Okhla Phase 2,28.5308,77.2713,210.9,214.7,2591.0,110.9,86.7,32.0,370.0
2024-12-31 15:00:00,Okhla Phase 2,28.5308,77.2713,217.5,220.7,2723.0,121.9,87.9,9.0,375.1
2024-12-31 16:00:00,Okhla Phase 2,28.5308,77.2713,217.0,220.3,2547.0,117.0,83.6,5.0,374.7
2024-12-31 17:00:00,Okhla Phase 2,28.5308,77.2713,217.0,220.3,2191.0,103.4,76.1,10.0,374.7
2024-12-31 18:00:00,Okhla Phase 2,28.5308,77.2713,209.5,212.8,1869.0,88.6,67.4,17.0,368.9
2024-12-31 19:00:00,Okhla Phase 2,28.5308,77.2713,193.7,197.0,1645.0,74.2,57.5,24.0,356.8
2024-12-31 20:00:00,Okhla Phase 2,28.5308,77.2713,180.7,183.9,1456.0,58.6,46.5,33.0,346.8
2024-12-31 21:00:00,Okhla Phase 2,28.5308,77.2713,167.6,170.4,1324.0,45.0,37.2,42.0,336.8
2024-12-31 22:00:00,Okhla Phase 2,28.5308,77.2713,153.2,156.0,1268.0,33.8,30.3,50.0,325.7
2024-12-31 23:00:00,Okhla Phase 2,28.5308,77.2713,141.6,144.4,1269.0,24.6,25.1,57.0,316.8
2024-12-19 12:00:00,Patparganj,28.6237,77.2877,144.8,147.6,1444.0,75.6,65.6,98.0,319.3
2024-12-19 13:00:00,Patparganj,28.6237,77.2877,168.1,170.4,1669.0,84.5,70.3,78.0,337.1
2024-12-19 14:00:00,Patparganj,28.6237,77.2877,190.0,192.3,1879.0,96.5,76.5,50.0,354.0
2024-12-19 15:00:00,Patparganj,28.6237,77.2877,204.9,207.2,2003.0,103.4,79.9,29.0,365.4
2024-12-19 16:00:00,Patparganj,28.6237,77.2877,212.3,214.2,1996.0,101.2,78.3,22.0,371.1
2024-12-19 17:00:00,Patparganj,28.6237,77.2877,213.7,215.6,1902.0,94.0,73.9,23.0,372.1
2024-12-19 18:00:00,Patparganj,28.6237,77.2877,207.2,209.1,1787.0,85.6,68.1,25.0,367.2
2024-12-19 19:00:00,Patparganj,28.6237,77.2877,195.1,197.0,1648.0,76.7,60.6,28.0,357.9
2024-12-19 20:00:00,Patparganj,28.6237,77.2877,184.9,186.7,1487.0,66.7,51.7,33.0,350.0
2024-12-19 21:00:00,Patparganj,28.6237,77.2877,177.0,178.8,1376.0,57.7,44.6,36.0,344.0
2024-12-19 22:00:00,Patparganj,28.6237,77.2877,170.9,172.3,1311.0,49.3,39.8,37.0,339.3
2024-12-19 23:00:00,Patparganj,28.6237,77.2877,165.3,167.2,1295.0,42.0,36.6,37.0,335.0
2024-12-20 00:00:00,Patparganj,28.6237,77.2877,147.6,149.0,1411.0,28.2,37.5,55.0,321.4
2024-12-20 01:00:00,Patparganj,28.6237,77.2877,157.9,159.7,1830.0,39.2,43.6,44.0,329.3
2024-12-20 02:00:00,Patparganj,28.6237,77.2877,176.0,177.9,2380.0,53.8,51.8,30.0,343.2
2024-12-20 03:00:00,Patparganj,28.6237,77.2877,181.6,183.0,2627.0,61.1,57.4,34.0,347.5
2024-12-20 04:00:00,Patparganj,28.6237,77.2877,156.5,157.9,2281.0,53.8,57.4,73.0,328.2
2024-12-20 05:00:00,Patparganj,28.6237,77.2877,138.8,140.2,1632.0,39.1,54.8,129.0,314.7
2024-12-20 06:00:00,Patparganj,28.6237,77.2877,111.8,113.9,1111.0,27.5,52.9,172.0,272.0
2024-12-20 07:00:00,Patparganj,28.6237,77.2877,94.3,96.9,868.0,21.6,53.2,190.0,212.3
2024-12-20 08:00:00,Patparganj,28.6237,77.2877,84.1,86.6,753.0,18.8,54.3,195.0,179.9
2024-12-20 09:00:00,Patparganj,28.6237,77.2877,80.1,82.4,748.0,22.0,55.4,187.0,166.2
2024-12-20 10:00:00,Patparganj,28.6237,77.2877,78.5,80.6,902.0,36.2,56.4,162.0,160.7
2024-12-20 11:00:00,Patparganj,28.6237,77.2877,85.9,87.5,1166.0,56.5,57.3,125.0,186.0
2024-12-20 12:00:00,Patparganj,28.6237,77.2877,115.5,117.3,1371.0,74.4,56.9,86.0,284.6
2024-12-20 13:00:00,Patparganj,28.6237,77.2877,125.3,126.7,1450.0,70.4,54.7,77.0,304.3
2024-12-20 14:00:00,Patparganj,28.6237,77.2877,126.7,128.5,1470.0,64.5,51.5,64.0,305.4
2024-12-20 15:00:00,Patparganj,28.6237,77.2877,126.7,128.1,1459.0,58.2,48.2,55.0,305.4
2024-12-20 16:00:00,Patparganj,28.6237,77.2877,127.1,128.1,1418.0,51.5,44.8,52.0,305.7
2024-12-20 17:00:00,Patparganj,28.6237,77.2877,127.6,128.5,1346.0,44.2,41.3,52.0,306.1
2024-12-20 18:00:00,Patparganj,28.6237,77.2877,125.7,126.7,1276.0,37.6,38.7,52.0,304.6
2024-12-20 19:00:00,Patparganj,28.6237,77.2877,122.0,123.4,1212.0,31.6,37.8,52.0,301.8
2024-12-20 20:00:00,Patparganj,28.6237,77.2877,119.7,120.6,1150.0,26.3,37.8,51.0,299.0
2024-12-20 21:00:00,Patparganj,28.6237,77.2877,117.6,118.5,1102.0,22.3,37.7,51.0,291.8
2024-12-20 22:00:00,Patparganj,28.6237,77.2877,115.9,116.9,1033.0,19.6,36.9,50.0,286.0
2024-12-20 23:00:00,Patparganj,28.6237,77.2877,114.6,115.7,980.0,18.4,35.9,49.0,281.6
2024-12-21 00:00:00,Patparganj,28.6237,77.2877,116.4,117.3,1063.0,21.0,41.3,46.0,287.7
2024-12-21 01:00:00,Patparganj,28.6237,77.2877,123.9,124.8,1448.0,27.1,44.6,38.0,303.2
2024-12-21 02:00:00,Patparganj,28.6237,77.2877,138.3,139.2,1970.0,35.3,49.0,28.0,314.3
2024-12-21 03:00:00,Patparganj,28.6237,77.2877,144.8,145.8,2253.0,40.2,51.9,30.0,319.3
2024-12-21 04:00:00,Patparganj,28.6237,77.2877,143.0,143.9,2083.0,38.8,51.9,56.0,317.9
2024-12-21 05:00:00,Patparganj,28.6237,77.2877,138.3,139.2,1674.0,33.9,50.3,94.0,314.3
2024-12-21 06:00:00,Patparganj,28.6237,77.2877,129.5,130.4,1299.0,28.9,48.7,127.0,307.5
2024-12-21 07:00:00,Patparganj,28.6237,77.2877,110.1,111.5,1009.0,22.3,47.4,150.0,266.2
2024-12-21 08:00:00,Patparganj,28.6237,77.2877,98.5,100.1,753.0,15.6,46.2,168.0,226.6
2024-12-21 09:00:00,Patparganj,28.6237,77.2877,92.7,94.3,643.0,15.6,45.6,171.0,206.8
2024-12-21 10:00:00,Patparganj,28.6237,77.2877,90.3,92.0,778.0,28.3,45.7,151.0,500.0
2024-12-21 11:00:00,Patparganj,28.6237,77.2877,98.7,99.9,1060.0,47.7,46.4,116.0,227.3
2024-12-21 12:00:00,Patparganj,28.6237,77.2877,134.1,136.0,1305.0,62.1,50.3,84.0,311.1
2024-12-21 13:00:00,Patparganj,28.6237,77.2877,152.7,154.6,1462.0,67.0,53.7,70.0,325.3
2024-12-21 14:00:00,Patparganj,28.6237,77.2877,166.7,168.6,1582.0,73.7,58.4,51.0,336.1
2024-12-21 15:00:00,Patparganj,28.6237,77.2877,180.2,181.6,1641.0,78.0,62.0,35.0,346.4
2024-12-21 16:00:00,Patparganj,28.6237,77.2877,193.7,195.1,1608.0,78.0,63.9,26.0,356.8
2024-12-21 17:00:00,Patparganj,28.6237,77.2877,206.3,208.2,1513.0,75.7,64.7,21.0,366.5
2024-12-21 18:00:00,Patparganj,28.6237,77.2877,213.3,214.7,1423.0,73.0,64.3,18.0,371.8
2024-12-21 19:00:00,Patparganj,28.6237,77.2877,214.2,215.6,1347.0,70.5,62.4,16.0,372.5
2024-12-21 20:00:00,Patparganj,28.6237,77.2877,215.6,217.0,1276.0,67.6,59.2,16.0,373.6
2024-12-21 21:00:00,Patparganj,28.6237,77.2877,214.2,216.1,1251.0,64.2,56.0,17.0,372.5
2024-12-21 22:00:00,Patparganj,28.6237,77.2877,205.8,207.7,1189.0,59.2,51.8,21.0,366.1
2024-12-21 23:00:00,Patparganj,28.6237,77.2877,193.7,195.6,1174.0,53.8,47.6,27.0,356.8
2024-12-22 00:00:00,Patparganj,28.6237,77.2877,200.7,202.6,1491.0,57.6,44.6,20.0,362.2
2024-12-22 01:00:00,Patparganj,28.6237,77.2877,204.4,206.3,2590.0,60.8,53.7,19.0,365.0
2024-12-22 02:00:00,Patparganj,28.6237,77.2877,220.7,223.1,4023.0,64.8,66.2,19.0,377.5
2024-12-22 03:00:00,Patparganj,28.6237,77.2877,238.0,239.3,4728.0,64.8,74.9,32.0,390.8
2024-12-22 04:00:00,Patparganj,28.6237,77.2877,218.9,220.3,4010.0,57.4,76.5,69.0,376.1
2024-12-22 05:00:00,Patparganj,28.6237,77.2877,185.8,187.7,2564.0,45.9,74.3,120.0,350.7
2024-12-22 06:00:00,Patparganj,28.6237,77.2877,140.2,142.5,1419.0,36.0,71.8,159.0,315.7
2024-12-22 07:00:00,Patparganj,28.6237,77.2877,117.6,119.7,984.0,26.5,69.1,181.0,291.8
2024-12-22 08:00:00,Patparganj,28.6237,77.2877,101.7,103.8,850.0,18.5,66.0,192.0,237.5
2024-12-22 09:00:00,Patparganj,28.6237,77.2877,93.8,95.9,816.0,20.7,65.0,188.0,210.6
2024-12-22 10:00:00,Patparganj,28.6237,77.2877,90.6,92.4,830.0,41.8,67.7,162.0,500.0
2024-12-22 11:00:00,Patparganj,28.6237,77.2877,105.5,107.1,944.0,73.2,72.5,122.0,250.5
2024-12-22 12:00:00,Patparganj,28.6237,77.2877,158.8,160.7,1112.0,101.3,82.2,75.0,330.0
2024-12-22 13:00:00,Patparganj,28.6237,77.2877,190.0,191.4,1374.0,103.8,84.7,63.0,354.0
2024-12-22 14:00:00,Patparganj,28.6237,77.2877,207.2,209.1,1689.0,106.9,87.9,46.0,367.2
2024-12-22 15:00:00,Patparganj,28.6237,77.2877,210.5,211.9,1896.0,107.0,87.9,34.0,369.7
2024-12-22 16:00:00,Patparganj,28.6237,77.2877,203.0,204.4,1919.0,102.9,82.3,32.0,363.9
2024-12-22 17:00:00,Patparganj,28.6237,77.2877,197.9,199.3,1832.0,95.9,73.5,36.0,360.0
2024-12-22 18:00:00,Patparganj,28.6237,77.2877,183.9,185.3,1698.0,85.5,64.8,42.0,349.3
2024-12-22 19:00:00,Patparganj,28.6237,77.2877,164.4,165.3,1498.0,68.9,56.3,53.0,334.3
2024-12-22 20:00:00,Patparganj,28.6237,77.2877,146.2,147.1,1250.0,49.1,47.8,66.0,320.3
2024-12-22 21:00:00,Patparganj,28.6237,77.2877,139.2,140.6,1071.0,34.4,42.1,75.0,315.0
2024-12-22 22:00:00,Patparganj,28.6237,77.2877,138.8,140.2,976.0,28.0,40.3,76.0,314.7
2024-12-22 23:00:00,Patparganj,28.6237,77.2877,142.0,143.4,950.0,26.7,41.2,71.0,317.1
2024-12-23 00:00:00,Patparganj,28.6237,77.2877,117.6,118.7,1060.0,18.7,34.3,76.0,291.8
2024-12-23 01:00:00,Patparganj,28.6237,77.2877,122.9,123.9,1466.0,30.0,38.4,62.0,302.5
2024-12-23 02:00:00,Patparganj,28.6237,77.2877,137.4,138.8,2010.0,45.4,44.1,44.0,313.6
2024-12-23 03:00:00,Patparganj,28.6237,77.2877,156.9,157.9,2279.0,55.4,47.6,36.0,328.6
2024-12-23 04:00:00,Patparganj,28.6237,77.2877,149.9,150.9,2013.0,55.4,47.0,47.0,323.2
2024-12-23 05:00:00,Patparganj,28.6237,77.2877,145.8,146.7,1474.0,50.2,44.4,69.0,320.0
2024-12-23 06:00:00,Patparganj,28.6237,77.2877,143.9,145.3,1034.0,44.2,42.1,89.0,318.6
2024-12-23 07:00:00,Patparganj,28.6237,77.2877,131.3,132.7,829.0,38.0,41.1,106.0,308.9
2024-12-23 08:00:00,Patparganj,28.6237,77.2877,116.6,118.3,723.0,31.0,40.5,122.0,288.4
2024-12-23 09:00:00,Patparganj,28.6237,77.2877,110.8,112.5,683.0,26.8,40.0,130.0,268.6
2024-12-23 10:00:00,Patparganj,28.6237,77.2877,105.9,107.8,731.0,27.8,39.9,127.0,251.9
2024-12-23 11:00:00,Patparganj,28.6237,77.2877,100.8,102.4,844.0,31.5,40.1,116.0,234.5
2024-12-23 12:00:00,Patparganj,28.6237,77.2877,129.9,131.8,923.0,38.6,38.7,106.0,307.8
2024-12-23 13:00:00,Patparganj,28.6237,77.2877,123.9,126.2,919.0,36.8,39.4,98.0,303.2
2024-12-23 14:00:00,Patparganj,28.6237,77.2877,120.1,122.0,880.0,34.3,40.4,86.0,500.0
2024-12-23 15:00:00,Patparganj,28.6237,77.2877,116.6,118.5,850.0,32.8,41.0,75.0,288.4
2024-12-23 16:00:00,Patparganj,28.6237,77.2877,114.6,116.4,852.0,33.4,41.2,66.0,281.6
2024-12-23 17:00:00,Patparganj,28.6237,77.2877,115.7,117.8,863.0,34.9,41.2,59.0,285.3
2024-12-23 18:00:00,Patparganj,28.6237,77.2877,116.6,118.5,860.0,35.1,40.2,53.0,288.4
2024-12-23 19:00:00,Patparganj,28.6237,77.2877,113.9,115.7,827.0,32.4,37.9,51.0,279.2
2024-12-23 20:00:00,Patparganj,28.6237,77.2877,110.6,112.7,779.0,28.3,34.7,52.0,267.9
2024-12-23 21:00:00,Patparganj,28.6237,77.2877,109.7,111.8,740.0,25.1,31.7,51.0,264.8
2024-12-23 22:00:00,Patparganj,28.6237,77.2877,108.5,110.4,702.0,23.2,28.9,47.0,260.7
2024-12-23 23:00:00,Patparganj,28.6237,77.2877,105.7,107.3,674.0,22.1,26.3,43.0,251.2
2024-12-24 00:00:00,Patparganj,28.6237,77.2877,83.1,85.0,701.0,17.2,17.5,60.0,176.4
2024-12-24 01:00:00,Patparganj,28.6237,77.2877,84.5,86.4,849.0,24.2,20.1,54.0,181.2
2024-12-24 02:00:00,Patparganj,28.6237,77.2877,93.1,95.0,1054.0,33.6,23.6,47.0,208.2
2024-12-24 03:00:00,Patparganj,28.6237,77.2877,102.9,105.0,1165.0,38.9,26.5,49.0,241.6
2024-12-24 04:00:00,Patparganj,28.6237,77.2877,108.0,109.9,1097.0,36.2,27.7,68.0,259.0
2024-12-24 05:00:00,Patparganj,28.6237,77.2877,106.9,109.2,936.0,29.6,28.2,97.0,255.3
2024-12-24 06:00:00,Patparganj,28.6237,77.2877,102.7,105.7,792.0,24.2,29.6,121.0,240.9
2024-12-24 07:00:00,Patparganj,28.6237,77.2877,106.4,109.7,657.0,19.6,32.0,138.0,253.6
2024-12-24 08:00:00,Patparganj,28.6237,77.2877,107.1,110.6,539.0,16.3,35.3,151.0,256.0
2024-12-24 09:00:00,Patparganj,28.6237,77.2877,107.8,111.1,578.0,21.6,40.0,150.0,258.4
2024-12-24 10:00:00,Patparganj,28.6237,77.2877,108.7,111.8,923.0,43.5,46.5,126.0,261.4
2024-12-24 11:00:00,Patparganj,28.6237,77.2877,119.7,122.0,1424.0,73.9,54.6,88.0,299.0
2024-12-24 12:00:00,Patparganj,28.6237,77.2877,134.1,136.0,1769.0,77.1,46.7,62.0,311.1
2024-12-24 13:00:00,Patparganj,28.6237,77.2877,142.5,143.9,1759.0,74.5,46.8,56.0,317.5
2024-12-24 14:00:00,Patparganj,28.6237,77.2877,141.6,143.0,1593.0,70.5,46.6,47.0,316.8
2024-12-24 15:00:00,Patparganj,28.6237,77.2877,131.8,133.2,1559.0,65.0,44.8,41.0,309.3
2024-12-24 16:00:00,Patparganj,28.6237,77.2877,120.1,121.5,1842.0,56.9,40.0,39.0,500.0
2024-12-24 17:00:00,Patparganj,28.6237,77.2877,111.8,112.9,2256.0,47.2,33.5,38.0,272.0
2024-12-24 18:00:00,Patparganj,28.6237,77.2877,105.5,106.6,2535.0,39.0,28.0,38.0,250.5
2024-12-24 19:00:00,Patparganj,28.6237,77.2877,100.4,101.5,2557.0,33.3,24.3,37.0,233.1
2024-12-24 20:00:00,Patparganj,28.6237,77.2877,98.0,99.4,2442.0,29.1,21.5,37.0,224.9
2024-12-24 21:00:00,Patparganj,28.6237,77.2877,98.0,99.2,2286.0,26.1,19.5,36.0,224.9
2024-12-24 22:00:00,Patparganj,28.6237,77.2877,98.7,100.1,2058.0,24.0,18.1,35.0,227.3
2024-12-24 23:00:00,Patparganj,28.6237,77.2877,99.7,101.0,1788.0,23.2,17.5,34.0,230.7
2024-12-25 00:00:00,Patparganj,28.6237,77.2877,94.3,95.7,1664.0,21.1,16.8,39.0,212.3
2024-12-25 01:00:00,Patparganj,28.6237,77.2877,101.0,102.4,1863.0,28.4,23.0,31.0,235.1
2024-12-25 02:00:00,Patparganj,28.6237,77.2877,118.0,119.7,2208.0,38.3,31.4,21.0,293.2
2024-12-25 03:00:00,Patparganj,28.6237,77.2877,134.6,136.0,2353.0,43.8,37.2,24.0,311.4
2024-12-25 04:00:00,Patparganj,28.6237,77.2877,128.1,129.0,2093.0,41.0,37.0,52.0,306.4
2024-12-25 05:00:00,Patparganj,28.6237,77.2877,119.7,121.1,1633.0,33.8,34.0,93.0,299.0
2024-12-25 06:00:00,Patparganj,28.6237,77.2877,95.7,97.6,1243.0,27.4,33.3,126.0,217.0
2024-12-25 07:00:00,Patparganj,28.6237,77.2877,87.8,90.1,1010.0,22.1,37.7,147.0,192.5
2024-12-25 08:00:00,Patparganj,28.6237,77.2877,91.7,94.1,847.0,17.5,44.4,161.0,203.4
2024-12-25 09:00:00,Patparganj,28.6237,77.2877,94.1,96.4,769.0,18.3,49.3,162.0,211.6
2024-12-25 10:00:00,Patparganj,28.6237,77.2877,94.5,96.9,780.0,28.6,50.3,143.0,212.9
2024-12-25 11:00:00,Patparganj,28.6237,77.2877,100.1,102.0,876.0,44.2,49.5,111.0,232.1
2024-12-25 12:00:00,Patparganj,28.6237,77.2877,133.2,135.0,1055.0,57.4,47.5,74.0,310.4
2024-12-25 13:00:00,Patparganj,28.6237,77.2877,144.4,146.2,1399.0,61.4,50.0,61.0,319.0
2024-12-25 14:00:00,Patparganj,28.6237,77.2877,151.8,153.2,1826.0,66.8,53.5,43.0,324.6
2024-12-25 15:00:00,Patparganj,28.6237,77.2877,160.7,161.6,2094.0,70.3,56.4,29.0,331.5
2024-12-25 16:00:00,Patparganj,28.6237,77.2877,167.6,169.0,2063.0,70.0,58.6,23.0,336.8
2024-12-25 17:00:00,Patparganj,28.6237,77.2877,174.6,176.0,1872.0,67.8,60.2,20.0,342.1
2024-12-25 18:00:00,Patparganj,28.6237,77.2877,178.3,179.3,1698.0,65.3,60.1,18.0,345.0
2024-12-25 19:00:00,Patparganj,28.6237,77.2877,179.3,180.2,1599.0,63.3,57.0,15.0,345.7
2024-12-25 20:00:00,Patparganj,28.6237,77.2877,179.7,180.7,1517.0,61.1,52.2,13.0,346.0
2024-12-25 21:00:00,Patparganj,28.6237,77.2877,178.8,180.2,1454.0,58.4,48.2,12.0,345.4
2024-12-25 22:00:00,Patparganj,28.6237,77.2877,175.6,176.5,1368.0,54.2,45.6,13.0,342.9
2024-12-25 23:00:00,Patparganj,28.6237,77.2877,170.0,170.9,1301.0,49.6,43.8,15.0,338.6
2024-12-26 00:00:00,Patparganj,28.6237,77.2877,182.5,183.9,1380.0,48.6,39.7,9.0,348.2
2024-12-26 01:00:00,Patparganj,28.6237,77.2877,173.7,174.6,1783.0,48.1,42.1,6.0,341.4
2024-12-26 02:00:00,Patparganj,28.6237,77.2877,186.3,187.2,2331.0,47.3,45.4,4.0,351.1
2024-12-26 03:00:00,Patparganj,28.6237,77.2877,192.3,192.8,2618.0,45.7,47.9,16.0,355.7
2024-12-26 04:00:00,Patparganj,28.6237,77.2877,192.3,192.8,2407.0,43.1,48.3,56.0,355.7
2024-12-26 05:00:00,Patparganj,28.6237,77.2877,180.2,180.7,1934.0,39.7,47.8,110.0,346.4
2024-12-26 06:00:00,Patparganj,28.6237,77.2877,146.7,147.6,1503.0,36.2,48.4,151.0,320.7
2024-12-26 07:00:00,Patparganj,28.6237,77.2877,100.1,101.3,1165.0,29.2,50.5,172.0,232.1
2024-12-26 08:00:00,Patparganj,28.6237,77.2877,80.6,82.0,868.0,22.0,53.7,180.0,167.9
2024-12-26 09:00:00,Patparganj,28.6237,77.2877,75.9,77.5,767.0,25.3,58.1,174.0,151.9
2024-12-26 10:00:00,Patparganj,28.6237,77.2877,75.4,77.5,945.0,48.6,64.3,147.0,150.2
2024-12-26 11:00:00,Patparganj,28.6237,77.2877,88.2,89.9,1318.0,82.5,71.7,106.0,193.9
2024-12-26 12:00:00,Patparganj,28.6237,77.2877,139.2,142.0,1784.0,103.4,69.3,63.0,315.0
2024-12-26 13:00:00,Patparganj,28.6237,77.2877,170.4,172.8,2446.0,109.4,75.6,49.0,338.9
2024-12-26 14:00:00,Patparganj,28.6237,77.2877,190.9,193.2,3200.0,117.5,84.2,29.0,354.6
2024-12-26 15:00:00,Patparganj,28.6237,77.2877,212.3,214.7,3636.0,122.3,89.2,15.0,371.1
2024-12-26 16:00:00,Patparganj,28.6237,77.2877,230.0,232.8,3507.0,121.7,88.6,10.0,384.7
2024-12-26 17:00:00,Patparganj,28.6237,77.2877,235.6,238.4,3060.0,117.7,84.6,11.0,388.9
2024-12-26 18:00:00,Patparganj,28.6237,77.2877,220.3,223.1,2617.0,110.9,77.5,13.0,377.2
2024-12-26 19:00:00,Patparganj,28.6237,77.2877,205.8,208.2,2272.0,99.6,65.4,17.0,366.1
2024-12-26 20:00:00,Patparganj,28.6237,77.2877,185.8,187.7,1933.0,85.4,50.4,23.0,350.7
2024-12-26 21:00:00,Patparganj,28.6237,77.2877,162.1,164.4,1645.0,73.9,38.7,28.0,332.5
2024-12-26 22:00:00,Patparganj,28.6237,77.2877,145.3,147.1,1417.0,67.3,33.4,31.0,319.6
2024-12-26 23:00:00,Patparganj,28.6237,77.2877,144.4,146.7,1241.0,63.4,31.6,33.0,319.0
2024-12-27 00:00:00,Patparganj,28.6237,77.2877,146.2,148.1,1142.0,71.4,44.3,25.0,320.3
2024-12-27 01:00:00,Patparganj,28.6237,77.2877,130.9,132.7,1180.0,68.8,45.3,26.0,308.6
2024-12-27 02:00:00,Patparganj,28.6237,77.2877,138.8,140.6,1296.0,64.9,46.4,28.0,314.7
2024-12-27 03:00:00,Patparganj,28.6237,77.2877,140.6,142.0,1337.0,60.3,45.4,33.0,316.0
2024-12-27 04:00:00,Patparganj,28.6237,77.2877,138.8,140.2,1217.0,54.6,40.6,45.0,314.7
2024-12-27 05:00:00,Patparganj,28.6237,77.2877,117.6,119.2,1022.0,48.2,33.8,60.0,291.8
2024-12-27 06:00:00,Patparganj,28.6237,77.2877,97.8,99.7,861.0,42.2,27.9,72.0,224.2
2024-12-27 07:00:00,Patparganj,28.6237,77.2877,94.5,97.1,767.0,36.6,24.2,77.0,212.9
2024-12-27 08:00:00,Patparganj,28.6237,77.2877,91.5,93.8,706.0,31.4,21.5,79.0,202.7
2024-12-27 09:00:00,Patparganj,28.6237,77.2877,89.4,91.3,683.0,28.1,19.3,79.0,198.0
2024-12-27 10:00:00,Patparganj,28.6237,77.2877,85.4,87.1,729.0,28.0,17.3,78.0,184.3
2024-12-27 11:00:00,Patparganj,28.6237,77.2877,80.6,82.0,812.0,29.8,15.9,75.0,167.9
2024-12-27 12:00:00,Patparganj,28.6237,77.2877,94.3,96.6,848.0,36.8,16.6,64.0,212.3
2024-12-27 13:00:00,Patparganj,28.6237,77.2877,93.6,95.7,782.0,35.2,17.7,64.0,209.9
2024-12-27 14:00:00,Patparganj,28.6237,77.2877,96.6,98.7,669.0,32.8,19.2,64.0,220.1
2024-12-27 15:00:00,Patparganj,28.6237,77.2877,98.3,100.4,583.0,30.6,20.6,65.0,225.9
2024-12-27 16:00:00,Patparganj,28.6237,77.2877,102.2,104.5,565.0,28.8,21.7,66.0,239.2
2024-12-27 17:00:00,Patparganj,28.6237,77.2877,106.9,109.2,574.0,27.1,22.6,68.0,255.3
2024-12-27 18:00:00,Patparganj,28.6237,77.2877,104.3,106.6,564.0,25.5,23.2,68.0,246.4
2024-12-27 19:00:00,Patparganj,28.6237,77.2877,100.8,103.1,502.0,23.7,23.1,66.0,234.5
2024-12-27 20:00:00,Patparganj,28.6237,77.2877,100.4,102.7,421.0,21.9,22.5,63.0,233.1
2024-12-27 21:00:00,Patparganj,28.6237,77.2877,99.9,102.0,371.0,20.9,22.3,60.0,231.4
2024-12-27 22:00:00,Patparganj,28.6237,77.2877,96.2,98.0,327.0,20.3,22.0,57.0,218.8
2024-12-27 23:00:00,Patparganj,28.6237,77.2877,91.7,93.6,315.0,20.6,22.0,55.0,203.4
2024-12-28 00:00:00,Patparganj,28.6237,77.2877,82.0,84.1,460.0,17.1,21.0,66.0,172.7
2024-12-28 01:00:00,Patparganj,28.6237,77.2877,82.4,84.5,951.0,29.8,29.6,55.0,174.1
2024-12-28 02:00:00,Patparganj,28.6237,77.2877,105.2,107.6,1600.0,46.9,41.4,40.0,249.5
2024-12-28 03:00:00,Patparganj,28.6237,77.2877,125.3,127.6,1965.0,57.7,50.5,34.0,304.3
2024-12-28 04:00:00,Patparganj,28.6237,77.2877,112.0,113.9,1773.0,55.7,53.9,45.0,272.7
2024-12-28 05:00:00,Patparganj,28.6237,77.2877,103.8,105.9,1297.0,47.2,54.5,65.0,244.7
2024-12-28 06:00:00,Patparganj,28.6237,77.2877,99.9,102.0,917.0,40.6,55.2,80.0,231.4
2024-12-28 07:00:00,Patparganj,28.6237,77.2877,99.0,101.0,752.0,38.2,57.3,87.0,228.3
2024-12-28 08:00:00,Patparganj,28.6237,77.2877,97.3,99.4,684.0,37.6,59.5,91.0,222.5
2024-12-28 09:00:00,Patparganj,28.6237,77.2877,95.2,97.1,732.0,40.3,61.1,88.0,215.3
2024-12-28 10:00:00,Patparganj,28.6237,77.2877,91.5,93.1,938.0,48.5,61.5,77.0,202.7
2024-12-28 11:00:00,Patparganj,28.6237,77.2877,95.9,97.6,1262.0,59.9,61.3,59.0,217.7
2024-12-28 12:00:00,Patparganj,28.6237,77.2877,128.5,130.4,1599.0,67.4,56.8,47.0,306.8
2024-12-28 13:00:00,Patparganj,28.6237,77.2877,149.5,151.3,1981.0,67.0,55.3,42.0,322.9
2024-12-28 14:00:00,Patparganj,28.6237,77.2877,155.1,156.5,2377.0,66.3,53.0,35.0,327.2
2024-12-28 15:00:00,Patparganj,28.6237,77.2877,150.9,152.3,2593.0,63.9,49.9,30.0,323.9
2024-12-28 16:00:00,Patparganj,28.6237,77.2877,146.7,147.6,2514.0,59.2,45.4,28.0,320.7
2024-12-28 17:00:00,Patparganj,28.6237,77.2877,145.8,147.1,2255.0,52.8,40.1,28.0,320.0
2024-12-28 18:00:00,Patparganj,28.6237,77.2877,143.0,143.9,1968.0,45.9,35.0,29.0,317.9
2024-12-28 19:00:00,Patparganj,28.6237,77.2877,132.7,133.6,1662.0,37.9,30.3,32.0,310.0
2024-12-28 20:00:00,Patparganj,28.6237,77.2877,122.9,123.9,1328.0,29.3,25.9,36.0,302.5
2024-12-28 21:00:00,Patparganj,28.6237,77.2877,114.8,115.7,1088.0,22.6,22.7,40.0,282.2
2024-12-28 22:00:00,Patparganj,28.6237,77.2877,106.9,107.8,1007.0,18.5,21.0,43.0,255.3
2024-12-28 23:00:00,Patparganj,28.6237,77.2877,99.2,99.9,1019.0,16.4,20.5,45.0,229.0
2024-12-29 00:00:00,Patparganj,28.6237,77.2877,122.5,123.4,1049.0,23.8,21.8,31.0,302.2
2024-12-29 01:00:00,Patparganj,28.6237,77.2877,113.4,114.3,1091.0,26.1,23.5,31.0,277.5
2024-12-29 02:00:00,Patparganj,28.6237,77.2877,110.8,111.8,1151.0,29.2,25.9,32.0,268.6
2024-12-29 03:00:00,Patparganj,28.6237,77.2877,110.6,111.5,1173.0,30.0,28.1,38.0,267.9
2024-12-29 04:00:00,Patparganj,28.6237,77.2877,95.9,97.1,1126.0,26.5,29.9,55.0,217.7
2024-12-29 05:00:00,Patparganj,28.6237,77.2877,85.0,86.4,1041.0,20.7,31.5,77.0,182.9
2024-12-29 06:00:00,Patparganj,28.6237,77.2877,73.1,74.7,953.0,16.2,32.5,95.0,142.3
2024-12-29 07:00:00,Patparganj,28.6237,77.2877,66.8,68.5,844.0,13.7,32.4,108.0,120.8
2024-12-29 08:00:00,Patparganj,28.6237,77.2877,64.0,65.9,732.0,12.4,31.7,117.0,111.2
2024-12-29 09:00:00,Patparganj,28.6237,77.2877,63.3,65.0,708.0,14.0,31.2,118.0,108.9
2024-12-29 10:00:00,Patparganj,28.6237,77.2877,60.3,62.2,849.0,20.1,30.9,108.0,500.0
2024-12-29 11:00:00,Patparganj,28.6237,77.2877,61.5,63.3,1078.0,29.1,30.7,90.0,102.7
2024-12-29 12:00:00,Patparganj,28.6237,77.2877,90.6,92.2,1255.0,35.4,32.7,65.0,500.0
2024-12-29 13:00:00,Patparganj,28.6237,77.2877,96.2,97.6,1333.0,36.6,32.5,58.0,218.8
2024-12-29 14:00:00,Patparganj,28.6237,77.2877,96.2,97.1,1359.0,38.2,32.2,50.0,218.8
2024-12-29 15:00:00,Patparganj,28.6237,77.2877,95.0,95.7,1335.0,38.0,31.1,44.0,214.7
2024-12-29 16:00:00,Patparganj,28.6237,77.2877,92.2,92.9,1240.0,34.9,28.7,45.0,205.1
2024-12-29 17:00:00,Patparganj,28.6237,77.2877,90.6,91.3,1095.0,30.1,25.5,48.0,500.0
2024-12-29 18:00:00,Patparganj,28.6237,77.2877,89.2,89.9,963.0,25.5,22.7,52.0,197.3
2024-12-29 19:00:00,Patparganj,28.6237,77.2877,85.4,85.9,858.0,21.6,20.4,55.0,184.3
2024-12-29 20:00:00,Patparganj,28.6237,77.2877,82.9,83.6,766.0,18.0,18.3,57.0,175.8
2024-12-29 21:00:00,Patparganj,28.6237,77.2877,80.8,81.3,713.0,15.2,17.2,59.0,168.6
2024-12-29 22:00:00,Patparganj,28.6237,77.2877,78.7,79.2,714.0,13.2,17.1,61.0,161.4
2024-12-29 23:00:00,Patparganj,28.6237,77.2877,77.1,77.3,754.0,12.1,18.0,62.0,156.0
2024-12-30 00:00:00,Patparganj,28.6237,77.2877,77.3,77.8,809.0,12.9,18.5,61.0,156.6
2024-12-30 01:00:00,Patparganj,28.6237,77.2877,75.4,75.7,889.0,17.0,21.4,58.0,150.2
2024-12-30 02:00:00,Patparganj,28.6237,77.2877,77.5,77.8,984.0,22.6,25.5,55.0,157.3
2024-12-30 03:00:00,Patparganj,28.6237,77.2877,79.4,79.6,1045.0,25.6,29.1,60.0,163.8
2024-12-30 04:00:00,Patparganj,28.6237,77.2877,76.8,77.1,1040.0,23.6,31.9,79.0,154.9
2024-12-30 05:00:00,Patparganj,28.6237,77.2877,76.1,76.4,999.0,19.1,34.2,107.0,152.5
2024-12-30 06:00:00,Patparganj,28.6237,77.2877,75.2,75.4,966.0,15.3,35.5,130.0,149.5
2024-12-30 07:00:00,Patparganj,28.6237,77.2877,71.2,71.5,928.0,12.4,35.4,148.0,135.8
2024-12-30 08:00:00,Patparganj,28.6237,77.2877,63.1,63.3,897.0,10.2,34.4,163.0,108.2
2024-12-30 09:00:00,Patparganj,28.6237,77.2877,56.0,56.2,953.0,11.6,33.4,166.0,93.2
2024-12-30 10:00:00,Patparganj,28.6237,77.2877,51.5,51.8,1177.0,18.8,32.4,150.0,85.6
2024-12-30 11:00:00,Patparganj,28.6237,77.2877,52.3,52.5,1487.0,29.6,31.4,122.0,87.0
2024-12-30 12:00:00,Patparganj,28.6237,77.2877,96.2,97.3,1722.0,49.6,38.3,83.0,218.8
2024-12-30 13:00:00,Patparganj,28.6237,77.2877,108.5,109.7,1815.0,55.3,40.6,69.0,260.7
2024-12-30 14:00:00,Patparganj,28.6237,77.2877,118.0,119.0,1832.0,63.0,43.7,49.0,293.2
2024-12-30 15:00:00,Patparganj,28.6237,77.2877,127.1,128.1,1808.0,67.8,46.2,34.0,305.7
2024-12-30 16:00:00,Patparganj,28.6237,77.2877,136.0,136.9,1743.0,67.7,47.9,28.0,312.5
2024-12-30 17:00:00,Patparganj,28.6237,77.2877,143.9,144.8,1638.0,64.8,48.9,26.0,318.6
2024-12-30 18:00:00,Patparganj,28.6237,77.2877,145.8,147.1,1524.0,60.3,47.7,26.0,320.0
2024-12-30 19:00:00,Patparganj,28.6237,77.2877,140.2,141.1,1400.0,53.9,42.6,29.0,315.7
2024-12-30 20:00:00,Patparganj,28.6237,77.2877,135.0,136.4,1267.0,45.8,35.2,34.0,311.7
2024-12-30 21:00:00,Patparganj,28.6237,77.2877,131.8,133.2,1169.0,38.2,29.3,39.0,309.3
2024-12-30 22:00:00,Patparganj,28.6237,77.2877,127.6,129.0,1113.0,30.3,25.8,45.0,306.1
2024-12-30 23:00:00,Patparganj,28.6237,77.2877,125.7,127.1,1091.0,22.8,23.7,52.0,304.6
2024-12-31 00:00:00,Patparganj,28.6237,77.2877,162.5,164.4,1118.0,33.1,26.2,33.0,332.8
2024-12-31 01:00:00,Patparganj,28.6237,77.2877,156.0,157.9,1236.0,33.5,28.1,35.0,327.9
2024-12-31 02:00:00,Patparganj,28.6237,77.2877,158.3,159.7,1404.0,33.8,30.7,39.0,329.6
2024-12-31 03:00:00,Patparganj,28.6237,77.2877,151.3,153.2,1507.0,32.6,33.6,48.0,324.3
2024-12-31 04:00:00,Patparganj,28.6237,77.2877,141.6,143.4,1490.0,28.4,36.8,67.0,316.8
2024-12-31 05:00:00,Patparganj,28.6237,77.2877,126.7,129.0,1410.0,22.8,40.1,92.0,305.4
2024-12-31 06:00:00,Patparganj,28.6237,77.2877,108.7,111.3,1321.0,18.6,42.8,113.0,261.4
2024-12-31 07:00:00,Patparganj,28.6237,77.2877,103.8,106.4,1189.0,16.0,44.4,130.0,244.7
2024-12-31 08:00:00,Patparganj,28.6237,77.2877,99.2,101.7,1048.0,14.9,45.4,143.0,229.0
2024-12-31 09:00:00,Patparganj,28.6237,77.2877,96.4,99.0,1062.0,17.8,46.1,145.0,219.4
2024-12-31 10:00:00,Patparganj,28.6237,77.2877,93.8,96.4,1350.0,27.4,46.2,130.0,210.6
2024-12-31 11:00:00,Patparganj,28.6237,77.2877,94.5,97.1,1792.0,41.0,46.0,105.0,212.9
2024-12-31 12:00:00,Patparganj,28.6237,77.2877,149.9,153.2,2195.0,65.5,63.9,76.0,323.2
2024-12-31 13:00:00,Patparganj,28.6237,77.2877,175.1,178.3,2539.0,72.7,66.4,60.0,342.5
2024-12-31 14:00:00,Patparganj,28.6237,77.2877,193.2,196.5,2843.0,82.4,69.6,39.0,356.4
2024-12-31 15:00:00,Patparganj,28.6237,77.2877,200.2,203.0,2971.0,87.4,70.7,23.0,361.8
2024-12-31 16:00:00,Patparganj,28.6237,77.2877,200.2,203.5,2813.0,84.3,68.5,19.0,361.8
2024-12-31 17:00:00,Patparganj,28.6237,77.2877,204.0,206.8,2479.0,76.5,64.1,21.0,364.7
2024-12-31 18:00:00,Patparganj,28.6237,77.2877,199.3,202.1,2161.0,67.3,58.1,25.0,361.1
2024-12-31 19:00:00,Patparganj,28.6237,77.2877,185.8,188.6,1907.0,56.7,49.7,31.0,350.7
2024-12-31 20:00:00,Patparganj,28.6237,77.2877,174.6,177.4,1669.0,44.8,39.7,39.0,342.1
2024-12-31 21:00:00,Patparganj,28.6237,77.2877,164.4,166.7,1493.0,34.6,31.5,46.0,334.3
2024-12-31 22:00:00,Patparganj,28.6237,77.2877,156.5,158.8,1401.0,26.7,26.0,52.0,328.2
2024-12-31 23:00:00,Patparganj,28.6237,77.2877,149.5,151.8,1372.0,20.6,22.3,57.0,322.9
2024-12-19 12:00:00,Pusa IMD,28.6396,77.1463,144.8,147.6,1329.0,75.6,65.6,98.0,319.3
2024-12-19 13:00:00,Pusa IMD,28.6396,77.1463,168.1,170.4,1608.0,84.5,70.3,78.0,337.1
2024-12-19 14:00:00,Pusa IMD,28.6396,77.1463,190.0,192.3,1907.0,96.5,76.5,50.0,354.0
2024-12-19 15:00:00,Pusa IMD,28.6396,77.1463,204.9,207.2,2103.0,103.4,79.9,29.0,365.4
2024-12-19 16:00:00,Pusa IMD,28.6396,77.1463,212.3,214.2,2133.0,101.2,78.3,22.0,371.1
2024-12-19 17:00:00,Pusa IMD,28.6396,77.1463,213.7,215.6,2059.0,94.0,73.9,23.0,372.1
2024-12-19 18:00:00,Pusa IMD,28.6396,77.1463,207.2,209.1,1943.0,85.6,68.1,25.0,367.2
2024-12-19 19:00:00,Pusa IMD,28.6396,77.1463,195.1,197.0,1773.0,76.7,60.6,28.0,357.9
2024-12-19 20:00:00,Pusa IMD,28.6396,77.1463,184.9,186.7,1561.0,66.7,51.7,33.0,350.0
2024-12-19 21:00:00,Pusa IMD,28.6396,77.1463,177.0,178.8,1404.0,57.7,44.6,36.0,344.0
2024-12-19 22:00:00,Pusa IMD,28.6396,77.1463,170.9,172.3,1317.0,49.3,39.8,37.0,339.3
2024-12-19 23:00:00,Pusa IMD,28.6396,77.1463,165.3,167.2,1285.0,42.0,36.6,37.0,335.0
2024-12-20 00:00:00,Pusa IMD,28.6396,77.1463,147.6,149.0,1355.0,28.2,37.5,55.0,321.4
2024-12-20 01:00:00,Pusa IMD,28.6396,77.1463,157.9,159.7,1652.0,39.2,43.6,44.0,329.3
2024-12-20 02:00:00,Pusa IMD,28.6396,77.1463,176.0,177.9,2052.0,53.8,51.8,30.0,343.2
2024-12-20 03:00:00,Pusa IMD,28.6396,77.1463,181.6,183.0,2233.0,61.1,57.4,34.0,347.5
2024-12-20 04:00:00,Pusa IMD,28.6396,77.1463,156.5,157.9,1991.0,53.8,57.4,73.0,328.2
2024-12-20 05:00:00,Pusa IMD,28.6396,77.1463,138.8,140.2,1530.0,39.1,54.8,129.0,314.7
2024-12-20 06:00:00,Pusa IMD,28.6396,77.1463,111.8,113.9,1146.0,27.5,52.9,172.0,272.0
2024-12-20 07:00:00,Pusa IMD,28.6396,77.1463,94.3,96.9,932.0,21.6,53.2,190.0,212.3
2024-12-20 08:00:00,Pusa IMD,28.6396,77.1463,84.1,86.6,795.0,18.8,54.3,195.0,179.9
2024-12-20 09:00:00,Pusa IMD,28.6396,77.1463,80.1,82.4,749.0,22.0,55.4,187.0,166.2
2024-12-20 10:00:00,Pusa IMD,28.6396,77.1463,78.5,80.6,844.0,36.2,56.4,162.0,160.7
2024-12-20 11:00:00,Pusa IMD,28.6396,77.1463,85.9,87.5,1030.0,56.5,57.3,125.0,186.0
2024-12-20 12:00:00,Pusa IMD,28.6396,77.1463,115.5,117.3,1169.0,74.4,56.9,86.0,284.6
2024-12-20 13:00:00,Pusa IMD,28.6396,77.1463,125.3,126.7,1196.0,70.4,54.7,77.0,304.3
2024-12-20 14:00:00,Pusa IMD,28.6396,77.1463,126.7,128.5,1175.0,64.5,51.5,64.0,305.4
2024-12-20 15:00:00,Pusa IMD,28.6396,77.1463,126.7,128.1,1164.0,58.2,48.2,55.0,305.4
2024-12-20 16:00:00,Pusa IMD,28.6396,77.1463,127.1,128.1,1193.0,51.5,44.8,52.0,305.7
2024-12-20 17:00:00,Pusa IMD,28.6396,77.1463,127.6,128.5,1231.0,44.2,41.3,52.0,306.1
2024-12-20 18:00:00,Pusa IMD,28.6396,77.1463,125.7,126.7,1242.0,37.6,38.7,52.0,304.6
2024-12-20 19:00:00,Pusa IMD,28.6396,77.1463,122.0,123.4,1197.0,31.6,37.8,52.0,301.8
2024-12-20 20:00:00,Pusa IMD,28.6396,77.1463,119.7,120.6,1125.0,26.3,37.8,51.0,299.0
2024-12-20 21:00:00,Pusa IMD,28.6396,77.1463,117.6,118.5,1071.0,22.3,37.7,51.0,291.8
2024-12-20 22:00:00,Pusa IMD,28.6396,77.1463,115.9,116.9,1026.0,19.6,36.9,50.0,286.0
2024-12-20 23:00:00,Pusa IMD,28.6396,77.1463,114.6,115.7,1000.0,18.4,35.9,49.0,281.6
2024-12-21 00:00:00,Pusa IMD,28.6396,77.1463,116.4,117.3,1070.0,21.0,41.3,46.0,287.7
2024-12-21 01:00:00,Pusa IMD,28.6396,77.1463,123.9,124.8,1357.0,27.1,44.6,38.0,303.2
2024-12-21 02:00:00,Pusa IMD,28.6396,77.1463,138.3,139.2,1740.0,35.3,49.0,28.0,314.3
2024-12-21 03:00:00,Pusa IMD,28.6396,77.1463,144.8,145.8,1937.0,40.2,51.9,30.0,319.3
2024-12-21 04:00:00,Pusa IMD,28.6396,77.1463,143.0,143.9,1780.0,38.8,51.9,56.0,317.9
2024-12-21 05:00:00,Pusa IMD,28.6396,77.1463,138.3,139.2,1437.0,33.9,50.3,94.0,314.3
2024-12-21 06:00:00,Pusa IMD,28.6396,77.1463,129.5,130.4,1127.0,28.9,48.7,127.0,307.5
2024-12-21 07:00:00,Pusa IMD,28.6396,77.1463,110.1,111.5,895.0,22.3,47.4,150.0,266.2
2024-12-21 08:00:00,Pusa IMD,28.6396,77.1463,98.5,100.1,696.0,15.6,46.2,168.0,226.6
2024-12-21 09:00:00,Pusa IMD,28.6396,77.1463,92.7,94.3,611.0,15.6,45.6,171.0,206.8
2024-12-21 10:00:00,Pusa IMD,28.6396,77.1463,90.3,92.0,711.0,28.3,45.7,151.0,500.0
2024-12-21 11:00:00,Pusa IMD,28.6396,77.1463,98.7,99.9,925.0,47.7,46.4,116.0,227.3
2024-12-21 12:00:00,Pusa IMD,28.6396,77.1463,134.1,136.0,1124.0,62.1,50.3,84.0,311.1
2024-12-21 13:00:00,Pusa IMD,28.6396,77.1463,152.7,154.6,1268.0,67.0,53.7,70.0,325.3
2024-12-21 14:00:00,Pusa IMD,28.6396,77.1463,166.7,168.6,1397.0,73.7,58.4,51.0,336.1
2024-12-21 15:00:00,Pusa IMD,28.6396,77.1463,180.2,181.6,1497.0,78.0,62.0,35.0,346.4
2024-12-21 16:00:00,Pusa IMD,28.6396,77.1463,193.7,195.1,1561.0,78.0,63.9,26.0,356.8
2024-12-21 17:00:00,Pusa IMD,28.6396,77.1463,206.3,208.2,1596.0,75.7,64.7,21.0,366.5
2024-12-21 18:00:00,Pusa IMD,28.6396,77.1463,213.3,214.7,1606.0,73.0,64.3,18.0,371.8
2024-12-21 19:00:00,Pusa IMD,28.6396,77.1463,214.2,215.6,1575.0,70.5,62.4,16.0,372.5
2024-12-21 20:00:00,Pusa IMD,28.6396,77.1463,215.6,217.0,1518.0,67.6,59.2,16.0,373.6
2024-12-21 21:00:00,Pusa IMD,28.6396,77.1463,214.2,216.1,1493.0,64.2,56.0,17.0,372.5
2024-12-21 22:00:00,Pusa IMD,28.6396,77.1463,205.8,207.7,1457.0,59.2,51.8,21.0,366.1
2024-12-21 23:00:00,Pusa IMD,28.6396,77.1463,193.7,195.6,1451.0,53.8,47.6,27.0,356.8
2024-12-22 00:00:00,Pusa IMD,28.6396,77.1463,200.7,202.6,1656.0,57.6,44.6,20.0,362.2
2024-12-22 01:00:00,Pusa IMD,28.6396,77.1463,204.4,206.3,2364.0,60.8,53.7,19.0,365.0
2024-12-22 02:00:00,Pusa IMD,28.6396,77.1463,220.7,223.1,3283.0,64.8,66.2,19.0,377.5
2024-12-22 03:00:00,Pusa IMD,28.6396,77.1463,238.0,239.3,3712.0,64.8,74.9,32.0,390.8
2024-12-22 04:00:00,Pusa IMD,28.6396,77.1463,218.9,220.3,3192.0,57.4,76.5,69.0,376.1
2024-12-22 05:00:00,Pusa IMD,28.6396,77.1463,185.8,187.7,2182.0,45.9,74.3,120.0,350.7
2024-12-22 06:00:00,Pusa IMD,28.6396,77.1463,140.2,142.5,1357.0,36.0,71.8,159.0,315.7
2024-12-22 07:00:00,Pusa IMD,28.6396,77.1463,117.6,119.7,965.0,26.5,69.1,181.0,291.8
2024-12-22 08:00:00,Pusa IMD,28.6396,77.1463,101.7,103.8,759.0,18.5,66.0,192.0,237.5
2024-12-22 09:00:00,Pusa IMD,28.6396,77.1463,93.8,95.9,672.0,20.7,65.0,188.0,210.6
2024-12-22 10:00:00,Pusa IMD,28.6396,77.1463,90.6,92.4,712.0,41.8,67.7,162.0,500.0
2024-12-22 11:00:00,Pusa IMD,28.6396,77.1463,105.5,107.1,871.0,73.2,72.5,122.0,250.5
2024-12-22 12:00:00,Pusa IMD,28.6396,77.1463,158.8,160.7,1066.0,101.3,82.2,75.0,330.0
2024-12-22 13:00:00,Pusa IMD,28.6396,77.1463,190.0,191.4,1314.0,103.8,84.7,63.0,354.0
2024-12-22 14:00:00,Pusa IMD,28.6396,77.1463,207.2,209.1,1596.0,106.9,87.9,46.0,367.2
2024-12-22 15:00:00,Pusa IMD,28.6396,77.1463,210.5,211.9,1777.0,107.0,87.9,34.0,369.7
2024-12-22 16:00:00,Pusa IMD,28.6396,77.1463,203.0,204.4,1790.0,102.9,82.3,32.0,363.9
2024-12-22 17:00:00,Pusa IMD,28.6396,77.1463,197.9,199.3,1701.0,95.9,73.5,36.0,360.0
2024-12-22 18:00:00,Pusa IMD,28.6396,77.1463,183.9,185.3,1567.0,85.5,64.8,42.0,349.3
2024-12-22 19:00:00,Pusa IMD,28.6396,77.1463,164.4,165.3,1370.0,68.9,56.3,53.0,334.3
2024-12-22 20:00:00,Pusa IMD,28.6396,77.1463,146.2,147.1,1128.0,49.1,47.8,66.0,320.3
2024-12-22 21:00:00,Pusa IMD,28.6396,77.1463,139.2,140.6,953.0,34.4,42.1,75.0,315.0
2024-12-22 22:00:00,Pusa IMD,28.6396,77.1463,138.8,140.2,875.0,28.0,40.3,76.0,314.7
2024-12-22 23:00:00,Pusa IMD,28.6396,77.1463,142.0,143.4,864.0,26.7,41.2,71.0,317.1
2024-12-23 00:00:00,Pusa IMD,28.6396,77.1463,117.6,118.7,948.0,18.7,34.3,76.0,291.8
2024-12-23 01:00:00,Pusa IMD,28.6396,77.1463,122.9,123.9,1214.0,30.0,38.4,62.0,302.5
2024-12-23 02:00:00,Pusa IMD,28.6396,77.1463,137.4,138.8,1575.0,45.4,44.1,44.0,313.6
2024-12-23 03:00:00,Pusa IMD,28.6396,77.1463,156.9,157.9,1797.0,55.4,47.6,36.0,328.6
2024-12-23 04:00:00,Pusa IMD,28.6396,77.1463,149.9,150.9,1768.0,55.4,47.0,47.0,323.2
2024-12-23 05:00:00,Pusa IMD,28.6396,77.1463,145.8,146.7,1601.0,50.2,44.4,69.0,320.0
2024-12-23 06:00:00,Pusa IMD,28.6396,77.1463,143.9,145.3,1398.0,44.2,42.1,89.0,318.6
2024-12-23 07:00:00,Pusa IMD,28.6396,77.1463,131.3,132.7,1147.0,38.0,41.1,106.0,308.9
2024-12-23 08:00:00,Pusa IMD,28.6396,77.1463,116.6,118.3,861.0,31.0,40.5,122.0,288.4
2024-12-23 09:00:00,Pusa IMD,28.6396,77.1463,110.8,112.5,680.0,26.8,40.0,130.0,268.6
2024-12-23 10:00:00,Pusa IMD,28.6396,77.1463,105.9,107.8,695.0,27.8,39.9,127.0,251.9
2024-12-23 11:00:00,Pusa IMD,28.6396,77.1463,100.8,102.4,815.0,31.5,40.1,116.0,234.5
2024-12-23 12:00:00,Pusa IMD,28.6396,77.1463,129.9,131.8,910.0,38.6,38.7,106.0,307.8
2024-12-23 13:00:00,Pusa IMD,28.6396,77.1463,123.9,126.2,927.0,36.8,39.4,98.0,303.2
2024-12-23 14:00:00,Pusa IMD,28.6396,77.1463,120.1,122.0,917.0,34.3,40.4,86.0,500.0
2024-12-23 15:00:00,Pusa IMD,28.6396,77.1463,116.6,118.5,908.0,32.8,41.0,75.0,288.4
2024-12-23 16:00:00,Pusa IMD,28.6396,77.1463,114.6,116.4,912.0,33.4,41.2,66.0,281.6
2024-12-23 17:00:00,Pusa IMD,28.6396,77.1463,115.7,117.8,915.0,34.9,41.2,59.0,285.3
2024-12-23 18:00:00,Pusa IMD,28.6396,77.1463,116.6,118.5,906.0,35.1,40.2,53.0,288.4
2024-12-23 19:00:00,Pusa IMD,28.6396,77.1463,113.9,115.7,871.0,32.4,37.9,51.0,279.2
2024-12-23 20:00:00,Pusa IMD,28.6396,77.1463,110.6,112.7,822.0,28.3,34.7,52.0,267.9
2024-12-23 21:00:00,Pusa IMD,28.6396,77.1463,109.7,111.8,785.0,25.1,31.7,51.0,264.8
2024-12-23 22:00:00,Pusa IMD,28.6396,77.1463,108.5,110.4,767.0,23.2,28.9,47.0,260.7
2024-12-23 23:00:00,Pusa IMD,28.6396,77.1463,105.7,107.3,760.0,22.1,26.3,43.0,251.2
2024-12-24 00:00:00,Pusa IMD,28.6396,77.1463,83.1,85.0,770.0,17.2,17.5,60.0,176.4
2024-12-24 01:00:00,Pusa IMD,28.6396,77.1463,84.5,86.4,817.0,24.2,20.1,54.0,181.2
2024-12-24 02:00:00,Pusa IMD,28.6396,77.1463,93.1,95.0,880.0,33.6,23.6,47.0,208.2
2024-12-24 03:00:00,Pusa IMD,28.6396,77.1463,102.9,105.0,903.0,38.9,26.5,49.0,241.6
2024-12-24 04:00:00,Pusa IMD,28.6396,77.1463,108.0,109.9,846.0,36.2,27.7,68.0,259.0
2024-12-24 05:00:00,Pusa IMD,28.6396,77.1463,106.9,109.2,749.0,29.6,28.2,97.0,255.3
2024-12-24 06:00:00,Pusa IMD,28.6396,77.1463,102.7,105.7,671.0,24.2,29.6,121.0,240.9
2024-12-24 07:00:00,Pusa IMD,28.6396,77.1463,106.4,109.7,605.0,19.6,32.0,138.0,253.6
2024-12-24 08:00:00,Pusa IMD,28.6396,77.1463,107.1,110.6,557.0,16.3,35.3,151.0,256.0
2024-12-24 09:00:00,Pusa IMD,28.6396,77.1463,107.8,111.1,610.0,21.6,40.0,150.0,258.4
2024-12-24 10:00:00,Pusa IMD,28.6396,77.1463,108.7,111.8,834.0,43.5,46.5,126.0,261.4
2024-12-24 11:00:00,Pusa IMD,28.6396,77.1463,119.7,122.0,1159.0,73.9,54.6,88.0,299.0
2024-12-24 12:00:00,Pusa IMD,28.6396,77.1463,134.1,136.0,1452.0,77.1,46.7,62.0,311.1
2024-12-24 13:00:00,Pusa IMD,28.6396,77.1463,142.5,143.9,1659.0,74.5,46.8,56.0,317.5
2024-12-24 14:00:00,Pusa IMD,28.6396,77.1463,141.6,143.0,1834.0,70.5,46.6,47.0,316.8
2024-12-24 15:00:00,Pusa IMD,28.6396,77.1463,131.8,133.2,2014.0,65.0,44.8,41.0,309.3
2024-12-24 16:00:00,Pusa IMD,28.6396,77.1463,120.1,121.5,2240.0,56.9,40.0,39.0,500.0
2024-12-24 17:00:00,Pusa IMD,28.6396,77.1463,111.8,112.9,2470.0,47.2,33.5,38.0,272.0
2024-12-24 18:00:00,Pusa IMD,28.6396,77.1463,105.5,106.6,2615.0,39.0,28.0,38.0,250.5
2024-12-24 19:00:00,Pusa IMD,28.6396,77.1463,100.4,101.5,2642.0,33.3,24.3,37.0,233.1
2024-12-24 20:00:00,Pusa IMD,28.6396,77.1463,98.0,99.4,2584.0,29.1,21.5,37.0,224.9
2024-12-24 21:00:00,Pusa IMD,28.6396,77.1463,98.0,99.2,2453.0,26.1,19.5,36.0,224.9
2024-12-24 22:00:00,Pusa IMD,28.6396,77.1463,98.7,100.1,2186.0,24.0,18.1,35.0,227.3
2024-12-24 23:00:00,Pusa IMD,28.6396,77.1463,99.7,101.0,1845.0,23.2,17.5,34.0,230.7
2024-12-25 00:00:00,Pusa IMD,28.6396,77.1463,94.3,95.7,1630.0,21.1,16.8,39.0,212.3
2024-12-25 01:00:00,Pusa IMD,28.6396,77.1463,101.0,102.4,1686.0,28.4,23.0,31.0,235.1
2024-12-25 02:00:00,Pusa IMD,28.6396,77.1463,118.0,119.7,1868.0,38.3,31.4,21.0,293.2
2024-12-25 03:00:00,Pusa IMD,28.6396,77.1463,134.6,136.0,1936.0,43.8,37.2,24.0,311.4
2024-12-25 04:00:00,Pusa IMD,28.6396,77.1463,128.1,129.0,1767.0,41.0,37.0,52.0,306.4
2024-12-25 05:00:00,Pusa IMD,28.6396,77.1463,119.7,121.1,1484.0,33.8,34.0,93.0,299.0
2024-12-25 06:00:00,Pusa IMD,28.6396,77.1463,95.7,97.6,1221.0,27.4,33.3,126.0,217.0
2024-12-25 07:00:00,Pusa IMD,28.6396,77.1463,87.8,90.1,997.0,22.1,37.7,147.0,192.5
2024-12-25 08:00:00,Pusa IMD,28.6396,77.1463,91.7,94.1,793.0,17.5,44.4,161.0,203.4
2024-12-25 09:00:00,Pusa IMD,28.6396,77.1463,94.1,96.4,679.0,18.3,49.3,162.0,211.6
2024-12-25 10:00:00,Pusa IMD,28.6396,77.1463,94.5,96.9,689.0,28.6,50.3,143.0,212.9
2024-12-25 11:00:00,Pusa IMD,28.6396,77.1463,100.1,102.0,790.0,44.2,49.5,111.0,232.1
2024-12-25 12:00:00,Pusa IMD,28.6396,77.1463,133.2,135.0,956.0,57.4,47.5,74.0,310.4
2024-12-25 13:00:00,Pusa IMD,28.6396,77.1463,144.4,146.2,1220.0,61.4,50.0,61.0,319.0
2024-12-25 14:00:00,Pusa IMD,28.6396,77.1463,151.8,153.2,1548.0,66.8,53.5,43.0,324.6
2024-12-25 15:00:00,Pusa IMD,28.6396,77.1463,160.7,161.6,1812.0,70.3,56.4,29.0,331.5
2024-12-25 16:00:00,Pusa IMD,28.6396,77.1463,167.6,169.0,1973.0,70.0,58.6,23.0,336.8
2024-12-25 17:00:00,Pusa IMD,28.6396,77.1463,174.6,176.0,2070.0,67.8,60.2,20.0,342.1
2024-12-25 18:00:00,Pusa IMD,28.6396,77.1463,178.3,179.3,2092.0,65.3,60.1,18.0,345.0
2024-12-25 19:00:00,Pusa IMD,28.6396,77.1463,179.3,180.2,2005.0,63.3,57.0,15.0,345.7
2024-12-25 20:00:00,Pusa IMD,28.6396,77.1463,179.7,180.7,1843.0,61.1,52.2,13.0,346.0
2024-12-25 21:00:00,Pusa IMD,28.6396,77.1463,178.8,180.2,1693.0,58.4,48.2,12.0,345.4
2024-12-25 22:00:00,Pusa IMD,28.6396,77.1463,175.6,176.5,1539.0,54.2,45.6,13.0,342.9
2024-12-25 23:00:00,Pusa IMD,28.6396,77.1463,170.0,170.9,1396.0,49.6,43.8,15.0,338.6
2024-12-26 00:00:00,Pusa IMD,28.6396,77.1463,182.5,183.9,1402.0,48.6,39.7,9.0,348.2
2024-12-26 01:00:00,Pusa IMD,28.6396,77.1463,173.7,174.6,1727.0,48.1,42.1,6.0,341.4
2024-12-26 02:00:00,Pusa IMD,28.6396,77.1463,186.3,187.2,2201.0,47.3,45.4,4.0,351.1
2024-12-26 03:00:00,Pusa IMD,28.6396,77.1463,192.3,192.8,2443.0,45.7,47.9,16.0,355.7
2024-12-26 04:00:00,Pusa IMD,28.6396,77.1463,192.3,192.8,2234.0,43.1,48.3,56.0,355.7
2024-12-26 05:00:00,Pusa IMD,28.6396,77.1463,180.2,180.7,1793.0,39.7,47.8,110.0,346.4
2024-12-26 06:00:00,Pusa IMD,28.6396,77.1463,146.7,147.6,1401.0,36.2,48.4,151.0,320.7
2024-12-26 07:00:00,Pusa IMD,28.6396,77.1463,100.1,101.3,1118.0,29.2,50.5,172.0,232.1
2024-12-26 08:00:00,Pusa IMD,28.6396,77.1463,80.6,82.0,884.0,22.0,53.7,180.0,167.9
2024-12-26 09:00:00,Pusa IMD,28.6396,77.1463,75.9,77.5,801.0,25.3,58.1,174.0,151.9
2024-12-26 10:00:00,Pusa IMD,28.6396,77.1463,75.4,77.5,964.0,48.6,64.3,147.0,150.2
2024-12-26 11:00:00,Pusa IMD,28.6396,77.1463,88.2,89.9,1278.0,82.5,71.7,106.0,193.9
2024-12-26 12:00:00,Pusa IMD,28.6396,77.1463,139.2,142.0,1556.0,103.4,69.3,63.0,315.0
2024-12-26 13:00:00,Pusa IMD,28.6396,77.1463,170.4,172.8,1746.0,109.4,75.6,49.0,338.9
2024-12-26 14:00:00,Pusa IMD,28.6396,77.1463,190.9,193.2,1899.0,117.5,84.2,29.0,354.6
2024-12-26 15:00:00,Pusa IMD,28.6396,77.1463,212.3,214.7,1988.0,122.3,89.2,15.0,371.1
2024-12-26 16:00:00,Pusa IMD,28.6396,77.1463,230.0,232.8,1994.0,121.7,88.6,10.0,384.7
2024-12-26 17:00:00,Pusa IMD,28.6396,77.1463,235.6,238.4,1934.0,117.7,84.6,11.0,388.9
2024-12-26 18:00:00,Pusa IMD,28.6396,77.1463,220.3,223.1,1837.0,110.9,77.5,13.0,377.2
2024-12-26 19:00:00,Pusa IMD,28.6396,77.1463,205.8,208.2,1688.0,99.6,65.4,17.0,366.1
2024-12-26 20:00:00,Pusa IMD,28.6396,77.1463,185.8,187.7,1501.0,85.4,50.4,23.0,350.7
2024-12-26 21:00:00,Pusa IMD,28.6396,77.1463,162.1,164.4,1342.0,73.9,38.7,28.0,332.5
2024-12-26 22:00:00,Pusa IMD,28.6396,77.1463,145.3,147.1,1228.0,67.3,33.4,31.0,319.6
2024-12-26 23:00:00,Pusa IMD,28.6396,77.1463,144.4,146.7,1143.0,63.4,31.6,33.0,319.0
2024-12-27 00:00:00,Pusa IMD,28.6396,77.1463,146.2,148.1,1103.0,71.4,44.3,25.0,320.3
2024-12-27 01:00:00,Pusa IMD,28.6396,77.1463,130.9,132.7,1147.0,68.8,45.3,26.0,308.6
2024-12-27 02:00:00,Pusa IMD,28.6396,77.1463,138.8,140.6,1236.0,64.9,46.4,28.0,314.7
2024-12-27 03:00:00,Pusa IMD,28.6396,77.1463,140.6,142.0,1271.0,60.3,45.4,33.0,316.0
2024-12-27 04:00:00,Pusa IMD,28.6396,77.1463,138.8,140.2,1196.0,54.6,40.6,45.0,314.7
2024-12-27 05:00:00,Pusa IMD,28.6396,77.1463,117.6,119.2,1067.0,48.2,33.8,60.0,291.8
2024-12-27 06:00:00,Pusa IMD,28.6396,77.1463,97.8,99.7,947.0,42.2,27.9,72.0,224.2
2024-12-27 07:00:00,Pusa IMD,28.6396,77.1463,94.5,97.1,849.0,36.6,24.2,77.0,212.9
2024-12-27 08:00:00,Pusa IMD,28.6396,77.1463,91.5,93.8,760.0,31.4,21.5,79.0,202.7
2024-12-27 09:00:00,Pusa IMD,28.6396,77.1463,89.4,91.3,712.0,28.1,19.3,79.0,198.0
2024-12-27 10:00:00,Pusa IMD,28.6396,77.1463,85.4,87.1,736.0,28.0,17.3,78.0,184.3
2024-12-27 11:00:00,Pusa IMD,28.6396,77.1463,80.6,82.0,800.0,29.8,15.9,75.0,167.9
2024-12-27 12:00:00,Pusa IMD,28.6396,77.1463,94.3,96.6,840.0,36.8,16.6,64.0,212.3
2024-12-27 13:00:00,Pusa IMD,28.6396,77.1463,93.6,95.7,826.0,35.2,17.7,64.0,209.9
2024-12-27 14:00:00,Pusa IMD,28.6396,77.1463,96.6,98.7,788.0,32.8,19.2,64.0,220.1
2024-12-27 15:00:00,Pusa IMD,28.6396,77.1463,98.3,100.4,748.0,30.6,20.6,65.0,225.9
2024-12-27 16:00:00,Pusa IMD,28.6396,77.1463,102.2,104.5,720.0,28.8,21.7,66.0,239.2
2024-12-27 17:00:00,Pusa IMD,28.6396,77.1463,106.9,109.2,690.0,27.1,22.6,68.0,255.3
2024-12-27 18:00:00,Pusa IMD,28.6396,77.1463,104.3,106.6,646.0,25.5,23.2,68.0,246.4
2024-12-27 19:00:00,Pusa IMD,28.6396,77.1463,100.8,103.1,567.0,23.7,23.1,66.0,234.5
2024-12-27 20:00:00,Pusa IMD,28.6396,77.1463,100.4,102.7,473.0,21.9,22.5,63.0,233.1
2024-12-27 21:00:00,Pusa IMD,28.6396,77.1463,99.9,102.0,410.0,20.9,22.3,60.0,231.4
2024-12-27 22:00:00,Pusa IMD,28.6396,77.1463,96.2,98.0,367.0,20.3,22.0,57.0,218.8
2024-12-27 23:00:00,Pusa IMD,28.6396,77.1463,91.7,93.6,355.0,20.6,22.0,55.0,203.4
2024-12-28 00:00:00,Pusa IMD,28.6396,77.1463,82.0,84.1,447.0,17.1,21.0,66.0,172.7
2024-12-28 01:00:00,Pusa IMD,28.6396,77.1463,82.4,84.5,766.0,29.8,29.6,55.0,174.1
2024-12-28 02:00:00,Pusa IMD,28.6396,77.1463,105.2,107.6,1190.0,46.9,41.4,40.0,249.5
2024-12-28 03:00:00,Pusa IMD,28.6396,77.1463,125.3,127.6,1424.0,57.7,50.5,34.0,304.3
2024-12-28 04:00:00,Pusa IMD,28.6396,77.1463,112.0,113.9,1282.0,55.7,53.9,45.0,272.7
2024-12-28 05:00:00,Pusa IMD,28.6396,77.1463,103.8,105.9,950.0,47.2,54.5,65.0,244.7
2024-12-28 06:00:00,Pusa IMD,28.6396,77.1463,99.9,102.0,690.0,40.6,55.2,80.0,231.4
2024-12-28 07:00:00,Pusa IMD,28.6396,77.1463,99.0,101.0,576.0,38.2,57.3,87.0,228.3
2024-12-28 08:00:00,Pusa IMD,28.6396,77.1463,97.3,99.4,533.0,37.6,59.5,91.0,222.5
2024-12-28 09:00:00,Pusa IMD,28.6396,77.1463,95.2,97.1,603.0,40.3,61.1,88.0,215.3
2024-12-28 10:00:00,Pusa IMD,28.6396,77.1463,91.5,93.1,851.0,48.5,61.5,77.0,202.7
2024-12-28 11:00:00,Pusa IMD,28.6396,77.1463,95.9,97.6,1212.0,59.9,61.3,59.0,217.7
2024-12-28 12:00:00,Pusa IMD,28.6396,77.1463,128.5,130.4,1527.0,67.4,56.8,47.0,306.8
2024-12-28 13:00:00,Pusa IMD,28.6396,77.1463,149.5,151.3,1770.0,67.0,55.3,42.0,322.9
2024-12-28 14:00:00,Pusa IMD,28.6396,77.1463,155.1,156.5,1967.0,66.3,53.0,35.0,327.2
2024-12-28 15:00:00,Pusa IMD,28.6396,77.1463,150.9,152.3,2046.0,63.9,49.9,30.0,323.9
2024-12-28 16:00:00,Pusa IMD,28.6396,77.1463,146.7,147.6,1944.0,59.2,45.4,28.0,320.7
2024-12-28 17:00:00,Pusa IMD,28.6396,77.1463,145.8,147.1,1724.0,52.8,40.1,28.0,320.0
2024-12-28 18:00:00,Pusa IMD,28.6396,77.1463,143.0,143.9,1498.0,45.9,35.0,29.0,317.9
2024-12-28 19:00:00,Pusa IMD,28.6396,77.1463,132.7,133.6,1281.0,37.9,30.3,32.0,310.0
2024-12-28 20:00:00,Pusa IMD,28.6396,77.1463,122.9,123.9,1060.0,29.3,25.9,36.0,302.5
2024-12-28 21:00:00,Pusa IMD,28.6396,77.1463,114.8,115.7,905.0,22.6,22.7,40.0,282.2
2024-12-28 22:00:00,Pusa IMD,28.6396,77.1463,106.9,107.8,860.0,18.5,21.0,43.0,255.3
2024-12-28 23:00:00,Pusa IMD,28.6396,77.1463,99.2,99.9,881.0,16.4,20.5,45.0,229.0
2024-12-29 00:00:00,Pusa IMD,28.6396,77.1463,122.5,123.4,917.0,23.8,21.8,31.0,302.2
2024-12-29 01:00:00,Pusa IMD,28.6396,77.1463,113.4,114.3,967.0,26.1,23.5,31.0,277.5
2024-12-29 02:00:00,Pusa IMD,28.6396,77.1463,110.8,111.8,1032.0,29.2,25.9,32.0,268.6
2024-12-29 03:00:00,Pusa IMD,28.6396,77.1463,110.6,111.5,1053.0,30.0,28.1,38.0,267.9
2024-12-29 04:00:00,Pusa IMD,28.6396,77.1463,95.9,97.1,998.0,26.5,29.9,55.0,217.7
2024-12-29 05:00:00,Pusa IMD,28.6396,77.1463,85.0,86.4,900.0,20.7,31.5,77.0,182.9
2024-12-29 06:00:00,Pusa IMD,28.6396,77.1463,73.1,74.7,805.0,16.2,32.5,95.0,142.3
2024-12-29 07:00:00,Pusa IMD,28.6396,77.1463,66.8,68.5,705.0,13.7,32.4,108.0,120.8
2024-12-29 08:00:00,Pusa IMD,28.6396,77.1463,64.0,65.9,609.0,12.4,31.7,117.0,111.2
2024-12-29 09:00:00,Pusa IMD,28.6396,77.1463,63.3,65.0,587.0,14.0,31.2,118.0,108.9
2024-12-29 10:00:00,Pusa IMD,28.6396,77.1463,60.3,62.2,701.0,20.1,30.9,108.0,500.0
2024-12-29 11:00:00,Pusa IMD,28.6396,77.1463,61.5,63.3,890.0,29.1,30.7,90.0,102.7
2024-12-29 12:00:00,Pusa IMD,28.6396,77.1463,90.6,92.2,1038.0,35.4,32.7,65.0,500.0
2024-12-29 13:00:00,Pusa IMD,28.6396,77.1463,96.2,97.6,1106.0,36.6,32.5,58.0,218.8
2024-12-29 14:00:00,Pusa IMD,28.6396,77.1463,96.2,97.1,1132.0,38.2,32.2,50.0,218.8
2024-12-29 15:00:00,Pusa IMD,28.6396,77.1463,95.0,95.7,1123.0,38.0,31.1,44.0,214.7
2024-12-29 16:00:00,Pusa IMD,28.6396,77.1463,92.2,92.9,1065.0,34.9,28.7,45.0,205.1
2024-12-29 17:00:00,Pusa IMD,28.6396,77.1463,90.6,91.3,971.0,30.1,25.5,48.0,500.0
2024-12-29 18:00:00,Pusa IMD,28.6396,77.1463,89.2,89.9,882.0,25.5,22.7,52.0,197.3
2024-12-29 19:00:00,Pusa IMD,28.6396,77.1463,85.4,85.9,803.0,21.6,20.4,55.0,184.3
2024-12-29 20:00:00,Pusa IMD,28.6396,77.1463,82.9,83.6,729.0,18.0,18.3,57.0,175.8
2024-12-29 21:00:00,Pusa IMD,28.6396,77.1463,80.8,81.3,689.0,15.2,17.2,59.0,168.6
2024-12-29 22:00:00,Pusa IMD,28.6396,77.1463,78.7,79.2,702.0,13.2,17.1,61.0,161.4
2024-12-29 23:00:00,Pusa IMD,28.6396,77.1463,77.1,77.3,749.0,12.1,18.0,62.0,156.0
2024-12-30 00:00:00,Pusa IMD,28.6396,77.1463,77.3,77.8,798.0,12.9,18.5,61.0,156.6
2024-12-30 01:00:00,Pusa IMD,28.6396,77.1463,75.4,75.7,847.0,17.0,21.4,58.0,150.2
2024-12-30 02:00:00,Pusa IMD,28.6396,77.1463,77.5,77.8,898.0,22.6,25.5,55.0,157.3
2024-12-30 03:00:00,Pusa IMD,28.6396,77.1463,79.4,79.6,924.0,25.6,29.1,60.0,163.8
2024-12-30 04:00:00,Pusa IMD,28.6396,77.1463,76.8,77.1,906.0,23.6,31.9,79.0,154.9
2024-12-30 05:00:00,Pusa IMD,28.6396,77.1463,76.1,76.4,863.0,19.1,34.2,107.0,152.5
2024-12-30 06:00:00,Pusa IMD,28.6396,77.1463,75.2,75.4,829.0,15.3,35.5,130.0,149.5
2024-12-30 07:00:00,Pusa IMD,28.6396,77.1463,71.2,71.5,797.0,12.4,35.4,148.0,135.8
2024-12-30 08:00:00,Pusa IMD,28.6396,77.1463,63.1,63.3,774.0,10.2,34.4,163.0,108.2
2024-12-30 09:00:00,Pusa IMD,28.6396,77.1463,56.0,56.2,810.0,11.6,33.4,166.0,93.2
2024-12-30 10:00:00,Pusa IMD,28.6396,77.1463,51.5,51.8,958.0,18.8,32.4,150.0,85.6
2024-12-30 11:00:00,Pusa IMD,28.6396,77.1463,52.3,52.5,1167.0,29.6,31.4,122.0,87.0
2024-12-30 12:00:00,Pusa IMD,28.6396,77.1463,96.2,97.3,1328.0,49.6,38.3,83.0,218.8
2024-12-30 13:00:00,Pusa IMD,28.6396,77.1463,108.5,109.7,1395.0,55.3,40.6,69.0,260.7
2024-12-30 14:00:00,Pusa IMD,28.6396,77.1463,118.0,119.0,1416.0,63.0,43.7,49.0,293.2
2024-12-30 15:00:00,Pusa IMD,28.6396,77.1463,127.1,128.1,1426.0,67.8,46.2,34.0,305.7
2024-12-30 16:00:00,Pusa IMD,28.6396,77.1463,136.0,136.9,1443.0,67.7,47.9,28.0,312.5
2024-12-30 17:00:00,Pusa IMD,28.6396,77.1463,143.9,144.8,1450.0,64.8,48.9,26.0,318.6
2024-12-30 18:00:00,Pusa IMD,28.6396,77.1463,145.8,147.1,1427.0,60.3,47.7,26.0,320.0
2024-12-30 19:00:00,Pusa IMD,28.6396,77.1463,140.2,141.1,1352.0,53.9,42.6,29.0,315.7
2024-12-30 20:00:00,Pusa IMD,28.6396,77.1463,135.0,136.4,1248.0,45.8,35.2,34.0,311.7
2024-12-30 21:00:00,Pusa IMD,28.6396,77.1463,131.8,133.2,1168.0,38.2,29.3,39.0,309.3
2024-12-30 22:00:00,Pusa IMD,28.6396,77.1463,127.6,129.0,1131.0,30.3,25.8,45.0,306.1
2024-12-30 23:00:00,Pusa IMD,28.6396,77.1463,125.7,127.1,1119.0,22.8,23.7,52.0,304.6
2024-12-31 00:00:00,Pusa IMD,28.6396,77.1463,162.5,164.4,1130.0,33.1,26.2,33.0,332.8
2024-12-31 01:00:00,Pusa IMD,28.6396,77.1463,156.0,157.9,1187.0,33.5,28.1,35.0,327.9
2024-12-31 02:00:00,Pusa IMD,28.6396,77.1463,158.3,159.7,1267.0,33.8,30.7,39.0,329.6
2024-12-31 03:00:00,Pusa IMD,28.6396,77.1463,151.3,153.2,1306.0,32.6,33.6,48.0,324.3
2024-12-31 04:00:00,Pusa IMD,28.6396,77.1463,141.6,143.4,1268.0,28.4,36.8,67.0,316.8
2024-12-31 05:00:00,Pusa IMD,28.6396,77.1463,126.7,129.0,1189.0,22.8,40.1,92.0,305.4
2024-12-31 06:00:00,Pusa IMD,28.6396,77.1463,108.7,111.3,1109.0,18.6,42.8,113.0,261.4
2024-12-31 07:00:00,Pusa IMD,28.6396,77.1463,103.8,106.4,1010.0,16.0,44.4,130.0,244.7
2024-12-31 08:00:00,Pusa IMD,28.6396,77.1463,99.2,101.7,910.0,14.9,45.4,143.0,229.0
2024-12-31 09:00:00,Pusa IMD,28.6396,77.1463,96.4,99.0,906.0,17.8,46.1,145.0,219.4
2024-12-31 10:00:00,Pusa IMD,28.6396,77.1463,93.8,96.4,1069.0,27.4,46.2,130.0,210.6
2024-12-31 11:00:00,Pusa IMD,28.6396,77.1463,94.5,97.1,1328.0,41.0,46.0,105.0,212.9
2024-12-31 12:00:00,Pusa IMD,28.6396,77.1463,149.9,153.2,1565.0,65.5,63.9,76.0,323.2
2024-12-31 13:00:00,Pusa IMD,28.6396,77.1463,175.1,178.3,1758.0,72.7,66.4,60.0,342.5
2024-12-31 14:00:00,Pusa IMD,28.6396,77.1463,193.2,196.5,1929.0,82.4,69.6,39.0,356.4
2024-12-31 15:00:00,Pusa IMD,28.6396,77.1463,200.2,203.0,2022.0,87.4,70.7,23.0,361.8
2024-12-31 16:00:00,Pusa IMD,28.6396,77.1463,200.2,203.5,1994.0,84.3,68.5,19.0,361.8
2024-12-31 17:00:00,Pusa IMD,28.6396,77.1463,204.0,206.8,1888.0,76.5,64.1,21.0,364.7
2024-12-31 18:00:00,Pusa IMD,28.6396,77.1463,199.3,202.1,1779.0,67.3,58.1,25.0,361.1
2024-12-31 19:00:00,Pusa IMD,28.6396,77.1463,185.8,188.6,1688.0,56.7,49.7,31.0,350.7
2024-12-31 20:00:00,Pusa IMD,28.6396,77.1463,174.6,177.4,1594.0,44.8,39.7,39.0,342.1
2024-12-31 21:00:00,Pusa IMD,28.6396,77.1463,164.4,166.7,1512.0,34.6,31.5,46.0,334.3
2024-12-31 22:00:00,Pusa IMD,28.6396,77.1463,156.5,158.8,1439.0,26.7,26.0,52.0,328.2
2024-12-31 23:00:00,Pusa IMD,28.6396,77.1463,149.5,151.8,1378.0,20.6,22.3,57.0,322.9
2024-12-19 12:00:00,R K Puram,28.5631,77.1727,145.3,147.6,1381.0,73.3,58.6,95.0,319.6
2024-12-19 13:00:00,R K Puram,28.5631,77.1727,167.6,169.5,1597.0,83.3,62.5,76.0,336.8
2024-12-19 14:00:00,R K Puram,28.5631,77.1727,186.7,189.1,1804.0,96.9,67.8,49.0,351.4
2024-12-19 15:00:00,R K Puram,28.5631,77.1727,199.3,201.6,1938.0,105.5,71.0,29.0,361.1
2024-12-19 16:00:00,R K Puram,28.5631,77.1727,206.8,209.1,1966.0,105.0,70.7,21.0,366.8
2024-12-19 17:00:00,R K Puram,28.5631,77.1727,212.8,214.7,1921.0,99.5,68.4,20.0,371.5
2024-12-19 18:00:00,R K Puram,28.5631,77.1727,212.3,214.2,1839.0,92.5,64.7,20.0,371.1
2024-12-19 19:00:00,R K Puram,28.5631,77.1727,204.9,207.2,1703.0,84.7,59.1,21.0,365.4
2024-12-19 20:00:00,R K Puram,28.5631,77.1727,197.0,198.8,1530.0,75.5,52.1,24.0,359.3
2024-12-19 21:00:00,R K Puram,28.5631,77.1727,187.2,189.1,1403.0,66.3,46.3,28.0,351.8
2024-12-19 22:00:00,R K Puram,28.5631,77.1727,177.0,178.8,1330.0,55.7,42.0,34.0,344.0
2024-12-19 23:00:00,R K Puram,28.5631,77.1727,168.6,170.0,1304.0,45.1,38.9,40.0,337.5
2024-12-20 00:00:00,R K Puram,28.5631,77.1727,138.8,140.2,1387.0,22.4,33.8,68.0,314.7
2024-12-20 01:00:00,R K Puram,28.5631,77.1727,144.4,146.2,1719.0,36.0,40.6,54.0,319.0
2024-12-20 02:00:00,R K Puram,28.5631,77.1727,161.6,163.0,2160.0,54.4,50.1,36.0,332.2
2024-12-20 03:00:00,R K Puram,28.5631,77.1727,174.2,175.6,2355.0,64.3,56.8,37.0,341.8
2024-12-20 04:00:00,R K Puram,28.5631,77.1727,163.9,164.8,2071.0,57.7,57.7,74.0,333.9
2024-12-20 05:00:00,R K Puram,28.5631,77.1727,150.9,152.3,1542.0,42.8,56.0,129.0,323.9
2024-12-20 06:00:00,R K Puram,28.5631,77.1727,126.7,129.0,1112.0,31.0,55.9,174.0,305.4
2024-12-20 07:00:00,R K Puram,28.5631,77.1727,109.9,112.2,899.0,24.6,59.3,199.0,265.5
2024-12-20 08:00:00,R K Puram,28.5631,77.1727,100.8,103.4,787.0,21.5,64.2,214.0,234.5
2024-12-20 09:00:00,R K Puram,28.5631,77.1727,98.7,101.3,768.0,26.4,69.1,213.0,227.3
2024-12-20 10:00:00,R K Puram,28.5631,77.1727,98.3,100.6,889.0,46.1,73.7,189.0,225.9
2024-12-20 11:00:00,R K Puram,28.5631,77.1727,114.6,116.4,1105.0,73.8,78.1,149.0,281.6
2024-12-20 12:00:00,R K Puram,28.5631,77.1727,149.0,150.9,1272.0,94.5,71.7,100.0,322.5
2024-12-20 13:00:00,R K Puram,28.5631,77.1727,167.2,169.5,1332.0,96.0,74.3,84.0,336.5
2024-12-20 14:00:00,R K Puram,28.5631,77.1727,174.2,176.0,1343.0,97.6,77.7,61.0,341.8
2024-12-20 15:00:00,R K Puram,28.5631,77.1727,170.9,172.8,1336.0,95.1,78.1,44.0,339.3
2024-12-20 16:00:00,R K Puram,28.5631,77.1727,165.8,167.2,1316.0,85.4,73.2,39.0,335.4
2024-12-20 17:00:00,R K Puram,28.5631,77.1727,159.3,160.7,1278.0,71.7,65.3,39.0,330.4
2024-12-20 18:00:00,R K Puram,28.5631,77.1727,150.9,152.3,1234.0,59.0,57.9,40.0,323.9
2024-12-20 19:00:00,R K Puram,28.5631,77.1727,142.0,143.4,1182.0,48.7,51.7,41.0,317.1
2024-12-20 20:00:00,R K Puram,28.5631,77.1727,136.0,136.9,1123.0,39.5,45.8,43.0,312.5
2024-12-20 21:00:00,R K Puram,28.5631,77.1727,131.3,132.2,1078.0,32.3,41.6,44.0,308.9
2024-12-20 22:00:00,R K Puram,28.5631,77.1727,127.6,128.5,1019.0,27.2,39.5,44.0,306.1
2024-12-20 23:00:00,R K Puram,28.5631,77.1727,124.3,125.3,974.0,24.1,38.9,44.0,303.5
2024-12-21 00:00:00,R K Puram,28.5631,77.1727,131.8,132.7,1038.0,31.7,46.1,36.0,309.3
2024-12-21 01:00:00,R K Puram,28.5631,77.1727,137.4,138.3,1346.0,37.0,48.8,28.0,313.6
2024-12-21 02:00:00,R K Puram,28.5631,77.1727,149.0,149.9,1764.0,44.2,52.5,19.0,322.5
2024-12-21 03:00:00,R K Puram,28.5631,77.1727,153.7,154.6,1990.0,48.1,55.3,22.0,326.1
2024-12-21 04:00:00,R K Puram,28.5631,77.1727,150.4,151.3,1850.0,46.1,56.3,48.0,323.6
2024-12-21 05:00:00,R K Puram,28.5631,77.1727,144.8,145.8,1518.0,40.9,56.5,87.0,319.3
2024-12-21 06:00:00,R K Puram,28.5631,77.1727,135.5,136.4,1208.0,35.6,56.8,121.0,312.1
2024-12-21 07:00:00,R K Puram,28.5631,77.1727,116.9,118.3,958.0,28.5,57.8,149.0,289.4
2024-12-21 08:00:00,R K Puram,28.5631,77.1727,104.5,105.9,730.0,21.4,59.0,172.0,247.1
2024-12-21 09:00:00,R K Puram,28.5631,77.1727,99.0,100.6,628.0,22.2,59.7,179.0,228.3
2024-12-21 10:00:00,R K Puram,28.5631,77.1727,96.4,97.8,734.0,36.7,58.8,159.0,219.4
2024-12-21 11:00:00,R K Puram,28.5631,77.1727,106.6,107.8,966.0,59.2,57.5,122.0,254.3
2024-12-21 12:00:00,R K Puram,28.5631,77.1727,150.4,151.8,1181.0,80.6,65.2,86.0,323.6
2024-12-21 13:00:00,R K Puram,28.5631,77.1727,173.7,175.1,1340.0,93.9,70.0,64.0,341.4
2024-12-21 14:00:00,R K Puram,28.5631,77.1727,190.9,192.3,1483.0,112.0,76.6,33.0,354.6
2024-12-21 15:00:00,R K Puram,28.5631,77.1727,204.0,205.4,1584.0,124.0,82.2,10.0,364.7
2024-12-21 16:00:00,R K Puram,28.5631,77.1727,213.3,214.7,1629.0,124.1,86.0,1.0,371.8
2024-12-21 17:00:00,R K Puram,28.5631,77.1727,221.2,223.1,1631.0,118.1,88.6,0.0,377.9
2024-12-21 18:00:00,R K Puram,28.5631,77.1727,224.9,226.8,1609.0,112.0,89.5,0.0,380.7
2024-12-21 19:00:00,R K Puram,28.5631,77.1727,224.9,226.3,1544.0,108.0,88.0,0.0,380.7
2024-12-21 20:00:00,R K Puram,28.5631,77.1727,225.8,227.7,1454.0,103.9,84.7,0.0,381.4
2024-12-21 21:00:00,R K Puram,28.5631,77.1727,226.8,228.6,1413.0,99.3,80.6,0.0,382.2
2024-12-21 22:00:00,R K Puram,28.5631,77.1727,225.4,227.2,1369.0,93.7,74.6,0.0,381.1
2024-12-21 23:00:00,R K Puram,28.5631,77.1727,219.8,221.2,1374.0,87.6,67.8,1.0,376.8
2024-12-22 00:00:00,R K Puram,28.5631,77.1727,199.3,201.2,1654.0,84.7,62.1,4.0,361.1
2024-12-22 01:00:00,R K Puram,28.5631,77.1727,213.3,215.1,2587.0,83.9,67.0,0.0,371.8
2024-12-22 02:00:00,R K Puram,28.5631,77.1727,237.5,239.3,3796.0,82.2,73.8,0.0,390.4
2024-12-22 03:00:00,R K Puram,28.5631,77.1727,258.9,260.8,4372.0,76.5,78.2,9.0,404.5
2024-12-22 04:00:00,R K Puram,28.5631,77.1727,230.5,231.9,3716.0,63.5,78.9,49.0,385.0
2024-12-22 05:00:00,R K Puram,28.5631,77.1727,188.6,190.5,2428.0,46.5,77.2,105.0,352.9
2024-12-22 06:00:00,R K Puram,28.5631,77.1727,139.7,141.6,1397.0,32.4,73.6,148.0,315.4
2024-12-22 07:00:00,R K Puram,28.5631,77.1727,117.3,119.2,972.0,21.0,66.4,172.0,290.8
2024-12-22 08:00:00,R K Puram,28.5631,77.1727,104.8,106.6,806.0,12.5,57.2,185.0,248.1
2024-12-22 09:00:00,R K Puram,28.5631,77.1727,96.2,98.3,744.0,14.6,51.3,181.0,218.8
2024-12-22 10:00:00,R K Puram,28.5631,77.1727,90.6,92.7,756.0,35.1,51.2,152.0,500.0
2024-12-22 11:00:00,R K Puram,28.5631,77.1727,105.7,107.3,873.0,66.2,54.3,107.0,251.2
2024-12-22 12:00:00,R K Puram,28.5631,77.1727,141.6,143.4,1035.0,93.9,53.8,58.0,316.8
2024-12-22 13:00:00,R K Puram,28.5631,77.1727,171.8,173.2,1265.0,103.6,57.9,43.0,340.0
2024-12-22 14:00:00,R K Puram,28.5631,77.1727,189.1,190.9,1540.0,116.3,63.4,22.0,353.3
2024-12-22 15:00:00,R K Puram,28.5631,77.1727,195.1,196.5,1733.0,121.5,65.7,10.0,357.9
2024-12-22 16:00:00,R K Puram,28.5631,77.1727,192.3,194.2,1796.0,113.6,62.3,14.0,355.7
2024-12-22 17:00:00,R K Puram,28.5631,77.1727,190.0,191.4,1775.0,98.1,55.8,26.0,354.0
2024-12-22 18:00:00,R K Puram,28.5631,77.1727,176.0,177.9,1686.0,81.1,49.4,39.0,343.2
2024-12-22 19:00:00,R K Puram,28.5631,77.1727,156.0,157.4,1484.0,62.3,43.8,53.0,327.9
2024-12-22 20:00:00,R K Puram,28.5631,77.1727,137.4,138.8,1212.0,42.1,38.4,68.0,313.6
2024-12-22 21:00:00,R K Puram,28.5631,77.1727,129.9,131.3,1015.0,27.4,34.7,78.0,307.8
2024-12-22 22:00:00,R K Puram,28.5631,77.1727,129.5,130.9,933.0,20.3,33.2,80.0,307.5
2024-12-22 23:00:00,R K Puram,28.5631,77.1727,134.1,135.5,925.0,18.8,33.4,76.0,311.1
2024-12-23 00:00:00,R K Puram,28.5631,77.1727,113.2,114.3,1013.0,14.0,28.3,77.0,276.8
2024-12-23 01:00:00,R K Puram,28.5631,77.1727,121.1,122.5,1292.0,23.4,30.5,65.0,301.1
2024-12-23 02:00:00,R K Puram,28.5631,77.1727,134.6,136.4,1666.0,36.2,33.4,48.0,311.4
2024-12-23 03:00:00,R K Puram,28.5631,77.1727,145.3,146.7,1874.0,44.6,35.3,41.0,319.6
2024-12-23 04:00:00,R K Puram,28.5631,77.1727,143.0,143.9,1767.0,44.7,34.8,51.0,317.9
2024-12-23 05:00:00,R K Puram,28.5631,77.1727,136.9,138.3,1494.0,40.4,33.2,70.0,313.2
2024-12-23 06:00:00,R K Puram,28.5631,77.1727,133.2,134.6,1232.0,35.8,32.3,88.0,310.4
2024-12-23 07:00:00,R K Puram,28.5631,77.1727,122.0,123.9,1018.0,31.4,33.1,104.0,301.8
2024-12-23 08:00:00,R K Puram,28.5631,77.1727,109.7,111.5,815.0,26.8,34.7,120.0,264.8
2024-12-23 09:00:00,R K Puram,28.5631,77.1727,105.5,107.3,696.0,24.7,36.2,128.0,250.5
2024-12-23 10:00:00,R K Puram,28.5631,77.1727,103.6,105.2,721.0,27.4,37.4,123.0,244.0
2024-12-23 11:00:00,R K Puram,28.5631,77.1727,101.7,103.4,829.0,32.6,38.5,110.0,237.5
2024-12-23 12:00:00,R K Puram,28.5631,77.1727,129.0,130.9,910.0,41.6,39.9,98.0,307.1
2024-12-23 13:00:00,R K Puram,28.5631,77.1727,122.5,124.3,916.0,39.8,40.2,91.0,302.2
2024-12-23 14:00:00,R K Puram,28.5631,77.1727,121.1,122.9,895.0,37.2,40.6,82.0,301.1
2024-12-23 15:00:00,R K Puram,28.5631,77.1727,119.7,121.5,879.0,35.1,40.7,73.0,299.0
2024-12-23 16:00:00,R K Puram,28.5631,77.1727,118.5,120.6,886.0,34.3,40.7,67.0,294.9
2024-12-23 17:00:00,R K Puram,28.5631,77.1727,122.5,124.3,898.0,33.8,40.3,61.0,302.2
2024-12-23 18:00:00,R K Puram,28.5631,77.1727,120.1,122.0,894.0,32.3,38.8,58.0,500.0
2024-12-23 19:00:00,R K Puram,28.5631,77.1727,113.2,115.0,860.0,28.3,35.1,59.0,276.8
2024-12-23 20:00:00,R K Puram,28.5631,77.1727,108.0,110.1,811.0,23.2,30.3,62.0,259.0
2024-12-23 21:00:00,R K Puram,28.5631,77.1727,106.6,109.0,771.0,19.7,26.5,63.0,254.3
2024-12-23 22:00:00,R K Puram,28.5631,77.1727,107.6,109.9,735.0,18.4,24.5,61.0,257.7
2024-12-23 23:00:00,R K Puram,28.5631,77.1727,106.6,109.0,707.0,18.7,23.5,56.0,254.3
2024-12-24 00:00:00,R K Puram,28.5631,77.1727,90.3,92.2,727.0,17.2,16.7,59.0,500.0
2024-12-24 01:00:00,R K Puram,28.5631,77.1727,91.0,92.7,851.0,24.4,19.5,57.0,201.0
2024-12-24 02:00:00,R K Puram,28.5631,77.1727,97.6,99.2,1023.0,34.1,23.3,55.0,223.5
2024-12-24 03:00:00,R K Puram,28.5631,77.1727,105.5,107.6,1111.0,39.8,26.5,59.0,250.5
2024-12-24 04:00:00,R K Puram,28.5631,77.1727,112.5,114.1,1035.0,37.7,28.0,75.0,274.4
2024-12-24 05:00:00,R K Puram,28.5631,77.1727,108.5,110.8,875.0,31.6,28.9,98.0,260.7
2024-12-24 06:00:00,R K Puram,28.5631,77.1727,108.0,110.8,741.0,26.4,30.0,117.0,259.0
2024-12-24 07:00:00,R K Puram,28.5631,77.1727,108.7,111.5,644.0,20.8,31.4,132.0,261.4
2024-12-24 08:00:00,R K Puram,28.5631,77.1727,107.6,110.6,573.0,16.0,33.0,144.0,257.7
2024-12-24 09:00:00,R K Puram,28.5631,77.1727,107.8,110.8,605.0,20.5,36.3,143.0,258.4
2024-12-24 10:00:00,R K Puram,28.5631,77.1727,110.6,113.4,827.0,41.5,41.2,119.0,267.9
2024-12-24 11:00:00,R K Puram,28.5631,77.1727,126.7,129.5,1153.0,71.7,47.7,81.0,305.4
2024-12-24 12:00:00,R K Puram,28.5631,77.1727,140.2,142.0,1397.0,93.0,48.0,48.0,315.7
2024-12-24 13:00:00,R K Puram,28.5631,77.1727,159.7,161.1,1436.0,99.5,52.7,38.0,330.7
2024-12-24 14:00:00,R K Puram,28.5631,77.1727,167.2,168.6,1394.0,108.0,59.1,24.0,336.5
2024-12-24 15:00:00,R K Puram,28.5631,77.1727,165.8,167.2,1457.0,110.8,62.5,14.0,335.4
2024-12-24 16:00:00,R K Puram,28.5631,77.1727,159.7,161.1,1758.0,103.1,60.8,13.0,330.7
2024-12-24 17:00:00,R K Puram,28.5631,77.1727,149.0,150.4,2165.0,89.7,56.2,16.0,322.5
2024-12-24 18:00:00,R K Puram,28.5631,77.1727,137.8,139.2,2466.0,77.0,51.0,19.0,313.9
2024-12-24 19:00:00,R K Puram,28.5631,77.1727,128.1,129.0,2583.0,66.9,45.4,21.0,306.4
2024-12-24 20:00:00,R K Puram,28.5631,77.1727,120.1,121.1,2595.0,57.4,39.3,22.0,500.0
2024-12-24 21:00:00,R K Puram,28.5631,77.1727,112.9,114.1,2529.0,49.7,34.3,23.0,275.8
2024-12-24 22:00:00,R K Puram,28.5631,77.1727,107.8,109.0,2342.0,43.6,30.8,23.0,258.4
2024-12-24 23:00:00,R K Puram,28.5631,77.1727,105.0,106.2,2078.0,39.2,28.5,23.0,248.8
2024-12-25 00:00:00,R K Puram,28.5631,77.1727,100.6,101.7,1894.0,34.5,25.4,26.0,233.8
2024-12-25 01:00:00,R K Puram,28.5631,77.1727,105.5,106.4,1898.0,40.5,30.6,18.0,250.5
2024-12-25 02:00:00,R K Puram,28.5631,77.1727,121.5,122.9,1983.0,48.4,37.7,8.0,301.4
2024-12-25 03:00:00,R K Puram,28.5631,77.1727,136.9,138.3,1978.0,52.7,43.0,13.0,313.2
2024-12-25 04:00:00,R K Puram,28.5631,77.1727,129.0,129.9,1791.0,49.9,43.5,44.0,307.1
2024-12-25 05:00:00,R K Puram,28.5631,77.1727,122.5,123.9,1515.0,43.4,42.1,88.0,302.2
2024-12-25 06:00:00,R K Puram,28.5631,77.1727,107.3,109.0,1259.0,37.5,44.1,126.0,256.6
2024-12-25 07:00:00,R K Puram,28.5631,77.1727,92.9,95.0,1038.0,31.7,53.5,153.0,207.5
2024-12-25 08:00:00,R K Puram,28.5631,77.1727,95.2,97.6,838.0,26.6,66.3,173.0,215.3
2024-12-25 09:00:00,R K Puram,28.5631,77.1727,99.9,102.2,726.0,27.6,75.6,178.0,231.4
2024-12-25 10:00:00,R K Puram,28.5631,77.1727,103.4,105.7,730.0,39.7,77.9,160.0,243.3
2024-12-25 11:00:00,R K Puram,28.5631,77.1727,111.8,113.6,822.0,58.0,76.7,127.0,272.0
2024-12-25 12:00:00,R K Puram,28.5631,77.1727,154.6,156.9,989.0,73.2,72.8,85.0,326.8
2024-12-25 13:00:00,R K Puram,28.5631,77.1727,170.4,172.3,1294.0,78.5,72.6,67.0,338.9
2024-12-25 14:00:00,R K Puram,28.5631,77.1727,180.7,182.5,1675.0,85.8,72.2,42.0,346.8
2024-12-25 15:00:00,R K Puram,28.5631,77.1727,189.1,190.5,1929.0,90.6,71.8,23.0,353.3
2024-12-25 16:00:00,R K Puram,28.5631,77.1727,192.8,194.2,1948.0,90.9,71.7,14.0,356.1
2024-12-25 17:00:00,R K Puram,28.5631,77.1727,194.6,196.0,1841.0,88.8,71.5,10.0,357.5
2024-12-25 18:00:00,R K Puram,28.5631,77.1727,191.4,193.2,1736.0,85.9,70.0,8.0,355.0
2024-12-25 19:00:00,R K Puram,28.5631,77.1727,186.3,187.7,1675.0,82.6,66.3,6.0,351.1
2024-12-25 20:00:00,R K Puram,28.5631,77.1727,181.6,183.0,1615.0,78.5,61.4,6.0,347.5
2024-12-25 21:00:00,R K Puram,28.5631,77.1727,178.3,179.7,1557.0,74.2,57.1,6.0,345.0
2024-12-25 22:00:00,R K Puram,28.5631,77.1727,175.1,176.0,1451.0,69.3,53.5,6.0,342.5
2024-12-25 23:00:00,R K Puram,28.5631,77.1727,170.0,170.9,1346.0,64.3,50.5,7.0,338.6
2024-12-26 00:00:00,R K Puram,28.5631,77.1727,171.8,172.8,1390.0,64.7,56.3,5.0,340.0
2024-12-26 01:00:00,R K Puram,28.5631,77.1727,173.2,174.2,1767.0,63.4,57.1,2.0,341.1
2024-12-26 02:00:00,R K Puram,28.5631,77.1727,189.1,190.0,2292.0,61.4,58.3,0.0,353.3
2024-12-26 03:00:00,R K Puram,28.5631,77.1727,189.5,190.5,2558.0,58.6,59.2,13.0,353.6
2024-12-26 04:00:00,R K Puram,28.5631,77.1727,192.8,193.2,2323.0,54.9,59.6,54.0,356.1
2024-12-26 05:00:00,R K Puram,28.5631,77.1727,185.3,186.3,1830.0,50.3,59.8,110.0,350.3
2024-12-26 06:00:00,R K Puram,28.5631,77.1727,154.6,155.5,1397.0,45.2,60.3,153.0,326.8
2024-12-26 07:00:00,R K Puram,28.5631,77.1727,113.9,115.0,1109.0,35.7,60.9,176.0,279.2
2024-12-26 08:00:00,R K Puram,28.5631,77.1727,90.8,92.4,881.0,25.7,61.7,186.0,500.0
2024-12-26 09:00:00,R K Puram,28.5631,77.1727,85.4,87.3,782.0,26.7,63.5,182.0,184.3
2024-12-26 10:00:00,R K Puram,28.5631,77.1727,83.1,85.0,857.0,47.4,66.0,156.0,176.4
2024-12-26 11:00:00,R K Puram,28.5631,77.1727,95.2,97.1,1060.0,79.1,69.5,115.0,215.3
2024-12-26 12:00:00,R K Puram,28.5631,77.1727,149.0,151.3,1320.0,106.8,73.3,70.0,322.5
2024-12-26 13:00:00,R K Puram,28.5631,77.1727,176.5,178.8,1692.0,120.4,79.6,49.0,343.6
2024-12-26 14:00:00,R K Puram,28.5631,77.1727,192.8,195.1,2122.0,138.7,87.9,21.0,356.1
2024-12-26 15:00:00,R K Puram,28.5631,77.1727,208.2,210.0,2375.0,149.2,92.0,1.0,367.9
2024-12-26 16:00:00,R K Puram,28.5631,77.1727,219.3,221.7,2307.0,145.6,88.6,0.0,376.4
2024-12-26 17:00:00,R K Puram,28.5631,77.1727,218.9,221.2,2062.0,134.1,81.0,0.0,376.1
2024-12-26 18:00:00,R K Puram,28.5631,77.1727,198.4,200.7,1837.0,121.1,72.2,6.0,360.4
2024-12-26 19:00:00,R K Puram,28.5631,77.1727,180.7,183.0,1703.0,107.2,62.2,12.0,346.8
2024-12-26 20:00:00,R K Puram,28.5631,77.1727,167.2,169.5,1589.0,91.8,51.1,20.0,336.5
2024-12-26 21:00:00,R K Puram,28.5631,77.1727,162.5,164.8,1475.0,78.6,42.0,26.0,332.8
2024-12-26 22:00:00,R K Puram,28.5631,77.1727,150.4,152.3,1339.0,68.9,35.9,28.0,323.6
2024-12-26 23:00:00,R K Puram,28.5631,77.1727,146.7,149.0,1203.0,61.4,31.8,29.0,320.7
2024-12-27 00:00:00,R K Puram,28.5631,77.1727,160.7,162.5,1118.0,77.2,46.0,17.0,331.5
2024-12-27 01:00:00,R K Puram,28.5631,77.1727,145.3,147.1,1133.0,75.1,45.8,18.0,319.6
2024-12-27 02:00:00,R K Puram,28.5631,77.1727,149.0,150.9,1200.0,72.1,45.5,21.0,322.5
2024-12-27 03:00:00,R K Puram,28.5631,77.1727,152.3,154.1,1221.0,68.8,44.2,26.0,325.0
2024-12-27 04:00:00,R K Puram,28.5631,77.1727,148.5,149.9,1147.0,65.3,41.3,38.0,322.1
2024-12-27 05:00:00,R K Puram,28.5631,77.1727,135.5,137.4,1028.0,61.5,37.5,52.0,312.1
2024-12-27 06:00:00,R K Puram,28.5631,77.1727,122.0,123.9,920.0,57.4,34.3,64.0,301.8
2024-12-27 07:00:00,R K Puram,28.5631,77.1727,107.6,109.7,834.0,52.7,32.7,70.0,257.7
2024-12-27 08:00:00,R K Puram,28.5631,77.1727,100.6,102.7,759.0,47.8,31.6,73.0,233.8
2024-12-27 09:00:00,R K Puram,28.5631,77.1727,96.4,98.3,720.0,43.6,29.6,74.0,219.4
2024-12-27 10:00:00,R K Puram,28.5631,77.1727,93.4,95.0,748.0,40.8,25.4,73.0,209.2
2024-12-27 11:00:00,R K Puram,28.5631,77.1727,87.8,89.4,812.0,38.7,20.2,71.0,192.5
2024-12-27 12:00:00,R K Puram,28.5631,77.1727,98.5,101.0,842.0,43.5,19.3,60.0,226.6
2024-12-27 13:00:00,R K Puram,28.5631,77.1727,96.4,98.5,800.0,40.2,19.3,61.0,219.4
2024-12-27 14:00:00,R K Puram,28.5631,77.1727,95.0,97.3,725.0,35.5,19.3,62.0,214.7
2024-12-27 15:00:00,R K Puram,28.5631,77.1727,93.4,95.5,665.0,31.4,19.6,63.0,209.2
2024-12-27 16:00:00,R K Puram,28.5631,77.1727,94.1,96.2,646.0,28.5,20.4,64.0,211.6
2024-12-27 17:00:00,R K Puram,28.5631,77.1727,97.3,99.4,642.0,26.1,21.4,65.0,222.5
2024-12-27 18:00:00,R K Puram,28.5631,77.1727,95.7,97.8,618.0,23.9,22.0,65.0,217.0
2024-12-27 19:00:00,R K Puram,28.5631,77.1727,92.7,95.0,545.0,21.4,21.6,64.0,206.8
2024-12-27 20:00:00,R K Puram,28.5631,77.1727,92.0,94.3,452.0,19.1,20.7,61.0,204.4
2024-12-27 21:00:00,R K Puram,28.5631,77.1727,91.0,93.1,391.0,17.9,20.4,59.0,201.0
2024-12-27 22:00:00,R K Puram,28.5631,77.1727,90.8,93.1,352.0,17.2,20.8,59.0,500.0
2024-12-27 23:00:00,R K Puram,28.5631,77.1727,94.5,96.9,345.0,17.6,21.7,59.0,212.9
2024-12-28 00:00:00,R K Puram,28.5631,77.1727,79.9,81.7,454.0,15.0,19.4,63.0,165.5
2024-12-28 01:00:00,R K Puram,28.5631,77.1727,83.4,85.0,814.0,27.1,25.5,50.0,177.5
2024-12-28 02:00:00,R K Puram,28.5631,77.1727,102.0,103.8,1289.0,43.3,33.9,34.0,238.6
2024-12-28 03:00:00,R K Puram,28.5631,77.1727,121.1,122.5,1556.0,52.4,39.7,27.0,301.1
2024-12-28 04:00:00,R K Puram,28.5631,77.1727,110.4,112.0,1411.0,47.3,40.3,40.0,267.2
2024-12-28 05:00:00,R K Puram,28.5631,77.1727,112.7,115.0,1057.0,35.2,38.3,63.0,275.1
2024-12-28 06:00:00,R K Puram,28.5631,77.1727,100.4,102.4,781.0,26.1,36.8,81.0,233.1
2024-12-28 07:00:00,R K Puram,28.5631,77.1727,96.9,99.0,670.0,22.7,36.3,92.0,221.1
2024-12-28 08:00:00,R K Puram,28.5631,77.1727,91.7,93.4,638.0,22.4,36.3,98.0,203.4
2024-12-28 09:00:00,R K Puram,28.5631,77.1727,86.8,88.5,706.0,27.1,38.7,96.0,189.1
2024-12-28 10:00:00,R K Puram,28.5631,77.1727,82.2,83.4,914.0,40.1,45.1,81.0,173.4
2024-12-28 11:00:00,R K Puram,28.5631,77.1727,92.0,93.1,1224.0,58.3,53.8,59.0,204.4
2024-12-28 12:00:00,R K Puram,28.5631,77.1727,136.0,137.8,1543.0,75.0,63.7,41.0,312.5
2024-12-28 13:00:00,R K Puram,28.5631,77.1727,154.6,156.0,1911.0,82.6,66.2,31.0,326.8
2024-12-28 14:00:00,R K Puram,28.5631,77.1727,156.5,157.9,2288.0,92.5,69.3,18.0,328.2
2024-12-28 15:00:00,R K Puram,28.5631,77.1727,151.3,152.3,2468.0,96.6,69.5,10.0,324.3
2024-12-28 16:00:00,R K Puram,28.5631,77.1727,143.4,144.4,2308.0,90.2,64.4,10.0,318.2
2024-12-28 17:00:00,R K Puram,28.5631,77.1727,139.2,140.2,1950.0,77.9,56.4,15.0,315.0
2024-12-28 18:00:00,R K Puram,28.5631,77.1727,134.1,135.0,1614.0,65.2,48.8,20.0,311.1
2024-12-28 19:00:00,R K Puram,28.5631,77.1727,126.2,127.1,1356.0,53.1,42.4,25.0,305.0
2024-12-28 20:00:00,R K Puram,28.5631,77.1727,119.7,120.6,1120.0,40.6,36.3,31.0,299.0
2024-12-28 21:00:00,R K Puram,28.5631,77.1727,113.2,114.1,957.0,30.7,31.6,36.0,276.8
2024-12-28 22:00:00,R K Puram,28.5631,77.1727,106.6,107.6,902.0,24.2,28.6,40.0,254.3
2024-12-28 23:00:00,R K Puram,28.5631,77.1727,99.9,100.6,921.0,20.2,27.0,42.0,231.4
2024-12-29 00:00:00,R K Puram,28.5631,77.1727,125.3,126.2,961.0,36.5,31.1,21.0,304.3
2024-12-29 01:00:00,R K Puram,28.5631,77.1727,117.3,118.3,1028.0,36.4,31.7,22.0,290.8
2024-12-29 02:00:00,R K Puram,28.5631,77.1727,115.7,116.4,1116.0,36.1,32.7,23.0,285.3
2024-12-29 03:00:00,R K Puram,28.5631,77.1727,116.4,117.1,1154.0,34.6,34.5,30.0,287.7
2024-12-29 04:00:00,R K Puram,28.5631,77.1727,99.7,100.6,1103.0,30.9,38.2,47.0,230.7
2024-12-29 05:00:00,R K Puram,28.5631,77.1727,85.7,86.6,1002.0,26.1,42.8,69.0,185.3
2024-12-29 06:00:00,R K Puram,28.5631,77.1727,75.0,76.4,901.0,21.9,45.0,88.0,148.8
2024-12-29 07:00:00,R K Puram,28.5631,77.1727,70.1,71.5,789.0,18.2,42.9,104.0,132.1
2024-12-29 08:00:00,R K Puram,28.5631,77.1727,66.6,68.2,676.0,15.2,38.4,117.0,120.1
2024-12-29 09:00:00,R K Puram,28.5631,77.1727,65.4,67.3,642.0,15.6,34.7,121.0,116.0
2024-12-29 10:00:00,R K Puram,28.5631,77.1727,63.1,65.0,754.0,21.6,32.8,111.0,108.2
2024-12-29 11:00:00,R K Puram,28.5631,77.1727,64.0,65.7,945.0,31.1,31.6,93.0,111.2
2024-12-29 12:00:00,R K Puram,28.5631,77.1727,94.1,95.7,1097.0,39.4,34.2,66.0,211.6
2024-12-29 13:00:00,R K Puram,28.5631,77.1727,100.8,102.2,1170.0,42.4,33.2,56.0,234.5
2024-12-29 14:00:00,R K Puram,28.5631,77.1727,100.6,101.7,1203.0,46.3,31.6,43.0,233.8
2024-12-29 15:00:00,R K Puram,28.5631,77.1727,99.4,100.4,1194.0,47.4,29.9,35.0,229.7
2024-12-29 16:00:00,R K Puram,28.5631,77.1727,95.9,96.6,1125.0,43.3,28.0,36.0,217.7
2024-12-29 17:00:00,R K Puram,28.5631,77.1727,93.6,94.3,1013.0,36.4,25.8,41.0,209.9
2024-12-29 18:00:00,R K Puram,28.5631,77.1727,91.3,92.0,909.0,29.9,23.7,47.0,202.0
2024-12-29 19:00:00,R K Puram,28.5631,77.1727,86.4,87.1,820.0,24.8,21.4,51.0,187.7
2024-12-29 20:00:00,R K Puram,28.5631,77.1727,83.4,84.1,738.0,20.1,19.1,55.0,177.5
2024-12-29 21:00:00,R K Puram,28.5631,77.1727,81.0,81.7,692.0,16.5,17.7,58.0,169.3
2024-12-29 22:00:00,R K Puram,28.5631,77.1727,79.4,79.9,699.0,13.8,17.7,60.0,163.8
2024-12-29 23:00:00,R K Puram,28.5631,77.1727,78.5,78.9,741.0,12.3,18.7,62.0,160.7
2024-12-30 00:00:00,R K Puram,28.5631,77.1727,80.8,81.5,797.0,13.4,19.4,59.0,168.6
2024-12-30 01:00:00,R K Puram,28.5631,77.1727,79.9,80.3,876.0,17.9,22.0,55.0,165.5
2024-12-30 02:00:00,R K Puram,28.5631,77.1727,82.7,83.1,968.0,23.9,25.7,50.0,175.1
2024-12-30 03:00:00,R K Puram,28.5631,77.1727,85.0,85.4,1021.0,27.4,29.4,55.0,182.9
2024-12-30 04:00:00,R K Puram,28.5631,77.1727,82.0,82.2,1000.0,26.0,33.1,76.0,172.7
2024-12-30 05:00:00,R K Puram,28.5631,77.1727,80.1,80.3,940.0,22.0,36.8,106.0,166.2
2024-12-30 06:00:00,R K Puram,28.5631,77.1727,78.7,78.9,893.0,18.4,39.1,132.0,161.4
2024-12-30 07:00:00,R K Puram,28.5631,77.1727,73.8,74.0,857.0,14.7,39.0,153.0,144.7
2024-12-30 08:00:00,R K Puram,28.5631,77.1727,65.4,65.9,833.0,11.4,37.5,169.0,116.0
2024-12-30 09:00:00,R K Puram,28.5631,77.1727,57.5,57.9,877.0,12.2,35.8,173.0,95.8
2024-12-30 10:00:00,R K Puram,28.5631,77.1727,53.4,53.9,1048.0,19.9,34.0,155.0,88.8
2024-12-30 11:00:00,R K Puram,28.5631,77.1727,54.6,55.1,1285.0,31.8,32.0,125.0,90.9
2024-12-30 12:00:00,R K Puram,28.5631,77.1727,102.7,103.8,1466.0,56.8,45.6,92.0,240.9
2024-12-30 13:00:00,R K Puram,28.5631,77.1727,117.3,118.3,1536.0,64.8,47.0,73.0,290.8
2024-12-30 14:00:00,R K Puram,28.5631,77.1727,126.2,127.6,1549.0,75.7,48.9,47.0,305.0
2024-12-30 15:00:00,R K Puram,28.5631,77.1727,131.8,132.7,1540.0,82.4,50.0,27.0,309.3
2024-12-30 16:00:00,R K Puram,28.5631,77.1727,137.4,138.3,1520.0,81.8,50.2,20.0,313.6
2024-12-30 17:00:00,R K Puram,28.5631,77.1727,141.6,143.0,1478.0,77.2,49.6,19.0,316.8
2024-12-30 18:00:00,R K Puram,28.5631,77.1727,141.6,143.0,1419.0,70.8,47.4,21.0,316.8
2024-12-30 19:00:00,R K Puram,28.5631,77.1727,134.6,135.5,1332.0,62.8,42.4,25.0,311.4
2024-12-30 20:00:00,R K Puram,28.5631,77.1727,128.1,129.5,1228.0,53.0,35.8,31.0,306.4
2024-12-30 21:00:00,R K Puram,28.5631,77.1727,123.9,125.3,1150.0,44.1,30.5,37.0,303.2
2024-12-30 22:00:00,R K Puram,28.5631,77.1727,119.0,120.1,1108.0,35.6,27.2,43.0,296.6
2024-12-30 23:00:00,R K Puram,28.5631,77.1727,115.3,116.4,1092.0,27.8,25.2,49.0,284.0
2024-12-31 00:00:00,R K Puram,28.5631,77.1727,157.9,159.3,1114.0,48.5,36.2,20.0,329.3
2024-12-31 01:00:00,R K Puram,28.5631,77.1727,153.7,154.6,1209.0,47.1,35.9,21.0,326.1
2024-12-31 02:00:00,R K Puram,28.5631,77.1727,157.9,158.8,1343.0,44.8,35.6,24.0,329.3
2024-12-31 03:00:00,R K Puram,28.5631,77.1727,150.9,152.3,1421.0,41.4,36.4,34.0,323.9
2024-12-31 04:00:00,R K Puram,28.5631,77.1727,137.4,139.2,1397.0,35.8,39.2,57.0,313.6
2024-12-31 05:00:00,R K Puram,28.5631,77.1727,117.6,119.7,1318.0,29.0,43.1,87.0,291.8
2024-12-31 06:00:00,R K Puram,28.5631,77.1727,100.8,103.4,1234.0,23.7,45.9,112.0,234.5
2024-12-31 07:00:00,R K Puram,28.5631,77.1727,95.7,98.0,1118.0,19.6,46.3,132.0,217.0
2024-12-31 08:00:00,R K Puram,28.5631,77.1727,92.4,94.8,997.0,17.1,45.7,147.0,205.8
2024-12-31 09:00:00,R K Puram,28.5631,77.1727,89.2,91.5,995.0,19.4,45.4,151.0,197.3
2024-12-31 10:00:00,R K Puram,28.5631,77.1727,88.0,90.1,1208.0,29.3,45.9,138.0,193.2
2024-12-31 11:00:00,R K Puram,28.5631,77.1727,88.7,91.0,1541.0,44.1,46.7,114.0,195.6
2024-12-31 12:00:00,R K Puram,28.5631,77.1727,158.3,162.1,1835.0,76.3,78.7,88.0,329.6
2024-12-31 13:00:00,R K Puram,28.5631,77.1727,190.5,193.7,2062.0,91.0,82.2,64.0,354.3
2024-12-31 14:00:00,R K Puram,28.5631,77.1727,210.9,214.7,2249.0,110.9,86.7,32.0,370.0
2024-12-31 15:00:00,R K Puram,28.5631,77.1727,217.5,220.7,2321.0,121.9,87.9,9.0,375.1
2024-12-31 16:00:00,R K Puram,28.5631,77.1727,217.0,220.3,2204.0,117.0,83.6,5.0,374.7
2024-12-31 17:00:00,R K Puram,28.5631,77.1727,217.0,220.3,1971.0,103.4,76.1,10.0,374.7
2024-12-31 18:00:00,R K Puram,28.5631,77.1727,209.5,212.8,1768.0,88.6,67.4,17.0,368.9
2024-12-31 19:00:00,R K Puram,28.5631,77.1727,193.7,197.0,1645.0,74.2,57.5,24.0,356.8
2024-12-31 20:00:00,R K Puram,28.5631,77.1727,180.7,183.9,1551.0,58.6,46.5,33.0,346.8
2024-12-31 21:00:00,R K Puram,28.5631,77.1727,167.6,170.4,1478.0,45.0,37.2,42.0,336.8
2024-12-31 22:00:00,R K Puram,28.5631,77.1727,153.2,156.0,1418.0,33.8,30.3,50.0,325.7
2024-12-31 23:00:00,R K Puram,28.5631,77.1727,141.6,144.4,1379.0,24.6,25.1,57.0,316.8
2024-12-19 12:00:00,Rohini,28.7324,77.1196,144.8,147.6,1449.0,75.6,65.6,98.0,319.3
2024-12-19 13:00:00,Rohini,28.7324,77.1196,168.1,170.4,1651.0,84.5,70.3,78.0,337.1
2024-12-19 14:00:00,Rohini,28.7324,77.1196,190.0,192.3,1840.0,96.5,76.5,50.0,354.0
2024-12-19 15:00:00,Rohini,28.7324,77.1196,204.9,207.2,1940.0,103.4,79.9,29.0,365.4
2024-12-19 16:00:00,Rohini,28.7324,77.1196,212.3,214.2,1893.0,101.2,78.3,22.0,371.1
2024-12-19 17:00:00,Rohini,28.7324,77.1196,213.7,215.6,1756.0,94.0,73.9,23.0,372.1
2024-12-19 18:00:00,Rohini,28.7324,77.1196,207.2,209.1,1623.0,85.6,68.1,25.0,367.2
2024-12-19 19:00:00,Rohini,28.7324,77.1196,195.1,197.0,1513.0,76.7,60.6,28.0,357.9
2024-12-19 20:00:00,Rohini,28.7324,77.1196,184.9,186.7,1407.0,66.7,51.7,33.0,350.0
2024-12-19 21:00:00,Rohini,28.7324,77.1196,177.0,178.8,1338.0,57.7,44.6,36.0,344.0
2024-12-19 22:00:00,Rohini,28.7324,77.1196,170.9,172.3,1309.0,49.3,39.8,37.0,339.3
2024-12-19 23:00:00,Rohini,28.7324,77.1196,165.3,167.2,1318.0,42.0,36.6,37.0,335.0
2024-12-20 00:00:00,Rohini,28.7324,77.1196,147.6,149.0,1390.0,28.2,37.5,55.0,321.4
2024-12-20 01:00:00,Rohini,28.7324,77.1196,157.9,159.7,1616.0,39.2,43.6,44.0,329.3
2024-12-20 02:00:00,Rohini,28.7324,77.1196,176.0,177.9,1906.0,53.8,51.8,30.0,343.2
2024-12-20 03:00:00,Rohini,28.7324,77.1196,181.6,183.0,2016.0,61.1,57.4,34.0,347.5
2024-12-20 04:00:00,Rohini,28.7324,77.1196,156.5,157.9,1782.0,53.8,57.4,73.0,328.2
2024-12-20 05:00:00,Rohini,28.7324,77.1196,138.8,140.2,1368.0,39.1,54.8,129.0,314.7
2024-12-20 06:00:00,Rohini,28.7324,77.1196,111.8,113.9,1028.0,27.5,52.9,172.0,272.0
2024-12-20 07:00:00,Rohini,28.7324,77.1196,94.3,96.9,837.0,21.6,53.2,190.0,212.3
2024-12-20 08:00:00,Rohini,28.7324,77.1196,84.1,86.6,719.0,18.8,54.3,195.0,179.9
2024-12-20 09:00:00,Rohini,28.7324,77.1196,80.1,82.4,698.0,22.0,55.4,187.0,166.2
2024-12-20 10:00:00,Rohini,28.7324,77.1196,78.5,80.6,840.0,36.2,56.4,162.0,160.7
2024-12-20 11:00:00,Rohini,28.7324,77.1196,85.9,87.5,1080.0,56.5,57.3,125.0,186.0
2024-12-20 12:00:00,Rohini,28.7324,77.1196,115.5,117.3,1246.0,74.4,56.9,86.0,284.6
2024-12-20 13:00:00,Rohini,28.7324,77.1196,125.3,126.7,1249.0,70.4,54.7,77.0,304.3
2024-12-20 14:00:00,Rohini,28.7324,77.1196,126.7,128.5,1178.0,64.5,51.5,64.0,305.4
2024-12-20 15:00:00,Rohini,28.7324,77.1196,126.7,128.1,1128.0,58.2,48.2,55.0,305.4
2024-12-20 16:00:00,Rohini,28.7324,77.1196,127.1,128.1,1150.0,51.5,44.8,52.0,305.7
2024-12-20 17:00:00,Rohini,28.7324,77.1196,127.6,128.5,1194.0,44.2,41.3,52.0,306.1
2024-12-20 18:00:00,Rohini,28.7324,77.1196,125.7,126.7,1205.0,37.6,38.7,52.0,304.6
2024-12-20 19:00:00,Rohini,28.7324,77.1196,122.0,123.4,1146.0,31.6,37.8,52.0,301.8
2024-12-20 20:00:00,Rohini,28.7324,77.1196,119.7,120.6,1054.0,26.3,37.8,51.0,299.0
2024-12-20 21:00:00,Rohini,28.7324,77.1196,117.6,118.5,988.0,22.3,37.7,51.0,291.8
2024-12-20 22:00:00,Rohini,28.7324,77.1196,115.9,116.9,945.0,19.6,36.9,50.0,286.0
2024-12-20 23:00:00,Rohini,28.7324,77.1196,114.6,115.7,928.0,18.4,35.9,49.0,281.6
2024-12-21 00:00:00,Rohini,28.7324,77.1196,116.4,117.3,1000.0,21.0,41.3,46.0,287.7
2024-12-21 01:00:00,Rohini,28.7324,77.1196,123.9,124.8,1269.0,27.1,44.6,38.0,303.2
2024-12-21 02:00:00,Rohini,28.7324,77.1196,138.3,139.2,1628.0,35.3,49.0,28.0,314.3
2024-12-21 03:00:00,Rohini,28.7324,77.1196,144.8,145.8,1819.0,40.2,51.9,30.0,319.3
2024-12-21 04:00:00,Rohini,28.7324,77.1196,143.0,143.9,1695.0,38.8,51.9,56.0,317.9
2024-12-21 05:00:00,Rohini,28.7324,77.1196,138.3,139.2,1403.0,33.9,50.3,94.0,314.3
2024-12-21 06:00:00,Rohini,28.7324,77.1196,129.5,130.4,1129.0,28.9,48.7,127.0,307.5
2024-12-21 07:00:00,Rohini,28.7324,77.1196,110.1,111.5,898.0,22.3,47.4,150.0,266.2
2024-12-21 08:00:00,Rohini,28.7324,77.1196,98.5,100.1,685.0,15.6,46.2,168.0,226.6
2024-12-21 09:00:00,Rohini,28.7324,77.1196,92.7,94.3,597.0,15.6,45.6,171.0,206.8
2024-12-21 10:00:00,Rohini,28.7324,77.1196,90.3,92.0,724.0,28.3,45.7,151.0,500.0
2024-12-21 11:00:00,Rohini,28.7324,77.1196,98.7,99.9,976.0,47.7,46.4,116.0,227.3
2024-12-21 12:00:00,Rohini,28.7324,77.1196,134.1,136.0,1194.0,62.1,50.3,84.0,311.1
2024-12-21 13:00:00,Rohini,28.7324,77.1196,152.7,154.6,1317.0,67.0,53.7,70.0,325.3
2024-12-21 14:00:00,Rohini,28.7324,77.1196,166.7,168.6,1406.0,73.7,58.4,51.0,336.1
2024-12-21 15:00:00,Rohini,28.7324,77.1196,180.2,181.6,1482.0,78.0,62.0,35.0,346.4
2024-12-21 16:00:00,Rohini,28.7324,77.1196,193.7,195.1,1560.0,78.0,63.9,26.0,356.8
2024-12-21 17:00:00,Rohini,28.7324,77.1196,206.3,208.2,1625.0,75.7,64.7,21.0,366.5
2024-12-21 18:00:00,Rohini,28.7324,77.1196,213.3,214.7,1658.0,73.0,64.3,18.0,371.8
2024-12-21 19:00:00,Rohini,28.7324,77.1196,214.2,215.6,1633.0,70.5,62.4,16.0,372.5
2024-12-21 20:00:00,Rohini,28.7324,77.1196,215.6,217.0,1575.0,67.6,59.2,16.0,373.6
2024-12-21 21:00:00,Rohini,28.7324,77.1196,214.2,216.1,1540.0,64.2,56.0,17.0,372.5
2024-12-21 22:00:00,Rohini,28.7324,77.1196,205.8,207.7,1490.0,59.2,51.8,21.0,366.1
2024-12-21 23:00:00,Rohini,28.7324,77.1196,193.7,195.6,1462.0,53.8,47.6,27.0,356.8
2024-12-22 00:00:00,Rohini,28.7324,77.1196,200.7,202.6,1625.0,57.6,44.6,20.0,362.2
2024-12-22 01:00:00,Rohini,28.7324,77.1196,204.4,206.3,2246.0,60.8,53.7,19.0,365.0
2024-12-22 02:00:00,Rohini,28.7324,77.1196,220.7,223.1,3058.0,64.8,66.2,19.0,377.5
2024-12-22 03:00:00,Rohini,28.7324,77.1196,238.0,239.3,3427.0,64.8,74.9,32.0,390.8
2024-12-22 04:00:00,Rohini,28.7324,77.1196,218.9,220.3,2922.0,57.4,76.5,69.0,376.1
2024-12-22 05:00:00,Rohini,28.7324,77.1196,185.8,187.7,1975.0,45.9,74.3,120.0,350.7
2024-12-22 06:00:00,Rohini,28.7324,77.1196,140.2,142.5,1239.0,36.0,71.8,159.0,315.7
2024-12-22 07:00:00,Rohini,28.7324,77.1196,117.6,119.7,967.0,26.5,69.1,181.0,291.8
2024-12-22 08:00:00,Rohini,28.7324,77.1196,101.7,103.8,906.0,18.5,66.0,192.0,237.5
2024-12-22 09:00:00,Rohini,28.7324,77.1196,93.8,95.9,962.0,20.7,65.0,188.0,210.6
2024-12-22 10:00:00,Rohini,28.7324,77.1196,90.6,92.4,1164.0,41.8,67.7,162.0,500.0
2024-12-22 11:00:00,Rohini,28.7324,77.1196,105.5,107.1,1482.0,73.2,72.5,122.0,250.5
2024-12-22 12:00:00,Rohini,28.7324,77.1196,158.8,160.7,1727.0,101.3,82.2,75.0,330.0
2024-12-22 13:00:00,Rohini,28.7324,77.1196,190.0,191.4,1827.0,103.8,84.7,63.0,354.0
2024-12-22 14:00:00,Rohini,28.7324,77.1196,207.2,209.1,1855.0,106.9,87.9,46.0,367.2
2024-12-22 15:00:00,Rohini,28.7324,77.1196,210.5,211.9,1842.0,107.0,87.9,34.0,369.7
2024-12-22 16:00:00,Rohini,28.7324,77.1196,203.0,204.4,1800.0,102.9,82.3,32.0,363.9
2024-12-22 17:00:00,Rohini,28.7324,77.1196,197.9,199.3,1718.0,95.9,73.5,36.0,360.0
2024-12-22 18:00:00,Rohini,28.7324,77.1196,183.9,185.3,1594.0,85.5,64.8,42.0,349.3
2024-12-22 19:00:00,Rohini,28.7324,77.1196,164.4,165.3,1390.0,68.9,56.3,53.0,334.3
2024-12-22 20:00:00,Rohini,28.7324,77.1196,146.2,147.1,1144.0,49.1,47.8,66.0,320.3
2024-12-22 21:00:00,Rohini,28.7324,77.1196,139.2,140.6,973.0,34.4,42.1,75.0,315.0
2024-12-22 22:00:00,Rohini,28.7324,77.1196,138.8,140.2,916.0,28.0,40.3,76.0,314.7
2024-12-22 23:00:00,Rohini,28.7324,77.1196,142.0,143.4,935.0,26.7,41.2,71.0,317.1
2024-12-23 00:00:00,Rohini,28.7324,77.1196,117.6,118.7,1029.0,18.7,34.3,76.0,291.8
2024-12-23 01:00:00,Rohini,28.7324,77.1196,122.9,123.9,1267.0,30.0,38.4,62.0,302.5
2024-12-23 02:00:00,Rohini,28.7324,77.1196,137.4,138.8,1581.0,45.4,44.1,44.0,313.6
2024-12-23 03:00:00,Rohini,28.7324,77.1196,156.9,157.9,1762.0,55.4,47.6,36.0,328.6
2024-12-23 04:00:00,Rohini,28.7324,77.1196,149.9,150.9,1703.0,55.4,47.0,47.0,323.2
2024-12-23 05:00:00,Rohini,28.7324,77.1196,145.8,146.7,1511.0,50.2,44.4,69.0,320.0
2024-12-23 06:00:00,Rohini,28.7324,77.1196,143.9,145.3,1305.0,44.2,42.1,89.0,318.6
2024-12-23 07:00:00,Rohini,28.7324,77.1196,131.3,132.7,1091.0,38.0,41.1,106.0,308.9
2024-12-23 08:00:00,Rohini,28.7324,77.1196,116.6,118.3,862.0,31.0,40.5,122.0,288.4
2024-12-23 09:00:00,Rohini,28.7324,77.1196,110.8,112.5,721.0,26.8,40.0,130.0,268.6
2024-12-23 10:00:00,Rohini,28.7324,77.1196,105.9,107.8,742.0,27.8,39.9,127.0,251.9
2024-12-23 11:00:00,Rohini,28.7324,77.1196,100.8,102.4,851.0,31.5,40.1,116.0,234.5
2024-12-23 12:00:00,Rohini,28.7324,77.1196,129.9,131.8,922.0,38.6,38.7,106.0,307.8
2024-12-23 13:00:00,Rohini,28.7324,77.1196,123.9,126.2,895.0,36.8,39.4,98.0,303.2
2024-12-23 14:00:00,Rohini,28.7324,77.1196,120.1,122.0,831.0,34.3,40.4,86.0,500.0
2024-12-23 15:00:00,Rohini,28.7324,77.1196,116.6,118.5,784.0,32.8,41.0,75.0,288.4
2024-12-23 16:00:00,Rohini,28.7324,77.1196,114.6,116.4,781.0,33.4,41.2,66.0,281.6
2024-12-23 17:00:00,Rohini,28.7324,77.1196,115.7,117.8,795.0,34.9,41.2,59.0,285.3
2024-12-23 18:00:00,Rohini,28.7324,77.1196,116.6,118.5,804.0,35.1,40.2,53.0,288.4
2024-12-23 19:00:00,Rohini,28.7324,77.1196,113.9,115.7,800.0,32.4,37.9,51.0,279.2
2024-12-23 20:00:00,Rohini,28.7324,77.1196,110.6,112.7,791.0,28.3,34.7,52.0,267.9
2024-12-23 21:00:00,Rohini,28.7324,77.1196,109.7,111.8,775.0,25.1,31.7,51.0,264.8
2024-12-23 22:00:00,Rohini,28.7324,77.1196,108.5,110.4,740.0,23.2,28.9,47.0,260.7
2024-12-23 23:00:00,Rohini,28.7324,77.1196,105.7,107.3,698.0,22.1,26.3,43.0,251.2
2024-12-24 00:00:00,Rohini,28.7324,77.1196,83.1,85.0,684.0,17.2,17.5,60.0,176.4
2024-12-24 01:00:00,Rohini,28.7324,77.1196,84.5,86.4,733.0,24.2,20.1,54.0,181.2
2024-12-24 02:00:00,Rohini,28.7324,77.1196,93.1,95.0,810.0,33.6,23.6,47.0,208.2
2024-12-24 03:00:00,Rohini,28.7324,77.1196,102.9,105.0,847.0,38.9,26.5,49.0,241.6
2024-12-24 04:00:00,Rohini,28.7324,77.1196,108.0,109.9,803.0,36.2,27.7,68.0,259.0
2024-12-24 05:00:00,Rohini,28.7324,77.1196,106.9,109.2,718.0,29.6,28.2,97.0,255.3
2024-12-24 06:00:00,Rohini,28.7324,77.1196,102.7,105.7,651.0,24.2,29.6,121.0,240.9
2024-12-24 07:00:00,Rohini,28.7324,77.1196,106.4,109.7,581.0,19.6,32.0,138.0,253.6
2024-12-24 08:00:00,Rohini,28.7324,77.1196,107.1,110.6,529.0,16.3,35.3,151.0,256.0
2024-12-24 09:00:00,Rohini,28.7324,77.1196,107.8,111.1,607.0,21.6,40.0,150.0,258.4
2024-12-24 10:00:00,Rohini,28.7324,77.1196,108.7,111.8,881.0,43.5,46.5,126.0,261.4
2024-12-24 11:00:00,Rohini,28.7324,77.1196,119.7,122.0,1285.0,73.9,54.6,88.0,299.0
2024-12-24 12:00:00,Rohini,28.7324,77.1196,134.1,136.0,1741.0,77.1,46.7,62.0,311.1
2024-12-24 13:00:00,Rohini,28.7324,77.1196,142.5,143.9,2278.0,74.5,46.8,56.0,317.5
2024-12-24 14:00:00,Rohini,28.7324,77.1196,141.6,143.0,2866.0,70.5,46.6,47.0,316.8
2024-12-24 15:00:00,Rohini,28.7324,77.1196,131.8,133.2,3336.0,65.0,44.8,41.0,309.3
2024-12-24 16:00:00,Rohini,28.7324,77.1196,120.1,121.5,3664.0,56.9,40.0,39.0,500.0
2024-12-24 17:00:00,Rohini,28.7324,77.1196,111.8,112.9,3874.0,47.2,33.5,38.0,272.0
2024-12-24 18:00:00,Rohini,28.7324,77.1196,105.5,106.6,3864.0,39.0,28.0,38.0,250.5
2024-12-24 19:00:00,Rohini,28.7324,77.1196,100.4,101.5,3519.0,33.3,24.3,37.0,233.1
2024-12-24 20:00:00,Rohini,28.7324,77.1196,98.0,99.4,2953.0,29.1,21.5,37.0,224.9
2024-12-24 21:00:00,Rohini,28.7324,77.1196,98.0,99.2,2411.0,26.1,19.5,36.0,224.9
2024-12-24 22:00:00,Rohini,28.7324,77.1196,98.7,100.1,1906.0,24.0,18.1,35.0,227.3
2024-12-24 23:00:00,Rohini,28.7324,77.1196,99.7,101.0,1425.0,23.2,17.5,34.0,230.7
2024-12-25 00:00:00,Rohini,28.7324,77.1196,94.3,95.7,1167.0,21.1,16.8,39.0,212.3
2024-12-25 01:00:00,Rohini,28.7324,77.1196,101.0,102.4,1330.0,28.4,23.0,31.0,235.1
2024-12-25 02:00:00,Rohini,28.7324,77.1196,118.0,119.7,1715.0,38.3,31.4,21.0,293.2
2024-12-25 03:00:00,Rohini,28.7324,77.1196,134.6,136.0,1931.0,43.8,37.2,24.0,311.4
2024-12-25 04:00:00,Rohini,28.7324,77.1196,128.1,129.0,1779.0,41.0,37.0,52.0,306.4
2024-12-25 05:00:00,Rohini,28.7324,77.1196,119.7,121.1,1457.0,33.8,34.0,93.0,299.0
2024-12-25 06:00:00,Rohini,28.7324,77.1196,95.7,97.6,1163.0,27.4,33.3,126.0,217.0
2024-12-25 07:00:00,Rohini,28.7324,77.1196,87.8,90.1,934.0,22.1,37.7,147.0,192.5
2024-12-25 08:00:00,Rohini,28.7324,77.1196,91.7,94.1,733.0,17.5,44.4,161.0,203.4
2024-12-25 09:00:00,Rohini,28.7324,77.1196,94.1,96.4,647.0,18.3,49.3,162.0,211.6
2024-12-25 10:00:00,Rohini,28.7324,77.1196,94.5,96.9,737.0,28.6,50.3,143.0,212.9
2024-12-25 11:00:00,Rohini,28.7324,77.1196,100.1,102.0,941.0,44.2,49.5,111.0,232.1
2024-12-25 12:00:00,Rohini,28.7324,77.1196,133.2,135.0,1162.0,57.4,47.5,74.0,310.4
2024-12-25 13:00:00,Rohini,28.7324,77.1196,144.4,146.2,1402.0,61.4,50.0,61.0,319.0
2024-12-25 14:00:00,Rohini,28.7324,77.1196,151.8,153.2,1658.0,66.8,53.5,43.0,324.6
2024-12-25 15:00:00,Rohini,28.7324,77.1196,160.7,161.6,1831.0,70.3,56.4,29.0,331.5
2024-12-25 16:00:00,Rohini,28.7324,77.1196,167.6,169.0,1873.0,70.0,58.6,23.0,336.8
2024-12-25 17:00:00,Rohini,28.7324,77.1196,174.6,176.0,1831.0,67.8,60.2,20.0,342.1
2024-12-25 18:00:00,Rohini,28.7324,77.1196,178.3,179.3,1745.0,65.3,60.1,18.0,345.0
2024-12-25 19:00:00,Rohini,28.7324,77.1196,179.3,180.2,1598.0,63.3,57.0,15.0,345.7
2024-12-25 20:00:00,Rohini,28.7324,77.1196,179.7,180.7,1406.0,61.1,52.2,13.0,346.0
2024-12-25 21:00:00,Rohini,28.7324,77.1196,178.8,180.2,1263.0,58.4,48.2,12.0,345.4
2024-12-25 22:00:00,Rohini,28.7324,77.1196,175.6,176.5,1181.0,54.2,45.6,13.0,342.9
2024-12-25 23:00:00,Rohini,28.7324,77.1196,170.0,170.9,1147.0,49.6,43.8,15.0,338.6
2024-12-26 00:00:00,Rohini,28.7324,77.1196,182.5,183.9,1217.0,48.6,39.7,9.0,348.2
2024-12-26 01:00:00,Rohini,28.7324,77.1196,173.7,174.6,1499.0,48.1,42.1,6.0,341.4
2024-12-26 02:00:00,Rohini,28.7324,77.1196,186.3,187.2,1884.0,47.3,45.4,4.0,351.1
2024-12-26 03:00:00,Rohini,28.7324,77.1196,192.3,192.8,2100.0,45.7,47.9,16.0,355.7
2024-12-26 04:00:00,Rohini,28.7324,77.1196,192.3,192.8,2000.0,43.1,48.3,56.0,355.7
2024-12-26 05:00:00,Rohini,28.7324,77.1196,180.2,180.7,1732.0,39.7,47.8,110.0,346.4
2024-12-26 06:00:00,Rohini,28.7324,77.1196,146.7,147.6,1459.0,36.2,48.4,151.0,320.7
2024-12-26 07:00:00,Rohini,28.7324,77.1196,100.1,101.3,1188.0,29.2,50.5,172.0,232.1
2024-12-26 08:00:00,Rohini,28.7324,77.1196,80.6,82.0,914.0,22.0,53.7,180.0,167.9
2024-12-26 09:00:00,Rohini,28.7324,77.1196,75.9,77.5,785.0,25.3,58.1,174.0,151.9
2024-12-26 10:00:00,Rohini,28.7324,77.1196,75.4,77.5,903.0,48.6,64.3,147.0,150.2
2024-12-26 11:00:00,Rohini,28.7324,77.1196,88.2,89.9,1167.0,82.5,71.7,106.0,193.9
2024-12-26 12:00:00,Rohini,28.7324,77.1196,139.2,142.0,1421.0,103.4,69.3,63.0,315.0
2024-12-26 13:00:00,Rohini,28.7324,77.1196,170.4,172.8,1628.0,109.4,75.6,49.0,338.9
2024-12-26 14:00:00,Rohini,28.7324,77.1196,190.9,193.2,1825.0,117.5,84.2,29.0,354.6
2024-12-26 15:00:00,Rohini,28.7324,77.1196,212.3,214.7,1965.0,122.3,89.2,15.0,371.1
2024-12-26 16:00:00,Rohini,28.7324,77.1196,230.0,232.8,2036.0,121.7,88.6,10.0,384.7
2024-12-26 17:00:00,Rohini,28.7324,77.1196,235.6,238.4,2050.0,117.7,84.6,11.0,388.9
2024-12-26 18:00:00,Rohini,28.7324,77.1196,220.3,223.1,1993.0,110.9,77.5,13.0,377.2
2024-12-26 19:00:00,Rohini,28.7324,77.1196,205.8,208.2,1827.0,99.6,65.4,17.0,366.1
2024-12-26 20:00:00,Rohini,28.7324,77.1196,185.8,187.7,1589.0,85.4,50.4,23.0,350.7
2024-12-26 21:00:00,Rohini,28.7324,77.1196,162.1,164.4,1382.0,73.9,38.7,28.0,332.5
2024-12-26 22:00:00,Rohini,28.7324,77.1196,145.3,147.1,1235.0,67.3,33.4,31.0,319.6
2024-12-26 23:00:00,Rohini,28.7324,77.1196,144.4,146.7,1119.0,63.4,31.6,33.0,319.0
2024-12-27 00:00:00,Rohini,28.7324,77.1196,146.2,148.1,1040.0,71.4,44.3,25.0,320.3
2024-12-27 01:00:00,Rohini,28.7324,77.1196,130.9,132.7,1028.0,68.8,45.3,26.0,308.6
2024-12-27 02:00:00,Rohini,28.7324,77.1196,138.8,140.6,1053.0,64.9,46.4,28.0,314.7
2024-12-27 03:00:00,Rohini,28.7324,77.1196,140.6,142.0,1040.0,60.3,45.4,33.0,316.0
2024-12-27 04:00:00,Rohini,28.7324,77.1196,138.8,140.2,939.0,54.6,40.6,45.0,314.7
2024-12-27 05:00:00,Rohini,28.7324,77.1196,117.6,119.2,800.0,48.2,33.8,60.0,291.8
2024-12-27 06:00:00,Rohini,28.7324,77.1196,97.8,99.7,693.0,42.2,27.9,72.0,224.2
2024-12-27 07:00:00,Rohini,28.7324,77.1196,94.5,97.1,647.0,36.6,24.2,77.0,212.9
2024-12-27 08:00:00,Rohini,28.7324,77.1196,91.5,93.8,634.0,31.4,21.5,79.0,202.7
2024-12-27 09:00:00,Rohini,28.7324,77.1196,89.4,91.3,632.0,28.1,19.3,79.0,198.0
2024-12-27 10:00:00,Rohini,28.7324,77.1196,85.4,87.1,641.0,28.0,17.3,78.0,184.3
2024-12-27 11:00:00,Rohini,28.7324,77.1196,80.6,82.0,662.0,29.8,15.9,75.0,167.9
2024-12-27 12:00:00,Rohini,28.7324,77.1196,94.3,96.6,681.0,36.8,16.6,64.0,212.3
2024-12-27 13:00:00,Rohini,28.7324,77.1196,93.6,95.7,696.0,35.2,17.7,64.0,209.9
2024-12-27 14:00:00,Rohini,28.7324,77.1196,96.6,98.7,710.0,32.8,19.2,64.0,220.1
2024-12-27 15:00:00,Rohini,28.7324,77.1196,98.3,100.4,717.0,30.6,20.6,65.0,225.9
2024-12-27 16:00:00,Rohini,28.7324,77.1196,102.2,104.5,724.0,28.8,21.7,66.0,239.2
2024-12-27 17:00:00,Rohini,28.7324,77.1196,106.9,109.2,725.0,27.1,22.6,68.0,255.3
2024-12-27 18:00:00,Rohini,28.7324,77.1196,104.3,106.6,697.0,25.5,23.2,68.0,246.4
2024-12-27 19:00:00,Rohini,28.7324,77.1196,100.8,103.1,612.0,23.7,23.1,66.0,234.5
2024-12-27 20:00:00,Rohini,28.7324,77.1196,100.4,102.7,498.0,21.9,22.5,63.0,233.1
2024-12-27 21:00:00,Rohini,28.7324,77.1196,99.9,102.0,421.0,20.9,22.3,60.0,231.4
2024-12-27 22:00:00,Rohini,28.7324,77.1196,96.2,98.0,380.0,20.3,22.0,57.0,218.8
2024-12-27 23:00:00,Rohini,28.7324,77.1196,91.7,93.6,376.0,20.6,22.0,55.0,203.4
2024-12-28 00:00:00,Rohini,28.7324,77.1196,82.0,84.1,477.0,17.1,21.0,66.0,172.7
2024-12-28 01:00:00,Rohini,28.7324,77.1196,82.4,84.5,808.0,29.8,29.6,55.0,174.1
2024-12-28 02:00:00,Rohini,28.7324,77.1196,105.2,107.6,1245.0,46.9,41.4,40.0,249.5
2024-12-28 03:00:00,Rohini,28.7324,77.1196,125.3,127.6,1481.0,57.7,50.5,34.0,304.3
2024-12-28 04:00:00,Rohini,28.7324,77.1196,112.0,113.9,1321.0,55.7,53.9,45.0,272.7
2024-12-28 05:00:00,Rohini,28.7324,77.1196,103.8,105.9,960.0,47.2,54.5,65.0,244.7
2024-12-28 06:00:00,Rohini,28.7324,77.1196,99.9,102.0,678.0,40.6,55.2,80.0,231.4
2024-12-28 07:00:00,Rohini,28.7324,77.1196,99.0,101.0,567.0,38.2,57.3,87.0,228.3
2024-12-28 08:00:00,Rohini,28.7324,77.1196,97.3,99.4,535.0,37.6,59.5,91.0,222.5
2024-12-28 09:00:00,Rohini,28.7324,77.1196,95.2,97.1,586.0,40.3,61.1,88.0,215.3
2024-12-28 10:00:00,Rohini,28.7324,77.1196,91.5,93.1,746.0,48.5,61.5,77.0,202.7
2024-12-28 11:00:00,Rohini,28.7324,77.1196,95.9,97.6,990.0,59.9,61.3,59.0,217.7
2024-12-28 12:00:00,Rohini,28.7324,77.1196,128.5,130.4,1243.0,67.4,56.8,47.0,306.8
2024-12-28 13:00:00,Rohini,28.7324,77.1196,149.5,151.3,1535.0,67.0,55.3,42.0,322.9
2024-12-28 14:00:00,Rohini,28.7324,77.1196,155.1,156.5,1836.0,66.3,53.0,35.0,327.2
2024-12-28 15:00:00,Rohini,28.7324,77.1196,150.9,152.3,1991.0,63.9,49.9,30.0,323.9
2024-12-28 16:00:00,Rohini,28.7324,77.1196,146.7,147.6,1895.0,59.2,45.4,28.0,320.7
2024-12-28 17:00:00,Rohini,28.7324,77.1196,145.8,147.1,1653.0,52.8,40.1,28.0,320.0
2024-12-28 18:00:00,Rohini,28.7324,77.1196,143.0,143.9,1418.0,45.9,35.0,29.0,317.9
2024-12-28 19:00:00,Rohini,28.7324,77.1196,132.7,133.6,1225.0,37.9,30.3,32.0,310.0
2024-12-28 20:00:00,Rohini,28.7324,77.1196,122.9,123.9,1040.0,29.3,25.9,36.0,302.5
2024-12-28 21:00:00,Rohini,28.7324,77.1196,114.8,115.7,910.0,22.6,22.7,40.0,282.2
2024-12-28 22:00:00,Rohini,28.7324,77.1196,106.9,107.8,868.0,18.5,21.0,43.0,255.3
2024-12-28 23:00:00,Rohini,28.7324,77.1196,99.2,99.9,882.0,16.4,20.5,45.0,229.0
2024-12-29 00:00:00,Rohini,28.7324,77.1196,122.5,123.4,906.0,23.8,21.8,31.0,302.2
2024-12-29 01:00:00,Rohini,28.7324,77.1196,113.4,114.3,939.0,26.1,23.5,31.0,277.5
2024-12-29 02:00:00,Rohini,28.7324,77.1196,110.8,111.8,983.0,29.2,25.9,32.0,268.6
2024-12-29 03:00:00,Rohini,28.7324,77.1196,110.6,111.5,992.0,30.0,28.1,38.0,267.9
2024-12-29 04:00:00,Rohini,28.7324,77.1196,95.9,97.1,940.0,26.5,29.9,55.0,217.7
2024-12-29 05:00:00,Rohini,28.7324,77.1196,85.0,86.4,853.0,20.7,31.5,77.0,182.9
2024-12-29 06:00:00,Rohini,28.7324,77.1196,73.1,74.7,769.0,16.2,32.5,95.0,142.3
2024-12-29 07:00:00,Rohini,28.7324,77.1196,66.8,68.5,678.0,13.7,32.4,108.0,120.8
2024-12-29 08:00:00,Rohini,28.7324,77.1196,64.0,65.9,589.0,12.4,31.7,117.0,111.2
2024-12-29 09:00:00,Rohini,28.7324,77.1196,63.3,65.0,568.0,14.0,31.2,118.0,108.9
2024-12-29 10:00:00,Rohini,28.7324,77.1196,60.3,62.2,675.0,20.1,30.9,108.0,500.0
2024-12-29 11:00:00,Rohini,28.7324,77.1196,61.5,63.3,850.0,29.1,30.7,90.0,102.7
2024-12-29 12:00:00,Rohini,28.7324,77.1196,90.6,92.2,983.0,35.4,32.7,65.0,500.0
2024-12-29 13:00:00,Rohini,28.7324,77.1196,96.2,97.6,1028.0,36.6,32.5,58.0,218.8
2024-12-29 14:00:00,Rohini,28.7324,77.1196,96.2,97.1,1031.0,38.2,32.2,50.0,218.8
2024-12-29 15:00:00,Rohini,28.7324,77.1196,95.0,95.7,1012.0,38.0,31.1,44.0,214.7
2024-12-29 16:00:00,Rohini,28.7324,77.1196,92.2,92.9,972.0,34.9,28.7,45.0,205.1
2024-12-29 17:00:00,Rohini,28.7324,77.1196,90.6,91.3,910.0,30.1,25.5,48.0,500.0
2024-12-29 18:00:00,Rohini,28.7324,77.1196,89.2,89.9,847.0,25.5,22.7,52.0,197.3
2024-12-29 19:00:00,Rohini,28.7324,77.1196,85.4,85.9,780.0,21.6,20.4,55.0,184.3
2024-12-29 20:00:00,Rohini,28.7324,77.1196,82.9,83.6,711.0,18.0,18.3,57.0,175.8
2024-12-29 21:00:00,Rohini,28.7324,77.1196,80.8,81.3,677.0,15.2,17.2,59.0,168.6
2024-12-29 22:00:00,Rohini,28.7324,77.1196,78.7,79.2,698.0,13.2,17.1,61.0,161.4
2024-12-29 23:00:00,Rohini,28.7324,77.1196,77.1,77.3,753.0,12.1,18.0,62.0,156.0
2024-12-30 00:00:00,Rohini,28.7324,77.1196,77.3,77.8,809.0,12.9,18.5,61.0,156.6
2024-12-30 01:00:00,Rohini,28.7324,77.1196,75.4,75.7,863.0,17.0,21.4,58.0,150.2
2024-12-30 02:00:00,Rohini,28.7324,77.1196,77.5,77.8,918.0,22.6,25.5,55.0,157.3
2024-12-30 03:00:00,Rohini,28.7324,77.1196,79.4,79.6,946.0,25.6,29.1,60.0,163.8
2024-12-30 04:00:00,Rohini,28.7324,77.1196,76.8,77.1,928.0,23.6,31.9,79.0,154.9
2024-12-30 05:00:00,Rohini,28.7324,77.1196,76.1,76.4,884.0,19.1,34.2,107.0,152.5
2024-12-30 06:00:00,Rohini,28.7324,77.1196,75.2,75.4,847.0,15.3,35.5,130.0,149.5
2024-12-30 07:00:00,Rohini,28.7324,77.1196,71.2,71.5,811.0,12.4,35.4,148.0,135.8
2024-12-30 08:00:00,Rohini,28.7324,77.1196,63.1,63.3,781.0,10.2,34.4,163.0,108.2
2024-12-30 09:00:00,Rohini,28.7324,77.1196,56.0,56.2,806.0,11.6,33.4,166.0,93.2
2024-12-30 10:00:00,Rohini,28.7324,77.1196,51.5,51.8,932.0,18.8,32.4,150.0,85.6
2024-12-30 11:00:00,Rohini,28.7324,77.1196,52.3,52.5,1112.0,29.6,31.4,122.0,87.0
2024-12-30 12:00:00,Rohini,28.7324,77.1196,96.2,97.3,1256.0,49.6,38.3,83.0,218.8
2024-12-30 13:00:00,Rohini,28.7324,77.1196,108.5,109.7,1327.0,55.3,40.6,69.0,260.7
2024-12-30 14:00:00,Rohini,28.7324,77.1196,118.0,119.0,1363.0,63.0,43.7,49.0,293.2
2024-12-30 15:00:00,Rohini,28.7324,77.1196,127.1,128.1,1384.0,67.8,46.2,34.0,305.7
2024-12-30 16:00:00,Rohini,28.7324,77.1196,136.0,136.9,1405.0,67.7,47.9,28.0,312.5
2024-12-30 17:00:00,Rohini,28.7324,77.1196,143.9,144.8,1412.0,64.8,48.9,26.0,318.6
2024-12-30 18:00:00,Rohini,28.7324,77.1196,145.8,147.1,1386.0,60.3,47.7,26.0,320.0
2024-12-30 19:00:00,Rohini,28.7324,77.1196,140.2,141.1,1300.0,53.9,42.6,29.0,315.7
2024-12-30 20:00:00,Rohini,28.7324,77.1196,135.0,136.4,1180.0,45.8,35.2,34.0,311.7
2024-12-30 21:00:00,Rohini,28.7324,77.1196,131.8,133.2,1094.0,38.2,29.3,39.0,309.3
2024-12-30 22:00:00,Rohini,28.7324,77.1196,127.6,129.0,1067.0,30.3,25.8,45.0,306.1
2024-12-30 23:00:00,Rohini,28.7324,77.1196,125.7,127.1,1072.0,22.8,23.7,52.0,304.6
2024-12-31 00:00:00,Rohini,28.7324,77.1196,162.5,164.4,1097.0,33.1,26.2,33.0,332.8
2024-12-31 01:00:00,Rohini,28.7324,77.1196,156.0,157.9,1156.0,33.5,28.1,35.0,327.9
2024-12-31 02:00:00,Rohini,28.7324,77.1196,158.3,159.7,1234.0,33.8,30.7,39.0,329.6
2024-12-31 03:00:00,Rohini,28.7324,77.1196,151.3,153.2,1275.0,32.6,33.6,48.0,324.3
2024-12-31 04:00:00,Rohini,28.7324,77.1196,141.6,143.4,1251.0,28.4,36.8,67.0,316.8
2024-12-31 05:00:00,Rohini,28.7324,77.1196,126.7,129.0,1189.0,22.8,40.1,92.0,305.4
2024-12-31 06:00:00,Rohini,28.7324,77.1196,108.7,111.3,1123.0,18.6,42.8,113.0,261.4
2024-12-31 07:00:00,Rohini,28.7324,77.1196,103.8,106.4,1029.0,16.0,44.4,130.0,244.7
2024-12-31 08:00:00,Rohini,28.7324,77.1196,99.2,101.7,931.0,14.9,45.4,143.0,229.0
2024-12-31 09:00:00,Rohini,28.7324,77.1196,96.4,99.0,924.0,17.8,46.1,145.0,219.4
2024-12-31 10:00:00,Rohini,28.7324,77.1196,93.8,96.4,1065.0,27.4,46.2,130.0,210.6
2024-12-31 11:00:00,Rohini,28.7324,77.1196,94.5,97.1,1299.0,41.0,46.0,105.0,212.9
2024-12-31 12:00:00,Rohini,28.7324,77.1196,149.9,153.2,1554.0,65.5,63.9,76.0,323.2
2024-12-31 13:00:00,Rohini,28.7324,77.1196,175.1,178.3,1858.0,72.7,66.4,60.0,342.5
2024-12-31 14:00:00,Rohini,28.7324,77.1196,193.2,196.5,2184.0,82.4,69.6,39.0,356.4
2024-12-31 15:00:00,Rohini,28.7324,77.1196,200.2,203.0,2381.0,87.4,70.7,23.0,361.8
2024-12-31 16:00:00,Rohini,28.7324,77.1196,200.2,203.5,2362.0,84.3,68.5,19.0,361.8
2024-12-31 17:00:00,Rohini,28.7324,77.1196,204.0,206.8,2214.0,76.5,64.1,21.0,364.7
2024-12-31 18:00:00,Rohini,28.7324,77.1196,199.3,202.1,2049.0,67.3,58.1,25.0,361.1
2024-12-31 19:00:00,Rohini,28.7324,77.1196,185.8,188.6,1887.0,56.7,49.7,31.0,350.7
2024-12-31 20:00:00,Rohini,28.7324,77.1196,174.6,177.4,1707.0,44.8,39.7,39.0,342.1
2024-12-31 21:00:00,Rohini,28.7324,77.1196,164.4,166.7,1562.0,34.6,31.5,46.0,334.3
2024-12-31 22:00:00,Rohini,28.7324,77.1196,156.5,158.8,1470.0,26.7,26.0,52.0,328.2
2024-12-31 23:00:00,Rohini,28.7324,77.1196,149.5,151.8,1413.0,20.6,22.3,57.0,322.9
2024-12-19 12:00:00,Siri Fort,28.5505,77.2156,145.3,147.6,1381.0,73.3,58.6,95.0,319.6
2024-12-19 13:00:00,Siri Fort,28.5505,77.2156,167.6,169.5,1597.0,83.3,62.5,76.0,336.8
2024-12-19 14:00:00,Siri Fort,28.5505,77.2156,186.7,189.1,1804.0,96.9,67.8,49.0,351.4
2024-12-19 15:00:00,Siri Fort,28.5505,77.2156,199.3,201.6,1938.0,105.5,71.0,29.0,361.1
2024-12-19 16:00:00,Siri Fort,28.5505,77.2156,206.8,209.1,1966.0,105.0,70.7,21.0,366.8
2024-12-19 17:00:00,Siri Fort,28.5505,77.2156,212.8,214.7,1921.0,99.5,68.4,20.0,371.5
2024-12-19 18:00:00,Siri Fort,28.5505,77.2156,212.3,214.2,1839.0,92.5,64.7,20.0,371.1
2024-12-19 19:00:00,Siri Fort,28.5505,77.2156,204.9,207.2,1703.0,84.7,59.1,21.0,365.4
2024-12-19 20:00:00,Siri Fort,28.5505,77.2156,197.0,198.8,1530.0,75.5,52.1,24.0,359.3
2024-12-19 21:00:00,Siri Fort,28.5505,77.2156,187.2,189.1,1403.0,66.3,46.3,28.0,351.8
2024-12-19 22:00:00,Siri Fort,28.5505,77.2156,177.0,178.8,1330.0,55.7,42.0,34.0,344.0
2024-12-19 23:00:00,Siri Fort,28.5505,77.2156,168.6,170.0,1304.0,45.1,38.9,40.0,337.5
2024-12-20 00:00:00,Siri Fort,28.5505,77.2156,138.8,140.2,1387.0,22.4,33.8,68.0,314.7
2024-12-20 01:00:00,Siri Fort,28.5505,77.2156,144.4,146.2,1719.0,36.0,40.6,54.0,319.0
2024-12-20 02:00:00,Siri Fort,28.5505,77.2156,161.6,163.0,2160.0,54.4,50.1,36.0,332.2
2024-12-20 03:00:00,Siri Fort,28.5505,77.2156,174.2,175.6,2355.0,64.3,56.8,37.0,341.8
2024-12-20 04:00:00,Siri Fort,28.5505,77.2156,163.9,164.8,2071.0,57.7,57.7,74.0,333.9
2024-12-20 05:00:00,Siri Fort,28.5505,77.2156,150.9,152.3,1542.0,42.8,56.0,129.0,323.9
2024-12-20 06:00:00,Siri Fort,28.5505,77.2156,126.7,129.0,1112.0,31.0,55.9,174.0,305.4
2024-12-20 07:00:00,Siri Fort,28.5505,77.2156,109.9,112.2,899.0,24.6,59.3,199.0,265.5
2024-12-20 08:00:00,Siri Fort,28.5505,77.2156,100.8,103.4,787.0,21.5,64.2,214.0,234.5
2024-12-20 09:00:00,Siri Fort,28.5505,77.2156,98.7,101.3,768.0,26.4,69.1,213.0,227.3
2024-12-20 10:00:00,Siri Fort,28.5505,77.2156,98.3,100.6,889.0,46.1,73.7,189.0,225.9
2024-12-20 11:00:00,Siri Fort,28.5505,77.2156,114.6,116.4,1105.0,73.8,78.1,149.0,281.6
2024-12-20 12:00:00,Siri Fort,28.5505,77.2156,149.0,150.9,1272.0,94.5,71.7,100.0,322.5
2024-12-20 13:00:00,Siri Fort,28.5505,77.2156,167.2,169.5,1332.0,96.0,74.3,84.0,336.5
2024-12-20 14:00:00,Siri Fort,28.5505,77.2156,174.2,176.0,1343.0,97.6,77.7,61.0,341.8
2024-12-20 15:00:00,Siri Fort,28.5505,77.2156,170.9,172.8,1336.0,95.1,78.1,44.0,339.3
2024-12-20 16:00:00,Siri Fort,28.5505,77.2156,165.8,167.2,1316.0,85.4,73.2,39.0,335.4
2024-12-20 17:00:00,Siri Fort,28.5505,77.2156,159.3,160.7,1278.0,71.7,65.3,39.0,330.4
2024-12-20 18:00:00,Siri Fort,28.5505,77.2156,150.9,152.3,1234.0,59.0,57.9,40.0,323.9
2024-12-20 19:00:00,Siri Fort,28.5505,77.2156,142.0,143.4,1182.0,48.7,51.7,41.0,317.1
2024-12-20 20:00:00,Siri Fort,28.5505,77.2156,136.0,136.9,1123.0,39.5,45.8,43.0,312.5
2024-12-20 21:00:00,Siri Fort,28.5505,77.2156,131.3,132.2,1078.0,32.3,41.6,44.0,308.9
2024-12-20 22:00:00,Siri Fort,28.5505,77.2156,127.6,128.5,1019.0,27.2,39.5,44.0,306.1
2024-12-20 23:00:00,Siri Fort,28.5505,77.2156,124.3,125.3,974.0,24.1,38.9,44.0,303.5
2024-12-21 00:00:00,Siri Fort,28.5505,77.2156,131.8,132.7,1038.0,31.7,46.1,36.0,309.3
2024-12-21 01:00:00,Siri Fort,28.5505,77.2156,137.4,138.3,1346.0,37.0,48.8,28.0,313.6
2024-12-21 02:00:00,Siri Fort,28.5505,77.2156,149.0,149.9,1764.0,44.2,52.5,19.0,322.5
2024-12-21 03:00:00,Siri Fort,28.5505,77.2156,153.7,154.6,1990.0,48.1,55.3,22.0,326.1
2024-12-21 04:00:00,Siri Fort,28.5505,77.2156,150.4,151.3,1850.0,46.1,56.3,48.0,323.6
2024-12-21 05:00:00,Siri Fort,28.5505,77.2156,144.8,145.8,1518.0,40.9,56.5,87.0,319.3
2024-12-21 06:00:00,Siri Fort,28.5505,77.2156,135.5,136.4,1208.0,35.6,56.8,121.0,312.1
2024-12-21 07:00:00,Siri Fort,28.5505,77.2156,116.9,118.3,958.0,28.5,57.8,149.0,289.4
2024-12-21 08:00:00,Siri Fort,28.5505,77.2156,104.5,105.9,730.0,21.4,59.0,172.0,247.1
2024-12-21 09:00:00,Siri Fort,28.5505,77.2156,99.0,100.6,628.0,22.2,59.7,179.0,228.3
2024-12-21 10:00:00,Siri Fort,28.5505,77.2156,96.4,97.8,734.0,36.7,58.8,159.0,219.4
2024-12-21 11:00:00,Siri Fort,28.5505,77.2156,106.6,107.8,966.0,59.2,57.5,122.0,254.3
2024-12-21 12:00:00,Siri Fort,28.5505,77.2156,150.4,151.8,1181.0,80.6,65.2,86.0,323.6
2024-12-21 13:00:00,Siri Fort,28.5505,77.2156,173.7,175.1,1340.0,93.9,70.0,64.0,341.4
2024-12-21 14:00:00,Siri Fort,28.5505,77.2156,190.9,192.3,1483.0,112.0,76.6,33.0,354.6
2024-12-21 15:00:00,Siri Fort,28.5505,77.2156,204.0,205.4,1584.0,124.0,82.2,10.0,364.7
2024-12-21 16:00:00,Siri Fort,28.5505,77.2156,213.3,214.7,1629.0,124.1,86.0,1.0,371.8
2024-12-21 17:00:00,Siri Fort,28.5505,77.2156,221.2,223.1,1631.0,118.1,88.6,0.0,377.9
2024-12-21 18:00:00,Siri Fort,28.5505,77.2156,224.9,226.8,1609.0,112.0,89.5,0.0,380.7
2024-12-21 19:00:00,Siri Fort,28.5505,77.2156,224.9,226.3,1544.0,108.0,88.0,0.0,380.7
2024-12-21 20:00:00,Siri Fort,28.5505,77.2156,225.8,227.7,1454.0,103.9,84.7,0.0,381.4
2024-12-21 21:00:00,Siri Fort,28.5505,77.2156,226.8,228.6,1413.0,99.3,80.6,0.0,382.2
2024-12-21 22:00:00,Siri Fort,28.5505,77.2156,225.4,227.2,1369.0,93.7,74.6,0.0,381.1
2024-12-21 23:00:00,Siri Fort,28.5505,77.2156,219.8,221.2,1374.0,87.6,67.8,1.0,376.8
2024-12-22 00:00:00,Siri Fort,28.5505,77.2156,199.3,201.2,1654.0,84.7,62.1,4.0,361.1
2024-12-22 01:00:00,Siri Fort,28.5505,77.2156,213.3,215.1,2587.0,83.9,67.0,0.0,371.8
2024-12-22 02:00:00,Siri Fort,28.5505,77.2156,237.5,239.3,3796.0,82.2,73.8,0.0,390.4
2024-12-22 03:00:00,Siri Fort,28.5505,77.2156,258.9,260.8,4372.0,76.5,78.2,9.0,404.5
2024-12-22 04:00:00,Siri Fort,28.5505,77.2156,230.5,231.9,3716.0,63.5,78.9,49.0,385.0
2024-12-22 05:00:00,Siri Fort,28.5505,77.2156,188.6,190.5,2428.0,46.5,77.2,105.0,352.9
2024-12-22 06:00:00,Siri Fort,28.5505,77.2156,139.7,141.6,1397.0,32.4,73.6,148.0,315.4
2024-12-22 07:00:00,Siri Fort,28.5505,77.2156,117.3,119.2,972.0,21.0,66.4,172.0,290.8
2024-12-22 08:00:00,Siri Fort,28.5505,77.2156,104.8,106.6,806.0,12.5,57.2,185.0,248.1
2024-12-22 09:00:00,Siri Fort,28.5505,77.2156,96.2,98.3,744.0,14.6,51.3,181.0,218.8
2024-12-22 10:00:00,Siri Fort,28.5505,77.2156,90.6,92.7,756.0,35.1,51.2,152.0,500.0
2024-12-22 11:00:00,Siri Fort,28.5505,77.2156,105.7,107.3,873.0,66.2,54.3,107.0,251.2
2024-12-22 12:00:00,Siri Fort,28.5505,77.2156,141.6,143.4,1035.0,93.9,53.8,58.0,316.8
2024-12-22 13:00:00,Siri Fort,28.5505,77.2156,171.8,173.2,1265.0,103.6,57.9,43.0,340.0
2024-12-22 14:00:00,Siri Fort,28.5505,77.2156,189.1,190.9,1540.0,116.3,63.4,22.0,353.3
2024-12-22 15:00:00,Siri Fort,28.5505,77.2156,195.1,196.5,1733.0,121.5,65.7,10.0,357.9
2024-12-22 16:00:00,Siri Fort,28.5505,77.2156,192.3,194.2,1796.0,113.6,62.3,14.0,355.7
2024-12-22 17:00:00,Siri Fort,28.5505,77.2156,190.0,191.4,1775.0,98.1,55.8,26.0,354.0
2024-12-22 18:00:00,Siri Fort,28.5505,77.2156,176.0,177.9,1686.0,81.1,49.4,39.0,343.2
2024-12-22 19:00:00,Siri Fort,28.5505,77.2156,156.0,157.4,1484.0,62.3,43.8,53.0,327.9
2024-12-22 20:00:00,Siri Fort,28.5505,77.2156,137.4,138.8,1212.0,42.1,38.4,68.0,313.6
2024-12-22 21:00:00,Siri Fort,28.5505,77.2156,129.9,131.3,1015.0,27.4,34.7,78.0,307.8
2024-12-22 22:00:00,Siri Fort,28.5505,77.2156,129.5,130.9,933.0,20.3,33.2,80.0,307.5
2024-12-22 23:00:00,Siri Fort,28.5505,77.2156,134.1,135.5,925.0,18.8,33.4,76.0,311.1
2024-12-23 00:00:00,Siri Fort,28.5505,77.2156,113.2,114.3,1013.0,14.0,28.3,77.0,276.8
2024-12-23 01:00:00,Siri Fort,28.5505,77.2156,121.1,122.5,1292.0,23.4,30.5,65.0,301.1
2024-12-23 02:00:00,Siri Fort,28.5505,77.2156,134.6,136.4,1666.0,36.2,33.4,48.0,311.4
2024-12-23 03:00:00,Siri Fort,28.5505,77.2156,145.3,146.7,1874.0,44.6,35.3,41.0,319.6
2024-12-23 04:00:00,Siri Fort,28.5505,77.2156,143.0,143.9,1767.0,44.7,34.8,51.0,317.9
2024-12-23 05:00:00,Siri Fort,28.5505,77.2156,136.9,138.3,1494.0,40.4,33.2,70.0,313.2
2024-12-23 06:00:00,Siri Fort,28.5505,77.2156,133.2,134.6,1232.0,35.8,32.3,88.0,310.4
2024-12-23 07:00:00,Siri Fort,28.5505,77.2156,122.0,123.9,1018.0,31.4,33.1,104.0,301.8
2024-12-23 08:00:00,Siri Fort,28.5505,77.2156,109.7,111.5,815.0,26.8,34.7,120.0,264.8
2024-12-23 09:00:00,Siri Fort,28.5505,77.2156,105.5,107.3,696.0,24.7,36.2,128.0,250.5
2024-12-23 10:00:00,Siri Fort,28.5505,77.2156,103.6,105.2,721.0,27.4,37.4,123.0,244.0
2024-12-23 11:00:00,Siri Fort,28.5505,77.2156,101.7,103.4,829.0,32.6,38.5,110.0,237.5
2024-12-23 12:00:00,Siri Fort,28.5505,77.2156,129.0,130.9,910.0,41.6,39.9,98.0,307.1
2024-12-23 13:00:00,Siri Fort,28.5505,77.2156,122.5,124.3,916.0,39.8,40.2,91.0,302.2
2024-12-23 14:00:00,Siri Fort,28.5505,77.2156,121.1,122.9,895.0,37.2,40.6,82.0,301.1
2024-12-23 15:00:00,Siri Fort,28.5505,77.2156,119.7,121.5,879.0,35.1,40.7,73.0,299.0
2024-12-23 16:00:00,Siri Fort,28.5505,77.2156,118.5,120.6,886.0,34.3,40.7,67.0,294.9
2024-12-23 17:00:00,Siri Fort,28.5505,77.2156,122.5,124.3,898.0,33.8,40.3,61.0,302.2
2024-12-23 18:00:00,Siri Fort,28.5505,77.2156,120.1,122.0,894.0,32.3,38.8,58.0,500.0
2024-12-23 19:00:00,Siri Fort,28.5505,77.2156,113.2,115.0,860.0,28.3,35.1,59.0,276.8
2024-12-23 20:00:00,Siri Fort,28.5505,77.2156,108.0,110.1,811.0,23.2,30.3,62.0,259.0
2024-12-23 21:00:00,Siri Fort,28.5505,77.2156,106.6,109.0,771.0,19.7,26.5,63.0,254.3
2024-12-23 22:00:00,Siri Fort,28.5505,77.2156,107.6,109.9,735.0,18.4,24.5,61.0,257.7
2024-12-23 23:00:00,Siri Fort,28.5505,77.2156,106.6,109.0,707.0,18.7,23.5,56.0,254.3
2024-12-24 00:00:00,Siri Fort,28.5505,77.2156,90.3,92.2,727.0,17.2,16.7,59.0,500.0
2024-12-24 01:00:00,Siri Fort,28.5505,77.2156,91.0,92.7,851.0,24.4,19.5,57.0,201.0
2024-12-24 02:00:00,Siri Fort,28.5505,77.2156,97.6,99.2,1023.0,34.1,23.3,55.0,223.5
2024-12-24 03:00:00,Siri Fort,28.5505,77.2156,105.5,107.6,1111.0,39.8,26.5,59.0,250.5
2024-12-24 04:00:00,Siri Fort,28.5505,77.2156,112.5,114.1,1035.0,37.7,28.0,75.0,274.4
2024-12-24 05:00:00,Siri Fort,28.5505,77.2156,108.5,110.8,875.0,31.6,28.9,98.0,260.7
2024-12-24 06:00:00,Siri Fort,28.5505,77.2156,108.0,110.8,741.0,26.4,30.0,117.0,259.0
2024-12-24 07:00:00,Siri Fort,28.5505,77.2156,108.7,111.5,644.0,20.8,31.4,132.0,261.4
2024-12-24 08:00:00,Siri Fort,28.5505,77.2156,107.6,110.6,573.0,16.0,33.0,144.0,257.7
2024-12-24 09:00:00,Siri Fort,28.5505,77.2156,107.8,110.8,605.0,20.5,36.3,143.0,258.4
2024-12-24 10:00:00,Siri Fort,28.5505,77.2156,110.6,113.4,827.0,41.5,41.2,119.0,267.9
2024-12-24 11:00:00,Siri Fort,28.5505,77.2156,126.7,129.5,1153.0,71.7,47.7,81.0,305.4
2024-12-24 12:00:00,Siri Fort,28.5505,77.2156,140.2,142.0,1397.0,93.0,48.0,48.0,315.7
2024-12-24 13:00:00,Siri Fort,28.5505,77.2156,159.7,161.1,1436.0,99.5,52.7,38.0,330.7
2024-12-24 14:00:00,Siri Fort,28.5505,77.2156,167.2,168.6,1394.0,108.0,59.1,24.0,336.5
2024-12-24 15:00:00,Siri Fort,28.5505,77.2156,165.8,167.2,1457.0,110.8,62.5,14.0,335.4
2024-12-24 16:00:00,Siri Fort,28.5505,77.2156,159.7,161.1,1758.0,103.1,60.8,13.0,330.7
2024-12-24 17:00:00,Siri Fort,28.5505,77.2156,149.0,150.4,2165.0,89.7,56.2,16.0,322.5
2024-12-24 18:00:00,Siri Fort,28.5505,77.2156,137.8,139.2,2466.0,77.0,51.0,19.0,313.9
2024-12-24 19:00:00,Siri Fort,28.5505,77.2156,128.1,129.0,2583.0,66.9,45.4,21.0,306.4
2024-12-24 20:00:00,Siri Fort,28.5505,77.2156,120.1,121.1,2595.0,57.4,39.3,22.0,500.0
2024-12-24 21:00:00,Siri Fort,28.5505,77.2156,112.9,114.1,2529.0,49.7,34.3,23.0,275.8
2024-12-24 22:00:00,Siri Fort,28.5505,77.2156,107.8,109.0,2342.0,43.6,30.8,23.0,258.4
2024-12-24 23:00:00,Siri Fort,28.5505,77.2156,105.0,106.2,2078.0,39.2,28.5,23.0,248.8
2024-12-25 00:00:00,Siri Fort,28.5505,77.2156,100.6,101.7,1894.0,34.5,25.4,26.0,233.8
2024-12-25 01:00:00,Siri Fort,28.5505,77.2156,105.5,106.4,1898.0,40.5,30.6,18.0,250.5
2024-12-25 02:00:00,Siri Fort,28.5505,77.2156,121.5,122.9,1983.0,48.4,37.7,8.0,301.4
2024-12-25 03:00:00,Siri Fort,28.5505,77.2156,136.9,138.3,1978.0,52.7,43.0,13.0,313.2
2024-12-25 04:00:00,Siri Fort,28.5505,77.2156,129.0,129.9,1791.0,49.9,43.5,44.0,307.1
2024-12-25 05:00:00,Siri Fort,28.5505,77.2156,122.5,123.9,1515.0,43.4,42.1,88.0,302.2
2024-12-25 06:00:00,Siri Fort,28.5505,77.2156,107.3,109.0,1259.0,37.5,44.1,126.0,256.6
2024-12-25 07:00:00,Siri Fort,28.5505,77.2156,92.9,95.0,1038.0,31.7,53.5,153.0,207.5
2024-12-25 08:00:00,Siri Fort,28.5505,77.2156,95.2,97.6,838.0,26.6,66.3,173.0,215.3
2024-12-25 09:00:00,Siri Fort,28.5505,77.2156,99.9,102.2,726.0,27.6,75.6,178.0,231.4
2024-12-25 10:00:00,Siri Fort,28.5505,77.2156,103.4,105.7,730.0,39.7,77.9,160.0,243.3
2024-12-25 11:00:00,Siri Fort,28.5505,77.2156,111.8,113.6,822.0,58.0,76.7,127.0,272.0
2024-12-25 12:00:00,Siri Fort,28.5505,77.2156,154.6,156.9,989.0,73.2,72.8,85.0,326.8
2024-12-25 13:00:00,Siri Fort,28.5505,77.2156,170.4,172.3,1294.0,78.5,72.6,67.0,338.9
2024-12-25 14:00:00,Siri Fort,28.5505,77.2156,180.7,182.5,1675.0,85.8,72.2,42.0,346.8
2024-12-25 15:00:00,Siri Fort,28.5505,77.2156,189.1,190.5,1929.0,90.6,71.8,23.0,353.3
2024-12-25 16:00:00,Siri Fort,28.5505,77.2156,192.8,194.2,1948.0,90.9,71.7,14.0,356.1
2024-12-25 17:00:00,Siri Fort,28.5505,77.2156,194.6,196.0,1841.0,88.8,71.5,10.0,357.5
2024-12-25 18:00:00,Siri Fort,28.5505,77.2156,191.4,193.2,1736.0,85.9,70.0,8.0,355.0
2024-12-25 19:00:00,Siri Fort,28.5505,77.2156,186.3,187.7,1675.0,82.6,66.3,6.0,351.1
2024-12-25 20:00:00,Siri Fort,28.5505,77.2156,181.6,183.0,1615.0,78.5,61.4,6.0,347.5
2024-12-25 21:00:00,Siri Fort,28.5505,77.2156,178.3,179.7,1557.0,74.2,57.1,6.0,345.0
2024-12-25 22:00:00,Siri Fort,28.5505,77.2156,175.1,176.0,1451.0,69.3,53.5,6.0,342.5
2024-12-25 23:00:00,Siri Fort,28.5505,77.2156,170.0,170.9,1346.0,64.3,50.5,7.0,338.6
2024-12-26 00:00:00,Siri Fort,28.5505,77.2156,171.8,172.8,1390.0,64.7,56.3,5.0,340.0
2024-12-26 01:00:00,Siri Fort,28.5505,77.2156,173.2,174.2,1767.0,63.4,57.1,2.0,341.1
2024-12-26 02:00:00,Siri Fort,28.5505,77.2156,189.1,190.0,2292.0,61.4,58.3,0.0,353.3
2024-12-26 03:00:00,Siri Fort,28.5505,77.2156,189.5,190.5,2558.0,58.6,59.2,13.0,353.6
2024-12-26 04:00:00,Siri Fort,28.5505,77.2156,192.8,193.2,2323.0,54.9,59.6,54.0,356.1
2024-12-26 05:00:00,Siri Fort,28.5505,77.2156,185.3,186.3,1830.0,50.3,59.8,110.0,350.3
2024-12-26 06:00:00,Siri Fort,28.5505,77.2156,154.6,155.5,1397.0,45.2,60.3,153.0,326.8
2024-12-26 07:00:00,Siri Fort,28.5505,77.2156,113.9,115.0,1109.0,35.7,60.9,176.0,279.2
2024-12-26 08:00:00,Siri Fort,28.5505,77.2156,90.8,92.4,881.0,25.7,61.7,186.0,500.0
2024-12-26 09:00:00,Siri Fort,28.5505,77.2156,85.4,87.3,782.0,26.7,63.5,182.0,184.3
2024-12-26 10:00:00,Siri Fort,28.5505,77.2156,83.1,85.0,857.0,47.4,66.0,156.0,176.4
2024-12-26 11:00:00,Siri Fort,28.5505,77.2156,95.2,97.1,1060.0,79.1,69.5,115.0,215.3
2024-12-26 12:00:00,Siri Fort,28.5505,77.2156,149.0,151.3,1320.0,106.8,73.3,70.0,322.5
2024-12-26 13:00:00,Siri Fort,28.5505,77.2156,176.5,178.8,1692.0,120.4,79.6,49.0,343.6
2024-12-26 14:00:00,Siri Fort,28.5505,77.2156,192.8,195.1,2122.0,138.7,87.9,21.0,356.1
2024-12-26 15:00:00,Siri Fort,28.5505,77.2156,208.2,210.0,2375.0,149.2,92.0,1.0,367.9
2024-12-26 16:00:00,Siri Fort,28.5505,77.2156,219.3,221.7,2307.0,145.6,88.6,0.0,376.4
2024-12-26 17:00:00,Siri Fort,28.5505,77.2156,218.9,221.2,2062.0,134.1,81.0,0.0,376.1
2024-12-26 18:00:00,Siri Fort,28.5505,77.2156,198.4,200.7,1837.0,121.1,72.2,6.0,360.4
2024-12-26 19:00:00,Siri Fort,28.5505,77.2156,180.7,183.0,1703.0,107.2,62.2,12.0,346.8
2024-12-26 20:00:00,Siri Fort,28.5505,77.2156,167.2,169.5,1589.0,91.8,51.1,20.0,336.5
2024-12-26 21:00:00,Siri Fort,28.5505,77.2156,162.5,164.8,1475.0,78.6,42.0,26.0,332.8
2024-12-26 22:00:00,Siri Fort,28.5505,77.2156,150.4,152.3,1339.0,68.9,35.9,28.0,323.6
2024-12-26 23:00:00,Siri Fort,28.5505,77.2156,146.7,149.0,1203.0,61.4,31.8,29.0,320.7
2024-12-27 00:00:00,Siri Fort,28.5505,77.2156,160.7,162.5,1118.0,77.2,46.0,17.0,331.5
2024-12-27 01:00:00,Siri Fort,28.5505,77.2156,145.3,147.1,1133.0,75.1,45.8,18.0,319.6
2024-12-27 02:00:00,Siri Fort,28.5505,77.2156,149.0,150.9,1200.0,72.1,45.5,21.0,322.5
2024-12-27 03:00:00,Siri Fort,28.5505,77.2156,152.3,154.1,1221.0,68.8,44.2,26.0,325.0
2024-12-27 04:00:00,Siri Fort,28.5505,77.2156,148.5,149.9,1147.0,65.3,41.3,38.0,322.1
2024-12-27 05:00:00,Siri Fort,28.5505,77.2156,135.5,137.4,1028.0,61.5,37.5,52.0,312.1
2024-12-27 06:00:00,Siri Fort,28.5505,77.2156,122.0,123.9,920.0,57.4,34.3,64.0,301.8
2024-12-27 07:00:00,Siri Fort,28.5505,77.2156,107.6,109.7,834.0,52.7,32.7,70.0,257.7
2024-12-27 08:00:00,Siri Fort,28.5505,77.2156,100.6,102.7,759.0,47.8,31.6,73.0,233.8
2024-12-27 09:00:00,Siri Fort,28.5505,77.2156,96.4,98.3,720.0,43.6,29.6,74.0,219.4
2024-12-27 10:00:00,Siri Fort,28.5505,77.2156,93.4,95.0,748.0,40.8,25.4,73.0,209.2
2024-12-27 11:00:00,Siri Fort,28.5505,77.2156,87.8,89.4,812.0,38.7,20.2,71.0,192.5
2024-12-27 12:00:00,Siri Fort,28.5505,77.2156,98.5,101.0,842.0,43.5,19.3,60.0,226.6
2024-12-27 13:00:00,Siri Fort,28.5505,77.2156,96.4,98.5,800.0,40.2,19.3,61.0,219.4
2024-12-27 14:00:00,Siri Fort,28.5505,77.2156,95.0,97.3,725.0,35.5,19.3,62.0,214.7
2024-12-27 15:00:00,Siri Fort,28.5505,77.2156,93.4,95.5,665.0,31.4,19.6,63.0,209.2
2024-12-27 16:00:00,Siri Fort,28.5505,77.2156,94.1,96.2,646.0,28.5,20.4,64.0,211.6
2024-12-27 17:00:00,Siri Fort,28.5505,77.2156,97.3,99.4,642.0,26.1,21.4,65.0,222.5
2024-12-27 18:00:00,Siri Fort,28.5505,77.2156,95.7,97.8,618.0,23.9,22.0,65.0,217.0
2024-12-27 19:00:00,Siri Fort,28.5505,77.2156,92.7,95.0,545.0,21.4,21.6,64.0,206.8
2024-12-27 20:00:00,Siri Fort,28.5505,77.2156,92.0,94.3,452.0,19.1,20.7,61.0,204.4
2024-12-27 21:00:00,Siri Fort,28.5505,77.2156,91.0,93.1,391.0,17.9,20.4,59.0,201.0
2024-12-27 22:00:00,Siri Fort,28.5505,77.2156,90.8,93.1,352.0,17.2,20.8,59.0,500.0
2024-12-27 23:00:00,Siri Fort,28.5505,77.2156,94.5,96.9,345.0,17.6,21.7,59.0,212.9
2024-12-28 00:00:00,Siri Fort,28.5505,77.2156,79.9,81.7,454.0,15.0,19.4,63.0,165.5
2024-12-28 01:00:00,Siri Fort,28.5505,77.2156,83.4,85.0,814.0,27.1,25.5,50.0,177.5
2024-12-28 02:00:00,Siri Fort,28.5505,77.2156,102.0,103.8,1289.0,43.3,33.9,34.0,238.6
2024-12-28 03:00:00,Siri Fort,28.5505,77.2156,121.1,122.5,1556.0,52.4,39.7,27.0,301.1
2024-12-28 04:00:00,Siri Fort,28.5505,77.2156,110.4,112.0,1411.0,47.3,40.3,40.0,267.2
2024-12-28 05:00:00,Siri Fort,28.5505,77.2156,112.7,115.0,1057.0,35.2,38.3,63.0,275.1
2024-12-28 06:00:00,Siri Fort,28.5505,77.2156,100.4,102.4,781.0,26.1,36.8,81.0,233.1
2024-12-28 07:00:00,Siri Fort,28.5505,77.2156,96.9,99.0,670.0,22.7,36.3,92.0,221.1
2024-12-28 08:00:00,Siri Fort,28.5505,77.2156,91.7,93.4,638.0,22.4,36.3,98.0,203.4
2024-12-28 09:00:00,Siri Fort,28.5505,77.2156,86.8,88.5,706.0,27.1,38.7,96.0,189.1
2024-12-28 10:00:00,Siri Fort,28.5505,77.2156,82.2,83.4,914.0,40.1,45.1,81.0,173.4
2024-12-28 11:00:00,Siri Fort,28.5505,77.2156,92.0,93.1,1224.0,58.3,53.8,59.0,204.4
2024-12-28 12:00:00,Siri Fort,28.5505,77.2156,136.0,137.8,1543.0,75.0,63.7,41.0,312.5
2024-12-28 13:00:00,Siri Fort,28.5505,77.2156,154.6,156.0,1911.0,82.6,66.2,31.0,326.8
2024-12-28 14:00:00,Siri Fort,28.5505,77.2156,156.5,157.9,2288.0,92.5,69.3,18.0,328.2
2024-12-28 15:00:00,Siri Fort,28.5505,77.2156,151.3,152.3,2468.0,96.6,69.5,10.0,324.3
2024-12-28 16:00:00,Siri Fort,28.5505,77.2156,143.4,144.4,2308.0,90.2,64.4,10.0,318.2
2024-12-28 17:00:00,Siri Fort,28.5505,77.2156,139.2,140.2,1950.0,77.9,56.4,15.0,315.0
2024-12-28 18:00:00,Siri Fort,28.5505,77.2156,134.1,135.0,1614.0,65.2,48.8,20.0,311.1
2024-12-28 19:00:00,Siri Fort,28.5505,77.2156,126.2,127.1,1356.0,53.1,42.4,25.0,305.0
2024-12-28 20:00:00,Siri Fort,28.5505,77.2156,119.7,120.6,1120.0,40.6,36.3,31.0,299.0
2024-12-28 21:00:00,Siri Fort,28.5505,77.2156,113.2,114.1,957.0,30.7,31.6,36.0,276.8
2024-12-28 22:00:00,Siri Fort,28.5505,77.2156,106.6,107.6,902.0,24.2,28.6,40.0,254.3
2024-12-28 23:00:00,Siri Fort,28.5505,77.2156,99.9,100.6,921.0,20.2,27.0,42.0,231.4
2024-12-29 00:00:00,Siri Fort,28.5505,77.2156,125.3,126.2,961.0,36.5,31.1,21.0,304.3
2024-12-29 01:00:00,Siri Fort,28.5505,77.2156,117.3,118.3,1028.0,36.4,31.7,22.0,290.8
2024-12-29 02:00:00,Siri Fort,28.5505,77.2156,115.7,116.4,1116.0,36.1,32.7,23.0,285.3
2024-12-29 03:00:00,Siri Fort,28.5505,77.2156,116.4,117.1,1154.0,34.6,34.5,30.0,287.7
2024-12-29 04:00:00,Siri Fort,28.5505,77.2156,99.7,100.6,1103.0,30.9,38.2,47.0,230.7
2024-12-29 05:00:00,Siri Fort,28.5505,77.2156,85.7,86.6,1002.0,26.1,42.8,69.0,185.3
2024-12-29 06:00:00,Siri Fort,28.5505,77.2156,75.0,76.4,901.0,21.9,45.0,88.0,148.8
2024-12-29 07:00:00,Siri Fort,28.5505,77.2156,70.1,71.5,789.0,18.2,42.9,104.0,132.1
2024-12-29 08:00:00,Siri Fort,28.5505,77.2156,66.6,68.2,676.0,15.2,38.4,117.0,120.1
2024-12-29 09:00:00,Siri Fort,28.5505,77.2156,65.4,67.3,642.0,15.6,34.7,121.0,116.0
2024-12-29 10:00:00,Siri Fort,28.5505,77.2156,63.1,65.0,754.0,21.6,32.8,111.0,108.2
2024-12-29 11:00:00,Siri Fort,28.5505,77.2156,64.0,65.7,945.0,31.1,31.6,93.0,111.2
2024-12-29 12:00:00,Siri Fort,28.5505,77.2156,94.1,95.7,1097.0,39.4,34.2,66.0,211.6
2024-12-29 13:00:00,Siri Fort,28.5505,77.2156,100.8,102.2,1170.0,42.4,33.2,56.0,234.5
2024-12-29 14:00:00,Siri Fort,28.5505,77.2156,100.6,101.7,1203.0,46.3,31.6,43.0,233.8
2024-12-29 15:00:00,Siri Fort,28.5505,77.2156,99.4,100.4,1194.0,47.4,29.9,35.0,229.7
2024-12-29 16:00:00,Siri Fort,28.5505,77.2156,95.9,96.6,1125.0,43.3,28.0,36.0,217.7
2024-12-29 17:00:00,Siri Fort,28.5505,77.2156,93.6,94.3,1013.0,36.4,25.8,41.0,209.9
2024-12-29 18:00:00,Siri Fort,28.5505,77.2156,91.3,92.0,909.0,29.9,23.7,47.0,202.0
2024-12-29 19:00:00,Siri Fort,28.5505,77.2156,86.4,87.1,820.0,24.8,21.4,51.0,187.7
2024-12-29 20:00:00,Siri Fort,28.5505,77.2156,83.4,84.1,738.0,20.1,19.1,55.0,177.5
2024-12-29 21:00:00,Siri Fort,28.5505,77.2156,81.0,81.7,692.0,16.5,17.7,58.0,169.3
2024-12-29 22:00:00,Siri Fort,28.5505,77.2156,79.4,79.9,699.0,13.8,17.7,60.0,163.8
2024-12-29 23:00:00,Siri Fort,28.5505,77.2156,78.5,78.9,741.0,12.3,18.7,62.0,160.7
2024-12-30 00:00:00,Siri Fort,28.5505,77.2156,80.8,81.5,797.0,13.4,19.4,59.0,168.6
2024-12-30 01:00:00,Siri Fort,28.5505,77.2156,79.9,80.3,876.0,17.9,22.0,55.0,165.5
2024-12-30 02:00:00,Siri Fort,28.5505,77.2156,82.7,83.1,968.0,23.9,25.7,50.0,175.1
2024-12-30 03:00:00,Siri Fort,28.5505,77.2156,85.0,85.4,1021.0,27.4,29.4,55.0,182.9
2024-12-30 04:00:00,Siri Fort,28.5505,77.2156,82.0,82.2,1000.0,26.0,33.1,76.0,172.7
2024-12-30 05:00:00,Siri Fort,28.5505,77.2156,80.1,80.3,940.0,22.0,36.8,106.0,166.2
2024-12-30 06:00:00,Siri Fort,28.5505,77.2156,78.7,78.9,893.0,18.4,39.1,132.0,161.4
2024-12-30 07:00:00,Siri Fort,28.5505,77.2156,73.8,74.0,857.0,14.7,39.0,153.0,144.7
2024-12-30 08:00:00,Siri Fort,28.5505,77.2156,65.4,65.9,833.0,11.4,37.5,169.0,116.0
2024-12-30 09:00:00,Siri Fort,28.5505,77.2156,57.5,57.9,877.0,12.2,35.8,173.0,95.8
2024-12-30 10:00:00,Siri Fort,28.5505,77.2156,53.4,53.9,1048.0,19.9,34.0,155.0,88.8
2024-12-30 11:00:00,Siri Fort,28.5505,77.2156,54.6,55.1,1285.0,31.8,32.0,125.0,90.9
2024-12-30 12:00:00,Siri Fort,28.5505,77.2156,102.7,103.8,1466.0,56.8,45.6,92.0,240.9
2024-12-30 13:00:00,Siri Fort,28.5505,77.2156,117.3,118.3,1536.0,64.8,47.0,73.0,290.8
2024-12-30 14:00:00,Siri Fort,28.5505,77.2156,126.2,127.6,1549.0,75.7,48.9,47.0,305.0
2024-12-30 15:00:00,Siri Fort,28.5505,77.2156,131.8,132.7,1540.0,82.4,50.0,27.0,309.3
2024-12-30 16:00:00,Siri Fort,28.5505,77.2156,137.4,138.3,1520.0,81.8,50.2,20.0,313.6
2024-12-30 17:00:00,Siri Fort,28.5505,77.2156,141.6,143.0,1478.0,77.2,49.6,19.0,316.8
2024-12-30 18:00:00,Siri Fort,28.5505,77.2156,141.6,143.0,1419.0,70.8,47.4,21.0,316.8
2024-12-30 19:00:00,Siri Fort,28.5505,77.2156,134.6,135.5,1332.0,62.8,42.4,25.0,311.4
2024-12-30 20:00:00,Siri Fort,28.5505,77.2156,128.1,129.5,1228.0,53.0,35.8,31.0,306.4
2024-12-30 21:00:00,Siri Fort,28.5505,77.2156,123.9,125.3,1150.0,44.1,30.5,37.0,303.2
2024-12-30 22:00:00,Siri Fort,28.5505,77.2156,119.0,120.1,1108.0,35.6,27.2,43.0,296.6
2024-12-30 23:00:00,Siri Fort,28.5505,77.2156,115.3,116.4,1092.0,27.8,25.2,49.0,284.0
2024-12-31 00:00:00,Siri Fort,28.5505,77.2156,157.9,159.3,1114.0,48.5,36.2,20.0,329.3
2024-12-31 01:00:00,Siri Fort,28.5505,77.2156,153.7,154.6,1209.0,47.1,35.9,21.0,326.1
2024-12-31 02:00:00,Siri Fort,28.5505,77.2156,157.9,158.8,1343.0,44.8,35.6,24.0,329.3
2024-12-31 03:00:00,Siri Fort,28.5505,77.2156,150.9,152.3,1421.0,41.4,36.4,34.0,323.9
2024-12-31 04:00:00,Siri Fort,28.5505,77.2156,137.4,139.2,1397.0,35.8,39.2,57.0,313.6
2024-12-31 05:00:00,Siri Fort,28.5505,77.2156,117.6,119.7,1318.0,29.0,43.1,87.0,291.8
2024-12-31 06:00:00,Siri Fort,28.5505,77.2156,100.8,103.4,1234.0,23.7,45.9,112.0,234.5
2024-12-31 07:00:00,Siri Fort,28.5505,77.2156,95.7,98.0,1118.0,19.6,46.3,132.0,217.0
2024-12-31 08:00:00,Siri Fort,28.5505,77.2156,92.4,94.8,997.0,17.1,45.7,147.0,205.8
2024-12-31 09:00:00,Siri Fort,28.5505,77.2156,89.2,91.5,995.0,19.4,45.4,151.0,197.3
2024-12-31 10:00:00,Siri Fort,28.5505,77.2156,88.0,90.1,1208.0,29.3,45.9,138.0,193.2
2024-12-31 11:00:00,Siri Fort,28.5505,77.2156,88.7,91.0,1541.0,44.1,46.7,114.0,195.6
2024-12-31 12:00:00,Siri Fort,28.5505,77.2156,158.3,162.1,1835.0,76.3,78.7,88.0,329.6
2024-12-31 13:00:00,Siri Fort,28.5505,77.2156,190.5,193.7,2062.0,91.0,82.2,64.0,354.3
2024-12-31 14:00:00,Siri Fort,28.5505,77.2156,210.9,214.7,2249.0,110.9,86.7,32.0,370.0
2024-12-31 15:00:00,Siri Fort,28.5505,77.2156,217.5,220.7,2321.0,121.9,87.9,9.0,375.1
2024-12-31 16:00:00,Siri Fort,28.5505,77.2156,217.0,220.3,2204.0,117.0,83.6,5.0,374.7
2024-12-31 17:00:00,Siri Fort,28.5505,77.2156,217.0,220.3,1971.0,103.4,76.1,10.0,374.7
2024-12-31 18:00:00,Siri Fort,28.5505,77.2156,209.5,212.8,1768.0,88.6,67.4,17.0,368.9
2024-12-31 19:00:00,Siri Fort,28.5505,77.2156,193.7,197.0,1645.0,74.2,57.5,24.0,356.8
2024-12-31 20:00:00,Siri Fort,28.5505,77.2156,180.7,183.9,1551.0,58.6,46.5,33.0,346.8
2024-12-31 21:00:00,Siri Fort,28.5505,77.2156,167.6,170.4,1478.0,45.0,37.2,42.0,336.8
2024-12-31 22:00:00,Siri Fort,28.5505,77.2156,153.2,156.0,1418.0,33.8,30.3,50.0,325.7
2024-12-31 23:00:00,Siri Fort,28.5505,77.2156,141.6,144.4,1379.0,24.6,25.1,57.0,316.8
2024-12-19 12:00:00,Sonia Vihar,28.7105,77.2494,144.8,147.6,1286.0,75.6,65.6,98.0,319.3
2024-12-19 13:00:00,Sonia Vihar,28.7105,77.2494,168.1,170.4,1444.0,84.5,70.3,78.0,337.1
2024-12-19 14:00:00,Sonia Vihar,28.7105,77.2494,190.0,192.3,1596.0,96.5,76.5,50.0,354.0
2024-12-19 15:00:00,Sonia Vihar,28.7105,77.2494,204.9,207.2,1687.0,103.4,79.9,29.0,365.4
2024-12-19 16:00:00,Sonia Vihar,28.7105,77.2494,212.3,214.2,1679.0,101.2,78.3,22.0,371.1
2024-12-19 17:00:00,Sonia Vihar,28.7105,77.2494,213.7,215.6,1610.0,94.0,73.9,23.0,372.1
2024-12-19 18:00:00,Sonia Vihar,28.7105,77.2494,207.2,209.1,1536.0,85.6,68.1,25.0,367.2
2024-12-19 19:00:00,Sonia Vihar,28.7105,77.2494,195.1,197.0,1466.0,76.7,60.6,28.0,357.9
2024-12-19 20:00:00,Sonia Vihar,28.7105,77.2494,184.9,186.7,1393.0,66.7,51.7,33.0,350.0
2024-12-19 21:00:00,Sonia Vihar,28.7105,77.2494,177.0,178.8,1346.0,57.7,44.6,36.0,344.0
2024-12-19 22:00:00,Sonia Vihar,28.7105,77.2494,170.9,172.3,1327.0,49.3,39.8,37.0,339.3
2024-12-19 23:00:00,Sonia Vihar,28.7105,77.2494,165.3,167.2,1336.0,42.0,36.6,37.0,335.0
2024-12-20 00:00:00,Sonia Vihar,28.7105,77.2494,147.6,149.0,1401.0,28.2,37.5,55.0,321.4
2024-12-20 01:00:00,Sonia Vihar,28.7105,77.2494,157.9,159.7,1608.0,39.2,43.6,44.0,329.3
2024-12-20 02:00:00,Sonia Vihar,28.7105,77.2494,176.0,177.9,1871.0,53.8,51.8,30.0,343.2
2024-12-20 03:00:00,Sonia Vihar,28.7105,77.2494,181.6,183.0,1963.0,61.1,57.4,34.0,347.5
2024-12-20 04:00:00,Sonia Vihar,28.7105,77.2494,156.5,157.9,1724.0,53.8,57.4,73.0,328.2
2024-12-20 05:00:00,Sonia Vihar,28.7105,77.2494,138.8,140.2,1313.0,39.1,54.8,129.0,314.7
2024-12-20 06:00:00,Sonia Vihar,28.7105,77.2494,111.8,113.9,982.0,27.5,52.9,172.0,272.0
2024-12-20 07:00:00,Sonia Vihar,28.7105,77.2494,94.3,96.9,812.0,21.6,53.2,190.0,212.3
2024-12-20 08:00:00,Sonia Vihar,28.7105,77.2494,84.1,86.6,721.0,18.8,54.3,195.0,179.9
2024-12-20 09:00:00,Sonia Vihar,28.7105,77.2494,80.1,82.4,713.0,22.0,55.4,187.0,166.2
2024-12-20 10:00:00,Sonia Vihar,28.7105,77.2494,78.5,80.6,835.0,36.2,56.4,162.0,160.7
2024-12-20 11:00:00,Sonia Vihar,28.7105,77.2494,85.9,87.5,1041.0,56.5,57.3,125.0,186.0
2024-12-20 12:00:00,Sonia Vihar,28.7105,77.2494,115.5,117.3,1193.0,74.4,56.9,86.0,284.6
2024-12-20 13:00:00,Sonia Vihar,28.7105,77.2494,125.3,126.7,1226.0,70.4,54.7,77.0,304.3
2024-12-20 14:00:00,Sonia Vihar,28.7105,77.2494,126.7,128.5,1206.0,64.5,51.5,64.0,305.4
2024-12-20 15:00:00,Sonia Vihar,28.7105,77.2494,126.7,128.1,1191.0,58.2,48.2,55.0,305.4
2024-12-20 16:00:00,Sonia Vihar,28.7105,77.2494,127.1,128.1,1211.0,51.5,44.8,52.0,305.7
2024-12-20 17:00:00,Sonia Vihar,28.7105,77.2494,127.6,128.5,1236.0,44.2,41.3,52.0,306.1
2024-12-20 18:00:00,Sonia Vihar,28.7105,77.2494,125.7,126.7,1234.0,37.6,38.7,52.0,304.6
2024-12-20 19:00:00,Sonia Vihar,28.7105,77.2494,122.0,123.4,1180.0,31.6,37.8,52.0,301.8
2024-12-20 20:00:00,Sonia Vihar,28.7105,77.2494,119.7,120.6,1098.0,26.3,37.8,51.0,299.0
2024-12-20 21:00:00,Sonia Vihar,28.7105,77.2494,117.6,118.5,1035.0,22.3,37.7,51.0,291.8
2024-12-20 22:00:00,Sonia Vihar,28.7105,77.2494,115.9,116.9,979.0,19.6,36.9,50.0,286.0
2024-12-20 23:00:00,Sonia Vihar,28.7105,77.2494,114.6,115.7,942.0,18.4,35.9,49.0,281.6
2024-12-21 00:00:00,Sonia Vihar,28.7105,77.2494,116.4,117.3,1000.0,21.0,41.3,46.0,287.7
2024-12-21 01:00:00,Sonia Vihar,28.7105,77.2494,123.9,124.8,1266.0,27.1,44.6,38.0,303.2
2024-12-21 02:00:00,Sonia Vihar,28.7105,77.2494,138.3,139.2,1627.0,35.3,49.0,28.0,314.3
2024-12-21 03:00:00,Sonia Vihar,28.7105,77.2494,144.8,145.8,1823.0,40.2,51.9,30.0,319.3
2024-12-21 04:00:00,Sonia Vihar,28.7105,77.2494,143.0,143.9,1709.0,38.8,51.9,56.0,317.9
2024-12-21 05:00:00,Sonia Vihar,28.7105,77.2494,138.3,139.2,1431.0,33.9,50.3,94.0,314.3
2024-12-21 06:00:00,Sonia Vihar,28.7105,77.2494,129.5,130.4,1163.0,28.9,48.7,127.0,307.5
2024-12-21 07:00:00,Sonia Vihar,28.7105,77.2494,110.1,111.5,929.0,22.3,47.4,150.0,266.2
2024-12-21 08:00:00,Sonia Vihar,28.7105,77.2494,98.5,100.1,707.0,15.6,46.2,168.0,226.6
2024-12-21 09:00:00,Sonia Vihar,28.7105,77.2494,92.7,94.3,603.0,15.6,45.6,171.0,206.8
2024-12-21 10:00:00,Sonia Vihar,28.7105,77.2494,90.3,92.0,700.0,28.3,45.7,151.0,500.0
2024-12-21 11:00:00,Sonia Vihar,28.7105,77.2494,98.7,99.9,916.0,47.7,46.4,116.0,227.3
2024-12-21 12:00:00,Sonia Vihar,28.7105,77.2494,134.1,136.0,1115.0,62.1,50.3,84.0,311.1
2024-12-21 13:00:00,Sonia Vihar,28.7105,77.2494,152.7,154.6,1252.0,67.0,53.7,70.0,325.3
2024-12-21 14:00:00,Sonia Vihar,28.7105,77.2494,166.7,168.6,1372.0,73.7,58.4,51.0,336.1
2024-12-21 15:00:00,Sonia Vihar,28.7105,77.2494,180.2,181.6,1468.0,78.0,62.0,35.0,346.4
2024-12-21 16:00:00,Sonia Vihar,28.7105,77.2494,193.7,195.1,1540.0,78.0,63.9,26.0,356.8
2024-12-21 17:00:00,Sonia Vihar,28.7105,77.2494,206.3,208.2,1589.0,75.7,64.7,21.0,366.5
2024-12-21 18:00:00,Sonia Vihar,28.7105,77.2494,213.3,214.7,1608.0,73.0,64.3,18.0,371.8
2024-12-21 19:00:00,Sonia Vihar,28.7105,77.2494,214.2,215.6,1574.0,70.5,62.4,16.0,372.5
2024-12-21 20:00:00,Sonia Vihar,28.7105,77.2494,215.6,217.0,1510.0,67.6,59.2,16.0,373.6
2024-12-21 21:00:00,Sonia Vihar,28.7105,77.2494,214.2,216.1,1480.0,64.2,56.0,17.0,372.5
2024-12-21 22:00:00,Sonia Vihar,28.7105,77.2494,205.8,207.7,1452.0,59.2,51.8,21.0,366.1
2024-12-21 23:00:00,Sonia Vihar,28.7105,77.2494,193.7,195.6,1458.0,53.8,47.6,27.0,356.8
2024-12-22 00:00:00,Sonia Vihar,28.7105,77.2494,200.7,202.6,1655.0,57.6,44.6,20.0,362.2
2024-12-22 01:00:00,Sonia Vihar,28.7105,77.2494,204.4,206.3,2318.0,60.8,53.7,19.0,365.0
2024-12-22 02:00:00,Sonia Vihar,28.7105,77.2494,220.7,223.1,3172.0,64.8,66.2,19.0,377.5
2024-12-22 03:00:00,Sonia Vihar,28.7105,77.2494,238.0,239.3,3553.0,64.8,74.9,32.0,390.8
2024-12-22 04:00:00,Sonia Vihar,28.7105,77.2494,218.9,220.3,3003.0,57.4,76.5,69.0,376.1
2024-12-22 05:00:00,Sonia Vihar,28.7105,77.2494,185.8,187.7,1981.0,45.9,74.3,120.0,350.7
2024-12-22 06:00:00,Sonia Vihar,28.7105,77.2494,140.2,142.5,1194.0,36.0,71.8,159.0,315.7
2024-12-22 07:00:00,Sonia Vihar,28.7105,77.2494,117.6,119.7,934.0,26.5,69.1,181.0,291.8
2024-12-22 08:00:00,Sonia Vihar,28.7105,77.2494,101.7,103.8,911.0,18.5,66.0,192.0,237.5
2024-12-22 09:00:00,Sonia Vihar,28.7105,77.2494,93.8,95.9,961.0,20.7,65.0,188.0,210.6
2024-12-22 10:00:00,Sonia Vihar,28.7105,77.2494,90.6,92.4,1066.0,41.8,67.7,162.0,500.0
2024-12-22 11:00:00,Sonia Vihar,28.7105,77.2494,105.5,107.1,1244.0,73.2,72.5,122.0,250.5
2024-12-22 12:00:00,Sonia Vihar,28.7105,77.2494,158.8,160.7,1392.0,101.3,82.2,75.0,330.0
2024-12-22 13:00:00,Sonia Vihar,28.7105,77.2494,190.0,191.4,1471.0,103.8,84.7,63.0,354.0
2024-12-22 14:00:00,Sonia Vihar,28.7105,77.2494,207.2,209.1,1520.0,106.9,87.9,46.0,367.2
2024-12-22 15:00:00,Sonia Vihar,28.7105,77.2494,210.5,211.9,1547.0,107.0,87.9,34.0,369.7
2024-12-22 16:00:00,Sonia Vihar,28.7105,77.2494,203.0,204.4,1568.0,102.9,82.3,32.0,363.9
2024-12-22 17:00:00,Sonia Vihar,28.7105,77.2494,197.9,199.3,1568.0,95.9,73.5,36.0,360.0
2024-12-22 18:00:00,Sonia Vihar,28.7105,77.2494,183.9,185.3,1510.0,85.5,64.8,42.0,349.3
2024-12-22 19:00:00,Sonia Vihar,28.7105,77.2494,164.4,165.3,1337.0,68.9,56.3,53.0,334.3
2024-12-22 20:00:00,Sonia Vihar,28.7105,77.2494,146.2,147.1,1105.0,49.1,47.8,66.0,320.3
2024-12-22 21:00:00,Sonia Vihar,28.7105,77.2494,139.2,140.6,947.0,34.4,42.1,75.0,315.0
2024-12-22 22:00:00,Sonia Vihar,28.7105,77.2494,138.8,140.2,910.0,28.0,40.3,76.0,314.7
2024-12-22 23:00:00,Sonia Vihar,28.7105,77.2494,142.0,143.4,945.0,26.7,41.2,71.0,317.1
2024-12-23 00:00:00,Sonia Vihar,28.7105,77.2494,117.6,118.7,1042.0,18.7,34.3,76.0,291.8
2024-12-23 01:00:00,Sonia Vihar,28.7105,77.2494,122.9,123.9,1260.0,30.0,38.4,62.0,302.5
2024-12-23 02:00:00,Sonia Vihar,28.7105,77.2494,137.4,138.8,1538.0,45.4,44.1,44.0,313.6
2024-12-23 03:00:00,Sonia Vihar,28.7105,77.2494,156.9,157.9,1685.0,55.4,47.6,36.0,328.6
2024-12-23 04:00:00,Sonia Vihar,28.7105,77.2494,149.9,150.9,1589.0,55.4,47.0,47.0,323.2
2024-12-23 05:00:00,Sonia Vihar,28.7105,77.2494,145.8,146.7,1362.0,50.2,44.4,69.0,320.0
2024-12-23 06:00:00,Sonia Vihar,28.7105,77.2494,143.9,145.3,1144.0,44.2,42.1,89.0,318.6
2024-12-23 07:00:00,Sonia Vihar,28.7105,77.2494,131.3,132.7,962.0,38.0,41.1,106.0,308.9
2024-12-23 08:00:00,Sonia Vihar,28.7105,77.2494,116.6,118.3,789.0,31.0,40.5,122.0,288.4
2024-12-23 09:00:00,Sonia Vihar,28.7105,77.2494,110.8,112.5,684.0,26.8,40.0,130.0,268.6
2024-12-23 10:00:00,Sonia Vihar,28.7105,77.2494,105.9,107.8,700.0,27.8,39.9,127.0,251.9
2024-12-23 11:00:00,Sonia Vihar,28.7105,77.2494,100.8,102.4,784.0,31.5,40.1,116.0,234.5
2024-12-23 12:00:00,Sonia Vihar,28.7105,77.2494,129.9,131.8,837.0,38.6,38.7,106.0,307.8
2024-12-23 13:00:00,Sonia Vihar,28.7105,77.2494,123.9,126.2,811.0,36.8,39.4,98.0,303.2
2024-12-23 14:00:00,Sonia Vihar,28.7105,77.2494,120.1,122.0,753.0,34.3,40.4,86.0,500.0
2024-12-23 15:00:00,Sonia Vihar,28.7105,77.2494,116.6,118.5,714.0,32.8,41.0,75.0,288.4
2024-12-23 16:00:00,Sonia Vihar,28.7105,77.2494,114.6,116.4,717.0,33.4,41.2,66.0,281.6
2024-12-23 17:00:00,Sonia Vihar,28.7105,77.2494,115.7,117.8,739.0,34.9,41.2,59.0,285.3
2024-12-23 18:00:00,Sonia Vihar,28.7105,77.2494,116.6,118.5,751.0,35.1,40.2,53.0,288.4
2024-12-23 19:00:00,Sonia Vihar,28.7105,77.2494,113.9,115.7,742.0,32.4,37.9,51.0,279.2
2024-12-23 20:00:00,Sonia Vihar,28.7105,77.2494,110.6,112.7,723.0,28.3,34.7,52.0,267.9
2024-12-23 21:00:00,Sonia Vihar,28.7105,77.2494,109.7,111.8,707.0,25.1,31.7,51.0,264.8
2024-12-23 22:00:00,Sonia Vihar,28.7105,77.2494,108.5,110.4,690.0,23.2,28.9,47.0,260.7
2024-12-23 23:00:00,Sonia Vihar,28.7105,77.2494,105.7,107.3,676.0,22.1,26.3,43.0,251.2
2024-12-24 00:00:00,Sonia Vihar,28.7105,77.2494,83.1,85.0,679.0,17.2,17.5,60.0,176.4
2024-12-24 01:00:00,Sonia Vihar,28.7105,77.2494,84.5,86.4,723.0,24.2,20.1,54.0,181.2
2024-12-24 02:00:00,Sonia Vihar,28.7105,77.2494,93.1,95.0,786.0,33.6,23.6,47.0,208.2
2024-12-24 03:00:00,Sonia Vihar,28.7105,77.2494,102.9,105.0,816.0,38.9,26.5,49.0,241.6
2024-12-24 04:00:00,Sonia Vihar,28.7105,77.2494,108.0,109.9,783.0,36.2,27.7,68.0,259.0
2024-12-24 05:00:00,Sonia Vihar,28.7105,77.2494,106.9,109.2,718.0,29.6,28.2,97.0,255.3
2024-12-24 06:00:00,Sonia Vihar,28.7105,77.2494,102.7,105.7,663.0,24.2,29.6,121.0,240.9
2024-12-24 07:00:00,Sonia Vihar,28.7105,77.2494,106.4,109.7,588.0,19.6,32.0,138.0,253.6
2024-12-24 08:00:00,Sonia Vihar,28.7105,77.2494,107.1,110.6,523.0,16.3,35.3,151.0,256.0
2024-12-24 09:00:00,Sonia Vihar,28.7105,77.2494,107.8,111.1,604.0,21.6,40.0,150.0,258.4
2024-12-24 10:00:00,Sonia Vihar,28.7105,77.2494,108.7,111.8,932.0,43.5,46.5,126.0,261.4
2024-12-24 11:00:00,Sonia Vihar,28.7105,77.2494,119.7,122.0,1405.0,73.9,54.6,88.0,299.0
2024-12-24 12:00:00,Sonia Vihar,28.7105,77.2494,134.1,136.0,1855.0,77.1,46.7,62.0,311.1
2024-12-24 13:00:00,Sonia Vihar,28.7105,77.2494,142.5,143.9,2224.0,74.5,46.8,56.0,317.5
2024-12-24 14:00:00,Sonia Vihar,28.7105,77.2494,141.6,143.0,2570.0,70.5,46.6,47.0,316.8
2024-12-24 15:00:00,Sonia Vihar,28.7105,77.2494,131.8,133.2,2898.0,65.0,44.8,41.0,309.3
2024-12-24 16:00:00,Sonia Vihar,28.7105,77.2494,120.1,121.5,3282.0,56.9,40.0,39.0,500.0
2024-12-24 17:00:00,Sonia Vihar,28.7105,77.2494,111.8,112.9,3648.0,47.2,33.5,38.0,272.0
2024-12-24 18:00:00,Sonia Vihar,28.7105,77.2494,105.5,106.6,3776.0,39.0,28.0,38.0,250.5
2024-12-24 19:00:00,Sonia Vihar,28.7105,77.2494,100.4,101.5,3513.0,33.3,24.3,37.0,233.1
2024-12-24 20:00:00,Sonia Vihar,28.7105,77.2494,98.0,99.4,3012.0,29.1,21.5,37.0,224.9
2024-12-24 21:00:00,Sonia Vihar,28.7105,77.2494,98.0,99.2,2518.0,26.1,19.5,36.0,224.9
2024-12-24 22:00:00,Sonia Vihar,28.7105,77.2494,98.7,100.1,2048.0,24.0,18.1,35.0,227.3
2024-12-24 23:00:00,Sonia Vihar,28.7105,77.2494,99.7,101.0,1585.0,23.2,17.5,34.0,230.7
2024-12-25 00:00:00,Sonia Vihar,28.7105,77.2494,94.3,95.7,1320.0,21.1,16.8,39.0,212.3
2024-12-25 01:00:00,Sonia Vihar,28.7105,77.2494,101.0,102.4,1432.0,28.4,23.0,31.0,235.1
2024-12-25 02:00:00,Sonia Vihar,28.7105,77.2494,118.0,119.7,1743.0,38.3,31.4,21.0,293.2
2024-12-25 03:00:00,Sonia Vihar,28.7105,77.2494,134.6,136.0,1909.0,43.8,37.2,24.0,311.4
2024-12-25 04:00:00,Sonia Vihar,28.7105,77.2494,128.1,129.0,1761.0,41.0,37.0,52.0,306.4
2024-12-25 05:00:00,Sonia Vihar,28.7105,77.2494,119.7,121.1,1468.0,33.8,34.0,93.0,299.0
2024-12-25 06:00:00,Sonia Vihar,28.7105,77.2494,95.7,97.6,1196.0,27.4,33.3,126.0,217.0
2024-12-25 07:00:00,Sonia Vihar,28.7105,77.2494,87.8,90.1,974.0,22.1,37.7,147.0,192.5
2024-12-25 08:00:00,Sonia Vihar,28.7105,77.2494,91.7,94.1,773.0,17.5,44.4,161.0,203.4
2024-12-25 09:00:00,Sonia Vihar,28.7105,77.2494,94.1,96.4,676.0,18.3,49.3,162.0,211.6
2024-12-25 10:00:00,Sonia Vihar,28.7105,77.2494,94.5,96.9,734.0,28.6,50.3,143.0,212.9
2024-12-25 11:00:00,Sonia Vihar,28.7105,77.2494,100.1,102.0,896.0,44.2,49.5,111.0,232.1
2024-12-25 12:00:00,Sonia Vihar,28.7105,77.2494,133.2,135.0,1090.0,57.4,47.5,74.0,310.4
2024-12-25 13:00:00,Sonia Vihar,28.7105,77.2494,144.4,146.2,1340.0,61.4,50.0,61.0,319.0
2024-12-25 14:00:00,Sonia Vihar,28.7105,77.2494,151.8,153.2,1622.0,66.8,53.5,43.0,324.6
2024-12-25 15:00:00,Sonia Vihar,28.7105,77.2494,160.7,161.6,1796.0,70.3,56.4,29.0,331.5
2024-12-25 16:00:00,Sonia Vihar,28.7105,77.2494,167.6,169.0,1778.0,70.0,58.6,23.0,336.8
2024-12-25 17:00:00,Sonia Vihar,28.7105,77.2494,174.6,176.0,1652.0,67.8,60.2,20.0,342.1
2024-12-25 18:00:00,Sonia Vihar,28.7105,77.2494,178.3,179.3,1528.0,65.3,60.1,18.0,345.0
2024-12-25 19:00:00,Sonia Vihar,28.7105,77.2494,179.3,180.2,1438.0,63.3,57.0,15.0,345.7
2024-12-25 20:00:00,Sonia Vihar,28.7105,77.2494,179.7,180.7,1352.0,61.1,52.2,13.0,346.0
2024-12-25 21:00:00,Sonia Vihar,28.7105,77.2494,178.8,180.2,1285.0,58.4,48.2,12.0,345.4
2024-12-25 22:00:00,Sonia Vihar,28.7105,77.2494,175.6,176.5,1216.0,54.2,45.6,13.0,342.9
2024-12-25 23:00:00,Sonia Vihar,28.7105,77.2494,170.0,170.9,1166.0,49.6,43.8,15.0,338.6
2024-12-26 00:00:00,Sonia Vihar,28.7105,77.2494,182.5,183.9,1222.0,48.6,39.7,9.0,348.2
2024-12-26 01:00:00,Sonia Vihar,28.7105,77.2494,173.7,174.6,1506.0,48.1,42.1,6.0,341.4
2024-12-26 02:00:00,Sonia Vihar,28.7105,77.2494,186.3,187.2,1895.0,47.3,45.4,4.0,351.1
2024-12-26 03:00:00,Sonia Vihar,28.7105,77.2494,192.3,192.8,2108.0,45.7,47.9,16.0,355.7
2024-12-26 04:00:00,Sonia Vihar,28.7105,77.2494,192.3,192.8,1992.0,43.1,48.3,56.0,355.7
2024-12-26 05:00:00,Sonia Vihar,28.7105,77.2494,180.2,180.7,1699.0,39.7,47.8,110.0,346.4
2024-12-26 06:00:00,Sonia Vihar,28.7105,77.2494,146.7,147.6,1411.0,36.2,48.4,151.0,320.7
2024-12-26 07:00:00,Sonia Vihar,28.7105,77.2494,100.1,101.3,1144.0,29.2,50.5,172.0,232.1
2024-12-26 08:00:00,Sonia Vihar,28.7105,77.2494,80.6,82.0,882.0,22.0,53.7,180.0,167.9
2024-12-26 09:00:00,Sonia Vihar,28.7105,77.2494,75.9,77.5,749.0,25.3,58.1,174.0,151.9
2024-12-26 10:00:00,Sonia Vihar,28.7105,77.2494,75.4,77.5,840.0,48.6,64.3,147.0,150.2
2024-12-26 11:00:00,Sonia Vihar,28.7105,77.2494,88.2,89.9,1061.0,82.5,71.7,106.0,193.9
2024-12-26 12:00:00,Sonia Vihar,28.7105,77.2494,139.2,142.0,1258.0,103.4,69.3,63.0,315.0
2024-12-26 13:00:00,Sonia Vihar,28.7105,77.2494,170.4,172.8,1371.0,109.4,75.6,49.0,338.9
2024-12-26 14:00:00,Sonia Vihar,28.7105,77.2494,190.9,193.2,1460.0,117.5,84.2,29.0,354.6
2024-12-26 15:00:00,Sonia Vihar,28.7105,77.2494,212.3,214.7,1552.0,122.3,89.2,15.0,371.1
2024-12-26 16:00:00,Sonia Vihar,28.7105,77.2494,230.0,232.8,1685.0,121.7,88.6,10.0,384.7
2024-12-26 17:00:00,Sonia Vihar,28.7105,77.2494,235.6,238.4,1819.0,117.7,84.6,11.0,388.9
2024-12-26 18:00:00,Sonia Vihar,28.7105,77.2494,220.3,223.1,1866.0,110.9,77.5,13.0,377.2
2024-12-26 19:00:00,Sonia Vihar,28.7105,77.2494,205.8,208.2,1759.0,99.6,65.4,17.0,366.1
2024-12-26 20:00:00,Sonia Vihar,28.7105,77.2494,185.8,187.7,1564.0,85.4,50.4,23.0,350.7
2024-12-26 21:00:00,Sonia Vihar,28.7105,77.2494,162.1,164.4,1387.0,73.9,38.7,28.0,332.5
2024-12-26 22:00:00,Sonia Vihar,28.7105,77.2494,145.3,147.1,1265.0,67.3,33.4,31.0,319.6
2024-12-26 23:00:00,Sonia Vihar,28.7105,77.2494,144.4,146.7,1162.0,63.4,31.6,33.0,319.0
2024-12-27 00:00:00,Sonia Vihar,28.7105,77.2494,146.2,148.1,1077.0,71.4,44.3,25.0,320.3
2024-12-27 01:00:00,Sonia Vihar,28.7105,77.2494,130.9,132.7,1022.0,68.8,45.3,26.0,308.6
2024-12-27 02:00:00,Sonia Vihar,28.7105,77.2494,138.8,140.6,985.0,64.9,46.4,28.0,314.7
2024-12-27 03:00:00,Sonia Vihar,28.7105,77.2494,140.6,142.0,927.0,60.3,45.4,33.0,316.0
2024-12-27 04:00:00,Sonia Vihar,28.7105,77.2494,138.8,140.2,815.0,54.6,40.6,45.0,314.7
2024-12-27 05:00:00,Sonia Vihar,28.7105,77.2494,117.6,119.2,682.0,48.2,33.8,60.0,291.8
2024-12-27 06:00:00,Sonia Vihar,28.7105,77.2494,97.8,99.7,586.0,42.2,27.9,72.0,224.2
2024-12-27 07:00:00,Sonia Vihar,28.7105,77.2494,94.5,97.1,558.0,36.6,24.2,77.0,212.9
2024-12-27 08:00:00,Sonia Vihar,28.7105,77.2494,91.5,93.8,567.0,31.4,21.5,79.0,202.7
2024-12-27 09:00:00,Sonia Vihar,28.7105,77.2494,89.4,91.3,580.0,28.1,19.3,79.0,198.0
2024-12-27 10:00:00,Sonia Vihar,28.7105,77.2494,85.4,87.1,588.0,28.0,17.3,78.0,184.3
2024-12-27 11:00:00,Sonia Vihar,28.7105,77.2494,80.6,82.0,600.0,29.8,15.9,75.0,167.9
2024-12-27 12:00:00,Sonia Vihar,28.7105,77.2494,94.3,96.6,607.0,36.8,16.6,64.0,212.3
2024-12-27 13:00:00,Sonia Vihar,28.7105,77.2494,93.6,95.7,605.0,35.2,17.7,64.0,209.9
2024-12-27 14:00:00,Sonia Vihar,28.7105,77.2494,96.6,98.7,600.0,32.8,19.2,64.0,220.1
2024-12-27 15:00:00,Sonia Vihar,28.7105,77.2494,98.3,100.4,597.0,30.6,20.6,65.0,225.9
2024-12-27 16:00:00,Sonia Vihar,28.7105,77.2494,102.2,104.5,610.0,28.8,21.7,66.0,239.2
2024-12-27 17:00:00,Sonia Vihar,28.7105,77.2494,106.9,109.2,626.0,27.1,22.6,68.0,255.3
2024-12-27 18:00:00,Sonia Vihar,28.7105,77.2494,104.3,106.6,614.0,25.5,23.2,68.0,246.4
2024-12-27 19:00:00,Sonia Vihar,28.7105,77.2494,100.8,103.1,543.0,23.7,23.1,66.0,234.5
2024-12-27 20:00:00,Sonia Vihar,28.7105,77.2494,100.4,102.7,445.0,21.9,22.5,63.0,233.1
2024-12-27 21:00:00,Sonia Vihar,28.7105,77.2494,99.9,102.0,382.0,20.9,22.3,60.0,231.4
2024-12-27 22:00:00,Sonia Vihar,28.7105,77.2494,96.2,98.0,354.0,20.3,22.0,57.0,218.8
2024-12-27 23:00:00,Sonia Vihar,28.7105,77.2494,91.7,93.6,363.0,20.6,22.0,55.0,203.4
2024-12-28 00:00:00,Sonia Vihar,28.7105,77.2494,82.0,84.1,473.0,17.1,21.0,66.0,172.7
2024-12-28 01:00:00,Sonia Vihar,28.7105,77.2494,82.4,84.5,807.0,29.8,29.6,55.0,174.1
2024-12-28 02:00:00,Sonia Vihar,28.7105,77.2494,105.2,107.6,1242.0,46.9,41.4,40.0,249.5
2024-12-28 03:00:00,Sonia Vihar,28.7105,77.2494,125.3,127.6,1481.0,57.7,50.5,34.0,304.3
2024-12-28 04:00:00,Sonia Vihar,28.7105,77.2494,112.0,113.9,1333.0,55.7,53.9,45.0,272.7
2024-12-28 05:00:00,Sonia Vihar,28.7105,77.2494,103.8,105.9,989.0,47.2,54.5,65.0,244.7
2024-12-28 06:00:00,Sonia Vihar,28.7105,77.2494,99.9,102.0,719.0,40.6,55.2,80.0,231.4
2024-12-28 07:00:00,Sonia Vihar,28.7105,77.2494,99.0,101.0,614.0,38.2,57.3,87.0,228.3
2024-12-28 08:00:00,Sonia Vihar,28.7105,77.2494,97.3,99.4,583.0,37.6,59.5,91.0,222.5
2024-12-28 09:00:00,Sonia Vihar,28.7105,77.2494,95.2,97.1,627.0,40.3,61.1,88.0,215.3
2024-12-28 10:00:00,Sonia Vihar,28.7105,77.2494,91.5,93.1,761.0,48.5,61.5,77.0,202.7
2024-12-28 11:00:00,Sonia Vihar,28.7105,77.2494,95.9,97.6,969.0,59.9,61.3,59.0,217.7
2024-12-28 12:00:00,Sonia Vihar,28.7105,77.2494,128.5,130.4,1204.0,67.4,56.8,47.0,306.8
2024-12-28 13:00:00,Sonia Vihar,28.7105,77.2494,149.5,151.3,1504.0,67.0,55.3,42.0,322.9
2024-12-28 14:00:00,Sonia Vihar,28.7105,77.2494,155.1,156.5,1830.0,66.3,53.0,35.0,327.2
2024-12-28 15:00:00,Sonia Vihar,28.7105,77.2494,150.9,152.3,2023.0,63.9,49.9,30.0,323.9
2024-12-28 16:00:00,Sonia Vihar,28.7105,77.2494,146.7,147.6,1995.0,59.2,45.4,28.0,320.7
2024-12-28 17:00:00,Sonia Vihar,28.7105,77.2494,145.8,147.1,1834.0,52.8,40.1,28.0,320.0
2024-12-28 18:00:00,Sonia Vihar,28.7105,77.2494,143.0,143.9,1637.0,45.9,35.0,29.0,317.9
2024-12-28 19:00:00,Sonia Vihar,28.7105,77.2494,132.7,133.6,1399.0,37.9,30.3,32.0,310.0
2024-12-28 20:00:00,Sonia Vihar,28.7105,77.2494,122.9,123.9,1126.0,29.3,25.9,36.0,302.5
2024-12-28 21:00:00,Sonia Vihar,28.7105,77.2494,114.8,115.7,933.0,22.6,22.7,40.0,282.2
2024-12-28 22:00:00,Sonia Vihar,28.7105,77.2494,106.9,107.8,884.0,18.5,21.0,43.0,255.3
2024-12-28 23:00:00,Sonia Vihar,28.7105,77.2494,99.2,99.9,915.0,16.4,20.5,45.0,229.0
2024-12-29 00:00:00,Sonia Vihar,28.7105,77.2494,122.5,123.4,950.0,23.8,21.8,31.0,302.2
2024-12-29 01:00:00,Sonia Vihar,28.7105,77.2494,113.4,114.3,975.0,26.1,23.5,31.0,277.5
2024-12-29 02:00:00,Sonia Vihar,28.7105,77.2494,110.8,111.8,1004.0,29.2,25.9,32.0,268.6
2024-12-29 03:00:00,Sonia Vihar,28.7105,77.2494,110.6,111.5,1006.0,30.0,28.1,38.0,267.9
2024-12-29 04:00:00,Sonia Vihar,28.7105,77.2494,95.9,97.1,962.0,26.5,29.9,55.0,217.7
2024-12-29 05:00:00,Sonia Vihar,28.7105,77.2494,85.0,86.4,890.0,20.7,31.5,77.0,182.9
2024-12-29 06:00:00,Sonia Vihar,28.7105,77.2494,73.1,74.7,816.0,16.2,32.5,95.0,142.3
2024-12-29 07:00:00,Sonia Vihar,28.7105,77.2494,66.8,68.5,724.0,13.7,32.4,108.0,120.8
2024-12-29 08:00:00,Sonia Vihar,28.7105,77.2494,64.0,65.9,630.0,12.4,31.7,117.0,111.2
2024-12-29 09:00:00,Sonia Vihar,28.7105,77.2494,63.3,65.0,602.0,14.0,31.2,118.0,108.9
2024-12-29 10:00:00,Sonia Vihar,28.7105,77.2494,60.3,62.2,698.0,20.1,30.9,108.0,500.0
2024-12-29 11:00:00,Sonia Vihar,28.7105,77.2494,61.5,63.3,860.0,29.1,30.7,90.0,102.7
2024-12-29 12:00:00,Sonia Vihar,28.7105,77.2494,90.6,92.2,987.0,35.4,32.7,65.0,500.0
2024-12-29 13:00:00,Sonia Vihar,28.7105,77.2494,96.2,97.6,1044.0,36.6,32.5,58.0,218.8
2024-12-29 14:00:00,Sonia Vihar,28.7105,77.2494,96.2,97.1,1066.0,38.2,32.2,50.0,218.8
2024-12-29 15:00:00,Sonia Vihar,28.7105,77.2494,95.0,95.7,1059.0,38.0,31.1,44.0,214.7
2024-12-29 16:00:00,Sonia Vihar,28.7105,77.2494,92.2,92.9,1014.0,34.9,28.7,45.0,205.1
2024-12-29 17:00:00,Sonia Vihar,28.7105,77.2494,90.6,91.3,940.0,30.1,25.5,48.0,500.0
2024-12-29 18:00:00,Sonia Vihar,28.7105,77.2494,89.2,89.9,867.0,25.5,22.7,52.0,197.3
2024-12-29 19:00:00,Sonia Vihar,28.7105,77.2494,85.4,85.9,795.0,21.6,20.4,55.0,184.3
2024-12-29 20:00:00,Sonia Vihar,28.7105,77.2494,82.9,83.6,724.0,18.0,18.3,57.0,175.8
2024-12-29 21:00:00,Sonia Vihar,28.7105,77.2494,80.8,81.3,686.0,15.2,17.2,59.0,168.6
2024-12-29 22:00:00,Sonia Vihar,28.7105,77.2494,78.7,79.2,701.0,13.2,17.1,61.0,161.4
2024-12-29 23:00:00,Sonia Vihar,28.7105,77.2494,77.1,77.3,749.0,12.1,18.0,62.0,156.0
2024-12-30 00:00:00,Sonia Vihar,28.7105,77.2494,77.3,77.8,806.0,12.9,18.5,61.0,156.6
2024-12-30 01:00:00,Sonia Vihar,28.7105,77.2494,75.4,75.7,876.0,17.0,21.4,58.0,150.2
2024-12-30 02:00:00,Sonia Vihar,28.7105,77.2494,77.5,77.8,955.0,22.6,25.5,55.0,157.3
2024-12-30 03:00:00,Sonia Vihar,28.7105,77.2494,79.4,79.6,999.0,25.6,29.1,60.0,163.8
2024-12-30 04:00:00,Sonia Vihar,28.7105,77.2494,76.8,77.1,981.0,23.6,31.9,79.0,154.9
2024-12-30 05:00:00,Sonia Vihar,28.7105,77.2494,76.1,76.4,928.0,19.1,34.2,107.0,152.5
2024-12-30 06:00:00,Sonia Vihar,28.7105,77.2494,75.2,75.4,885.0,15.3,35.5,130.0,149.5
2024-12-30 07:00:00,Sonia Vihar,28.7105,77.2494,71.2,71.5,850.0,12.4,35.4,148.0,135.8
2024-12-30 08:00:00,Sonia Vihar,28.7105,77.2494,63.1,63.3,824.0,10.2,34.4,163.0,108.2
2024-12-30 09:00:00,Sonia Vihar,28.7105,77.2494,56.0,56.2,851.0,11.6,33.4,166.0,93.2
2024-12-30 10:00:00,Sonia Vihar,28.7105,77.2494,51.5,51.8,969.0,18.8,32.4,150.0,85.6
2024-12-30 11:00:00,Sonia Vihar,28.7105,77.2494,52.3,52.5,1140.0,29.6,31.4,122.0,87.0
2024-12-30 12:00:00,Sonia Vihar,28.7105,77.2494,96.2,97.3,1289.0,49.6,38.3,83.0,218.8
2024-12-30 13:00:00,Sonia Vihar,28.7105,77.2494,108.5,109.7,1397.0,55.3,40.6,69.0,260.7
2024-12-30 14:00:00,Sonia Vihar,28.7105,77.2494,118.0,119.0,1483.0,63.0,43.7,49.0,293.2
2024-12-30 15:00:00,Sonia Vihar,28.7105,77.2494,127.1,128.1,1526.0,67.8,46.2,34.0,305.7
2024-12-30 16:00:00,Sonia Vihar,28.7105,77.2494,136.0,136.9,1512.0,67.7,47.9,28.0,312.5
2024-12-30 17:00:00,Sonia Vihar,28.7105,77.2494,143.9,144.8,1455.0,64.8,48.9,26.0,318.6
2024-12-30 18:00:00,Sonia Vihar,28.7105,77.2494,145.8,147.1,1382.0,60.3,47.7,26.0,320.0
2024-12-30 19:00:00,Sonia Vihar,28.7105,77.2494,140.2,141.1,1286.0,53.9,42.6,29.0,315.7
2024-12-30 20:00:00,Sonia Vihar,28.7105,77.2494,135.0,136.4,1175.0,45.8,35.2,34.0,311.7
2024-12-30 21:00:00,Sonia Vihar,28.7105,77.2494,131.8,133.2,1095.0,38.2,29.3,39.0,309.3
2024-12-30 22:00:00,Sonia Vihar,28.7105,77.2494,127.6,129.0,1064.0,30.3,25.8,45.0,306.1
2024-12-30 23:00:00,Sonia Vihar,28.7105,77.2494,125.7,127.1,1064.0,22.8,23.7,52.0,304.6
2024-12-31 00:00:00,Sonia Vihar,28.7105,77.2494,162.5,164.4,1091.0,33.1,26.2,33.0,332.8
2024-12-31 01:00:00,Sonia Vihar,28.7105,77.2494,156.0,157.9,1166.0,33.5,28.1,35.0,327.9
2024-12-31 02:00:00,Sonia Vihar,28.7105,77.2494,158.3,159.7,1267.0,33.8,30.7,39.0,329.6
2024-12-31 03:00:00,Sonia Vihar,28.7105,77.2494,151.3,153.2,1329.0,32.6,33.6,48.0,324.3
2024-12-31 04:00:00,Sonia Vihar,28.7105,77.2494,141.6,143.4,1319.0,28.4,36.8,67.0,316.8
2024-12-31 05:00:00,Sonia Vihar,28.7105,77.2494,126.7,129.0,1270.0,22.8,40.1,92.0,305.4
2024-12-31 06:00:00,Sonia Vihar,28.7105,77.2494,108.7,111.3,1210.0,18.6,42.8,113.0,261.4
2024-12-31 07:00:00,Sonia Vihar,28.7105,77.2494,103.8,106.4,1115.0,16.0,44.4,130.0,244.7
2024-12-31 08:00:00,Sonia Vihar,28.7105,77.2494,99.2,101.7,1009.0,14.9,45.4,143.0,229.0
2024-12-31 09:00:00,Sonia Vihar,28.7105,77.2494,96.4,99.0,1001.0,17.8,46.1,145.0,219.4
2024-12-31 10:00:00,Sonia Vihar,28.7105,77.2494,93.8,96.4,1147.0,27.4,46.2,130.0,210.6
2024-12-31 11:00:00,Sonia Vihar,28.7105,77.2494,94.5,97.1,1390.0,41.0,46.0,105.0,212.9
2024-12-31 12:00:00,Sonia Vihar,28.7105,77.2494,149.9,153.2,1668.0,65.5,63.9,76.0,323.2
2024-12-31 13:00:00,Sonia Vihar,28.7105,77.2494,175.1,178.3,2024.0,72.7,66.4,60.0,342.5
2024-12-31 14:00:00,Sonia Vihar,28.7105,77.2494,193.2,196.5,2414.0,82.4,69.6,39.0,356.4
2024-12-31 15:00:00,Sonia Vihar,28.7105,77.2494,200.2,203.0,2644.0,87.4,70.7,23.0,361.8
2024-12-31 16:00:00,Sonia Vihar,28.7105,77.2494,200.2,203.5,2602.0,84.3,68.5,19.0,361.8
2024-12-31 17:00:00,Sonia Vihar,28.7105,77.2494,204.0,206.8,2400.0,76.5,64.1,21.0,364.7
2024-12-31 18:00:00,Sonia Vihar,28.7105,77.2494,199.3,202.1,2178.0,67.3,58.1,25.0,361.1
2024-12-31 19:00:00,Sonia Vihar,28.7105,77.2494,185.8,188.6,1960.0,56.7,49.7,31.0,350.7
2024-12-31 20:00:00,Sonia Vihar,28.7105,77.2494,174.6,177.4,1724.0,44.8,39.7,39.0,342.1
2024-12-31 21:00:00,Sonia Vihar,28.7105,77.2494,164.4,166.7,1539.0,34.6,31.5,46.0,334.3
2024-12-31 22:00:00,Sonia Vihar,28.7105,77.2494,156.5,158.8,1435.0,26.7,26.0,52.0,328.2
2024-12-31 23:00:00,Sonia Vihar,28.7105,77.2494,149.5,151.8,1382.0,20.6,22.3,57.0,322.9
2024-12-19 12:00:00,Vivek Vihar,28.6725,77.3152,144.8,147.6,1165.0,75.6,65.6,98.0,319.3
2024-12-19 13:00:00,Vivek Vihar,28.6725,77.3152,168.1,170.4,1347.0,84.5,70.3,78.0,337.1
2024-12-19 14:00:00,Vivek Vihar,28.6725,77.3152,190.0,192.3,1539.0,96.5,76.5,50.0,354.0
2024-12-19 15:00:00,Vivek Vihar,28.6725,77.3152,204.9,207.2,1663.0,103.4,79.9,29.0,365.4
2024-12-19 16:00:00,Vivek Vihar,28.6725,77.3152,212.3,214.2,1672.0,101.2,78.3,22.0,371.1
2024-12-19 17:00:00,Vivek Vihar,28.6725,77.3152,213.7,215.6,1613.0,94.0,73.9,23.0,372.1
2024-12-19 18:00:00,Vivek Vihar,28.6725,77.3152,207.2,209.1,1543.0,85.6,68.1,25.0,367.2
2024-12-19 19:00:00,Vivek Vihar,28.6725,77.3152,195.1,197.0,1470.0,76.7,60.6,28.0,357.9
2024-12-19 20:00:00,Vivek Vihar,28.6725,77.3152,184.9,186.7,1386.0,66.7,51.7,33.0,350.0
2024-12-19 21:00:00,Vivek Vihar,28.6725,77.3152,177.0,178.8,1333.0,57.7,44.6,36.0,344.0
2024-12-19 22:00:00,Vivek Vihar,28.6725,77.3152,170.9,172.3,1316.0,49.3,39.8,37.0,339.3
2024-12-19 23:00:00,Vivek Vihar,28.6725,77.3152,165.3,167.2,1329.0,42.0,36.6,37.0,335.0
2024-12-20 00:00:00,Vivek Vihar,28.6725,77.3152,147.6,149.0,1393.0,28.2,37.5,55.0,321.4
2024-12-20 01:00:00,Vivek Vihar,28.6725,77.3152,157.9,159.7,1588.0,39.2,43.6,44.0,329.3
2024-12-20 02:00:00,Vivek Vihar,28.6725,77.3152,176.0,177.9,1835.0,53.8,51.8,30.0,343.2
2024-12-20 03:00:00,Vivek Vihar,28.6725,77.3152,181.6,183.0,1912.0,61.1,57.4,34.0,347.5
2024-12-20 04:00:00,Vivek Vihar,28.6725,77.3152,156.5,157.9,1663.0,53.8,57.4,73.0,328.2
2024-12-20 05:00:00,Vivek Vihar,28.6725,77.3152,138.8,140.2,1245.0,39.1,54.8,129.0,314.7
2024-12-20 06:00:00,Vivek Vihar,28.6725,77.3152,111.8,113.9,909.0,27.5,52.9,172.0,272.0
2024-12-20 07:00:00,Vivek Vihar,28.6725,77.3152,94.3,96.9,742.0,21.6,53.2,190.0,212.3
2024-12-20 08:00:00,Vivek Vihar,28.6725,77.3152,84.1,86.6,658.0,18.8,54.3,195.0,179.9
2024-12-20 09:00:00,Vivek Vihar,28.6725,77.3152,80.1,82.4,647.0,22.0,55.4,187.0,166.2
2024-12-20 10:00:00,Vivek Vihar,28.6725,77.3152,78.5,80.6,740.0,36.2,56.4,162.0,160.7
2024-12-20 11:00:00,Vivek Vihar,28.6725,77.3152,85.9,87.5,906.0,56.5,57.3,125.0,186.0
2024-12-20 12:00:00,Vivek Vihar,28.6725,77.3152,115.5,117.3,1043.0,74.4,56.9,86.0,284.6
2024-12-20 13:00:00,Vivek Vihar,28.6725,77.3152,125.3,126.7,1112.0,70.4,54.7,77.0,304.3
2024-12-20 14:00:00,Vivek Vihar,28.6725,77.3152,126.7,128.5,1152.0,64.5,51.5,64.0,305.4
2024-12-20 15:00:00,Vivek Vihar,28.6725,77.3152,126.7,128.1,1180.0,58.2,48.2,55.0,305.4
2024-12-20 16:00:00,Vivek Vihar,28.6725,77.3152,127.1,128.1,1202.0,51.5,44.8,52.0,305.7
2024-12-20 17:00:00,Vivek Vihar,28.6725,77.3152,127.6,128.5,1211.0,44.2,41.3,52.0,306.1
2024-12-20 18:00:00,Vivek Vihar,28.6725,77.3152,125.7,126.7,1203.0,37.6,38.7,52.0,304.6
2024-12-20 19:00:00,Vivek Vihar,28.6725,77.3152,122.0,123.4,1166.0,31.6,37.8,52.0,301.8
2024-12-20 20:00:00,Vivek Vihar,28.6725,77.3152,119.7,120.6,1112.0,26.3,37.8,51.0,299.0
2024-12-20 21:00:00,Vivek Vihar,28.6725,77.3152,117.6,118.5,1068.0,22.3,37.7,51.0,291.8
2024-12-20 22:00:00,Vivek Vihar,28.6725,77.3152,115.9,116.9,1023.0,19.6,36.9,50.0,286.0
2024-12-20 23:00:00,Vivek Vihar,28.6725,77.3152,114.6,115.7,988.0,18.4,35.9,49.0,281.6
2024-12-21 00:00:00,Vivek Vihar,28.6725,77.3152,116.4,117.3,1030.0,21.0,41.3,46.0,287.7
2024-12-21 01:00:00,Vivek Vihar,28.6725,77.3152,123.9,124.8,1240.0,27.1,44.6,38.0,303.2
2024-12-21 02:00:00,Vivek Vihar,28.6725,77.3152,138.3,139.2,1527.0,35.3,49.0,28.0,314.3
2024-12-21 03:00:00,Vivek Vihar,28.6725,77.3152,144.8,145.8,1677.0,40.2,51.9,30.0,319.3
2024-12-21 04:00:00,Vivek Vihar,28.6725,77.3152,143.0,143.9,1572.0,38.8,51.9,56.0,317.9
2024-12-21 05:00:00,Vivek Vihar,28.6725,77.3152,138.3,139.2,1331.0,33.9,50.3,94.0,314.3
2024-12-21 06:00:00,Vivek Vihar,28.6725,77.3152,129.5,130.4,1096.0,28.9,48.7,127.0,307.5
2024-12-21 07:00:00,Vivek Vihar,28.6725,77.3152,110.1,111.5,882.0,22.3,47.4,150.0,266.2
2024-12-21 08:00:00,Vivek Vihar,28.6725,77.3152,98.5,100.1,674.0,15.6,46.2,168.0,226.6
2024-12-21 09:00:00,Vivek Vihar,28.6725,77.3152,92.7,94.3,572.0,15.6,45.6,171.0,206.8
2024-12-21 10:00:00,Vivek Vihar,28.6725,77.3152,90.3,92.0,648.0,28.3,45.7,151.0,500.0
2024-12-21 11:00:00,Vivek Vihar,28.6725,77.3152,98.7,99.9,829.0,47.7,46.4,116.0,227.3
2024-12-21 12:00:00,Vivek Vihar,28.6725,77.3152,134.1,136.0,997.0,62.1,50.3,84.0,311.1
2024-12-21 13:00:00,Vivek Vihar,28.6725,77.3152,152.7,154.6,1117.0,67.0,53.7,70.0,325.3
2024-12-21 14:00:00,Vivek Vihar,28.6725,77.3152,166.7,168.6,1223.0,73.7,58.4,51.0,336.1
2024-12-21 15:00:00,Vivek Vihar,28.6725,77.3152,180.2,181.6,1299.0,78.0,62.0,35.0,346.4
2024-12-21 16:00:00,Vivek Vihar,28.6725,77.3152,193.7,195.1,1333.0,78.0,63.9,26.0,356.8
2024-12-21 17:00:00,Vivek Vihar,28.6725,77.3152,206.3,208.2,1338.0,75.7,64.7,21.0,366.5
2024-12-21 18:00:00,Vivek Vihar,28.6725,77.3152,213.3,214.7,1334.0,73.0,64.3,18.0,371.8
2024-12-21 19:00:00,Vivek Vihar,28.6725,77.3152,214.2,215.6,1315.0,70.5,62.4,16.0,372.5
2024-12-21 20:00:00,Vivek Vihar,28.6725,77.3152,215.6,217.0,1287.0,67.6,59.2,16.0,373.6
2024-12-21 21:00:00,Vivek Vihar,28.6725,77.3152,214.2,216.1,1289.0,64.2,56.0,17.0,372.5
2024-12-21 22:00:00,Vivek Vihar,28.6725,77.3152,205.8,207.7,1293.0,59.2,51.8,21.0,366.1
2024-12-21 23:00:00,Vivek Vihar,28.6725,77.3152,193.7,195.6,1327.0,53.8,47.6,27.0,356.8
2024-12-22 00:00:00,Vivek Vihar,28.6725,77.3152,200.7,202.6,1512.0,57.6,44.6,20.0,362.2
2024-12-22 01:00:00,Vivek Vihar,28.6725,77.3152,204.4,206.3,2075.0,60.8,53.7,19.0,365.0
2024-12-22 02:00:00,Vivek Vihar,28.6725,77.3152,220.7,223.1,2789.0,64.8,66.2,19.0,377.5
2024-12-22 03:00:00,Vivek Vihar,28.6725,77.3152,238.0,239.3,3101.0,64.8,74.9,32.0,390.8
2024-12-22 04:00:00,Vivek Vihar,28.6725,77.3152,218.9,220.3,2621.0,57.4,76.5,69.0,376.1
2024-12-22 05:00:00,Vivek Vihar,28.6725,77.3152,185.8,187.7,1739.0,45.9,74.3,120.0,350.7
2024-12-22 06:00:00,Vivek Vihar,28.6725,77.3152,140.2,142.5,1062.0,36.0,71.8,159.0,315.7
2024-12-22 07:00:00,Vivek Vihar,28.6725,77.3152,117.6,119.7,850.0,26.5,69.1,181.0,291.8
2024-12-22 08:00:00,Vivek Vihar,28.6725,77.3152,101.7,103.8,845.0,18.5,66.0,192.0,237.5
2024-12-22 09:00:00,Vivek Vihar,28.6725,77.3152,93.8,95.9,879.0,20.7,65.0,188.0,210.6
2024-12-22 10:00:00,Vivek Vihar,28.6725,77.3152,90.6,92.4,905.0,41.8,67.7,162.0,500.0
2024-12-22 11:00:00,Vivek Vihar,28.6725,77.3152,105.5,107.1,972.0,73.2,72.5,122.0,250.5
2024-12-22 12:00:00,Vivek Vihar,28.6725,77.3152,158.8,160.7,1057.0,101.3,82.2,75.0,330.0
2024-12-22 13:00:00,Vivek Vihar,28.6725,77.3152,190.0,191.4,1171.0,103.8,84.7,63.0,354.0
2024-12-22 14:00:00,Vivek Vihar,28.6725,77.3152,207.2,209.1,1304.0,106.9,87.9,46.0,367.2
2024-12-22 15:00:00,Vivek Vihar,28.6725,77.3152,210.5,211.9,1402.0,107.0,87.9,34.0,369.7
2024-12-22 16:00:00,Vivek Vihar,28.6725,77.3152,203.0,204.4,1457.0,102.9,82.3,32.0,363.9
2024-12-22 17:00:00,Vivek Vihar,28.6725,77.3152,197.9,199.3,1476.0,95.9,73.5,36.0,360.0
2024-12-22 18:00:00,Vivek Vihar,28.6725,77.3152,183.9,185.3,1435.0,85.5,64.8,42.0,349.3
2024-12-22 19:00:00,Vivek Vihar,28.6725,77.3152,164.4,165.3,1279.0,68.9,56.3,53.0,334.3
2024-12-22 20:00:00,Vivek Vihar,28.6725,77.3152,146.2,147.1,1063.0,49.1,47.8,66.0,320.3
2024-12-22 21:00:00,Vivek Vihar,28.6725,77.3152,139.2,140.6,917.0,34.4,42.1,75.0,315.0
2024-12-22 22:00:00,Vivek Vihar,28.6725,77.3152,138.8,140.2,894.0,28.0,40.3,76.0,314.7
2024-12-22 23:00:00,Vivek Vihar,28.6725,77.3152,142.0,143.4,942.0,26.7,41.2,71.0,317.1
2024-12-23 00:00:00,Vivek Vihar,28.6725,77.3152,117.6,118.7,1038.0,18.7,34.3,76.0,291.8
2024-12-23 01:00:00,Vivek Vihar,28.6725,77.3152,122.9,123.9,1233.0,30.0,38.4,62.0,302.5
2024-12-23 02:00:00,Vivek Vihar,28.6725,77.3152,137.4,138.8,1476.0,45.4,44.1,44.0,313.6
2024-12-23 03:00:00,Vivek Vihar,28.6725,77.3152,156.9,157.9,1595.0,55.4,47.6,36.0,328.6
2024-12-23 04:00:00,Vivek Vihar,28.6725,77.3152,149.9,150.9,1483.0,55.4,47.0,47.0,323.2
2024-12-23 05:00:00,Vivek Vihar,28.6725,77.3152,145.8,146.7,1246.0,50.2,44.4,69.0,320.0
2024-12-23 06:00:00,Vivek Vihar,28.6725,77.3152,143.9,145.3,1031.0,44.2,42.1,89.0,318.6
2024-12-23 07:00:00,Vivek Vihar,28.6725,77.3152,131.3,132.7,878.0,38.0,41.1,106.0,308.9
2024-12-23 08:00:00,Vivek Vihar,28.6725,77.3152,116.6,118.3,747.0,31.0,40.5,122.0,288.4
2024-12-23 09:00:00,Vivek Vihar,28.6725,77.3152,110.8,112.5,666.0,26.8,40.0,130.0,268.6
2024-12-23 10:00:00,Vivek Vihar,28.6725,77.3152,105.9,107.8,669.0,27.8,39.9,127.0,251.9
2024-12-23 11:00:00,Vivek Vihar,28.6725,77.3152,100.8,102.4,722.0,31.5,40.1,116.0,234.5
2024-12-23 12:00:00,Vivek Vihar,28.6725,77.3152,129.9,131.8,754.0,38.6,38.7,106.0,307.8
2024-12-23 13:00:00,Vivek Vihar,28.6725,77.3152,123.9,126.2,729.0,36.8,39.4,98.0,303.2
2024-12-23 14:00:00,Vivek Vihar,28.6725,77.3152,120.1,122.0,683.0,34.3,40.4,86.0,500.0
2024-12-23 15:00:00,Vivek Vihar,28.6725,77.3152,116.6,118.5,653.0,32.8,41.0,75.0,288.4
2024-12-23 16:00:00,Vivek Vihar,28.6725,77.3152,114.6,116.4,659.0,33.4,41.2,66.0,281.6
2024-12-23 17:00:00,Vivek Vihar,28.6725,77.3152,115.7,117.8,681.0,34.9,41.2,59.0,285.3
2024-12-23 18:00:00,Vivek Vihar,28.6725,77.3152,116.6,118.5,694.0,35.1,40.2,53.0,288.4
2024-12-23 19:00:00,Vivek Vihar,28.6725,77.3152,113.9,115.7,684.0,32.4,37.9,51.0,279.2
2024-12-23 20:00:00,Vivek Vihar,28.6725,77.3152,110.6,112.7,665.0,28.3,34.7,52.0,267.9
2024-12-23 21:00:00,Vivek Vihar,28.6725,77.3152,109.7,111.8,654.0,25.1,31.7,51.0,264.8
2024-12-23 22:00:00,Vivek Vihar,28.6725,77.3152,108.5,110.4,654.0,23.2,28.9,47.0,260.7
2024-12-23 23:00:00,Vivek Vihar,28.6725,77.3152,105.7,107.3,662.0,22.1,26.3,43.0,251.2
2024-12-24 00:00:00,Vivek Vihar,28.6725,77.3152,83.1,85.0,683.0,17.2,17.5,60.0,176.4
2024-12-24 01:00:00,Vivek Vihar,28.6725,77.3152,84.5,86.4,737.0,24.2,20.1,54.0,181.2
2024-12-24 02:00:00,Vivek Vihar,28.6725,77.3152,93.1,95.0,804.0,33.6,23.6,47.0,208.2
2024-12-24 03:00:00,Vivek Vihar,28.6725,77.3152,102.9,105.0,836.0,38.9,26.5,49.0,241.6
2024-12-24 04:00:00,Vivek Vihar,28.6725,77.3152,108.0,109.9,800.0,36.2,27.7,68.0,259.0
2024-12-24 05:00:00,Vivek Vihar,28.6725,77.3152,106.9,109.2,729.0,29.6,28.2,97.0,255.3
2024-12-24 06:00:00,Vivek Vihar,28.6725,77.3152,102.7,105.7,664.0,24.2,29.6,121.0,240.9
2024-12-24 07:00:00,Vivek Vihar,28.6725,77.3152,106.4,109.7,574.0,19.6,32.0,138.0,253.6
2024-12-24 08:00:00,Vivek Vihar,28.6725,77.3152,107.1,110.6,492.0,16.3,35.3,151.0,256.0
2024-12-24 09:00:00,Vivek Vihar,28.6725,77.3152,107.8,111.1,557.0,21.6,40.0,150.0,258.4
2024-12-24 10:00:00,Vivek Vihar,28.6725,77.3152,108.7,111.8,876.0,43.5,46.5,126.0,261.4
2024-12-24 11:00:00,Vivek Vihar,28.6725,77.3152,119.7,122.0,1343.0,73.9,54.6,88.0,299.0
2024-12-24 12:00:00,Vivek Vihar,28.6725,77.3152,134.1,136.0,1774.0,77.1,46.7,62.0,311.1
2024-12-24 13:00:00,Vivek Vihar,28.6725,77.3152,142.5,143.9,2112.0,74.5,46.8,56.0,317.5
2024-12-24 14:00:00,Vivek Vihar,28.6725,77.3152,141.6,143.0,2415.0,70.5,46.6,47.0,316.8
2024-12-24 15:00:00,Vivek Vihar,28.6725,77.3152,131.8,133.2,2674.0,65.0,44.8,41.0,309.3
2024-12-24 16:00:00,Vivek Vihar,28.6725,77.3152,120.1,121.5,2942.0,56.9,40.0,39.0,500.0
2024-12-24 17:00:00,Vivek Vihar,28.6725,77.3152,111.8,112.9,3167.0,47.2,33.5,38.0,272.0
2024-12-24 18:00:00,Vivek Vihar,28.6725,77.3152,105.5,106.6,3185.0,39.0,28.0,38.0,250.5
2024-12-24 19:00:00,Vivek Vihar,28.6725,77.3152,100.4,101.5,2840.0,33.3,24.3,37.0,233.1
2024-12-24 20:00:00,Vivek Vihar,28.6725,77.3152,98.0,99.4,2287.0,29.1,21.5,37.0,224.9
2024-12-24 21:00:00,Vivek Vihar,28.6725,77.3152,98.0,99.2,1832.0,26.1,19.5,36.0,224.9
2024-12-24 22:00:00,Vivek Vihar,28.6725,77.3152,98.7,100.1,1573.0,24.0,18.1,35.0,227.3
2024-12-24 23:00:00,Vivek Vihar,28.6725,77.3152,99.7,101.0,1411.0,23.2,17.5,34.0,230.7
2024-12-25 00:00:00,Vivek Vihar,28.6725,77.3152,94.3,95.7,1352.0,21.1,16.8,39.0,212.3
2024-12-25 01:00:00,Vivek Vihar,28.6725,77.3152,101.0,102.4,1475.0,28.4,23.0,31.0,235.1
2024-12-25 02:00:00,Vivek Vihar,28.6725,77.3152,118.0,119.7,1702.0,38.3,31.4,21.0,293.2
2024-12-25 03:00:00,Vivek Vihar,28.6725,77.3152,134.6,136.0,1800.0,43.8,37.2,24.0,311.4
2024-12-25 04:00:00,Vivek Vihar,28.6725,77.3152,128.1,129.0,1640.0,41.0,37.0,52.0,306.4
2024-12-25 05:00:00,Vivek Vihar,28.6725,77.3152,119.7,121.1,1352.0,33.8,34.0,93.0,299.0
2024-12-25 06:00:00,Vivek Vihar,28.6725,77.3152,95.7,97.6,1095.0,27.4,33.3,126.0,217.0
2024-12-25 07:00:00,Vivek Vihar,28.6725,77.3152,87.8,90.1,908.0,22.1,37.7,147.0,192.5
2024-12-25 08:00:00,Vivek Vihar,28.6725,77.3152,91.7,94.1,752.0,17.5,44.4,161.0,203.4
2024-12-25 09:00:00,Vivek Vihar,28.6725,77.3152,94.1,96.4,667.0,18.3,49.3,162.0,211.6
2024-12-25 10:00:00,Vivek Vihar,28.6725,77.3152,94.5,96.9,672.0,28.6,50.3,143.0,212.9
2024-12-25 11:00:00,Vivek Vihar,28.6725,77.3152,100.1,102.0,748.0,44.2,49.5,111.0,232.1
2024-12-25 12:00:00,Vivek Vihar,28.6725,77.3152,133.2,135.0,873.0,57.4,47.5,74.0,310.4
2024-12-25 13:00:00,Vivek Vihar,28.6725,77.3152,144.4,146.2,1085.0,61.4,50.0,61.0,319.0
2024-12-25 14:00:00,Vivek Vihar,28.6725,77.3152,151.8,153.2,1345.0,66.8,53.5,43.0,324.6
2024-12-25 15:00:00,Vivek Vihar,28.6725,77.3152,160.7,161.6,1520.0,70.3,56.4,29.0,331.5
2024-12-25 16:00:00,Vivek Vihar,28.6725,77.3152,167.6,169.0,1536.0,70.0,58.6,23.0,336.8
2024-12-25 17:00:00,Vivek Vihar,28.6725,77.3152,174.6,176.0,1467.0,67.8,60.2,20.0,342.1
2024-12-25 18:00:00,Vivek Vihar,28.6725,77.3152,178.3,179.3,1396.0,65.3,60.1,18.0,345.0
2024-12-25 19:00:00,Vivek Vihar,28.6725,77.3152,179.3,180.2,1346.0,63.3,57.0,15.0,345.7
2024-12-25 20:00:00,Vivek Vihar,28.6725,77.3152,179.7,180.7,1294.0,61.1,52.2,13.0,346.0
2024-12-25 21:00:00,Vivek Vihar,28.6725,77.3152,178.8,180.2,1256.0,58.4,48.2,12.0,345.4
2024-12-25 22:00:00,Vivek Vihar,28.6725,77.3152,175.6,176.5,1218.0,54.2,45.6,13.0,342.9
2024-12-25 23:00:00,Vivek Vihar,28.6725,77.3152,170.0,170.9,1194.0,49.6,43.8,15.0,338.6
2024-12-26 00:00:00,Vivek Vihar,28.6725,77.3152,182.5,183.9,1243.0,48.6,39.7,9.0,348.2
2024-12-26 01:00:00,Vivek Vihar,28.6725,77.3152,173.7,174.6,1459.0,48.1,42.1,6.0,341.4
2024-12-26 02:00:00,Vivek Vihar,28.6725,77.3152,186.3,187.2,1748.0,47.3,45.4,4.0,351.1
2024-12-26 03:00:00,Vivek Vihar,28.6725,77.3152,192.3,192.8,1888.0,45.7,47.9,16.0,355.7
2024-12-26 04:00:00,Vivek Vihar,28.6725,77.3152,192.3,192.8,1750.0,43.1,48.3,56.0,355.7
2024-12-26 05:00:00,Vivek Vihar,28.6725,77.3152,180.2,180.7,1463.0,39.7,47.8,110.0,346.4
2024-12-26 06:00:00,Vivek Vihar,28.6725,77.3152,146.7,147.6,1195.0,36.2,48.4,151.0,320.7
2024-12-26 07:00:00,Vivek Vihar,28.6725,77.3152,100.1,101.3,971.0,29.2,50.5,172.0,232.1
2024-12-26 08:00:00,Vivek Vihar,28.6725,77.3152,80.6,82.0,765.0,22.0,53.7,180.0,167.9
2024-12-26 09:00:00,Vivek Vihar,28.6725,77.3152,75.9,77.5,671.0,25.3,58.1,174.0,151.9
2024-12-26 10:00:00,Vivek Vihar,28.6725,77.3152,75.4,77.5,756.0,48.6,64.3,147.0,150.2
2024-12-26 11:00:00,Vivek Vihar,28.6725,77.3152,88.2,89.9,953.0,82.5,71.7,106.0,193.9
2024-12-26 12:00:00,Vivek Vihar,28.6725,77.3152,139.2,142.0,1149.0,103.4,69.3,63.0,315.0
2024-12-26 13:00:00,Vivek Vihar,28.6725,77.3152,170.4,172.8,1309.0,109.4,75.6,49.0,338.9
2024-12-26 14:00:00,Vivek Vihar,28.6725,77.3152,190.9,193.2,1468.0,117.5,84.2,29.0,354.6
2024-12-26 15:00:00,Vivek Vihar,28.6725,77.3152,212.3,214.7,1618.0,122.3,89.2,15.0,371.1
2024-12-26 16:00:00,Vivek Vihar,28.6725,77.3152,230.0,232.8,1788.0,121.7,88.6,10.0,384.7
2024-12-26 17:00:00,Vivek Vihar,28.6725,77.3152,235.6,238.4,1948.0,117.7,84.6,11.0,388.9
2024-12-26 18:00:00,Vivek Vihar,28.6725,77.3152,220.3,223.1,2000.0,110.9,77.5,13.0,377.2
2024-12-26 19:00:00,Vivek Vihar,28.6725,77.3152,205.8,208.2,1864.0,99.6,65.4,17.0,366.1
2024-12-26 20:00:00,Vivek Vihar,28.6725,77.3152,185.8,187.7,1621.0,85.4,50.4,23.0,350.7
2024-12-26 21:00:00,Vivek Vihar,28.6725,77.3152,162.1,164.4,1406.0,73.9,38.7,28.0,332.5
2024-12-26 22:00:00,Vivek Vihar,28.6725,77.3152,145.3,147.1,1274.0,67.3,33.4,31.0,319.6
2024-12-26 23:00:00,Vivek Vihar,28.6725,77.3152,144.4,146.7,1172.0,63.4,31.6,33.0,319.0
2024-12-27 00:00:00,Vivek Vihar,28.6725,77.3152,146.2,148.1,1077.0,71.4,44.3,25.0,320.3
2024-12-27 01:00:00,Vivek Vihar,28.6725,77.3152,130.9,132.7,988.0,68.8,45.3,26.0,308.6
2024-12-27 02:00:00,Vivek Vihar,28.6725,77.3152,138.8,140.6,907.0,64.9,46.4,28.0,314.7
2024-12-27 03:00:00,Vivek Vihar,28.6725,77.3152,140.6,142.0,818.0,60.3,45.4,33.0,316.0
2024-12-27 04:00:00,Vivek Vihar,28.6725,77.3152,138.8,140.2,702.0,54.6,40.6,45.0,314.7
2024-12-27 05:00:00,Vivek Vihar,28.6725,77.3152,117.6,119.2,580.0,48.2,33.8,60.0,291.8
2024-12-27 06:00:00,Vivek Vihar,28.6725,77.3152,97.8,99.7,494.0,42.2,27.9,72.0,224.2
2024-12-27 07:00:00,Vivek Vihar,28.6725,77.3152,94.5,97.1,471.0,36.6,24.2,77.0,212.9
2024-12-27 08:00:00,Vivek Vihar,28.6725,77.3152,91.5,93.8,485.0,31.4,21.5,79.0,202.7
2024-12-27 09:00:00,Vivek Vihar,28.6725,77.3152,89.4,91.3,503.0,28.1,19.3,79.0,198.0
2024-12-27 10:00:00,Vivek Vihar,28.6725,77.3152,85.4,87.1,518.0,28.0,17.3,78.0,184.3
2024-12-27 11:00:00,Vivek Vihar,28.6725,77.3152,80.6,82.0,536.0,29.8,15.9,75.0,167.9
2024-12-27 12:00:00,Vivek Vihar,28.6725,77.3152,94.3,96.6,544.0,36.8,16.6,64.0,212.3
2024-12-27 13:00:00,Vivek Vihar,28.6725,77.3152,93.6,95.7,530.0,35.2,17.7,64.0,209.9
2024-12-27 14:00:00,Vivek Vihar,28.6725,77.3152,96.6,98.7,505.0,32.8,19.2,64.0,220.1
2024-12-27 15:00:00,Vivek Vihar,28.6725,77.3152,98.3,100.4,489.0,30.6,20.6,65.0,225.9
2024-12-27 16:00:00,Vivek Vihar,28.6725,77.3152,102.2,104.5,496.0,28.8,21.7,66.0,239.2
2024-12-27 17:00:00,Vivek Vihar,28.6725,77.3152,106.9,109.2,512.0,27.1,22.6,68.0,255.3
2024-12-27 18:00:00,Vivek Vihar,28.6725,77.3152,104.3,106.6,508.0,25.5,23.2,68.0,246.4
2024-12-27 19:00:00,Vivek Vihar,28.6725,77.3152,100.8,103.1,459.0,23.7,23.1,66.0,234.5
2024-12-27 20:00:00,Vivek Vihar,28.6725,77.3152,100.4,102.7,390.0,21.9,22.5,63.0,233.1
2024-12-27 21:00:00,Vivek Vihar,28.6725,77.3152,99.9,102.0,351.0,20.9,22.3,60.0,231.4
2024-12-27 22:00:00,Vivek Vihar,28.6725,77.3152,96.2,98.0,341.0,20.3,22.0,57.0,218.8
2024-12-27 23:00:00,Vivek Vihar,28.6725,77.3152,91.7,93.6,361.0,20.6,22.0,55.0,203.4
2024-12-28 00:00:00,Vivek Vihar,28.6725,77.3152,82.0,84.1,457.0,17.1,21.0,66.0,172.7
2024-12-28 01:00:00,Vivek Vihar,28.6725,77.3152,82.4,84.5,720.0,29.8,29.6,55.0,174.1
2024-12-28 02:00:00,Vivek Vihar,28.6725,77.3152,105.2,107.6,1059.0,46.9,41.4,40.0,249.5
2024-12-28 03:00:00,Vivek Vihar,28.6725,77.3152,125.3,127.6,1248.0,57.7,50.5,34.0,304.3
2024-12-28 04:00:00,Vivek Vihar,28.6725,77.3152,112.0,113.9,1145.0,55.7,53.9,45.0,272.7
2024-12-28 05:00:00,Vivek Vihar,28.6725,77.3152,103.8,105.9,891.0,47.2,54.5,65.0,244.7
2024-12-28 06:00:00,Vivek Vihar,28.6725,77.3152,99.9,102.0,689.0,40.6,55.2,80.0,231.4
2024-12-28 07:00:00,Vivek Vihar,28.6725,77.3152,99.0,101.0,601.0,38.2,57.3,87.0,228.3
2024-12-28 08:00:00,Vivek Vihar,28.6725,77.3152,97.3,99.4,564.0,37.6,59.5,91.0,222.5
2024-12-28 09:00:00,Vivek Vihar,28.6725,77.3152,95.2,97.1,587.0,40.3,61.1,88.0,215.3
2024-12-28 10:00:00,Vivek Vihar,28.6725,77.3152,91.5,93.1,682.0,48.5,61.5,77.0,202.7
2024-12-28 11:00:00,Vivek Vihar,28.6725,77.3152,95.9,97.6,836.0,59.9,61.3,59.0,217.7
2024-12-28 12:00:00,Vivek Vihar,28.6725,77.3152,128.5,130.4,1026.0,67.4,56.8,47.0,306.8
2024-12-28 13:00:00,Vivek Vihar,28.6725,77.3152,149.5,151.3,1279.0,67.0,55.3,42.0,322.9
2024-12-28 14:00:00,Vivek Vihar,28.6725,77.3152,155.1,156.5,1568.0,66.3,53.0,35.0,327.2
2024-12-28 15:00:00,Vivek Vihar,28.6725,77.3152,150.9,152.3,1781.0,63.9,49.9,30.0,323.9
2024-12-28 16:00:00,Vivek Vihar,28.6725,77.3152,146.7,147.6,1890.0,59.2,45.4,28.0,320.7
2024-12-28 17:00:00,Vivek Vihar,28.6725,77.3152,145.8,147.1,1923.0,52.8,40.1,28.0,320.0
2024-12-28 18:00:00,Vivek Vihar,28.6725,77.3152,143.0,143.9,1855.0,45.9,35.0,29.0,317.9
2024-12-28 19:00:00,Vivek Vihar,28.6725,77.3152,132.7,133.6,1612.0,37.9,30.3,32.0,310.0
2024-12-28 20:00:00,Vivek Vihar,28.6725,77.3152,122.9,123.9,1266.0,29.3,25.9,36.0,302.5
2024-12-28 21:00:00,Vivek Vihar,28.6725,77.3152,114.8,115.7,1012.0,22.6,22.7,40.0,282.2
2024-12-28 22:00:00,Vivek Vihar,28.6725,77.3152,106.9,107.8,945.0,18.5,21.0,43.0,255.3
2024-12-28 23:00:00,Vivek Vihar,28.6725,77.3152,99.2,99.9,970.0,16.4,20.5,45.0,229.0
2024-12-29 00:00:00,Vivek Vihar,28.6725,77.3152,122.5,123.4,988.0,23.8,21.8,31.0,302.2
2024-12-29 01:00:00,Vivek Vihar,28.6725,77.3152,113.4,114.3,968.0,26.1,23.5,31.0,277.5
2024-12-29 02:00:00,Vivek Vihar,28.6725,77.3152,110.8,111.8,942.0,29.2,25.9,32.0,268.6
2024-12-29 03:00:00,Vivek Vihar,28.6725,77.3152,110.6,111.5,911.0,30.0,28.1,38.0,267.9
2024-12-29 04:00:00,Vivek Vihar,28.6725,77.3152,95.9,97.1,873.0,26.5,29.9,55.0,217.7
2024-12-29 05:00:00,Vivek Vihar,28.6725,77.3152,85.0,86.4,830.0,20.7,31.5,77.0,182.9
2024-12-29 06:00:00,Vivek Vihar,28.6725,77.3152,73.1,74.7,782.0,16.2,32.5,95.0,142.3
2024-12-29 07:00:00,Vivek Vihar,28.6725,77.3152,66.8,68.5,711.0,13.7,32.4,108.0,120.8
2024-12-29 08:00:00,Vivek Vihar,28.6725,77.3152,64.0,65.9,635.0,12.4,31.7,117.0,111.2
2024-12-29 09:00:00,Vivek Vihar,28.6725,77.3152,63.3,65.0,611.0,14.0,31.2,118.0,108.9
2024-12-29 10:00:00,Vivek Vihar,28.6725,77.3152,60.3,62.2,681.0,20.1,30.9,108.0,500.0
2024-12-29 11:00:00,Vivek Vihar,28.6725,77.3152,61.5,63.3,802.0,29.1,30.7,90.0,102.7
2024-12-29 12:00:00,Vivek Vihar,28.6725,77.3152,90.6,92.2,909.0,35.4,32.7,65.0,500.0
2024-12-29 13:00:00,Vivek Vihar,28.6725,77.3152,96.2,97.6,987.0,36.6,32.5,58.0,218.8
2024-12-29 14:00:00,Vivek Vihar,28.6725,77.3152,96.2,97.1,1049.0,38.2,32.2,50.0,218.8
2024-12-29 15:00:00,Vivek Vihar,28.6725,77.3152,95.0,95.7,1071.0,38.0,31.1,44.0,214.7
2024-12-29 16:00:00,Vivek Vihar,28.6725,77.3152,92.2,92.9,1029.0,34.9,28.7,45.0,205.1
2024-12-29 17:00:00,Vivek Vihar,28.6725,77.3152,90.6,91.3,945.0,30.1,25.5,48.0,500.0
2024-12-29 18:00:00,Vivek Vihar,28.6725,77.3152,89.2,89.9,866.0,25.5,22.7,52.0,197.3
2024-12-29 19:00:00,Vivek Vihar,28.6725,77.3152,85.4,85.9,797.0,21.6,20.4,55.0,184.3
2024-12-29 20:00:00,Vivek Vihar,28.6725,77.3152,82.9,83.6,731.0,18.0,18.3,57.0,175.8
2024-12-29 21:00:00,Vivek Vihar,28.6725,77.3152,80.8,81.3,696.0,15.2,17.2,59.0,168.6
2024-12-29 22:00:00,Vivek Vihar,28.6725,77.3152,78.7,79.2,708.0,13.2,17.1,61.0,161.4
2024-12-29 23:00:00,Vivek Vihar,28.6725,77.3152,77.1,77.3,751.0,12.1,18.0,62.0,156.0
2024-12-30 00:00:00,Vivek Vihar,28.6725,77.3152,77.3,77.8,800.0,12.9,18.5,61.0,156.6
2024-12-30 01:00:00,Vivek Vihar,28.6725,77.3152,75.4,75.7,857.0,17.0,21.4,58.0,150.2
2024-12-30 02:00:00,Vivek Vihar,28.6725,77.3152,77.5,77.8,919.0,22.6,25.5,55.0,157.3
2024-12-30 03:00:00,Vivek Vihar,28.6725,77.3152,79.4,79.6,957.0,25.6,29.1,60.0,163.8
2024-12-30 04:00:00,Vivek Vihar,28.6725,77.3152,76.8,77.1,950.0,23.6,31.9,79.0,154.9
2024-12-30 05:00:00,Vivek Vihar,28.6725,77.3152,76.1,76.4,918.0,19.1,34.2,107.0,152.5
2024-12-30 06:00:00,Vivek Vihar,28.6725,77.3152,75.2,75.4,890.0,15.3,35.5,130.0,149.5
2024-12-30 07:00:00,Vivek Vihar,28.6725,77.3152,71.2,71.5,865.0,12.4,35.4,148.0,135.8
2024-12-30 08:00:00,Vivek Vihar,28.6725,77.3152,63.1,63.3,844.0,10.2,34.4,163.0,108.2
2024-12-30 09:00:00,Vivek Vihar,28.6725,77.3152,56.0,56.2,863.0,11.6,33.4,166.0,93.2
2024-12-30 10:00:00,Vivek Vihar,28.6725,77.3152,51.5,51.8,943.0,18.8,32.4,150.0,85.6
2024-12-30 11:00:00,Vivek Vihar,28.6725,77.3152,52.3,52.5,1063.0,29.6,31.4,122.0,87.0
2024-12-30 12:00:00,Vivek Vihar,28.6725,77.3152,96.2,97.3,1188.0,49.6,38.3,83.0,218.8
2024-12-30 13:00:00,Vivek Vihar,28.6725,77.3152,108.5,109.7,1332.0,55.3,40.6,69.0,260.7
2024-12-30 14:00:00,Vivek Vihar,28.6725,77.3152,118.0,119.0,1481.0,63.0,43.7,49.0,293.2
2024-12-30 15:00:00,Vivek Vihar,28.6725,77.3152,127.1,128.1,1567.0,67.8,46.2,34.0,305.7
2024-12-30 16:00:00,Vivek Vihar,28.6725,77.3152,136.0,136.9,1547.0,67.7,47.9,28.0,312.5
2024-12-30 17:00:00,Vivek Vihar,28.6725,77.3152,143.9,144.8,1463.0,64.8,48.9,26.0,318.6
2024-12-30 18:00:00,Vivek Vihar,28.6725,77.3152,145.8,147.1,1370.0,60.3,47.7,26.0,320.0
2024-12-30 19:00:00,Vivek Vihar,28.6725,77.3152,140.2,141.1,1274.0,53.9,42.6,29.0,315.7
2024-12-30 20:00:00,Vivek Vihar,28.6725,77.3152,135.0,136.4,1170.0,45.8,35.2,34.0,311.7
2024-12-30 21:00:00,Vivek Vihar,28.6725,77.3152,131.8,133.2,1095.0,38.2,29.3,39.0,309.3
2024-12-30 22:00:00,Vivek Vihar,28.6725,77.3152,127.6,129.0,1065.0,30.3,25.8,45.0,306.1
2024-12-30 23:00:00,Vivek Vihar,28.6725,77.3152,125.7,127.1,1065.0,22.8,23.7,52.0,304.6
2024-12-31 00:00:00,Vivek Vihar,28.6725,77.3152,162.5,164.4,1088.0,33.1,26.2,33.0,332.8
2024-12-31 01:00:00,Vivek Vihar,28.6725,77.3152,156.0,157.9,1151.0,33.5,28.1,35.0,327.9
2024-12-31 02:00:00,Vivek Vihar,28.6725,77.3152,158.3,159.7,1238.0,33.8,30.7,39.0,329.6
2024-12-31 03:00:00,Vivek Vihar,28.6725,77.3152,151.3,153.2,1289.0,32.6,33.6,48.0,324.3
2024-12-31 04:00:00,Vivek Vihar,28.6725,77.3152,141.6,143.4,1274.0,28.4,36.8,67.0,316.8
2024-12-31 05:00:00,Vivek Vihar,28.6725,77.3152,126.7,129.0,1223.0,22.8,40.1,92.0,305.4
2024-12-31 06:00:00,Vivek Vihar,28.6725,77.3152,108.7,111.3,1170.0,18.6,42.8,113.0,261.4
2024-12-31 07:00:00,Vivek Vihar,28.6725,77.3152,103.8,106.4,1101.0,16.0,44.4,130.0,244.7
2024-12-31 08:00:00,Vivek Vihar,28.6725,77.3152,99.2,101.7,1031.0,14.9,45.4,143.0,229.0
2024-12-31 09:00:00,Vivek Vihar,28.6725,77.3152,96.4,99.0,1037.0,17.8,46.1,145.0,219.4
2024-12-31 10:00:00,Vivek Vihar,28.6725,77.3152,93.8,96.4,1165.0,27.4,46.2,130.0,210.6
2024-12-31 11:00:00,Vivek Vihar,28.6725,77.3152,94.5,97.1,1369.0,41.0,46.0,105.0,212.9
2024-12-31 12:00:00,Vivek Vihar,28.6725,77.3152,149.9,153.2,1597.0,65.5,63.9,76.0,323.2
2024-12-31 13:00:00,Vivek Vihar,28.6725,77.3152,175.1,178.3,1867.0,72.7,66.4,60.0,342.5
2024-12-31 14:00:00,Vivek Vihar,28.6725,77.3152,193.2,196.5,2159.0,82.4,69.6,39.0,356.4
2024-12-31 15:00:00,Vivek Vihar,28.6725,77.3152,200.2,203.0,2362.0,87.4,70.7,23.0,361.8
2024-12-31 16:00:00,Vivek Vihar,28.6725,77.3152,200.2,203.5,2436.0,84.3,68.5,19.0,361.8
2024-12-31 17:00:00,Vivek Vihar,28.6725,77.3152,204.0,206.8,2421.0,76.5,64.1,21.0,364.7
2024-12-31 18:00:00,Vivek Vihar,28.6725,77.3152,199.3,202.1,2324.0,67.3,58.1,25.0,361.1
2024-12-31 19:00:00,Vivek Vihar,28.6725,77.3152,185.8,188.6,2099.0,56.7,49.7,31.0,350.7
2024-12-31 20:00:00,Vivek Vihar,28.6725,77.3152,174.6,177.4,1792.0,44.8,39.7,39.0,342.1
2024-12-31 21:00:00,Vivek Vihar,28.6725,77.3152,164.4,166.7,1548.0,34.6,31.5,46.0,334.3
2024-12-31 22:00:00,Vivek Vihar,28.6725,77.3152,156.5,158.8,1423.0,26.7,26.0,52.0,328.2
2024-12-31 23:00:00,Vivek Vihar,28.6725,77.3152,149.5,151.8,1362.0,20.6,22.3,57.0,322.9
2024-12-19 12:00:00,Wazirpur,28.6997,77.1654,144.8,147.6,1286.0,75.6,65.6,98.0,319.3
2024-12-19 13:00:00,Wazirpur,28.6997,77.1654,168.1,170.4,1444.0,84.5,70.3,78.0,337.1
2024-12-19 14:00:00,Wazirpur,28.6997,77.1654,190.0,192.3,1596.0,96.5,76.5,50.0,354.0
2024-12-19 15:00:00,Wazirpur,28.6997,77.1654,204.9,207.2,1687.0,103.4,79.9,29.0,365.4
2024-12-19 16:00:00,Wazirpur,28.6997,77.1654,212.3,214.2,1679.0,101.2,78.3,22.0,371.1
2024-12-19 17:00:00,Wazirpur,28.6997,77.1654,213.7,215.6,1610.0,94.0,73.9,23.0,372.1
2024-12-19 18:00:00,Wazirpur,28.6997,77.1654,207.2,209.1,1536.0,85.6,68.1,25.0,367.2
2024-12-19 19:00:00,Wazirpur,28.6997,77.1654,195.1,197.0,1466.0,76.7,60.6,28.0,357.9
2024-12-19 20:00:00,Wazirpur,28.6997,77.1654,184.9,186.7,1393.0,66.7,51.7,33.0,350.0
2024-12-19 21:00:00,Wazirpur,28.6997,77.1654,177.0,178.8,1346.0,57.7,44.6,36.0,344.0
2024-12-19 22:00:00,Wazirpur,28.6997,77.1654,170.9,172.3,1327.0,49.3,39.8,37.0,339.3
2024-12-19 23:00:00,Wazirpur,28.6997,77.1654,165.3,167.2,1336.0,42.0,36.6,37.0,335.0
2024-12-20 00:00:00,Wazirpur,28.6997,77.1654,147.6,149.0,1401.0,28.2,37.5,55.0,321.4
2024-12-20 01:00:00,Wazirpur,28.6997,77.1654,157.9,159.7,1608.0,39.2,43.6,44.0,329.3
2024-12-20 02:00:00,Wazirpur,28.6997,77.1654,176.0,177.9,1871.0,53.8,51.8,30.0,343.2
2024-12-20 03:00:00,Wazirpur,28.6997,77.1654,181.6,183.0,1963.0,61.1,57.4,34.0,347.5
2024-12-20 04:00:00,Wazirpur,28.6997,77.1654,156.5,157.9,1724.0,53.8,57.4,73.0,328.2
2024-12-20 05:00:00,Wazirpur,28.6997,77.1654,138.8,140.2,1313.0,39.1,54.8,129.0,314.7
2024-12-20 06:00:00,Wazirpur,28.6997,77.1654,111.8,113.9,982.0,27.5,52.9,172.0,272.0
2024-12-20 07:00:00,Wazirpur,28.6997,77.1654,94.3,96.9,812.0,21.6,53.2,190.0,212.3
2024-12-20 08:00:00,Wazirpur,28.6997,77.1654,84.1,86.6,721.0,18.8,54.3,195.0,179.9
2024-12-20 09:00:00,Wazirpur,28.6997,77.1654,80.1,82.4,713.0,22.0,55.4,187.0,166.2
2024-12-20 10:00:00,Wazirpur,28.6997,77.1654,78.5,80.6,835.0,36.2,56.4,162.0,160.7
2024-12-20 11:00:00,Wazirpur,28.6997,77.1654,85.9,87.5,1041.0,56.5,57.3,125.0,186.0
2024-12-20 12:00:00,Wazirpur,28.6997,77.1654,115.5,117.3,1193.0,74.4,56.9,86.0,284.6
2024-12-20 13:00:00,Wazirpur,28.6997,77.1654,125.3,126.7,1226.0,70.4,54.7,77.0,304.3
2024-12-20 14:00:00,Wazirpur,28.6997,77.1654,126.7,128.5,1206.0,64.5,51.5,64.0,305.4
2024-12-20 15:00:00,Wazirpur,28.6997,77.1654,126.7,128.1,1191.0,58.2,48.2,55.0,305.4
2024-12-20 16:00:00,Wazirpur,28.6997,77.1654,127.1,128.1,1211.0,51.5,44.8,52.0,305.7
2024-12-20 17:00:00,Wazirpur,28.6997,77.1654,127.6,128.5,1236.0,44.2,41.3,52.0,306.1
2024-12-20 18:00:00,Wazirpur,28.6997,77.1654,125.7,126.7,1234.0,37.6,38.7,52.0,304.6
2024-12-20 19:00:00,Wazirpur,28.6997,77.1654,122.0,123.4,1180.0,31.6,37.8,52.0,301.8
2024-12-20 20:00:00,Wazirpur,28.6997,77.1654,119.7,120.6,1098.0,26.3,37.8,51.0,299.0
2024-12-20 21:00:00,Wazirpur,28.6997,77.1654,117.6,118.5,1035.0,22.3,37.7,51.0,291.8
2024-12-20 22:00:00,Wazirpur,28.6997,77.1654,115.9,116.9,979.0,19.6,36.9,50.0,286.0
2024-12-20 23:00:00,Wazirpur,28.6997,77.1654,114.6,115.7,942.0,18.4,35.9,49.0,281.6
2024-12-21 00:00:00,Wazirpur,28.6997,77.1654,116.4,117.3,1000.0,21.0,41.3,46.0,287.7
2024-12-21 01:00:00,Wazirpur,28.6997,77.1654,123.9,124.8,1266.0,27.1,44.6,38.0,303.2
2024-12-21 02:00:00,Wazirpur,28.6997,77.1654,138.3,139.2,1627.0,35.3,49.0,28.0,314.3
2024-12-21 03:00:00,Wazirpur,28.6997,77.1654,144.8,145.8,1823.0,40.2,51.9,30.0,319.3
2024-12-21 04:00:00,Wazirpur,28.6997,77.1654,143.0,143.9,1709.0,38.8,51.9,56.0,317.9
2024-12-21 05:00:00,Wazirpur,28.6997,77.1654,138.3,139.2,1431.0,33.9,50.3,94.0,314.3
2024-12-21 06:00:00,Wazirpur,28.6997,77.1654,129.5,130.4,1163.0,28.9,48.7,127.0,307.5
2024-12-21 07:00:00,Wazirpur,28.6997,77.1654,110.1,111.5,929.0,22.3,47.4,150.0,266.2
2024-12-21 08:00:00,Wazirpur,28.6997,77.1654,98.5,100.1,707.0,15.6,46.2,168.0,226.6
2024-12-21 09:00:00,Wazirpur,28.6997,77.1654,92.7,94.3,603.0,15.6,45.6,171.0,206.8
2024-12-21 10:00:00,Wazirpur,28.6997,77.1654,90.3,92.0,700.0,28.3,45.7,151.0,500.0
2024-12-21 11:00:00,Wazirpur,28.6997,77.1654,98.7,99.9,916.0,47.7,46.4,116.0,227.3
2024-12-21 12:00:00,Wazirpur,28.6997,77.1654,134.1,136.0,1115.0,62.1,50.3,84.0,311.1
2024-12-21 13:00:00,Wazirpur,28.6997,77.1654,152.7,154.6,1252.0,67.0,53.7,70.0,325.3
2024-12-21 14:00:00,Wazirpur,28.6997,77.1654,166.7,168.6,1372.0,73.7,58.4,51.0,336.1
2024-12-21 15:00:00,Wazirpur,28.6997,77.1654,180.2,181.6,1468.0,78.0,62.0,35.0,346.4
2024-12-21 16:00:00,Wazirpur,28.6997,77.1654,193.7,195.1,1540.0,78.0,63.9,26.0,356.8
2024-12-21 17:00:00,Wazirpur,28.6997,77.1654,206.3,208.2,1589.0,75.7,64.7,21.0,366.5
2024-12-21 18:00:00,Wazirpur,28.6997,77.1654,213.3,214.7,1608.0,73.0,64.3,18.0,371.8
2024-12-21 19:00:00,Wazirpur,28.6997,77.1654,214.2,215.6,1574.0,70.5,62.4,16.0,372.5
2024-12-21 20:00:00,Wazirpur,28.6997,77.1654,215.6,217.0,1510.0,67.6,59.2,16.0,373.6
2024-12-21 21:00:00,Wazirpur,28.6997,77.1654,214.2,216.1,1480.0,64.2,56.0,17.0,372.5
2024-12-21 22:00:00,Wazirpur,28.6997,77.1654,205.8,207.7,1452.0,59.2,51.8,21.0,366.1
2024-12-21 23:00:00,Wazirpur,28.6997,77.1654,193.7,195.6,1458.0,53.8,47.6,27.0,356.8
2024-12-22 00:00:00,Wazirpur,28.6997,77.1654,200.7,202.6,1655.0,57.6,44.6,20.0,362.2
2024-12-22 01:00:00,Wazirpur,28.6997,77.1654,204.4,206.3,2318.0,60.8,53.7,19.0,365.0
2024-12-22 02:00:00,Wazirpur,28.6997,77.1654,220.7,223.1,3172.0,64.8,66.2,19.0,377.5
2024-12-22 03:00:00,Wazirpur,28.6997,77.1654,238.0,239.3,3553.0,64.8,74.9,32.0,390.8
2024-12-22 04:00:00,Wazirpur,28.6997,77.1654,218.9,220.3,3003.0,57.4,76.5,69.0,376.1
2024-12-22 05:00:00,Wazirpur,28.6997,77.1654,185.8,187.7,1981.0,45.9,74.3,120.0,350.7
2024-12-22 06:00:00,Wazirpur,28.6997,77.1654,140.2,142.5,1194.0,36.0,71.8,159.0,315.7
2024-12-22 07:00:00,Wazirpur,28.6997,77.1654,117.6,119.7,934.0,26.5,69.1,181.0,291.8
2024-12-22 08:00:00,Wazirpur,28.6997,77.1654,101.7,103.8,911.0,18.5,66.0,192.0,237.5
2024-12-22 09:00:00,Wazirpur,28.6997,77.1654,93.8,95.9,961.0,20.7,65.0,188.0,210.6
2024-12-22 10:00:00,Wazirpur,28.6997,77.1654,90.6,92.4,1066.0,41.8,67.7,162.0,500.0
2024-12-22 11:00:00,Wazirpur,28.6997,77.1654,105.5,107.1,1244.0,73.2,72.5,122.0,250.5
2024-12-22 12:00:00,Wazirpur,28.6997,77.1654,158.8,160.7,1392.0,101.3,82.2,75.0,330.0
2024-12-22 13:00:00,Wazirpur,28.6997,77.1654,190.0,191.4,1471.0,103.8,84.7,63.0,354.0
2024-12-22 14:00:00,Wazirpur,28.6997,77.1654,207.2,209.1,1520.0,106.9,87.9,46.0,367.2
2024-12-22 15:00:00,Wazirpur,28.6997,77.1654,210.5,211.9,1547.0,107.0,87.9,34.0,369.7
2024-12-22 16:00:00,Wazirpur,28.6997,77.1654,203.0,204.4,1568.0,102.9,82.3,32.0,363.9
2024-12-22 17:00:00,Wazirpur,28.6997,77.1654,197.9,199.3,1568.0,95.9,73.5,36.0,360.0
2024-12-22 18:00:00,Wazirpur,28.6997,77.1654,183.9,185.3,1510.0,85.5,64.8,42.0,349.3
2024-12-22 19:00:00,Wazirpur,28.6997,77.1654,164.4,165.3,1337.0,68.9,56.3,53.0,334.3
2024-12-22 20:00:00,Wazirpur,28.6997,77.1654,146.2,147.1,1105.0,49.1,47.8,66.0,320.3
2024-12-22 21:00:00,Wazirpur,28.6997,77.1654,139.2,140.6,947.0,34.4,42.1,75.0,315.0
2024-12-22 22:00:00,Wazirpur,28.6997,77.1654,138.8,140.2,910.0,28.0,40.3,76.0,314.7
2024-12-22 23:00:00,Wazirpur,28.6997,77.1654,142.0,143.4,945.0,26.7,41.2,71.0,317.1
2024-12-23 00:00:00,Wazirpur,28.6997,77.1654,117.6,118.7,1042.0,18.7,34.3,76.0,291.8
2024-12-23 01:00:00,Wazirpur,28.6997,77.1654,122.9,123.9,1260.0,30.0,38.4,62.0,302.5
2024-12-23 02:00:00,Wazirpur,28.6997,77.1654,137.4,138.8,1538.0,45.4,44.1,44.0,313.6
2024-12-23 03:00:00,Wazirpur,28.6997,77.1654,156.9,157.9,1685.0,55.4,47.6,36.0,328.6
2024-12-23 04:00:00,Wazirpur,28.6997,77.1654,149.9,150.9,1589.0,55.4,47.0,47.0,323.2
2024-12-23 05:00:00,Wazirpur,28.6997,77.1654,145.8,146.7,1362.0,50.2,44.4,69.0,320.0
2024-12-23 06:00:00,Wazirpur,28.6997,77.1654,143.9,145.3,1144.0,44.2,42.1,89.0,318.6
2024-12-23 07:00:00,Wazirpur,28.6997,77.1654,131.3,132.7,962.0,38.0,41.1,106.0,308.9
2024-12-23 08:00:00,Wazirpur,28.6997,77.1654,116.6,118.3,789.0,31.0,40.5,122.0,288.4
2024-12-23 09:00:00,Wazirpur,28.6997,77.1654,110.8,112.5,684.0,26.8,40.0,130.0,268.6
2024-12-23 10:00:00,Wazirpur,28.6997,77.1654,105.9,107.8,700.0,27.8,39.9,127.0,251.9
2024-12-23 11:00:00,Wazirpur,28.6997,77.1654,100.8,102.4,784.0,31.5,40.1,116.0,234.5
2024-12-23 12:00:00,Wazirpur,28.6997,77.1654,129.9,131.8,837.0,38.6,38.7,106.0,307.8
2024-12-23 13:00:00,Wazirpur,28.6997,77.1654,123.9,126.2,811.0,36.8,39.4,98.0,303.2
2024-12-23 14:00:00,Wazirpur,28.6997,77.1654,120.1,122.0,753.0,34.3,40.4,86.0,500.0
2024-12-23 15:00:00,Wazirpur,28.6997,77.1654,116.6,118.5,714.0,32.8,41.0,75.0,288.4
2024-12-23 16:00:00,Wazirpur,28.6997,77.1654,114.6,116.4,717.0,33.4,41.2,66.0,281.6
2024-12-23 17:00:00,Wazirpur,28.6997,77.1654,115.7,117.8,739.0,34.9,41.2,59.0,285.3
2024-12-23 18:00:00,Wazirpur,28.6997,77.1654,116.6,118.5,751.0,35.1,40.2,53.0,288.4
2024-12-23 19:00:00,Wazirpur,28.6997,77.1654,113.9,115.7,742.0,32.4,37.9,51.0,279.2
2024-12-23 20:00:00,Wazirpur,28.6997,77.1654,110.6,112.7,723.0,28.3,34.7,52.0,267.9
2024-12-23 21:00:00,Wazirpur,28.6997,77.1654,109.7,111.8,707.0,25.1,31.7,51.0,264.8
2024-12-23 22:00:00,Wazirpur,28.6997,77.1654,108.5,110.4,690.0,23.2,28.9,47.0,260.7
2024-12-23 23:00:00,Wazirpur,28.6997,77.1654,105.7,107.3,676.0,22.1,26.3,43.0,251.2
2024-12-24 00:00:00,Wazirpur,28.6997,77.1654,83.1,85.0,679.0,17.2,17.5,60.0,176.4
2024-12-24 01:00:00,Wazirpur,28.6997,77.1654,84.5,86.4,723.0,24.2,20.1,54.0,181.2
2024-12-24 02:00:00,Wazirpur,28.6997,77.1654,93.1,95.0,786.0,33.6,23.6,47.0,208.2
2024-12-24 03:00:00,Wazirpur,28.6997,77.1654,102.9,105.0,816.0,38.9,26.5,49.0,241.6
2024-12-24 04:00:00,Wazirpur,28.6997,77.1654,108.0,109.9,783.0,36.2,27.7,68.0,259.0
2024-12-24 05:00:00,Wazirpur,28.6997,77.1654,106.9,109.2,718.0,29.6,28.2,97.0,255.3
2024-12-24 06:00:00,Wazirpur,28.6997,77.1654,102.7,105.7,663.0,24.2,29.6,121.0,240.9
2024-12-24 07:00:00,Wazirpur,28.6997,77.1654,106.4,109.7,588.0,19.6,32.0,138.0,253.6
2024-12-24 08:00:00,Wazirpur,28.6997,77.1654,107.1,110.6,523.0,16.3,35.3,151.0,256.0
2024-12-24 09:00:00,Wazirpur,28.6997,77.1654,107.8,111.1,604.0,21.6,40.0,150.0,258.4
2024-12-24 10:00:00,Wazirpur,28.6997,77.1654,108.7,111.8,932.0,43.5,46.5,126.0,261.4
2024-12-24 11:00:00,Wazirpur,28.6997,77.1654,119.7,122.0,1405.0,73.9,54.6,88.0,299.0
2024-12-24 12:00:00,Wazirpur,28.6997,77.1654,134.1,136.0,1855.0,77.1,46.7,62.0,311.1
2024-12-24 13:00:00,Wazirpur,28.6997,77.1654,142.5,143.9,2224.0,74.5,46.8,56.0,317.5
2024-12-24 14:00:00,Wazirpur,28.6997,77.1654,141.6,143.0,2570.0,70.5,46.6,47.0,316.8
2024-12-24 15:00:00,Wazirpur,28.6997,77.1654,131.8,133.2,2898.0,65.0,44.8,41.0,309.3
2024-12-24 16:00:00,Wazirpur,28.6997,77.1654,120.1,121.5,3282.0,56.9,40.0,39.0,500.0
2024-12-24 17:00:00,Wazirpur,28.6997,77.1654,111.8,112.9,3648.0,47.2,33.5,38.0,272.0
2024-12-24 18:00:00,Wazirpur,28.6997,77.1654,105.5,106.6,3776.0,39.0,28.0,38.0,250.5
2024-12-24 19:00:00,Wazirpur,28.6997,77.1654,100.4,101.5,3513.0,33.3,24.3,37.0,233.1
2024-12-24 20:00:00,Wazirpur,28.6997,77.1654,98.0,99.4,3012.0,29.1,21.5,37.0,224.9
2024-12-24 21:00:00,Wazirpur,28.6997,77.1654,98.0,99.2,2518.0,26.1,19.5,36.0,224.9
2024-12-24 22:00:00,Wazirpur,28.6997,77.1654,98.7,100.1,2048.0,24.0,18.1,35.0,227.3
2024-12-24 23:00:00,Wazirpur,28.6997,77.1654,99.7,101.0,1585.0,23.2,17.5,34.0,230.7
2024-12-25 00:00:00,Wazirpur,28.6997,77.1654,94.3,95.7,1320.0,21.1,16.8,39.0,212.3
2024-12-25 01:00:00,Wazirpur,28.6997,77.1654,101.0,102.4,1432.0,28.4,23.0,31.0,235.1
2024-12-25 02:00:00,Wazirpur,28.6997,77.1654,118.0,119.7,1743.0,38.3,31.4,21.0,293.2
2024-12-25 03:00:00,Wazirpur,28.6997,77.1654,134.6,136.0,1909.0,43.8,37.2,24.0,311.4
2024-12-25 04:00:00,Wazirpur,28.6997,77.1654,128.1,129.0,1761.0,41.0,37.0,52.0,306.4
2024-12-25 05:00:00,Wazirpur,28.6997,77.1654,119.7,121.1,1468.0,33.8,34.0,93.0,299.0
2024-12-25 06:00:00,Wazirpur,28.6997,77.1654,95.7,97.6,1196.0,27.4,33.3,126.0,217.0
2024-12-25 07:00:00,Wazirpur,28.6997,77.1654,87.8,90.1,974.0,22.1,37.7,147.0,192.5
2024-12-25 08:00:00,Wazirpur,28.6997,77.1654,91.7,94.1,773.0,17.5,44.4,161.0,203.4
2024-12-25 09:00:00,Wazirpur,28.6997,77.1654,94.1,96.4,676.0,18.3,49.3,162.0,211.6
2024-12-25 10:00:00,Wazirpur,28.6997,77.1654,94.5,96.9,734.0,28.6,50.3,143.0,212.9
2024-12-25 11:00:00,Wazirpur,28.6997,77.1654,100.1,102.0,896.0,44.2,49.5,111.0,232.1
2024-12-25 12:00:00,Wazirpur,28.6997,77.1654,133.2,135.0,1090.0,57.4,47.5,74.0,310.4
2024-12-25 13:00:00,Wazirpur,28.6997,77.1654,144.4,146.2,1340.0,61.4,50.0,61.0,319.0
2024-12-25 14:00:00,Wazirpur,28.6997,77.1654,151.8,153.2,1622.0,66.8,53.5,43.0,324.6
2024-12-25 15:00:00,Wazirpur,28.6997,77.1654,160.7,161.6,1796.0,70.3,56.4,29.0,331.5
2024-12-25 16:00:00,Wazirpur,28.6997,77.1654,167.6,169.0,1778.0,70.0,58.6,23.0,336.8
2024-12-25 17:00:00,Wazirpur,28.6997,77.1654,174.6,176.0,1652.0,67.8,60.2,20.0,342.1
2024-12-25 18:00:00,Wazirpur,28.6997,77.1654,178.3,179.3,1528.0,65.3,60.1,18.0,345.0
2024-12-25 19:00:00,Wazirpur,28.6997,77.1654,179.3,180.2,1438.0,63.3,57.0,15.0,345.7
2024-12-25 20:00:00,Wazirpur,28.6997,77.1654,179.7,180.7,1352.0,61.1,52.2,13.0,346.0
2024-12-25 21:00:00,Wazirpur,28.6997,77.1654,178.8,180.2,1285.0,58.4,48.2,12.0,345.4
2024-12-25 22:00:00,Wazirpur,28.6997,77.1654,175.6,176.5,1216.0,54.2,45.6,13.0,342.9
2024-12-25 23:00:00,Wazirpur,28.6997,77.1654,170.0,170.9,1166.0,49.6,43.8,15.0,338.6
2024-12-26 00:00:00,Wazirpur,28.6997,77.1654,182.5,183.9,1222.0,48.6,39.7,9.0,348.2
2024-12-26 01:00:00,Wazirpur,28.6997,77.1654,173.7,174.6,1506.0,48.1,42.1,6.0,341.4
2024-12-26 02:00:00,Wazirpur,28.6997,77.1654,186.3,187.2,1895.0,47.3,45.4,4.0,351.1
2024-12-26 03:00:00,Wazirpur,28.6997,77.1654,192.3,192.8,2108.0,45.7,47.9,16.0,355.7
2024-12-26 04:00:00,Wazirpur,28.6997,77.1654,192.3,192.8,1992.0,43.1,48.3,56.0,355.7
2024-12-26 05:00:00,Wazirpur,28.6997,77.1654,180.2,180.7,1699.0,39.7,47.8,110.0,346.4
2024-12-26 06:00:00,Wazirpur,28.6997,77.1654,146.7,147.6,1411.0,36.2,48.4,151.0,320.7
2024-12-26 07:00:00,Wazirpur,28.6997,77.1654,100.1,101.3,1144.0,29.2,50.5,172.0,232.1
2024-12-26 08:00:00,Wazirpur,28.6997,77.1654,80.6,82.0,882.0,22.0,53.7,180.0,167.9
2024-12-26 09:00:00,Wazirpur,28.6997,77.1654,75.9,77.5,749.0,25.3,58.1,174.0,151.9
2024-12-26 10:00:00,Wazirpur,28.6997,77.1654,75.4,77.5,840.0,48.6,64.3,147.0,150.2
2024-12-26 11:00:00,Wazirpur,28.6997,77.1654,88.2,89.9,1061.0,82.5,71.7,106.0,193.9
2024-12-26 12:00:00,Wazirpur,28.6997,77.1654,139.2,142.0,1258.0,103.4,69.3,63.0,315.0
2024-12-26 13:00:00,Wazirpur,28.6997,77.1654,170.4,172.8,1371.0,109.4,75.6,49.0,338.9
2024-12-26 14:00:00,Wazirpur,28.6997,77.1654,190.9,193.2,1460.0,117.5,84.2,29.0,354.6
2024-12-26 15:00:00,Wazirpur,28.6997,77.1654,212.3,214.7,1552.0,122.3,89.2,15.0,371.1
2024-12-26 16:00:00,Wazirpur,28.6997,77.1654,230.0,232.8,1685.0,121.7,88.6,10.0,384.7
2024-12-26 17:00:00,Wazirpur,28.6997,77.1654,235.6,238.4,1819.0,117.7,84.6,11.0,388.9
2024-12-26 18:00:00,Wazirpur,28.6997,77.1654,220.3,223.1,1866.0,110.9,77.5,13.0,377.2
2024-12-26 19:00:00,Wazirpur,28.6997,77.1654,205.8,208.2,1759.0,99.6,65.4,17.0,366.1
2024-12-26 20:00:00,Wazirpur,28.6997,77.1654,185.8,187.7,1564.0,85.4,50.4,23.0,350.7
2024-12-26 21:00:00,Wazirpur,28.6997,77.1654,162.1,164.4,1387.0,73.9,38.7,28.0,332.5
2024-12-26 22:00:00,Wazirpur,28.6997,77.1654,145.3,147.1,1265.0,67.3,33.4,31.0,319.6
2024-12-26 23:00:00,Wazirpur,28.6997,77.1654,144.4,146.7,1162.0,63.4,31.6,33.0,319.0
2024-12-27 00:00:00,Wazirpur,28.6997,77.1654,146.2,148.1,1077.0,71.4,44.3,25.0,320.3
2024-12-27 01:00:00,Wazirpur,28.6997,77.1654,130.9,132.7,1022.0,68.8,45.3,26.0,308.6
2024-12-27 02:00:00,Wazirpur,28.6997,77.1654,138.8,140.6,985.0,64.9,46.4,28.0,314.7
2024-12-27 03:00:00,Wazirpur,28.6997,77.1654,140.6,142.0,927.0,60.3,45.4,33.0,316.0
2024-12-27 04:00:00,Wazirpur,28.6997,77.1654,138.8,140.2,815.0,54.6,40.6,45.0,314.7
2024-12-27 05:00:00,Wazirpur,28.6997,77.1654,117.6,119.2,682.0,48.2,33.8,60.0,291.8
2024-12-27 06:00:00,Wazirpur,28.6997,77.1654,97.8,99.7,586.0,42.2,27.9,72.0,224.2
2024-12-27 07:00:00,Wazirpur,28.6997,77.1654,94.5,97.1,558.0,36.6,24.2,77.0,212.9
2024-12-27 08:00:00,Wazirpur,28.6997,77.1654,91.5,93.8,567.0,31.4,21.5,79.0,202.7
2024-12-27 09:00:00,Wazirpur,28.6997,77.1654,89.4,91.3,580.0,28.1,19.3,79.0,198.0
2024-12-27 10:00:00,Wazirpur,28.6997,77.1654,85.4,87.1,588.0,28.0,17.3,78.0,184.3
2024-12-27 11:00:00,Wazirpur,28.6997,77.1654,80.6,82.0,600.0,29.8,15.9,75.0,167.9
2024-12-27 12:00:00,Wazirpur,28.6997,77.1654,94.3,96.6,607.0,36.8,16.6,64.0,212.3
2024-12-27 13:00:00,Wazirpur,28.6997,77.1654,93.6,95.7,605.0,35.2,17.7,64.0,209.9
2024-12-27 14:00:00,Wazirpur,28.6997,77.1654,96.6,98.7,600.0,32.8,19.2,64.0,220.1
2024-12-27 15:00:00,Wazirpur,28.6997,77.1654,98.3,100.4,597.0,30.6,20.6,65.0,225.9
2024-12-27 16:00:00,Wazirpur,28.6997,77.1654,102.2,104.5,610.0,28.8,21.7,66.0,239.2
2024-12-27 17:00:00,Wazirpur,28.6997,77.1654,106.9,109.2,626.0,27.1,22.6,68.0,255.3
2024-12-27 18:00:00,Wazirpur,28.6997,77.1654,104.3,106.6,614.0,25.5,23.2,68.0,246.4
2024-12-27 19:00:00,Wazirpur,28.6997,77.1654,100.8,103.1,543.0,23.7,23.1,66.0,234.5
2024-12-27 20:00:00,Wazirpur,28.6997,77.1654,100.4,102.7,445.0,21.9,22.5,63.0,233.1
2024-12-27 21:00:00,Wazirpur,28.6997,77.1654,99.9,102.0,382.0,20.9,22.3,60.0,231.4
2024-12-27 22:00:00,Wazirpur,28.6997,77.1654,96.2,98.0,354.0,20.3,22.0,57.0,218.8
2024-12-27 23:00:00,Wazirpur,28.6997,77.1654,91.7,93.6,363.0,20.6,22.0,55.0,203.4
2024-12-28 00:00:00,Wazirpur,28.6997,77.1654,82.0,84.1,473.0,17.1,21.0,66.0,172.7
2024-12-28 01:00:00,Wazirpur,28.6997,77.1654,82.4,84.5,807.0,29.8,29.6,55.0,174.1
2024-12-28 02:00:00,Wazirpur,28.6997,77.1654,105.2,107.6,1242.0,46.9,41.4,40.0,249.5
2024-12-28 03:00:00,Wazirpur,28.6997,77.1654,125.3,127.6,1481.0,57.7,50.5,34.0,304.3
2024-12-28 04:00:00,Wazirpur,28.6997,77.1654,112.0,113.9,1333.0,55.7,53.9,45.0,272.7
2024-12-28 05:00:00,Wazirpur,28.6997,77.1654,103.8,105.9,989.0,47.2,54.5,65.0,244.7
2024-12-28 06:00:00,Wazirpur,28.6997,77.1654,99.9,102.0,719.0,40.6,55.2,80.0,231.4
2024-12-28 07:00:00,Wazirpur,28.6997,77.1654,99.0,101.0,614.0,38.2,57.3,87.0,228.3
2024-12-28 08:00:00,Wazirpur,28.6997,77.1654,97.3,99.4,583.0,37.6,59.5,91.0,222.5
2024-12-28 09:00:00,Wazirpur,28.6997,77.1654,95.2,97.1,627.0,40.3,61.1,88.0,215.3
2024-12-28 10:00:00,Wazirpur,28.6997,77.1654,91.5,93.1,761.0,48.5,61.5,77.0,202.7
2024-12-28 11:00:00,Wazirpur,28.6997,77.1654,95.9,97.6,969.0,59.9,61.3,59.0,217.7
2024-12-28 12:00:00,Wazirpur,28.6997,77.1654,128.5,130.4,1204.0,67.4,56.8,47.0,306.8
2024-12-28 13:00:00,Wazirpur,28.6997,77.1654,149.5,151.3,1504.0,67.0,55.3,42.0,322.9
2024-12-28 14:00:00,Wazirpur,28.6997,77.1654,155.1,156.5,1830.0,66.3,53.0,35.0,327.2
2024-12-28 15:00:00,Wazirpur,28.6997,77.1654,150.9,152.3,2023.0,63.9,49.9,30.0,323.9
2024-12-28 16:00:00,Wazirpur,28.6997,77.1654,146.7,147.6,1995.0,59.2,45.4,28.0,320.7
2024-12-28 17:00:00,Wazirpur,28.6997,77.1654,145.8,147.1,1834.0,52.8,40.1,28.0,320.0
2024-12-28 18:00:00,Wazirpur,28.6997,77.1654,143.0,143.9,1637.0,45.9,35.0,29.0,317.9
2024-12-28 19:00:00,Wazirpur,28.6997,77.1654,132.7,133.6,1399.0,37.9,30.3,32.0,310.0
2024-12-28 20:00:00,Wazirpur,28.6997,77.1654,122.9,123.9,1126.0,29.3,25.9,36.0,302.5
2024-12-28 21:00:00,Wazirpur,28.6997,77.1654,114.8,115.7,933.0,22.6,22.7,40.0,282.2
2024-12-28 22:00:00,Wazirpur,28.6997,77.1654,106.9,107.8,884.0,18.5,21.0,43.0,255.3
2024-12-28 23:00:00,Wazirpur,28.6997,77.1654,99.2,99.9,915.0,16.4,20.5,45.0,229.0
2024-12-29 00:00:00,Wazirpur,28.6997,77.1654,122.5,123.4,950.0,23.8,21.8,31.0,302.2
2024-12-29 01:00:00,Wazirpur,28.6997,77.1654,113.4,114.3,975.0,26.1,23.5,31.0,277.5
2024-12-29 02:00:00,Wazirpur,28.6997,77.1654,110.8,111.8,1004.0,29.2,25.9,32.0,268.6
2024-12-29 03:00:00,Wazirpur,28.6997,77.1654,110.6,111.5,1006.0,30.0,28.1,38.0,267.9
2024-12-29 04:00:00,Wazirpur,28.6997,77.1654,95.9,97.1,962.0,26.5,29.9,55.0,217.7
2024-12-29 05:00:00,Wazirpur,28.6997,77.1654,85.0,86.4,890.0,20.7,31.5,77.0,182.9
2024-12-29 06:00:00,Wazirpur,28.6997,77.1654,73.1,74.7,816.0,16.2,32.5,95.0,142.3
2024-12-29 07:00:00,Wazirpur,28.6997,77.1654,66.8,68.5,724.0,13.7,32.4,108.0,120.8
2024-12-29 08:00:00,Wazirpur,28.6997,77.1654,64.0,65.9,630.0,12.4,31.7,117.0,111.2
2024-12-29 09:00:00,Wazirpur,28.6997,77.1654,63.3,65.0,602.0,14.0,31.2,118.0,108.9
2024-12-29 10:00:00,Wazirpur,28.6997,77.1654,60.3,62.2,698.0,20.1,30.9,108.0,500.0
2024-12-29 11:00:00,Wazirpur,28.6997,77.1654,61.5,63.3,860.0,29.1,30.7,90.0,102.7
2024-12-29 12:00:00,Wazirpur,28.6997,77.1654,90.6,92.2,987.0,35.4,32.7,65.0,500.0
2024-12-29 13:00:00,Wazirpur,28.6997,77.1654,96.2,97.6,1044.0,36.6,32.5,58.0,218.8
2024-12-29 14:00:00,Wazirpur,28.6997,77.1654,96.2,97.1,1066.0,38.2,32.2,50.0,218.8
2024-12-29 15:00:00,Wazirpur,28.6997,77.1654,95.0,95.7,1059.0,38.0,31.1,44.0,214.7
2024-12-29 16:00:00,Wazirpur,28.6997,77.1654,92.2,92.9,1014.0,34.9,28.7,45.0,205.1
2024-12-29 17:00:00,Wazirpur,28.6997,77.1654,90.6,91.3,940.0,30.1,25.5,48.0,500.0
2024-12-29 18:00:00,Wazirpur,28.6997,77.1654,89.2,89.9,867.0,25.5,22.7,52.0,197.3
2024-12-29 19:00:00,Wazirpur,28.6997,77.1654,85.4,85.9,795.0,21.6,20.4,55.0,184.3
2024-12-29 20:00:00,Wazirpur,28.6997,77.1654,82.9,83.6,724.0,18.0,18.3,57.0,175.8
2024-12-29 21:00:00,Wazirpur,28.6997,77.1654,80.8,81.3,686.0,15.2,17.2,59.0,168.6
2024-12-29 22:00:00,Wazirpur,28.6997,77.1654,78.7,79.2,701.0,13.2,17.1,61.0,161.4
2024-12-29 23:00:00,Wazirpur,28.6997,77.1654,77.1,77.3,749.0,12.1,18.0,62.0,156.0
2024-12-30 00:00:00,Wazirpur,28.6997,77.1654,77.3,77.8,806.0,12.9,18.5,61.0,156.6
2024-12-30 01:00:00,Wazirpur,28.6997,77.1654,75.4,75.7,876.0,17.0,21.4,58.0,150.2
2024-12-30 02:00:00,Wazirpur,28.6997,77.1654,77.5,77.8,955.0,22.6,25.5,55.0,157.3
2024-12-30 03:00:00,Wazirpur,28.6997,77.1654,79.4,79.6,999.0,25.6,29.1,60.0,163.8
2024-12-30 04:00:00,Wazirpur,28.6997,77.1654,76.8,77.1,981.0,23.6,31.9,79.0,154.9
2024-12-30 05:00:00,Wazirpur,28.6997,77.1654,76.1,76.4,928.0,19.1,34.2,107.0,152.5
2024-12-30 06:00:00,Wazirpur,28.6997,77.1654,75.2,75.4,885.0,15.3,35.5,130.0,149.5
2024-12-30 07:00:00,Wazirpur,28.6997,77.1654,71.2,71.5,850.0,12.4,35.4,148.0,135.8
2024-12-30 08:00:00,Wazirpur,28.6997,77.1654,63.1,63.3,824.0,10.2,34.4,163.0,108.2
2024-12-30 09:00:00,Wazirpur,28.6997,77.1654,56.0,56.2,851.0,11.6,33.4,166.0,93.2
2024-12-30 10:00:00,Wazirpur,28.6997,77.1654,51.5,51.8,969.0,18.8,32.4,150.0,85.6
2024-12-30 11:00:00,Wazirpur,28.6997,77.1654,52.3,52.5,1140.0,29.6,31.4,122.0,87.0
2024-12-30 12:00:00,Wazirpur,28.6997,77.1654,96.2,97.3,1289.0,49.6,38.3,83.0,218.8
2024-12-30 13:00:00,Wazirpur,28.6997,77.1654,108.5,109.7,1397.0,55.3,40.6,69.0,260.7
2024-12-30 14:00:00,Wazirpur,28.6997,77.1654,118.0,119.0,1483.0,63.0,43.7,49.0,293.2
2024-12-30 15:00:00,Wazirpur,28.6997,77.1654,127.1,128.1,1526.0,67.8,46.2,34.0,305.7
2024-12-30 16:00:00,Wazirpur,28.6997,77.1654,136.0,136.9,1512.0,67.7,47.9,28.0,312.5
2024-12-30 17:00:00,Wazirpur,28.6997,77.1654,143.9,144.8,1455.0,64.8,48.9,26.0,318.6
2024-12-30 18:00:00,Wazirpur,28.6997,77.1654,145.8,147.1,1382.0,60.3,47.7,26.0,320.0
2024-12-30 19:00:00,Wazirpur,28.6997,77.1654,140.2,141.1,1286.0,53.9,42.6,29.0,315.7
2024-12-30 20:00:00,Wazirpur,28.6997,77.1654,135.0,136.4,1175.0,45.8,35.2,34.0,311.7
2024-12-30 21:00:00,Wazirpur,28.6997,77.1654,131.8,133.2,1095.0,38.2,29.3,39.0,309.3
2024-12-30 22:00:00,Wazirpur,28.6997,77.1654,127.6,129.0,1064.0,30.3,25.8,45.0,306.1
2024-12-30 23:00:00,Wazirpur,28.6997,77.1654,125.7,127.1,1064.0,22.8,23.7,52.0,304.6
2024-12-31 00:00:00,Wazirpur,28.6997,77.1654,162.5,164.4,1091.0,33.1,26.2,33.0,332.8
2024-12-31 01:00:00,Wazirpur,28.6997,77.1654,156.0,157.9,1166.0,33.5,28.1,35.0,327.9
2024-12-31 02:00:00,Wazirpur,28.6997,77.1654,158.3,159.7,1267.0,33.8,30.7,39.0,329.6
2024-12-31 03:00:00,Wazirpur,28.6997,77.1654,151.3,153.2,1329.0,32.6,33.6,48.0,324.3
2024-12-31 04:00:00,Wazirpur,28.6997,77.1654,141.6,143.4,1319.0,28.4,36.8,67.0,316.8
2024-12-31 05:00:00,Wazirpur,28.6997,77.1654,126.7,129.0,1270.0,22.8,40.1,92.0,305.4
2024-12-31 06:00:00,Wazirpur,28.6997,77.1654,108.7,111.3,1210.0,18.6,42.8,113.0,261.4
2024-12-31 07:00:00,Wazirpur,28.6997,77.1654,103.8,106.4,1115.0,16.0,44.4,130.0,244.7
2024-12-31 08:00:00,Wazirpur,28.6997,77.1654,99.2,101.7,1009.0,14.9,45.4,143.0,229.0
2024-12-31 09:00:00,Wazirpur,28.6997,77.1654,96.4,99.0,1001.0,17.8,46.1,145.0,219.4
2024-12-31 10:00:00,Wazirpur,28.6997,77.1654,93.8,96.4,1147.0,27.4,46.2,130.0,210.6
2024-12-31 11:00:00,Wazirpur,28.6997,77.1654,94.5,97.1,1390.0,41.0,46.0,105.0,212.9
2024-12-31 12:00:00,Wazirpur,28.6997,77.1654,149.9,153.2,1668.0,65.5,63.9,76.0,323.2
2024-12-31 13:00:00,Wazirpur,28.6997,77.1654,175.1,178.3,2024.0,72.7,66.4,60.0,342.5
2024-12-31 14:00:00,Wazirpur,28.6997,77.1654,193.2,196.5,2414.0,82.4,69.6,39.0,356.4
2024-12-31 15:00:00,Wazirpur,28.6997,77.1654,200.2,203.0,2644.0,87.4,70.7,23.0,361.8
2024-12-31 16:00:00,Wazirpur,28.6997,77.1654,200.2,203.5,2602.0,84.3,68.5,19.0,361.8
2024-12-31 17:00:00,Wazirpur,28.6997,77.1654,204.0,206.8,2400.0,76.5,64.1,21.0,364.7
2024-12-31 18:00:00,Wazirpur,28.6997,77.1654,199.3,202.1,2178.0,67.3,58.1,25.0,361.1
2024-12-31 19:00:00,Wazirpur,28.6997,77.1654,185.8,188.6,1960.0,56.7,49.7,31.0,350.7
2024-12-31 20:00:00,Wazirpur,28.6997,77.1654,174.6,177.4,1724.0,44.8,39.7,39.0,342.1
2024-12-31 21:00:00,Wazirpur,28.6997,77.1654,164.4,166.7,1539.0,34.6,31.5,46.0,334.3
2024-12-31 22:00:00,Wazirpur,28.6997,77.1654,156.5,158.8,1435.0,26.7,26.0,52.0,328.2
2024-12-31 23:00:00,Wazirpur,28.6997,77.1654,149.5,151.8,1382.0,20.6,22.3,57.0,322.9
2024-12-19 12:00:00,Noida Sector 62,28.6263,77.3571,144.8,147.6,1340.0,75.6,65.6,98.0,319.3
2024-12-19 13:00:00,Noida Sector 62,28.6263,77.3571,168.1,170.4,1569.0,84.5,70.3,78.0,337.1
2024-12-19 14:00:00,Noida Sector 62,28.6263,77.3571,190.0,192.3,1790.0,96.5,76.5,50.0,354.0
2024-12-19 15:00:00,Noida Sector 62,28.6263,77.3571,204.9,207.2,1908.0,103.4,79.9,29.0,365.4
2024-12-19 16:00:00,Noida Sector 62,28.6263,77.3571,212.3,214.2,1855.0,101.2,78.3,22.0,371.1
2024-12-19 17:00:00,Noida Sector 62,28.6263,77.3571,213.7,215.6,1700.0,94.0,73.9,23.0,372.1
2024-12-19 18:00:00,Noida Sector 62,28.6263,77.3571,207.2,209.1,1550.0,85.6,68.1,25.0,367.2
2024-12-19 19:00:00,Noida Sector 62,28.6263,77.3571,195.1,197.0,1429.0,76.7,60.6,28.0,357.9
2024-12-19 20:00:00,Noida Sector 62,28.6263,77.3571,184.9,186.7,1314.0,66.7,51.7,33.0,350.0
2024-12-19 21:00:00,Noida Sector 62,28.6263,77.3571,177.0,178.8,1240.0,57.7,44.6,36.0,344.0
2024-12-19 22:00:00,Noida Sector 62,28.6263,77.3571,170.9,172.3,1195.0,49.3,39.8,37.0,339.3
2024-12-19 23:00:00,Noida Sector 62,28.6263,77.3571,165.3,167.2,1191.0,42.0,36.6,37.0,335.0
2024-12-20 00:00:00,Noida Sector 62,28.6263,77.3571,147.6,149.0,1305.0,28.2,37.5,55.0,321.4
2024-12-20 01:00:00,Noida Sector 62,28.6263,77.3571,157.9,159.7,1695.0,39.2,43.6,44.0,329.3
2024-12-20 02:00:00,Noida Sector 62,28.6263,77.3571,176.0,177.9,2203.0,53.8,51.8,30.0,343.2
2024-12-20 03:00:00,Noida Sector 62,28.6263,77.3571,181.6,183.0,2429.0,61.1,57.4,34.0,347.5
2024-12-20 04:00:00,Noida Sector 62,28.6263,77.3571,156.5,157.9,2105.0,53.8,57.4,73.0,328.2
2024-12-20 05:00:00,Noida Sector 62,28.6263,77.3571,138.8,140.2,1498.0,39.1,54.8,129.0,314.7
2024-12-20 06:00:00,Noida Sector 62,28.6263,77.3571,111.8,113.9,1012.0,27.5,52.9,172.0,272.0
2024-12-20 07:00:00,Noida Sector 62,28.6263,77.3571,94.3,96.9,789.0,21.6,53.2,190.0,212.3
2024-12-20 08:00:00,Noida Sector 62,28.6263,77.3571,84.1,86.6,685.0,18.8,54.3,195.0,179.9
2024-12-20 09:00:00,Noida Sector 62,28.6263,77.3571,80.1,82.4,677.0,22.0,55.4,187.0,166.2
2024-12-20 10:00:00,Noida Sector 62,28.6263,77.3571,78.5,80.6,801.0,36.2,56.4,162.0,160.7
2024-12-20 11:00:00,Noida Sector 62,28.6263,77.3571,85.9,87.5,1019.0,56.5,57.3,125.0,186.0
2024-12-20 12:00:00,Noida Sector 62,28.6263,77.3571,115.5,117.3,1195.0,74.4,56.9,86.0,284.6
2024-12-20 13:00:00,Noida Sector 62,28.6263,77.3571,125.3,126.7,1276.0,70.4,54.7,77.0,304.3
2024-12-20 14:00:00,Noida Sector 62,28.6263,77.3571,126.7,128.5,1314.0,64.5,51.5,64.0,305.4
2024-12-20 15:00:00,Noida Sector 62,28.6263,77.3571,126.7,128.1,1328.0,58.2,48.2,55.0,305.4
2024-12-20 16:00:00,Noida Sector 62,28.6263,77.3571,127.1,128.1,1321.0,51.5,44.8,52.0,305.7
2024-12-20 17:00:00,Noida Sector 62,28.6263,77.3571,127.6,128.5,1290.0,44.2,41.3,52.0,306.1
2024-12-20 18:00:00,Noida Sector 62,28.6263,77.3571,125.7,126.7,1250.0,37.6,38.7,52.0,304.6
2024-12-20 19:00:00,Noida Sector 62,28.6263,77.3571,122.0,123.4,1197.0,31.6,37.8,52.0,301.8
2024-12-20 20:00:00,Noida Sector 62,28.6263,77.3571,119.7,120.6,1134.0,26.3,37.8,51.0,299.0
2024-12-20 21:00:00,Noida Sector 62,28.6263,77.3571,117.6,118.5,1089.0,22.3,37.7,51.0,291.8
2024-12-20 22:00:00,Noida Sector 62,28.6263,77.3571,115.9,116.9,1037.0,19.6,36.9,50.0,286.0
2024-12-20 23:00:00,Noida Sector 62,28.6263,77.3571,114.6,115.7,1002.0,18.4,35.9,49.0,281.6
2024-12-21 00:00:00,Noida Sector 62,28.6263,77.3571,116.4,117.3,1088.0,21.0,41.3,46.0,287.7
2024-12-21 01:00:00,Noida Sector 62,28.6263,77.3571,123.9,124.8,1444.0,27.1,44.6,38.0,303.2
2024-12-21 02:00:00,Noida Sector 62,28.6263,77.3571,138.3,139.2,1920.0,35.3,49.0,28.0,314.3
2024-12-21 03:00:00,Noida Sector 62,28.6263,77.3571,144.8,145.8,2171.0,40.2,51.9,30.0,319.3
2024-12-21 04:00:00,Noida Sector 62,28.6263,77.3571,143.0,143.9,1996.0,38.8,51.9,56.0,317.9
2024-12-21 05:00:00,Noida Sector 62,28.6263,77.3571,138.3,139.2,1597.0,33.9,50.3,94.0,314.3
2024-12-21 06:00:00,Noida Sector 62,28.6263,77.3571,129.5,130.4,1233.0,28.9,48.7,127.0,307.5
2024-12-21 07:00:00,Noida Sector 62,28.6263,77.3571,110.1,111.5,958.0,22.3,47.4,150.0,266.2
2024-12-21 08:00:00,Noida Sector 62,28.6263,77.3571,98.5,100.1,718.0,15.6,46.2,168.0,226.6
2024-12-21 09:00:00,Noida Sector 62,28.6263,77.3571,92.7,94.3,610.0,15.6,45.6,171.0,206.8
2024-12-21 10:00:00,Noida Sector 62,28.6263,77.3571,90.3,92.0,723.0,28.3,45.7,151.0,500.0
2024-12-21 11:00:00,Noida Sector 62,28.6263,77.3571,98.7,99.9,968.0,47.7,46.4,116.0,227.3
2024-12-21 12:00:00,Noida Sector 62,28.6263,77.3571,134.1,136.0,1170.0,62.1,50.3,84.0,311.1
2024-12-21 13:00:00,Noida Sector 62,28.6263,77.3571,152.7,154.6,1265.0,67.0,53.7,70.0,325.3
2024-12-21 14:00:00,Noida Sector 62,28.6263,77.3571,166.7,168.6,1317.0,73.7,58.4,51.0,336.1
2024-12-21 15:00:00,Noida Sector 62,28.6263,77.3571,180.2,181.6,1340.0,78.0,62.0,35.0,346.4
2024-12-21 16:00:00,Noida Sector 62,28.6263,77.3571,193.7,195.1,1333.0,78.0,63.9,26.0,356.8
2024-12-21 17:00:00,Noida Sector 62,28.6263,77.3571,206.3,208.2,1297.0,75.7,64.7,21.0,366.5
2024-12-21 18:00:00,Noida Sector 62,28.6263,77.3571,213.3,214.7,1256.0,73.0,64.3,18.0,371.8
2024-12-21 19:00:00,Noida Sector 62,28.6263,77.3571,214.2,215.6,1202.0,70.5,62.4,16.0,372.5
2024-12-21 20:00:00,Noida Sector 62,28.6263,77.3571,215.6,217.0,1143.0,67.6,59.2,16.0,373.6
2024-12-21 21:00:00,Noida Sector 62,28.6263,77.3571,214.2,216.1,1125.0,64.2,56.0,17.0,372.5
2024-12-21 22:00:00,Noida Sector 62,28.6263,77.3571,205.8,207.7,1102.0,59.2,51.8,21.0,366.1
2024-12-21 23:00:00,Noida Sector 62,28.6263,77.3571,193.7,195.6,1120.0,53.8,47.6,27.0,356.8
2024-12-22 00:00:00,Noida Sector 62,28.6263,77.3571,200.7,202.6,1369.0,57.6,44.6,20.0,362.2
2024-12-22 01:00:00,Noida Sector 62,28.6263,77.3571,204.4,206.3,2165.0,60.8,53.7,19.0,365.0
2024-12-22 02:00:00,Noida Sector 62,28.6263,77.3571,220.7,223.1,3191.0,64.8,66.2,19.0,377.5
2024-12-22 03:00:00,Noida Sector 62,28.6263,77.3571,238.0,239.3,3683.0,64.8,74.9,32.0,390.8
2024-12-22 04:00:00,Noida Sector 62,28.6263,77.3571,218.9,220.3,3134.0,57.4,76.5,69.0,376.1
2024-12-22 05:00:00,Noida Sector 62,28.6263,77.3571,185.8,187.7,2052.0,45.9,74.3,120.0,350.7
2024-12-22 06:00:00,Noida Sector 62,28.6263,77.3571,140.2,142.5,1196.0,36.0,71.8,159.0,315.7
2024-12-22 07:00:00,Noida Sector 62,28.6263,77.3571,117.6,119.7,860.0,26.5,69.1,181.0,291.8
2024-12-22 08:00:00,Noida Sector 62,28.6263,77.3571,101.7,103.8,749.0,18.5,66.0,192.0,237.5
2024-12-22 09:00:00,Noida Sector 62,28.6263,77.3571,93.8,95.9,739.0,20.7,65.0,188.0,210.6
2024-12-22 10:00:00,Noida Sector 62,28.6263,77.3571,90.6,92.4,814.0,41.8,67.7,162.0,500.0
2024-12-22 11:00:00,Noida Sector 62,28.6263,77.3571,105.5,107.1,990.0,73.2,72.5,122.0,250.5
2024-12-22 12:00:00,Noida Sector 62,28.6263,77.3571,158.8,160.7,1185.0,101.3,82.2,75.0,330.0
2024-12-22 13:00:00,Noida Sector 62,28.6263,77.3571,190.0,191.4,1416.0,103.8,84.7,63.0,354.0
2024-12-22 14:00:00,Noida Sector 62,28.6263,77.3571,207.2,209.1,1665.0,106.9,87.9,46.0,367.2
2024-12-22 15:00:00,Noida Sector 62,28.6263,77.3571,210.5,211.9,1804.0,107.0,87.9,34.0,369.7
2024-12-22 16:00:00,Noida Sector 62,28.6263,77.3571,203.0,204.4,1750.0,102.9,82.3,32.0,363.9
2024-12-22 17:00:00,Noida Sector 62,28.6263,77.3571,197.9,199.3,1585.0,95.9,73.5,36.0,360.0
2024-12-22 18:00:00,Noida Sector 62,28.6263,77.3571,183.9,185.3,1424.0,85.5,64.8,42.0,349.3
2024-12-22 19:00:00,Noida Sector 62,28.6263,77.3571,164.4,165.3,1297.0,68.9,56.3,53.0,334.3
2024-12-22 20:00:00,Noida Sector 62,28.6263,77.3571,146.2,147.1,1173.0,49.1,47.8,66.0,320.3
2024-12-22 21:00:00,Noida Sector 62,28.6263,77.3571,139.2,140.6,1083.0,34.4,42.1,75.0,315.0
2024-12-22 22:00:00,Noida Sector 62,28.6263,77.3571,138.8,140.2,1008.0,28.0,40.3,76.0,314.7
2024-12-22 23:00:00,Noida Sector 62,28.6263,77.3571,142.0,143.4,966.0,26.7,41.2,71.0,317.1
2024-12-23 00:00:00,Noida Sector 62,28.6263,77.3571,117.6,118.7,1037.0,18.7,34.3,76.0,291.8
2024-12-23 01:00:00,Noida Sector 62,28.6263,77.3571,122.9,123.9,1364.0,30.0,38.4,62.0,302.5
2024-12-23 02:00:00,Noida Sector 62,28.6263,77.3571,137.4,138.8,1804.0,45.4,44.1,44.0,313.6
2024-12-23 03:00:00,Noida Sector 62,28.6263,77.3571,156.9,157.9,2012.0,55.4,47.6,36.0,328.6
2024-12-23 04:00:00,Noida Sector 62,28.6263,77.3571,149.9,150.9,1762.0,55.4,47.0,47.0,323.2
2024-12-23 05:00:00,Noida Sector 62,28.6263,77.3571,145.8,146.7,1279.0,50.2,44.4,69.0,320.0
2024-12-23 06:00:00,Noida Sector 62,28.6263,77.3571,143.9,145.3,895.0,44.2,42.1,89.0,318.6
2024-12-23 07:00:00,Noida Sector 62,28.6263,77.3571,131.3,132.7,738.0,38.0,41.1,106.0,308.9
2024-12-23 08:00:00,Noida Sector 62,28.6263,77.3571,116.6,118.3,680.0,31.0,40.5,122.0,288.4
2024-12-23 09:00:00,Noida Sector 62,28.6263,77.3571,110.8,112.5,668.0,26.8,40.0,130.0,268.6
2024-12-23 10:00:00,Noida Sector 62,28.6263,77.3571,105.9,107.8,711.0,27.8,39.9,127.0,251.9
2024-12-23 11:00:00,Noida Sector 62,28.6263,77.3571,100.8,102.4,799.0,31.5,40.1,116.0,234.5
2024-12-23 12:00:00,Noida Sector 62,28.6263,77.3571,129.9,131.8,855.0,38.6,38.7,106.0,307.8
2024-12-23 13:00:00,Noida Sector 62,28.6263,77.3571,123.9,126.2,835.0,36.8,39.4,98.0,303.2
2024-12-23 14:00:00,Noida Sector 62,28.6263,77.3571,120.1,122.0,782.0,34.3,40.4,86.0,500.0
2024-12-23 15:00:00,Noida Sector 62,28.6263,77.3571,116.6,118.5,743.0,32.8,41.0,75.0,288.4
2024-12-23 16:00:00,Noida Sector 62,28.6263,77.3571,114.6,116.4,744.0,33.4,41.2,66.0,281.6
2024-12-23 17:00:00,Noida Sector 62,28.6263,77.3571,115.7,117.8,758.0,34.9,41.2,59.0,285.3
2024-12-23 18:00:00,Noida Sector 62,28.6263,77.3571,116.6,118.5,758.0,35.1,40.2,53.0,288.4
2024-12-23 19:00:00,Noida Sector 62,28.6263,77.3571,113.9,115.7,723.0,32.4,37.9,51.0,279.2
2024-12-23 20:00:00,Noida Sector 62,28.6263,77.3571,110.6,112.7,673.0,28.3,34.7,52.0,267.9
2024-12-23 21:00:00,Noida Sector 62,28.6263,77.3571,109.7,111.8,639.0,25.1,31.7,51.0,264.8
2024-12-23 22:00:00,Noida Sector 62,28.6263,77.3571,108.5,110.4,621.0,23.2,28.9,47.0,260.7
2024-12-23 23:00:00,Noida Sector 62,28.6263,77.3571,105.7,107.3,618.0,22.1,26.3,43.0,251.2
2024-12-24 00:00:00,Noida Sector 62,28.6263,77.3571,83.1,85.0,663.0,17.2,17.5,60.0,176.4
2024-12-24 01:00:00,Noida Sector 62,28.6263,77.3571,84.5,86.4,815.0,24.2,20.1,54.0,181.2
2024-12-24 02:00:00,Noida Sector 62,28.6263,77.3571,93.1,95.0,1015.0,33.6,23.6,47.0,208.2
2024-12-24 03:00:00,Noida Sector 62,28.6263,77.3571,102.9,105.0,1116.0,38.9,26.5,49.0,241.6
2024-12-24 04:00:00,Noida Sector 62,28.6263,77.3571,108.0,109.9,1026.0,36.2,27.7,68.0,259.0
2024-12-24 05:00:00,Noida Sector 62,28.6263,77.3571,106.9,109.2,837.0,29.6,28.2,97.0,255.3
2024-12-24 06:00:00,Noida Sector 62,28.6263,77.3571,102.7,105.7,680.0,24.2,29.6,121.0,240.9
2024-12-24 07:00:00,Noida Sector 62,28.6263,77.3571,106.4,109.7,567.0,19.6,32.0,138.0,253.6
2024-12-24 08:00:00,Noida Sector 62,28.6263,77.3571,107.1,110.6,485.0,16.3,35.3,151.0,256.0
2024-12-24 09:00:00,Noida Sector 62,28.6263,77.3571,107.8,111.1,534.0,21.6,40.0,150.0,258.4
2024-12-24 10:00:00,Noida Sector 62,28.6263,77.3571,108.7,111.8,834.0,43.5,46.5,126.0,261.4
2024-12-24 11:00:00,Noida Sector 62,28.6263,77.3571,119.7,122.0,1264.0,73.9,54.6,88.0,299.0
2024-12-24 12:00:00,Noida Sector 62,28.6263,77.3571,134.1,136.0,1558.0,77.1,46.7,62.0,311.1
2024-12-24 13:00:00,Noida Sector 62,28.6263,77.3571,142.5,143.9,1537.0,74.5,46.8,56.0,317.5
2024-12-24 14:00:00,Noida Sector 62,28.6263,77.3571,141.6,143.0,1381.0,70.5,46.6,47.0,316.8
2024-12-24 15:00:00,Noida Sector 62,28.6263,77.3571,131.8,133.2,1361.0,65.0,44.8,41.0,309.3
2024-12-24 16:00:00,Noida Sector 62,28.6263,77.3571,120.1,121.5,1671.0,56.9,40.0,39.0,500.0
2024-12-24 17:00:00,Noida Sector 62,28.6263,77.3571,111.8,112.9,2118.0,47.2,33.5,38.0,272.0
2024-12-24 18:00:00,Noida Sector 62,28.6263,77.3571,105.5,106.6,2388.0,39.0,28.0,38.0,250.5
2024-12-24 19:00:00,Noida Sector 62,28.6263,77.3571,100.4,101.5,2318.0,33.3,24.3,37.0,233.1
2024-12-24 20:00:00,Noida Sector 62,28.6263,77.3571,98.0,99.4,2073.0,29.1,21.5,37.0,224.9
2024-12-24 21:00:00,Noida Sector 62,28.6263,77.3571,98.0,99.2,1833.0,26.1,19.5,36.0,224.9
2024-12-24 22:00:00,Noida Sector 62,28.6263,77.3571,98.7,100.1,1609.0,24.0,18.1,35.0,227.3
2024-12-24 23:00:00,Noida Sector 62,28.6263,77.3571,99.7,101.0,1390.0,23.2,17.5,34.0,230.7
2024-12-25 00:00:00,Noida Sector 62,28.6263,77.3571,94.3,95.7,1328.0,21.1,16.8,39.0,212.3
2024-12-25 01:00:00,Noida Sector 62,28.6263,77.3571,101.0,102.4,1598.0,28.4,23.0,31.0,235.1
2024-12-25 02:00:00,Noida Sector 62,28.6263,77.3571,118.0,119.7,2024.0,38.3,31.4,21.0,293.2
2024-12-25 03:00:00,Noida Sector 62,28.6263,77.3571,134.6,136.0,2229.0,43.8,37.2,24.0,311.4
2024-12-25 04:00:00,Noida Sector 62,28.6263,77.3571,128.1,129.0,1991.0,41.0,37.0,52.0,306.4
2024-12-25 05:00:00,Noida Sector 62,28.6263,77.3571,119.7,121.1,1532.0,33.8,34.0,93.0,299.0
2024-12-25 06:00:00,Noida Sector 62,28.6263,77.3571,95.7,97.6,1145.0,27.4,33.3,126.0,217.0
2024-12-25 07:00:00,Noida Sector 62,28.6263,77.3571,87.8,90.1,923.0,22.1,37.7,147.0,192.5
2024-12-25 08:00:00,Noida Sector 62,28.6263,77.3571,91.7,94.1,772.0,17.5,44.4,161.0,203.4
2024-12-25 09:00:00,Noida Sector 62,28.6263,77.3571,94.1,96.4,708.0,18.3,49.3,162.0,211.6
2024-12-25 10:00:00,Noida Sector 62,28.6263,77.3571,94.5,96.9,755.0,28.6,50.3,143.0,212.9
2024-12-25 11:00:00,Noida Sector 62,28.6263,77.3571,100.1,102.0,889.0,44.2,49.5,111.0,232.1
2024-12-25 12:00:00,Noida Sector 62,28.6263,77.3571,133.2,135.0,1050.0,57.4,47.5,74.0,310.4
2024-12-25 13:00:00,Noida Sector 62,28.6263,77.3571,144.4,146.2,1248.0,61.4,50.0,61.0,319.0
2024-12-25 14:00:00,Noida Sector 62,28.6263,77.3571,151.8,153.2,1473.0,66.8,53.5,43.0,324.6
2024-12-25 15:00:00,Noida Sector 62,28.6263,77.3571,160.7,161.6,1633.0,70.3,56.4,29.0,331.5
2024-12-25 16:00:00,Noida Sector 62,28.6263,77.3571,167.6,169.0,1685.0,70.0,58.6,23.0,336.8
2024-12-25 17:00:00,Noida Sector 62,28.6263,77.3571,174.6,176.0,1673.0,67.8,60.2,20.0,342.1
2024-12-25 18:00:00,Noida Sector 62,28.6263,77.3571,178.3,179.3,1631.0,65.3,60.1,18.0,345.0
2024-12-25 19:00:00,Noida Sector 62,28.6263,77.3571,179.3,180.2,1552.0,63.3,57.0,15.0,345.7
2024-12-25 20:00:00,Noida Sector 62,28.6263,77.3571,179.7,180.7,1444.0,61.1,52.2,13.0,346.0
2024-12-25 21:00:00,Noida Sector 62,28.6263,77.3571,178.8,180.2,1364.0,58.4,48.2,12.0,345.4
2024-12-25 22:00:00,Noida Sector 62,28.6263,77.3571,175.6,176.5,1298.0,54.2,45.6,13.0,342.9
2024-12-25 23:00:00,Noida Sector 62,28.6263,77.3571,170.0,170.9,1260.0,49.6,43.8,15.0,338.6
2024-12-26 00:00:00,Noida Sector 62,28.6263,77.3571,182.5,183.9,1345.0,48.6,39.7,9.0,348.2
2024-12-26 01:00:00,Noida Sector 62,28.6263,77.3571,173.7,174.6,1707.0,48.1,42.1,6.0,341.4
2024-12-26 02:00:00,Noida Sector 62,28.6263,77.3571,186.3,187.2,2193.0,47.3,45.4,4.0,351.1
2024-12-26 03:00:00,Noida Sector 62,28.6263,77.3571,192.3,192.8,2439.0,45.7,47.9,16.0,355.7
2024-12-26 04:00:00,Noida Sector 62,28.6263,77.3571,192.3,192.8,2232.0,43.1,48.3,56.0,355.7
2024-12-26 05:00:00,Noida Sector 62,28.6263,77.3571,180.2,180.7,1784.0,39.7,47.8,110.0,346.4
2024-12-26 06:00:00,Noida Sector 62,28.6263,77.3571,146.7,147.6,1375.0,36.2,48.4,151.0,320.7
2024-12-26 07:00:00,Noida Sector 62,28.6263,77.3571,100.1,101.3,1039.0,29.2,50.5,172.0,232.1
2024-12-26 08:00:00,Noida Sector 62,28.6263,77.3571,80.6,82.0,742.0,22.0,53.7,180.0,167.9
2024-12-26 09:00:00,Noida Sector 62,28.6263,77.3571,75.9,77.5,651.0,25.3,58.1,174.0,151.9
2024-12-26 10:00:00,Noida Sector 62,28.6263,77.3571,75.4,77.5,863.0,48.6,64.3,147.0,150.2
2024-12-26 11:00:00,Noida Sector 62,28.6263,77.3571,88.2,89.9,1283.0,82.5,71.7,106.0,193.9
2024-12-26 12:00:00,Noida Sector 62,28.6263,77.3571,139.2,142.0,1790.0,103.4,69.3,63.0,315.0
2024-12-26 13:00:00,Noida Sector 62,28.6263,77.3571,170.4,172.8,2467.0,109.4,75.6,49.0,338.9
2024-12-26 14:00:00,Noida Sector 62,28.6263,77.3571,190.9,193.2,3232.0,117.5,84.2,29.0,354.6
2024-12-26 15:00:00,Noida Sector 62,28.6263,77.3571,212.3,214.7,3723.0,122.3,89.2,15.0,371.1
2024-12-26 16:00:00,Noida Sector 62,28.6263,77.3571,230.0,232.8,3767.0,121.7,88.6,10.0,384.7
2024-12-26 17:00:00,Noida Sector 62,28.6263,77.3571,235.6,238.4,3537.0,117.7,84.6,11.0,388.9
2024-12-26 18:00:00,Noida Sector 62,28.6263,77.3571,220.3,223.1,3194.0,110.9,77.5,13.0,377.2
2024-12-26 19:00:00,Noida Sector 62,28.6263,77.3571,205.8,208.2,2715.0,99.6,65.4,17.0,366.1
2024-12-26 20:00:00,Noida Sector 62,28.6263,77.3571,185.8,187.7,2122.0,85.4,50.4,23.0,350.7
2024-12-26 21:00:00,Noida Sector 62,28.6263,77.3571,162.1,164.4,1646.0,73.9,38.7,28.0,332.5
2024-12-26 22:00:00,Noida Sector 62,28.6263,77.3571,145.3,147.1,1379.0,67.3,33.4,31.0,319.6
2024-12-26 23:00:00,Noida Sector 62,28.6263,77.3571,144.4,146.7,1229.0,63.4,31.6,33.0,319.0
2024-12-27 00:00:00,Noida Sector 62,28.6263,77.3571,146.2,148.1,1147.0,71.4,44.3,25.0,320.3
2024-12-27 01:00:00,Noida Sector 62,28.6263,77.3571,130.9,132.7,1167.0,68.8,45.3,26.0,308.6
2024-12-27 02:00:00,Noida Sector 62,28.6263,77.3571,138.8,140.6,1256.0,64.9,46.4,28.0,314.7
2024-12-27 03:00:00,Noida Sector 62,28.6263,77.3571,140.6,142.0,1259.0,60.3,45.4,33.0,316.0
2024-12-27 04:00:00,Noida Sector 62,28.6263,77.3571,138.8,140.2,1077.0,54.6,40.6,45.0,314.7
2024-12-27 05:00:00,Noida Sector 62,28.6263,77.3571,117.6,119.2,811.0,48.2,33.8,60.0,291.8
2024-12-27 06:00:00,Noida Sector 62,28.6263,77.3571,97.8,99.7,608.0,42.2,27.9,72.0,224.2
2024-12-27 07:00:00,Noida Sector 62,28.6263,77.3571,94.5,97.1,532.0,36.6,24.2,77.0,212.9
2024-12-27 08:00:00,Noida Sector 62,28.6263,77.3571,91.5,93.8,519.0,31.4,21.5,79.0,202.7
2024-12-27 09:00:00,Noida Sector 62,28.6263,77.3571,89.4,91.3,533.0,28.1,19.3,79.0,198.0
2024-12-27 10:00:00,Noida Sector 62,28.6263,77.3571,85.4,87.1,583.0,28.0,17.3,78.0,184.3
2024-12-27 11:00:00,Noida Sector 62,28.6263,77.3571,80.6,82.0,660.0,29.8,15.9,75.0,167.9
2024-12-27 12:00:00,Noida Sector 62,28.6263,77.3571,94.3,96.6,693.0,36.8,16.6,64.0,212.3
2024-12-27 13:00:00,Noida Sector 62,28.6263,77.3571,93.6,95.7,638.0,35.2,17.7,64.0,209.9
2024-12-27 14:00:00,Noida Sector 62,28.6263,77.3571,96.6,98.7,539.0,32.8,19.2,64.0,220.1
2024-12-27 15:00:00,Noida Sector 62,28.6263,77.3571,98.3,100.4,464.0,30.6,20.6,65.0,225.9
2024-12-27 16:00:00,Noida Sector 62,28.6263,77.3571,102.2,104.5,445.0,28.8,21.7,66.0,239.2
2024-12-27 17:00:00,Noida Sector 62,28.6263,77.3571,106.9,109.2,450.0,27.1,22.6,68.0,255.3
2024-12-27 18:00:00,Noida Sector 62,28.6263,77.3571,104.3,106.6,445.0,25.5,23.2,68.0,246.4
2024-12-27 19:00:00,Noida Sector 62,28.6263,77.3571,100.8,103.1,410.0,23.7,23.1,66.0,234.5
2024-12-27 20:00:00,Noida Sector 62,28.6263,77.3571,100.4,102.7,367.0,21.9,22.5,63.0,233.1
2024-12-27 21:00:00,Noida Sector 62,28.6263,77.3571,99.9,102.0,344.0,20.9,22.3,60.0,231.4
2024-12-27 22:00:00,Noida Sector 62,28.6263,77.3571,96.2,98.0,317.0,20.3,22.0,57.0,218.8
2024-12-27 23:00:00,Noida Sector 62,28.6263,77.3571,91.7,93.6,311.0,20.6,22.0,55.0,203.4
2024-12-28 00:00:00,Noida Sector 62,28.6263,77.3571,82.0,84.1,434.0,17.1,21.0,66.0,172.7
2024-12-28 01:00:00,Noida Sector 62,28.6263,77.3571,82.4,84.5,843.0,29.8,29.6,55.0,174.1
2024-12-28 02:00:00,Noida Sector 62,28.6263,77.3571,105.2,107.6,1382.0,46.9,41.4,40.0,249.5
2024-12-28 03:00:00,Noida Sector 62,28.6263,77.3571,125.3,127.6,1687.0,57.7,50.5,34.0,304.3
2024-12-28 04:00:00,Noida Sector 62,28.6263,77.3571,112.0,113.9,1538.0,55.7,53.9,45.0,272.7
2024-12-28 05:00:00,Noida Sector 62,28.6263,77.3571,103.8,105.9,1157.0,47.2,54.5,65.0,244.7
2024-12-28 06:00:00,Noida Sector 62,28.6263,77.3571,99.9,102.0,844.0,40.6,55.2,80.0,231.4
2024-12-28 07:00:00,Noida Sector 62,28.6263,77.3571,99.0,101.0,682.0,38.2,57.3,87.0,228.3
2024-12-28 08:00:00,Noida Sector 62,28.6263,77.3571,97.3,99.4,589.0,37.6,59.5,91.0,222.5
2024-12-28 09:00:00,Noida Sector 62,28.6263,77.3571,95.2,97.1,618.0,40.3,61.1,88.0,215.3
2024-12-28 10:00:00,Noida Sector 62,28.6263,77.3571,91.5,93.1,824.0,48.5,61.5,77.0,202.7
2024-12-28 11:00:00,Noida Sector 62,28.6263,77.3571,95.9,97.6,1154.0,59.9,61.3,59.0,217.7
2024-12-28 12:00:00,Noida Sector 62,28.6263,77.3571,128.5,130.4,1497.0,67.4,56.8,47.0,306.8
2024-12-28 13:00:00,Noida Sector 62,28.6263,77.3571,149.5,151.3,1863.0,67.0,55.3,42.0,322.9
2024-12-28 14:00:00,Noida Sector 62,28.6263,77.3571,155.1,156.5,2244.0,66.3,53.0,35.0,327.2
2024-12-28 15:00:00,Noida Sector 62,28.6263,77.3571,150.9,152.3,2504.0,63.9,49.9,30.0,323.9
2024-12-28 16:00:00,Noida Sector 62,28.6263,77.3571,146.7,147.6,2596.0,59.2,45.4,28.0,320.7
2024-12-28 17:00:00,Noida Sector 62,28.6263,77.3571,145.8,147.1,2568.0,52.8,40.1,28.0,320.0
2024-12-28 18:00:00,Noida Sector 62,28.6263,77.3571,143.0,143.9,2427.0,45.9,35.0,29.0,317.9
2024-12-28 19:00:00,Noida Sector 62,28.6263,77.3571,132.7,133.6,2110.0,37.9,30.3,32.0,310.0
2024-12-28 20:00:00,Noida Sector 62,28.6263,77.3571,122.9,123.9,1680.0,29.3,25.9,36.0,302.5
2024-12-28 21:00:00,Noida Sector 62,28.6263,77.3571,114.8,115.7,1336.0,22.6,22.7,40.0,282.2
2024-12-28 22:00:00,Noida Sector 62,28.6263,77.3571,106.9,107.8,1162.0,18.5,21.0,43.0,255.3
2024-12-28 23:00:00,Noida Sector 62,28.6263,77.3571,99.2,99.9,1074.0,16.4,20.5,45.0,229.0
2024-12-29 00:00:00,Noida Sector 62,28.6263,77.3571,122.5,123.4,1023.0,23.8,21.8,31.0,302.2
2024-12-29 01:00:00,Noida Sector 62,28.6263,77.3571,113.4,114.3,1010.0,26.1,23.5,31.0,277.5
2024-12-29 02:00:00,Noida Sector 62,28.6263,77.3571,110.8,111.8,1034.0,29.2,25.9,32.0,268.6
2024-12-29 03:00:00,Noida Sector 62,28.6263,77.3571,110.6,111.5,1039.0,30.0,28.1,38.0,267.9
2024-12-29 04:00:00,Noida Sector 62,28.6263,77.3571,95.9,97.1,1000.0,26.5,29.9,55.0,217.7
2024-12-29 05:00:00,Noida Sector 62,28.6263,77.3571,85.0,86.4,942.0,20.7,31.5,77.0,182.9
2024-12-29 06:00:00,Noida Sector 62,28.6263,77.3571,73.1,74.7,882.0,16.2,32.5,95.0,142.3
2024-12-29 07:00:00,Noida Sector 62,28.6263,77.3571,66.8,68.5,800.0,13.7,32.4,108.0,120.8
2024-12-29 08:00:00,Noida Sector 62,28.6263,77.3571,64.0,65.9,715.0,12.4,31.7,117.0,111.2
2024-12-29 09:00:00,Noida Sector 62,28.6263,77.3571,63.3,65.0,705.0,14.0,31.2,118.0,108.9
2024-12-29 10:00:00,Noida Sector 62,28.6263,77.3571,60.3,62.2,830.0,20.1,30.9,108.0,500.0
2024-12-29 11:00:00,Noida Sector 62,28.6263,77.3571,61.5,63.3,1029.0,29.1,30.7,90.0,102.7
2024-12-29 12:00:00,Noida Sector 62,28.6263,77.3571,90.6,92.2,1197.0,35.4,32.7,65.0,500.0
2024-12-29 13:00:00,Noida Sector 62,28.6263,77.3571,96.2,97.6,1313.0,36.6,32.5,58.0,218.8
2024-12-29 14:00:00,Noida Sector 62,28.6263,77.3571,96.2,97.1,1398.0,38.2,32.2,50.0,218.8
2024-12-29 15:00:00,Noida Sector 62,28.6263,77.3571,95.0,95.7,1413.0,38.0,31.1,44.0,214.7
2024-12-29 16:00:00,Noida Sector 62,28.6263,77.3571,92.2,92.9,1316.0,34.9,28.7,45.0,205.1
2024-12-29 17:00:00,Noida Sector 62,28.6263,77.3571,90.6,91.3,1149.0,30.1,25.5,48.0,500.0
2024-12-29 18:00:00,Noida Sector 62,28.6263,77.3571,89.2,89.9,998.0,25.5,22.7,52.0,197.3
2024-12-29 19:00:00,Noida Sector 62,28.6263,77.3571,85.4,85.9,884.0,21.6,20.4,55.0,184.3
2024-12-29 20:00:00,Noida Sector 62,28.6263,77.3571,82.9,83.6,786.0,18.0,18.3,57.0,175.8
2024-12-29 21:00:00,Noida Sector 62,28.6263,77.3571,80.8,81.3,726.0,15.2,17.2,59.0,168.6
2024-12-29 22:00:00,Noida Sector 62,28.6263,77.3571,78.7,79.2,719.0,13.2,17.1,61.0,161.4
2024-12-29 23:00:00,Noida Sector 62,28.6263,77.3571,77.1,77.3,752.0,12.1,18.0,62.0,156.0
2024-12-30 00:00:00,Noida Sector 62,28.6263,77.3571,77.3,77.8,803.0,12.9,18.5,61.0,156.6
2024-12-30 01:00:00,Noida Sector 62,28.6263,77.3571,75.4,75.7,885.0,17.0,21.4,58.0,150.2
2024-12-30 02:00:00,Noida Sector 62,28.6263,77.3571,77.5,77.8,987.0,22.6,25.5,55.0,157.3
2024-12-30 03:00:00,Noida Sector 62,28.6263,77.3571,79.4,79.6,1053.0,25.6,29.1,60.0,163.8
2024-12-30 04:00:00,Noida Sector 62,28.6263,77.3571,76.8,77.1,1050.0,23.6,31.9,79.0,154.9
2024-12-30 05:00:00,Noida Sector 62,28.6263,77.3571,76.1,76.4,1011.0,19.1,34.2,107.0,152.5
2024-12-30 06:00:00,Noida Sector 62,28.6263,77.3571,75.2,75.4,981.0,15.3,35.5,130.0,149.5
2024-12-30 07:00:00,Noida Sector 62,28.6263,77.3571,71.2,71.5,949.0,12.4,35.4,148.0,135.8
2024-12-30 08:00:00,Noida Sector 62,28.6263,77.3571,63.1,63.3,926.0,10.2,34.4,163.0,108.2
2024-12-30 09:00:00,Noida Sector 62,28.6263,77.3571,56.0,56.2,985.0,11.6,33.4,166.0,93.2
2024-12-30 10:00:00,Noida Sector 62,28.6263,77.3571,51.5,51.8,1196.0,18.8,32.4,150.0,85.6
2024-12-30 11:00:00,Noida Sector 62,28.6263,77.3571,52.3,52.5,1491.0,29.6,31.4,122.0,87.0
2024-12-30 12:00:00,Noida Sector 62,28.6263,77.3571,96.2,97.3,1735.0,49.6,38.3,83.0,218.8
2024-12-30 13:00:00,Noida Sector 62,28.6263,77.3571,108.5,109.7,1894.0,55.3,40.6,69.0,260.7
2024-12-30 14:00:00,Noida Sector 62,28.6263,77.3571,118.0,119.0,2004.0,63.0,43.7,49.0,293.2
2024-12-30 15:00:00,Noida Sector 62,28.6263,77.3571,127.1,128.1,2035.0,67.8,46.2,34.0,305.7
2024-12-30 16:00:00,Noida Sector 62,28.6263,77.3571,136.0,136.9,1956.0,67.7,47.9,28.0,312.5
2024-12-30 17:00:00,Noida Sector 62,28.6263,77.3571,143.9,144.8,1798.0,64.8,48.9,26.0,318.6
2024-12-30 18:00:00,Noida Sector 62,28.6263,77.3571,145.8,147.1,1634.0,60.3,47.7,26.0,320.0
2024-12-30 19:00:00,Noida Sector 62,28.6263,77.3571,140.2,141.1,1470.0,53.9,42.6,29.0,315.7
2024-12-30 20:00:00,Noida Sector 62,28.6263,77.3571,135.0,136.4,1299.0,45.8,35.2,34.0,311.7
2024-12-30 21:00:00,Noida Sector 62,28.6263,77.3571,131.8,133.2,1172.0,38.2,29.3,39.0,309.3
2024-12-30 22:00:00,Noida Sector 62,28.6263,77.3571,127.6,129.0,1106.0,30.3,25.8,45.0,306.1
2024-12-30 23:00:00,Noida Sector 62,28.6263,77.3571,125.7,127.1,1084.0,22.8,23.7,52.0,304.6
2024-12-31 00:00:00,Noida Sector 62,28.6263,77.3571,162.5,164.4,1110.0,33.1,26.2,33.0,332.8
2024-12-31 01:00:00,Noida Sector 62,28.6263,77.3571,156.0,157.9,1221.0,33.5,28.1,35.0,327.9
2024-12-31 02:00:00,Noida Sector 62,28.6263,77.3571,158.3,159.7,1380.0,33.8,30.7,39.0,329.6
2024-12-31 03:00:00,Noida Sector 62,28.6263,77.3571,151.3,153.2,1478.0,32.6,33.6,48.0,324.3
2024-12-31 04:00:00,Noida Sector 62,28.6263,77.3571,141.6,143.4,1461.0,28.4,36.8,67.0,316.8
2024-12-31 05:00:00,Noida Sector 62,28.6263,77.3571,126.7,129.0,1384.0,22.8,40.1,92.0,305.4
2024-12-31 06:00:00,Noida Sector 62,28.6263,77.3571,108.7,111.3,1304.0,18.6,42.8,113.0,261.4
2024-12-31 07:00:00,Noida Sector 62,28.6263,77.3571,103.8,106.4,1196.0,16.0,44.4,130.0,244.7
2024-12-31 08:00:00,Noida Sector 62,28.6263,77.3571,99.2,101.7,1085.0,14.9,45.4,143.0,229.0
2024-12-31 09:00:00,Noida Sector 62,28.6263,77.3571,96.4,99.0,1110.0,17.8,46.1,145.0,219.4
2024-12-31 10:00:00,Noida Sector 62,28.6263,77.3571,93.8,96.4,1369.0,27.4,46.2,130.0,210.6
2024-12-31 11:00:00,Noida Sector 62,28.6263,77.3571,94.5,97.1,1763.0,41.0,46.0,105.0,212.9
2024-12-31 12:00:00,Noida Sector 62,28.6263,77.3571,149.9,153.2,2135.0,65.5,63.9,76.0,323.2
2024-12-31 13:00:00,Noida Sector 62,28.6263,77.3571,175.1,178.3,2472.0,72.7,66.4,60.0,342.5
2024-12-31 14:00:00,Noida Sector 62,28.6263,77.3571,193.2,196.5,2787.0,82.4,69.6,39.0,356.4
2024-12-31 15:00:00,Noida Sector 62,28.6263,77.3571,200.2,203.0,2960.0,87.4,70.7,23.0,361.8
2024-12-31 16:00:00,Noida Sector 62,28.6263,77.3571,200.2,203.5,2922.0,84.3,68.5,19.0,361.8
2024-12-31 17:00:00,Noida Sector 62,28.6263,77.3571,204.0,206.8,2743.0,76.5,64.1,21.0,364.7
2024-12-31 18:00:00,Noida Sector 62,28.6263,77.3571,199.3,202.1,2511.0,67.3,58.1,25.0,361.1
2024-12-31 19:00:00,Noida Sector 62,28.6263,77.3571,185.8,188.6,2214.0,56.7,49.7,31.0,350.7
2024-12-31 20:00:00,Noida Sector 62,28.6263,77.3571,174.6,177.4,1864.0,44.8,39.7,39.0,342.1
2024-12-31 21:00:00,Noida Sector 62,28.6263,77.3571,164.4,166.7,1592.0,34.6,31.5,46.0,334.3
2024-12-31 22:00:00,Noida Sector 62,28.6263,77.3571,156.5,158.8,1447.0,26.7,26.0,52.0,328.2
2024-12-31 23:00:00,Noida Sector 62,28.6263,77.3571,149.5,151.8,1378.0,20.6,22.3,57.0,322.9
2024-12-19 12:00:00,Greater Noida,28.4744,77.504,129.0,131.3,1418.0,41.6,33.3,109.0,307.1
2024-12-19 13:00:00,Greater Noida,28.4744,77.504,149.0,151.8,1655.0,49.9,35.4,89.0,322.5
2024-12-19 14:00:00,Greater Noida,28.4744,77.504,170.4,172.8,1873.0,61.2,38.2,62.0,338.9
2024-12-19 15:00:00,Greater Noida,28.4744,77.504,186.3,188.6,1989.0,67.9,39.8,41.0,351.1
2024-12-19 16:00:00,Greater Noida,28.4744,77.504,196.0,197.9,1941.0,66.5,39.4,34.0,358.6
2024-12-19 17:00:00,Greater Noida,28.4744,77.504,201.2,203.5,1790.0,60.7,37.8,33.0,362.5
2024-12-19 18:00:00,Greater Noida,28.4744,77.504,201.2,203.0,1640.0,53.6,35.7,35.0,362.5
2024-12-19 19:00:00,Greater Noida,28.4744,77.504,193.2,195.1,1512.0,45.3,32.8,38.0,356.4
2024-12-19 20:00:00,Greater Noida,28.4744,77.504,184.9,186.7,1384.0,35.9,29.3,43.0,350.0
2024-12-19 21:00:00,Greater Noida,28.4744,77.504,177.9,179.7,1293.0,28.4,26.9,47.0,344.7
2024-12-19 22:00:00,Greater Noida,28.4744,77.504,170.9,172.8,1247.0,23.6,26.1,49.0,339.3
2024-12-19 23:00:00,Greater Noida,28.4744,77.504,165.3,167.2,1237.0,20.8,26.3,51.0,335.0
2024-12-20 00:00:00,Greater Noida,28.4744,77.504,141.6,143.4,1274.0,14.6,27.0,66.0,316.8
2024-12-20 01:00:00,Greater Noida,28.4744,77.504,147.1,149.0,1427.0,21.6,29.0,57.0,321.0
2024-12-20 02:00:00,Greater Noida,28.4744,77.504,158.8,160.7,1627.0,30.8,31.7,47.0,330.0
2024-12-20 03:00:00,Greater Noida,28.4744,77.504,159.7,161.1,1680.0,35.0,34.1,51.0,330.7
2024-12-20 04:00:00,Greater Noida,28.4744,77.504,147.1,148.1,1443.0,28.9,36.2,84.0,321.0
2024-12-20 05:00:00,Greater Noida,28.4744,77.504,131.3,132.7,1058.0,17.7,38.0,132.0,308.9
2024-12-20 06:00:00,Greater Noida,28.4744,77.504,104.5,106.6,759.0,9.5,38.1,170.0,247.1
2024-12-20 07:00:00,Greater Noida,28.4744,77.504,89.9,92.4,629.0,6.1,34.6,189.0,199.7
2024-12-20 08:00:00,Greater Noida,28.4744,77.504,85.0,87.8,585.0,5.6,29.4,198.0,182.9
2024-12-20 09:00:00,Greater Noida,28.4744,77.504,81.3,84.1,607.0,10.5,27.3,195.0,170.3
2024-12-20 10:00:00,Greater Noida,28.4744,77.504,80.6,83.1,715.0,24.4,30.7,177.0,167.9
2024-12-20 11:00:00,Greater Noida,28.4744,77.504,92.2,94.3,889.0,43.7,37.1,148.0,205.1
2024-12-20 12:00:00,Greater Noida,28.4744,77.504,118.3,120.6,1052.0,53.9,33.8,104.0,294.2
2024-12-20 13:00:00,Greater Noida,28.4744,77.504,137.8,139.7,1191.0,59.2,39.7,90.0,313.9
2024-12-20 14:00:00,Greater Noida,28.4744,77.504,147.6,149.5,1318.0,66.2,47.7,71.0,321.4
2024-12-20 15:00:00,Greater Noida,28.4744,77.504,149.0,150.4,1391.0,69.2,52.8,56.0,322.5
2024-12-20 16:00:00,Greater Noida,28.4744,77.504,147.1,148.5,1379.0,65.0,52.5,50.0,321.0
2024-12-20 17:00:00,Greater Noida,28.4744,77.504,143.0,144.4,1313.0,56.9,49.4,47.0,317.9
2024-12-20 18:00:00,Greater Noida,28.4744,77.504,137.4,138.3,1245.0,49.0,46.1,46.0,313.6
2024-12-20 19:00:00,Greater Noida,28.4744,77.504,131.3,132.2,1183.0,42.5,42.9,45.0,308.9
2024-12-20 20:00:00,Greater Noida,28.4744,77.504,127.6,128.5,1118.0,36.2,39.5,44.0,306.1
2024-12-20 21:00:00,Greater Noida,28.4744,77.504,124.8,126.2,1074.0,31.1,37.3,44.0,303.9
2024-12-20 22:00:00,Greater Noida,28.4744,77.504,122.9,123.9,1040.0,27.1,37.0,44.0,302.5
2024-12-20 23:00:00,Greater Noida,28.4744,77.504,120.6,121.5,1026.0,24.2,37.8,43.0,500.0
2024-12-21 00:00:00,Greater Noida,28.4744,77.504,119.2,120.1,1096.0,21.9,35.9,44.0,297.3
2024-12-21 01:00:00,Greater Noida,28.4744,77.504,124.3,125.3,1350.0,27.0,38.0,37.0,303.5
2024-12-21 02:00:00,Greater Noida,28.4744,77.504,134.6,135.5,1686.0,33.8,41.1,28.0,311.4
2024-12-21 03:00:00,Greater Noida,28.4744,77.504,138.3,139.2,1861.0,37.7,43.9,31.0,314.3
2024-12-21 04:00:00,Greater Noida,28.4744,77.504,134.6,135.0,1737.0,35.8,46.2,56.0,311.4
2024-12-21 05:00:00,Greater Noida,28.4744,77.504,130.9,131.8,1453.0,30.8,48.3,92.0,308.6
2024-12-21 06:00:00,Greater Noida,28.4744,77.504,119.7,121.1,1177.0,26.5,50.0,124.0,299.0
2024-12-21 07:00:00,Greater Noida,28.4744,77.504,103.1,104.5,934.0,22.6,51.3,148.0,242.3
2024-12-21 08:00:00,Greater Noida,28.4744,77.504,97.1,98.7,699.0,19.3,52.1,168.0,221.8
2024-12-21 09:00:00,Greater Noida,28.4744,77.504,92.2,93.8,570.0,20.7,52.7,174.0,205.1
2024-12-21 10:00:00,Greater Noida,28.4744,77.504,90.6,92.2,622.0,29.8,52.5,159.0,500.0
2024-12-21 11:00:00,Greater Noida,28.4744,77.504,99.7,100.8,779.0,43.6,52.0,131.0,230.7
2024-12-21 12:00:00,Greater Noida,28.4744,77.504,133.2,134.6,910.0,55.6,55.2,102.0,310.4
2024-12-21 13:00:00,Greater Noida,28.4744,77.504,156.0,157.4,962.0,61.8,57.0,85.0,327.9
2024-12-21 14:00:00,Greater Noida,28.4744,77.504,171.8,173.2,987.0,70.4,59.4,61.0,340.0
2024-12-21 15:00:00,Greater Noida,28.4744,77.504,184.4,185.8,1013.0,77.2,61.1,41.0,349.7
2024-12-21 16:00:00,Greater Noida,28.4744,77.504,193.7,195.1,1057.0,80.3,61.5,29.0,356.8
2024-12-21 17:00:00,Greater Noida,28.4744,77.504,201.2,202.6,1102.0,81.7,61.1,20.0,362.5
2024-12-21 18:00:00,Greater Noida,28.4744,77.504,205.8,207.2,1122.0,82.8,60.4,13.0,366.1
2024-12-21 19:00:00,Greater Noida,28.4744,77.504,206.8,208.6,1088.0,84.6,59.3,7.0,366.8
2024-12-21 20:00:00,Greater Noida,28.4744,77.504,208.6,210.5,1030.0,86.1,57.7,2.0,368.2
2024-12-21 21:00:00,Greater Noida,28.4744,77.504,209.5,211.4,1011.0,86.2,56.2,0.0,368.9
2024-12-21 22:00:00,Greater Noida,28.4744,77.504,207.7,209.5,1029.0,84.2,54.5,0.0,367.5
2024-12-21 23:00:00,Greater Noida,28.4744,77.504,202.6,204.0,1085.0,80.9,52.8,2.0,363.6
2024-12-22 00:00:00,Greater Noida,28.4744,77.504,186.3,188.6,1250.0,45.6,37.5,22.0,351.1
2024-12-22 01:00:00,Greater Noida,28.4744,77.504,196.0,197.9,1688.0,52.4,40.7,15.0,358.6
2024-12-22 02:00:00,Greater Noida,28.4744,77.504,215.6,217.5,2234.0,61.1,45.3,8.0,373.6
2024-12-22 03:00:00,Greater Noida,28.4744,77.504,231.4,233.3,2465.0,62.9,49.1,16.0,385.7
2024-12-22 04:00:00,Greater Noida,28.4744,77.504,203.5,204.9,2083.0,51.2,51.9,55.0,364.3
2024-12-22 05:00:00,Greater Noida,28.4744,77.504,170.0,172.3,1387.0,32.7,54.0,110.0,338.6
2024-12-22 06:00:00,Greater Noida,28.4744,77.504,128.1,130.4,847.0,18.6,54.5,152.0,306.4
2024-12-22 07:00:00,Greater Noida,28.4744,77.504,108.0,110.4,637.0,11.8,52.1,169.0,259.0
2024-12-22 08:00:00,Greater Noida,28.4744,77.504,95.5,97.6,584.0,9.5,48.0,173.0,216.4
2024-12-22 09:00:00,Greater Noida,28.4744,77.504,88.9,91.0,641.0,13.5,44.8,166.0,196.2
2024-12-22 10:00:00,Greater Noida,28.4744,77.504,85.4,87.5,839.0,27.7,43.4,144.0,184.3
2024-12-22 11:00:00,Greater Noida,28.4744,77.504,106.9,108.5,1147.0,48.4,43.0,110.0,255.3
2024-12-22 12:00:00,Greater Noida,28.4744,77.504,146.7,148.5,1426.0,64.2,38.7,82.0,320.7
2024-12-22 13:00:00,Greater Noida,28.4744,77.504,173.7,175.6,1651.0,76.1,42.2,62.0,341.4
2024-12-22 14:00:00,Greater Noida,28.4744,77.504,197.9,199.8,1847.0,91.8,46.8,35.0,360.0
2024-12-22 15:00:00,Greater Noida,28.4744,77.504,215.1,217.0,1954.0,99.0,49.3,18.0,373.2
2024-12-22 16:00:00,Greater Noida,28.4744,77.504,222.6,224.4,1933.0,90.8,48.0,19.0,379.0
2024-12-22 17:00:00,Greater Noida,28.4744,77.504,220.7,222.6,1822.0,74.0,44.7,30.0,377.5
2024-12-22 18:00:00,Greater Noida,28.4744,77.504,206.8,208.6,1678.0,57.3,40.9,42.0,366.8
2024-12-22 19:00:00,Greater Noida,28.4744,77.504,183.9,185.3,1492.0,41.9,36.8,56.0,349.3
2024-12-22 20:00:00,Greater Noida,28.4744,77.504,156.5,157.9,1273.0,26.4,32.3,71.0,328.2
2024-12-22 21:00:00,Greater Noida,28.4744,77.504,140.2,141.1,1105.0,15.5,28.8,81.0,315.7
2024-12-22 22:00:00,Greater Noida,28.4744,77.504,135.5,136.9,1003.0,10.8,26.5,81.0,312.1
2024-12-22 23:00:00,Greater Noida,28.4744,77.504,136.0,137.4,952.0,10.6,25.1,75.0,312.5
2024-12-23 00:00:00,Greater Noida,28.4744,77.504,117.8,119.2,986.0,10.9,22.8,76.0,292.5
2024-12-23 01:00:00,Greater Noida,28.4744,77.504,119.7,120.6,1196.0,15.9,22.7,68.0,299.0
2024-12-23 02:00:00,Greater Noida,28.4744,77.504,126.7,128.1,1491.0,22.6,22.7,57.0,305.4
2024-12-23 03:00:00,Greater Noida,28.4744,77.504,133.6,135.0,1638.0,26.4,22.5,53.0,310.7
2024-12-23 04:00:00,Greater Noida,28.4744,77.504,133.6,135.0,1492.0,24.7,22.0,62.0,310.7
2024-12-23 05:00:00,Greater Noida,28.4744,77.504,128.1,129.0,1197.0,20.0,21.3,78.0,306.4
2024-12-23 06:00:00,Greater Noida,28.4744,77.504,124.3,125.7,951.0,15.9,21.5,94.0,303.5
2024-12-23 07:00:00,Greater Noida,28.4744,77.504,116.4,118.3,822.0,13.1,23.2,108.0,287.7
2024-12-23 08:00:00,Greater Noida,28.4744,77.504,105.5,107.3,742.0,10.9,25.7,121.0,250.5
2024-12-23 09:00:00,Greater Noida,28.4744,77.504,99.2,101.3,706.0,10.0,27.7,128.0,229.0
2024-12-23 10:00:00,Greater Noida,28.4744,77.504,96.2,97.8,733.0,11.4,28.9,126.0,218.8
2024-12-23 11:00:00,Greater Noida,28.4744,77.504,92.9,94.3,805.0,14.1,29.6,118.0,207.5
2024-12-23 12:00:00,Greater Noida,28.4744,77.504,117.1,119.7,858.0,20.1,27.3,98.0,290.1
2024-12-23 13:00:00,Greater Noida,28.4744,77.504,113.4,115.7,866.0,18.7,28.8,97.0,277.5
2024-12-23 14:00:00,Greater Noida,28.4744,77.504,109.2,111.3,856.0,16.7,30.8,96.0,263.1
2024-12-23 15:00:00,Greater Noida,28.4744,77.504,105.5,107.3,846.0,15.1,31.4,93.0,250.5
2024-12-23 16:00:00,Greater Noida,28.4744,77.504,102.9,104.8,849.0,14.6,29.8,88.0,241.6
2024-12-23 17:00:00,Greater Noida,28.4744,77.504,103.8,105.7,851.0,14.5,26.8,81.0,244.7
2024-12-23 18:00:00,Greater Noida,28.4744,77.504,100.6,102.4,832.0,14.0,23.6,76.0,233.8
2024-12-23 19:00:00,Greater Noida,28.4744,77.504,91.7,93.8,769.0,12.4,20.1,74.0,203.4
2024-12-23 20:00:00,Greater Noida,28.4744,77.504,89.9,92.2,683.0,10.4,16.4,74.0,199.7
2024-12-23 21:00:00,Greater Noida,28.4744,77.504,90.8,93.1,620.0,9.2,13.7,72.0,500.0
2024-12-23 22:00:00,Greater Noida,28.4744,77.504,91.3,93.6,594.0,9.3,12.7,67.0,202.0
2024-12-23 23:00:00,Greater Noida,28.4744,77.504,93.1,95.5,590.0,10.2,12.7,60.0,208.2
2024-12-24 00:00:00,Greater Noida,28.4744,77.504,82.0,83.8,610.0,7.1,7.4,76.0,172.7
2024-12-24 01:00:00,Greater Noida,28.4744,77.504,81.3,82.9,681.0,10.1,8.5,75.0,170.3
2024-12-24 02:00:00,Greater Noida,28.4744,77.504,85.0,86.6,777.0,14.2,10.0,75.0,182.9
2024-12-24 03:00:00,Greater Noida,28.4744,77.504,90.6,92.4,816.0,16.3,11.2,78.0,500.0
2024-12-24 04:00:00,Greater Noida,28.4744,77.504,95.7,97.3,742.0,14.5,11.9,88.0,217.0
2024-12-24 05:00:00,Greater Noida,28.4744,77.504,93.1,95.5,612.0,10.7,12.4,103.0,208.2
2024-12-24 06:00:00,Greater Noida,28.4744,77.504,91.5,94.1,514.0,7.7,12.8,115.0,202.7
2024-12-24 07:00:00,Greater Noida,28.4744,77.504,91.5,94.3,470.0,5.0,13.0,126.0,202.7
2024-12-24 08:00:00,Greater Noida,28.4744,77.504,92.2,95.0,460.0,3.0,13.1,136.0,205.1
2024-12-24 09:00:00,Greater Noida,28.4744,77.504,93.4,96.2,506.0,6.6,14.2,136.0,209.2
2024-12-24 10:00:00,Greater Noida,28.4744,77.504,95.7,98.3,632.0,18.4,16.0,121.0,217.0
2024-12-24 11:00:00,Greater Noida,28.4744,77.504,105.2,107.8,815.0,35.6,18.7,96.0,249.5
2024-12-24 12:00:00,Greater Noida,28.4744,77.504,123.4,125.3,1013.0,50.8,24.3,78.0,302.8
2024-12-24 13:00:00,Greater Noida,28.4744,77.504,146.2,147.6,1234.0,63.0,28.5,59.0,320.3
2024-12-24 14:00:00,Greater Noida,28.4744,77.504,168.6,170.0,1469.0,79.4,34.1,34.0,337.5
2024-12-24 15:00:00,Greater Noida,28.4744,77.504,174.2,175.6,1656.0,87.4,37.5,17.0,341.8
2024-12-24 16:00:00,Greater Noida,28.4744,77.504,164.4,165.8,1759.0,79.8,36.8,17.0,334.3
2024-12-24 17:00:00,Greater Noida,28.4744,77.504,152.7,153.7,1814.0,63.9,33.7,26.0,325.3
2024-12-24 18:00:00,Greater Noida,28.4744,77.504,140.6,142.0,1860.0,49.5,30.3,34.0,316.0
2024-12-24 19:00:00,Greater Noida,28.4744,77.504,128.5,129.9,1941.0,39.5,26.6,37.0,306.8
2024-12-24 20:00:00,Greater Noida,28.4744,77.504,119.2,120.1,2015.0,30.8,22.5,39.0,297.3
2024-12-24 21:00:00,Greater Noida,28.4744,77.504,111.5,112.5,1988.0,24.5,19.2,40.0,271.0
2024-12-24 22:00:00,Greater Noida,28.4744,77.504,105.0,106.2,1751.0,20.8,17.2,39.0,248.8
2024-12-24 23:00:00,Greater Noida,28.4744,77.504,100.4,101.5,1414.0,19.3,16.0,37.0,233.1
2024-12-25 00:00:00,Greater Noida,28.4744,77.504,98.7,99.9,1220.0,18.2,14.3,37.0,227.3
2024-12-25 01:00:00,Greater Noida,28.4744,77.504,100.4,101.5,1336.0,23.8,16.8,30.0,233.1
2024-12-25 02:00:00,Greater Noida,28.4744,77.504,110.6,111.8,1595.0,31.3,20.1,21.0,267.9
2024-12-25 03:00:00,Greater Noida,28.4744,77.504,119.2,120.1,1732.0,34.7,22.3,25.0,297.3
2024-12-25 04:00:00,Greater Noida,28.4744,77.504,112.0,112.9,1617.0,30.1,22.0,54.0,272.7
2024-12-25 05:00:00,Greater Noida,28.4744,77.504,101.3,102.4,1381.0,21.4,20.6,96.0,236.2
2024-12-25 06:00:00,Greater Noida,28.4744,77.504,80.8,82.2,1153.0,14.9,20.1,131.0,168.6
2024-12-25 07:00:00,Greater Noida,28.4744,77.504,65.4,67.1,945.0,11.7,21.0,154.0,116.0
2024-12-25 08:00:00,Greater Noida,28.4744,77.504,68.7,70.3,746.0,10.7,22.8,169.0,127.3
2024-12-25 09:00:00,Greater Noida,28.4744,77.504,70.8,72.6,652.0,14.0,25.6,172.0,134.5
2024-12-25 10:00:00,Greater Noida,28.4744,77.504,73.1,74.7,735.0,24.4,29.8,157.0,142.3
2024-12-25 11:00:00,Greater Noida,28.4744,77.504,83.4,84.8,924.0,39.2,35.0,130.0,177.5
2024-12-25 12:00:00,Greater Noida,28.4744,77.504,136.4,138.3,1102.0,52.7,45.6,100.0,312.8
2024-12-25 13:00:00,Greater Noida,28.4744,77.504,160.7,162.5,1228.0,58.5,49.3,83.0,331.5
2024-12-25 14:00:00,Greater Noida,28.4744,77.504,174.6,176.0,1343.0,66.5,54.5,59.0,342.1
2024-12-25 15:00:00,Greater Noida,28.4744,77.504,184.4,186.3,1458.0,73.3,58.6,39.0,349.7
2024-12-25 16:00:00,Greater Noida,28.4744,77.504,191.4,193.2,1602.0,77.6,60.8,26.0,355.0
2024-12-25 17:00:00,Greater Noida,28.4744,77.504,197.4,199.3,1747.0,80.6,62.0,18.0,359.6
2024-12-25 18:00:00,Greater Noida,28.4744,77.504,197.0,198.4,1815.0,82.2,62.0,11.0,359.3
2024-12-25 19:00:00,Greater Noida,28.4744,77.504,192.3,194.2,1747.0,81.9,60.5,7.0,355.7
2024-12-25 20:00:00,Greater Noida,28.4744,77.504,188.6,190.0,1602.0,80.1,57.8,5.0,352.9
2024-12-25 21:00:00,Greater Noida,28.4744,77.504,185.8,187.2,1486.0,77.9,55.4,4.0,350.7
2024-12-25 22:00:00,Greater Noida,28.4744,77.504,183.9,185.3,1424.0,75.9,53.7,2.0,349.3
2024-12-25 23:00:00,Greater Noida,28.4744,77.504,180.7,181.6,1391.0,73.5,52.3,1.0,346.8
2024-12-26 00:00:00,Greater Noida,28.4744,77.504,170.9,172.3,1414.0,55.4,45.7,10.0,339.3
2024-12-26 01:00:00,Greater Noida,28.4744,77.504,168.6,170.0,1567.0,52.2,43.4,8.0,337.5
2024-12-26 02:00:00,Greater Noida,28.4744,77.504,178.3,179.3,1775.0,47.4,40.1,7.0,345.0
2024-12-26 03:00:00,Greater Noida,28.4744,77.504,177.9,178.3,1846.0,41.1,36.9,19.0,344.7
2024-12-26 04:00:00,Greater Noida,28.4744,77.504,170.9,171.4,1653.0,32.1,34.3,57.0,339.3
2024-12-26 05:00:00,Greater Noida,28.4744,77.504,156.0,156.5,1323.0,21.5,31.8,109.0,327.9
2024-12-26 06:00:00,Greater Noida,28.4744,77.504,120.1,121.1,1034.0,13.4,28.4,149.0,500.0
2024-12-26 07:00:00,Greater Noida,28.4744,77.504,82.0,83.1,811.0,7.8,22.9,167.0,172.7
2024-12-26 08:00:00,Greater Noida,28.4744,77.504,68.7,70.3,631.0,4.6,16.6,174.0,127.3
2024-12-26 09:00:00,Greater Noida,28.4744,77.504,66.1,68.0,603.0,7.4,12.7,169.0,118.4
2024-12-26 10:00:00,Greater Noida,28.4744,77.504,65.4,67.5,790.0,19.5,12.7,151.0,116.0
2024-12-26 11:00:00,Greater Noida,28.4744,77.504,77.1,78.9,1129.0,37.6,15.1,122.0,156.0
2024-12-26 12:00:00,Greater Noida,28.4744,77.504,121.5,123.9,1543.0,54.3,16.1,81.0,301.4
2024-12-26 13:00:00,Greater Noida,28.4744,77.504,144.8,147.6,2129.0,65.9,20.6,62.0,319.3
2024-12-26 14:00:00,Greater Noida,28.4744,77.504,166.7,169.0,2790.0,81.8,26.9,36.0,336.1
2024-12-26 15:00:00,Greater Noida,28.4744,77.504,183.9,186.7,3163.0,92.1,31.8,17.0,349.3
2024-12-26 16:00:00,Greater Noida,28.4744,77.504,197.0,199.8,3019.0,93.1,34.5,11.0,359.3
2024-12-26 17:00:00,Greater Noida,28.4744,77.504,204.9,207.7,2587.0,88.7,35.7,12.0,365.4
2024-12-26 18:00:00,Greater Noida,28.4744,77.504,202.1,204.9,2192.0,80.3,34.8,17.0,363.2
2024-12-26 19:00:00,Greater Noida,28.4744,77.504,182.1,184.9,1944.0,65.7,30.2,27.0,347.9
2024-12-26 20:00:00,Greater Noida,28.4744,77.504,161.1,163.9,1733.0,47.2,23.3,40.0,331.8
2024-12-26 21:00:00,Greater Noida,28.4744,77.504,152.3,155.1,1558.0,33.5,18.1,48.0,325.0
2024-12-26 22:00:00,Greater Noida,28.4744,77.504,150.4,152.7,1416.0,29.2,16.3,46.0,323.6
2024-12-26 23:00:00,Greater Noida,28.4744,77.504,153.2,155.5,1309.0,29.6,16.0,38.0,325.7
2024-12-27 00:00:00,Greater Noida,28.4744,77.504,150.4,152.7,1247.0,39.0,19.8,40.0,323.6
2024-12-27 01:00:00,Greater Noida,28.4744,77.504,132.7,134.6,1281.0,39.7,19.7,38.0,310.0
2024-12-27 02:00:00,Greater Noida,28.4744,77.504,136.9,138.8,1358.0,40.4,19.6,36.0,313.2
2024-12-27 03:00:00,Greater Noida,28.4744,77.504,141.6,143.4,1336.0,39.2,19.3,40.0,316.8
2024-12-27 04:00:00,Greater Noida,28.4744,77.504,125.3,127.1,1105.0,34.2,18.9,55.0,304.3
2024-12-27 05:00:00,Greater Noida,28.4744,77.504,115.0,116.9,774.0,27.2,18.4,76.0,282.9
2024-12-27 06:00:00,Greater Noida,28.4744,77.504,102.9,105.0,521.0,21.6,17.2,91.0,241.6
2024-12-27 07:00:00,Greater Noida,28.4744,77.504,90.1,92.0,423.0,18.9,14.9,96.0,500.0
2024-12-27 08:00:00,Greater Noida,28.4744,77.504,81.0,82.7,403.0,17.6,12.0,96.0,169.3
2024-12-27 09:00:00,Greater Noida,28.4744,77.504,80.1,82.0,406.0,16.3,9.5,95.0,166.2
2024-12-27 10:00:00,Greater Noida,28.4744,77.504,73.3,75.0,428.0,14.6,7.5,94.0,143.0
2024-12-27 11:00:00,Greater Noida,28.4744,77.504,70.3,72.2,474.0,13.0,5.9,93.0,132.7
2024-12-27 12:00:00,Greater Noida,28.4744,77.504,76.8,79.2,502.0,16.7,6.1,79.0,154.9
2024-12-27 13:00:00,Greater Noida,28.4744,77.504,75.9,78.2,490.0,14.6,6.8,81.0,151.9
2024-12-27 14:00:00,Greater Noida,28.4744,77.504,78.9,81.0,460.0,11.7,7.8,85.0,162.1
2024-12-27 15:00:00,Greater Noida,28.4744,77.504,82.4,84.5,435.0,9.7,9.0,86.0,174.1
2024-12-27 16:00:00,Greater Noida,28.4744,77.504,84.8,87.1,428.0,9.5,10.7,84.0,182.2
2024-12-27 17:00:00,Greater Noida,28.4744,77.504,86.8,88.9,427.0,10.1,12.7,80.0,189.1
2024-12-27 18:00:00,Greater Noida,28.4744,77.504,85.7,87.5,420.0,10.4,13.7,77.0,185.3
2024-12-27 19:00:00,Greater Noida,28.4744,77.504,81.7,83.8,397.0,9.8,12.9,74.0,171.7
2024-12-27 20:00:00,Greater Noida,28.4744,77.504,79.2,80.8,368.0,8.9,11.2,72.0,163.1
2024-12-27 21:00:00,Greater Noida,28.4744,77.504,75.2,77.1,354.0,8.3,10.0,70.0,149.5
2024-12-27 22:00:00,Greater Noida,28.4744,77.504,71.7,73.3,342.0,7.1,9.6,70.0,137.5
2024-12-27 23:00:00,Greater Noida,28.4744,77.504,71.5,73.3,344.0,6.3,9.8,70.0,136.8
2024-12-28 00:00:00,Greater Noida,28.4744,77.504,64.5,65.9,419.0,7.2,9.8,74.0,112.9
2024-12-28 01:00:00,Greater Noida,28.4744,77.504,64.7,66.1,658.0,11.1,11.2,68.0,113.6
2024-12-28 02:00:00,Greater Noida,28.4744,77.504,72.9,74.3,970.0,16.5,13.3,61.0,141.6
2024-12-28 03:00:00,Greater Noida,28.4744,77.504,82.9,84.3,1138.0,20.1,15.2,57.0,175.8
2024-12-28 04:00:00,Greater Noida,28.4744,77.504,89.4,90.6,1021.0,20.5,17.1,60.0,198.0
2024-12-28 05:00:00,Greater Noida,28.4744,77.504,92.2,93.8,760.0,19.2,18.8,68.0,205.1
2024-12-28 06:00:00,Greater Noida,28.4744,77.504,90.3,92.0,562.0,17.6,19.8,76.0,500.0
2024-12-28 07:00:00,Greater Noida,28.4744,77.504,89.6,91.5,498.0,15.2,19.3,86.0,198.6
2024-12-28 08:00:00,Greater Noida,28.4744,77.504,89.2,91.0,497.0,12.4,18.1,96.0,197.3
2024-12-28 09:00:00,Greater Noida,28.4744,77.504,86.6,88.5,553.0,12.5,17.1,100.0,188.4
2024-12-28 10:00:00,Greater Noida,28.4744,77.504,82.7,84.3,673.0,17.1,16.6,93.0,175.1
2024-12-28 11:00:00,Greater Noida,28.4744,77.504,82.7,83.8,849.0,24.5,16.4,79.0,175.1
2024-12-28 12:00:00,Greater Noida,28.4744,77.504,102.0,103.4,1051.0,32.8,17.9,61.0,238.6
2024-12-28 13:00:00,Greater Noida,28.4744,77.504,113.2,114.6,1298.0,38.7,22.5,53.0,276.8
2024-12-28 14:00:00,Greater Noida,28.4744,77.504,119.7,121.1,1571.0,46.7,28.8,42.0,299.0
2024-12-28 15:00:00,Greater Noida,28.4744,77.504,125.3,126.2,1780.0,53.0,33.8,33.0,304.3
2024-12-28 16:00:00,Greater Noida,28.4744,77.504,128.5,129.9,1898.0,56.2,36.4,27.0,306.8
2024-12-28 17:00:00,Greater Noida,28.4744,77.504,132.2,133.2,1953.0,57.6,37.7,22.0,309.6
2024-12-28 18:00:00,Greater Noida,28.4744,77.504,133.6,134.6,1936.0,56.6,37.8,20.0,310.7
2024-12-28 19:00:00,Greater Noida,28.4744,77.504,129.9,131.3,1822.0,52.2,36.5,21.0,307.8
2024-12-28 20:00:00,Greater Noida,28.4744,77.504,124.8,126.2,1637.0,45.5,34.0,24.0,303.9
2024-12-28 21:00:00,Greater Noida,28.4744,77.504,117.6,118.5,1450.0,38.9,31.7,27.0,291.8
2024-12-28 22:00:00,Greater Noida,28.4744,77.504,111.8,112.7,1263.0,32.5,29.8,31.0,272.0
2024-12-28 23:00:00,Greater Noida,28.4744,77.504,106.2,107.3,1073.0,26.3,28.0,36.0,252.9
2024-12-29 00:00:00,Greater Noida,28.4744,77.504,123.9,124.8,948.0,37.4,25.9,22.0,303.2
2024-12-29 01:00:00,Greater Noida,28.4744,77.504,119.7,120.6,941.0,35.8,27.1,24.0,299.0
2024-12-29 02:00:00,Greater Noida,28.4744,77.504,116.2,117.1,998.0,33.4,28.9,28.0,287.0
2024-12-29 03:00:00,Greater Noida,28.4744,77.504,114.8,115.7,1022.0,30.5,30.7,37.0,282.2
2024-12-29 04:00:00,Greater Noida,28.4744,77.504,98.7,99.7,970.0,26.7,32.8,55.0,227.3
2024-12-29 05:00:00,Greater Noida,28.4744,77.504,86.1,87.1,886.0,22.3,35.0,78.0,186.7
2024-12-29 06:00:00,Greater Noida,28.4744,77.504,70.1,71.2,805.0,18.9,36.0,97.0,132.1
2024-12-29 07:00:00,Greater Noida,28.4744,77.504,66.6,67.8,719.0,16.4,34.6,111.0,120.1
2024-12-29 08:00:00,Greater Noida,28.4744,77.504,64.0,65.4,637.0,14.7,32.0,122.0,111.2
2024-12-29 09:00:00,Greater Noida,28.4744,77.504,63.3,65.0,619.0,15.5,30.4,125.0,108.9
2024-12-29 10:00:00,Greater Noida,28.4744,77.504,63.3,65.0,704.0,19.8,30.9,118.0,108.9
2024-12-29 11:00:00,Greater Noida,28.4744,77.504,64.7,66.4,854.0,26.4,32.3,103.0,113.6
2024-12-29 12:00:00,Greater Noida,28.4744,77.504,98.0,99.9,1016.0,35.0,37.6,79.0,224.9
2024-12-29 13:00:00,Greater Noida,28.4744,77.504,105.5,106.9,1212.0,39.5,38.4,66.0,250.5
2024-12-29 14:00:00,Greater Noida,28.4744,77.504,107.6,109.0,1420.0,45.4,39.3,48.0,257.7
2024-12-29 15:00:00,Greater Noida,28.4744,77.504,105.7,106.9,1518.0,48.3,39.0,36.0,251.2
2024-12-29 16:00:00,Greater Noida,28.4744,77.504,102.0,102.9,1420.0,45.4,36.6,34.0,238.6
2024-12-29 17:00:00,Greater Noida,28.4744,77.504,98.3,99.2,1213.0,39.4,33.1,37.0,225.9
2024-12-29 18:00:00,Greater Noida,28.4744,77.504,93.1,93.8,1028.0,33.6,29.7,41.0,208.2
2024-12-29 19:00:00,Greater Noida,28.4744,77.504,88.2,88.9,907.0,28.8,26.7,44.0,193.9
2024-12-29 20:00:00,Greater Noida,28.4744,77.504,85.2,85.9,808.0,24.1,23.8,48.0,183.6
2024-12-29 21:00:00,Greater Noida,28.4744,77.504,82.9,83.4,745.0,20.3,21.8,51.0,175.8
2024-12-29 22:00:00,Greater Noida,28.4744,77.504,80.6,81.0,726.0,17.4,20.8,53.0,167.9
2024-12-29 23:00:00,Greater Noida,28.4744,77.504,78.7,79.2,742.0,15.5,20.7,55.0,161.4
2024-12-30 00:00:00,Greater Noida,28.4744,77.504,81.3,81.7,778.0,16.3,21.3,52.0,170.3
2024-12-30 01:00:00,Greater Noida,28.4744,77.504,80.8,81.3,842.0,18.4,22.1,49.0,168.6
2024-12-30 02:00:00,Greater Noida,28.4744,77.504,82.2,82.4,926.0,21.2,23.5,47.0,173.4
2024-12-30 03:00:00,Greater Noida,28.4744,77.504,82.2,82.4,986.0,22.7,25.4,53.0,173.4
2024-12-30 04:00:00,Greater Noida,28.4744,77.504,77.8,78.0,1002.0,21.6,28.4,74.0,158.4
2024-12-30 05:00:00,Greater Noida,28.4744,77.504,76.1,76.6,995.0,19.2,32.1,103.0,152.5
2024-12-30 06:00:00,Greater Noida,28.4744,77.504,75.7,75.9,983.0,17.1,35.3,130.0,151.2
2024-12-30 07:00:00,Greater Noida,28.4744,77.504,72.6,73.1,947.0,14.9,37.8,156.0,140.6
2024-12-30 08:00:00,Greater Noida,28.4744,77.504,68.0,68.2,906.0,13.0,39.8,181.0,124.9
2024-12-30 09:00:00,Greater Noida,28.4744,77.504,62.2,62.6,933.0,13.8,41.0,191.0,105.1
2024-12-30 10:00:00,Greater Noida,28.4744,77.504,58.4,58.8,1071.0,19.1,40.7,178.0,97.3
2024-12-30 11:00:00,Greater Noida,28.4744,77.504,61.0,61.5,1278.0,27.0,39.6,151.0,101.0
2024-12-30 12:00:00,Greater Noida,28.4744,77.504,107.6,108.7,1495.0,41.9,45.8,119.0,257.7
2024-12-30 13:00:00,Greater Noida,28.4744,77.504,123.4,124.3,1748.0,48.7,47.4,99.0,302.8
2024-12-30 14:00:00,Greater Noida,28.4744,77.504,133.2,134.1,2012.0,58.1,49.6,70.0,310.4
2024-12-30 15:00:00,Greater Noida,28.4744,77.504,138.8,139.2,2154.0,65.6,51.1,47.0,314.7
2024-12-30 16:00:00,Greater Noida,28.4744,77.504,143.0,143.9,2090.0,69.9,51.7,34.0,317.9
2024-12-30 17:00:00,Greater Noida,28.4744,77.504,146.7,147.6,1903.0,72.2,51.6,25.0,320.7
2024-12-30 18:00:00,Greater Noida,28.4744,77.504,146.2,147.1,1713.0,72.0,50.3,20.0,320.3
2024-12-30 19:00:00,Greater Noida,28.4744,77.504,142.0,143.0,1546.0,68.5,47.1,18.0,317.1
2024-12-30 20:00:00,Greater Noida,28.4744,77.504,137.8,138.8,1375.0,62.4,42.6,20.0,313.9
2024-12-30 21:00:00,Greater Noida,28.4744,77.504,133.2,134.1,1241.0,55.3,38.3,23.0,310.4
2024-12-30 22:00:00,Greater Noida,28.4744,77.504,127.6,129.0,1156.0,46.3,34.1,29.0,306.1
2024-12-30 23:00:00,Greater Noida,28.4744,77.504,122.9,124.3,1107.0,36.4,29.9,36.0,302.5
2024-12-31 00:00:00,Greater Noida,28.4744,77.504,149.0,149.9,1098.0,42.0,32.1,21.0,322.5
2024-12-31 01:00:00,Greater Noida,28.4744,77.504,145.8,146.7,1156.0,38.7,31.9,26.0,320.0
2024-12-31 02:00:00,Greater Noida,28.4744,77.504,146.2,147.1,1253.0,34.0,31.8,34.0,320.3
2024-12-31 03:00:00,Greater Noida,28.4744,77.504,140.2,141.6,1308.0,29.8,33.3,45.0,315.7
2024-12-31 04:00:00,Greater Noida,28.4744,77.504,128.5,130.4,1278.0,26.8,37.7,63.0,306.8
2024-12-31 05:00:00,Greater Noida,28.4744,77.504,108.5,110.6,1206.0,24.3,43.6,84.0,260.7
2024-12-31 06:00:00,Greater Noida,28.4744,77.504,99.4,101.5,1142.0,22.5,48.3,104.0,229.7
2024-12-31 07:00:00,Greater Noida,28.4744,77.504,97.1,99.2,1078.0,20.5,50.5,123.0,221.8
2024-12-31 08:00:00,Greater Noida,28.4744,77.504,94.5,96.6,1022.0,19.3,51.4,140.0,212.9
2024-12-31 09:00:00,Greater Noida,28.4744,77.504,92.0,94.1,1041.0,21.2,52.2,147.0,204.4
2024-12-31 10:00:00,Greater Noida,28.4744,77.504,92.4,94.5,1171.0,27.9,52.8,140.0,205.8
2024-12-31 11:00:00,Greater Noida,28.4744,77.504,94.5,96.4,1376.0,37.7,53.1,122.0,212.9
2024-12-31 12:00:00,Greater Noida,28.4744,77.504,151.3,154.6,1617.0,55.8,60.6,91.0,324.3
2024-12-31 13:00:00,Greater Noida,28.4744,77.504,182.1,185.3,1920.0,70.4,66.8,70.0,347.9
2024-12-31 14:00:00,Greater Noida,28.4744,77.504,202.6,205.8,2259.0,90.2,75.2,41.0,363.6
2024-12-31 15:00:00,Greater Noida,28.4744,77.504,211.9,214.7,2512.0,103.0,80.7,20.0,370.8
2024-12-31 16:00:00,Greater Noida,28.4744,77.504,213.3,216.1,2650.0,103.0,81.1,13.0,371.8
2024-12-31 17:00:00,Greater Noida,28.4744,77.504,213.7,217.0,2703.0,96.0,78.4,13.0,372.1
2024-12-31 18:00:00,Greater Noida,28.4744,77.504,208.2,210.9,2638.0,87.2,74.0,15.0,367.9
2024-12-31 19:00:00,Greater Noida,28.4744,77.504,194.6,197.4,2383.0,77.8,67.4,17.0,357.5
2024-12-31 20:00:00,Greater Noida,28.4744,77.504,185.3,188.1,2010.0,66.7,58.9,22.0,350.3
2024-12-31 21:00:00,Greater Noida,28.4744,77.504,174.2,177.0,1702.0,55.7,50.8,27.0,341.8
2024-12-31 22:00:00,Greater Noida,28.4744,77.504,160.7,163.4,1525.0,44.5,43.3,34.0,331.5
2024-12-31 23:00:00,Greater Noida,28.4744,77.504,149.0,151.3,1414.0,33.5,36.1,42.0,322.5
2024-12-19 12:00:00,Gurgaon Vikas Sadan,28.4501,77.0263,145.3,147.6,1476.0,73.3,58.6,95.0,319.6
2024-12-19 13:00:00,Gurgaon Vikas Sadan,28.4501,77.0263,167.6,169.5,1685.0,83.3,62.5,76.0,336.8
2024-12-19 14:00:00,Gurgaon Vikas Sadan,28.4501,77.0263,186.7,189.1,1868.0,96.9,67.8,49.0,351.4
2024-12-19 15:00:00,Gurgaon Vikas Sadan,28.4501,77.0263,199.3,201.6,2008.0,105.5,71.0,29.0,361.1
2024-12-19 16:00:00,Gurgaon Vikas Sadan,28.4501,77.0263,206.8,209.1,2119.0,105.0,70.7,21.0,366.8
2024-12-19 17:00:00,Gurgaon Vikas Sadan,28.4501,77.0263,212.8,214.7,2188.0,99.5,68.4,20.0,371.5
2024-12-19 18:00:00,Gurgaon Vikas Sadan,28.4501,77.0263,212.3,214.2,2153.0,92.5,64.7,20.0,371.1
2024-12-19 19:00:00,Gurgaon Vikas Sadan,28.4501,77.0263,204.9,207.2,1932.0,84.7,59.1,21.0,365.4
2024-12-19 20:00:00,Gurgaon Vikas Sadan,28.4501,77.0263,197.0,198.8,1608.0,75.5,52.1,24.0,359.3
2024-12-19 21:00:00,Gurgaon Vikas Sadan,28.4501,77.0263,187.2,189.1,1367.0,66.3,46.3,28.0,351.8
2024-12-19 22:00:00,Gurgaon Vikas Sadan,28.4501,77.0263,177.0,178.8,1264.0,55.7,42.0,34.0,344.0
2024-12-19 23:00:00,Gurgaon Vikas Sadan,28.4501,77.0263,168.6,170.0,1244.0,45.1,38.9,40.0,337.5
2024-12-20 00:00:00,Gurgaon Vikas Sadan,28.4501,77.0263,138.8,140.2,1328.0,22.4,33.8,68.0,314.7
2024-12-20 01:00:00,Gurgaon Vikas Sadan,28.4501,77.0263,144.4,146.2,1628.0,36.0,40.6,54.0,319.0
2024-12-20 02:00:00,Gurgaon Vikas Sadan,28.4501,77.0263,161.6,163.0,2032.0,54.4,50.1,36.0,332.2
2024-12-20 03:00:00,Gurgaon Vikas Sadan,28.4501,77.0263,174.2,175.6,2223.0,64.3,56.8,37.0,341.8
2024-12-20 04:00:00,Gurgaon Vikas Sadan,28.4501,77.0263,163.9,164.8,2000.0,57.7,57.7,74.0,333.9
2024-12-20 05:00:00,Gurgaon Vikas Sadan,28.4501,77.0263,150.9,152.3,1564.0,42.8,56.0,129.0,323.9
2024-12-20 06:00:00,Gurgaon Vikas Sadan,28.4501,77.0263,126.7,129.0,1200.0,31.0,55.9,174.0,305.4
2024-12-20 07:00:00,Gurgaon Vikas Sadan,28.4501,77.0263,109.9,112.2,995.0,24.6,59.3,199.0,265.5
2024-12-20 08:00:00,Gurgaon Vikas Sadan,28.4501,77.0263,100.8,103.4,862.0,21.5,64.2,214.0,234.5
2024-12-20 09:00:00,Gurgaon Vikas Sadan,28.4501,77.0263,98.7,101.3,819.0,26.4,69.1,213.0,227.3
2024-12-20 10:00:00,Gurgaon Vikas Sadan,28.4501,77.0263,98.3,100.6,924.0,46.1,73.7,189.0,225.9
2024-12-20 11:00:00,Gurgaon Vikas Sadan,28.4501,77.0263,114.6,116.4,1120.0,73.8,78.1,149.0,281.6
2024-12-20 12:00:00,Gurgaon Vikas Sadan,28.4501,77.0263,149.0,150.9,1250.0,94.5,71.7,100.0,322.5
2024-12-20 13:00:00,Gurgaon Vikas Sadan,28.4501,77.0263,167.2,169.5,1225.0,96.0,74.3,84.0,336.5
2024-12-20 14:00:00,Gurgaon Vikas Sadan,28.4501,77.0263,174.2,176.0,1134.0,97.6,77.7,61.0,341.8
2024-12-20 15:00:00,Gurgaon Vikas Sadan,28.4501,77.0263,170.9,172.8,1089.0,95.1,78.1,44.0,339.3
2024-12-20 16:00:00,Gurgaon Vikas Sadan,28.4501,77.0263,165.8,167.2,1162.0,85.4,73.2,39.0,335.4
2024-12-20 17:00:00,Gurgaon Vikas Sadan,28.4501,77.0263,159.3,160.7,1282.0,71.7,65.3,39.0,330.4
2024-12-20 18:00:00,Gurgaon Vikas Sadan,28.4501,77.0263,150.9,152.3,1347.0,59.0,57.9,40.0,323.9
2024-12-20 19:00:00,Gurgaon Vikas Sadan,28.4501,77.0263,142.0,143.4,1295.0,48.7,51.7,41.0,317.1
2024-12-20 20:00:00,Gurgaon Vikas Sadan,28.4501,77.0263,136.0,136.9,1188.0,39.5,45.8,43.0,312.5
2024-12-20 21:00:00,Gurgaon Vikas Sadan,28.4501,77.0263,131.3,132.2,1110.0,32.3,41.6,44.0,308.9
2024-12-20 22:00:00,Gurgaon Vikas Sadan,28.4501,77.0263,127.6,128.5,1076.0,27.2,39.5,44.0,306.1
2024-12-20 23:00:00,Gurgaon Vikas Sadan,28.4501,77.0263,124.3,125.3,1071.0,24.1,38.9,44.0,303.5
2024-12-21 00:00:00,Gurgaon Vikas Sadan,28.4501,77.0263,131.8,132.7,1136.0,31.7,46.1,36.0,309.3
2024-12-21 01:00:00,Gurgaon Vikas Sadan,28.4501,77.0263,137.4,138.3,1358.0,37.0,48.8,28.0,313.6
2024-12-21 02:00:00,Gurgaon Vikas Sadan,28.4501,77.0263,149.0,149.9,1650.0,44.2,52.5,19.0,322.5
2024-12-21 03:00:00,Gurgaon Vikas Sadan,28.4501,77.0263,153.7,154.6,1786.0,48.1,55.3,22.0,326.1
2024-12-21 04:00:00,Gurgaon Vikas Sadan,28.4501,77.0263,150.4,151.3,1628.0,46.1,56.3,48.0,323.6
2024-12-21 05:00:00,Gurgaon Vikas Sadan,28.4501,77.0263,144.8,145.8,1313.0,40.9,56.5,87.0,319.3
2024-12-21 06:00:00,Gurgaon Vikas Sadan,28.4501,77.0263,135.5,136.4,1033.0,35.6,56.8,121.0,312.1
2024-12-21 07:00:00,Gurgaon Vikas Sadan,28.4501,77.0263,116.9,118.3,811.0,28.5,57.8,149.0,289.4
2024-12-21 08:00:00,Gurgaon Vikas Sadan,28.4501,77.0263,104.5,105.9,622.0,21.4,59.0,172.0,247.1
2024-12-21 09:00:00,Gurgaon Vikas Sadan,28.4501,77.0263,99.0,100.6,584.0,22.2,59.7,179.0,228.3
2024-12-21 10:00:00,Gurgaon Vikas Sadan,28.4501,77.0263,96.4,97.8,799.0,36.7,58.8,159.0,219.4
2024-12-21 11:00:00,Gurgaon Vikas Sadan,28.4501,77.0263,106.6,107.8,1164.0,59.2,57.5,122.0,254.3
2024-12-21 12:00:00,Gurgaon Vikas Sadan,28.4501,77.0263,150.4,151.8,1487.0,80.6,65.2,86.0,323.6
2024-12-21 13:00:00,Gurgaon Vikas Sadan,28.4501,77.0263,173.7,175.1,1718.0,93.9,70.0,64.0,341.4
2024-12-21 14:00:00,Gurgaon Vikas Sadan,28.4501,77.0263,190.9,192.3,1906.0,112.0,76.6,33.0,354.6
2024-12-21 15:00:00,Gurgaon Vikas Sadan,28.4501,77.0263,204.0,205.4,2008.0,124.0,82.2,10.0,364.7
2024-12-21 16:00:00,Gurgaon Vikas Sadan,28.4501,77.0263,213.3,214.7,1980.0,124.1,86.0,1.0,371.8
2024-12-21 17:00:00,Gurgaon Vikas Sadan,28.4501,77.0263,221.2,223.1,1867.0,118.1,88.6,0.0,377.9
2024-12-21 18:00:00,Gurgaon Vikas Sadan,28.4501,77.0263,224.9,226.8,1758.0,112.0,89.5,0.0,380.7
2024-12-21 19:00:00,Gurgaon Vikas Sadan,28.4501,77.0263,224.9,226.3,1676.0,108.0,88.0,0.0,380.7
2024-12-21 20:00:00,Gurgaon Vikas Sadan,28.4501,77.0263,225.8,227.7,1600.0,103.9,84.7,0.0,381.4
2024-12-21 21:00:00,Gurgaon Vikas Sadan,28.4501,77.0263,226.8,228.6,1550.0,99.3,80.6,0.0,382.2
2024-12-21 22:00:00,Gurgaon Vikas Sadan,28.4501,77.0263,225.4,227.2,1465.0,93.7,74.6,0.0,381.1
2024-12-21 23:00:00,Gurgaon Vikas Sadan,28.4501,77.0263,219.8,221.2,1408.0,87.6,67.8,1.0,376.8
2024-12-22 00:00:00,Gurgaon Vikas Sadan,28.4501,77.0263,199.3,201.2,1588.0,84.7,62.1,4.0,361.1
2024-12-22 01:00:00,Gurgaon Vikas Sadan,28.4501,77.0263,213.3,215.1,2331.0,83.9,67.0,0.0,371.8
2024-12-22 02:00:00,Gurgaon Vikas Sadan,28.4501,77.0263,237.5,239.3,3311.0,82.2,73.8,0.0,390.4
2024-12-22 03:00:00,Gurgaon Vikas Sadan,28.4501,77.0263,258.9,260.8,3761.0,76.5,78.2,9.0,404.5
2024-12-22 04:00:00,Gurgaon Vikas Sadan,28.4501,77.0263,230.5,231.9,3175.0,63.5,78.9,49.0,385.0
2024-12-22 05:00:00,Gurgaon Vikas Sadan,28.4501,77.0263,188.6,190.5,2060.0,46.5,77.2,105.0,352.9
2024-12-22 06:00:00,Gurgaon Vikas Sadan,28.4501,77.0263,139.7,141.6,1168.0,32.4,73.6,148.0,315.4
2024-12-22 07:00:00,Gurgaon Vikas Sadan,28.4501,77.0263,117.3,119.2,780.0,21.0,66.4,172.0,290.8
2024-12-22 08:00:00,Gurgaon Vikas Sadan,28.4501,77.0263,104.8,106.6,615.0,12.5,57.2,185.0,248.1
2024-12-22 09:00:00,Gurgaon Vikas Sadan,28.4501,77.0263,96.2,98.3,585.0,14.6,51.3,181.0,218.8
2024-12-22 10:00:00,Gurgaon Vikas Sadan,28.4501,77.0263,90.6,92.7,726.0,35.1,51.2,152.0,500.0
2024-12-22 11:00:00,Gurgaon Vikas Sadan,28.4501,77.0263,105.7,107.3,1002.0,66.2,54.3,107.0,251.2
2024-12-22 12:00:00,Gurgaon Vikas Sadan,28.4501,77.0263,141.6,143.4,1213.0,93.9,53.8,58.0,316.8
2024-12-22 13:00:00,Gurgaon Vikas Sadan,28.4501,77.0263,171.8,173.2,1275.0,103.6,57.9,43.0,340.0
2024-12-22 14:00:00,Gurgaon Vikas Sadan,28.4501,77.0263,189.1,190.9,1273.0,116.3,63.4,22.0,353.3
2024-12-22 15:00:00,Gurgaon Vikas Sadan,28.4501,77.0263,195.1,196.5,1261.0,121.5,65.7,10.0,357.9
2024-12-22 16:00:00,Gurgaon Vikas Sadan,28.4501,77.0263,192.3,194.2,1267.0,113.6,62.3,14.0,355.7
2024-12-22 17:00:00,Gurgaon Vikas Sadan,28.4501,77.0263,190.0,191.4,1263.0,98.1,55.8,26.0,354.0
2024-12-22 18:00:00,Gurgaon Vikas Sadan,28.4501,77.0263,176.0,177.9,1219.0,81.1,49.4,39.0,343.2
2024-12-22 19:00:00,Gurgaon Vikas Sadan,28.4501,77.0263,156.0,157.4,1097.0,62.3,43.8,53.0,327.9
2024-12-22 20:00:00,Gurgaon Vikas Sadan,28.4501,77.0263,137.4,138.8,934.0,42.1,38.4,68.0,313.6
2024-12-22 21:00:00,Gurgaon Vikas Sadan,28.4501,77.0263,129.9,131.3,819.0,27.4,34.7,78.0,307.8
2024-12-22 22:00:00,Gurgaon Vikas Sadan,28.4501,77.0263,129.5,130.9,769.0,20.3,33.2,80.0,307.5
2024-12-22 23:00:00,Gurgaon Vikas Sadan,28.4501,77.0263,134.1,135.5,766.0,18.8,33.4,76.0,311.1
2024-12-23 00:00:00,Gurgaon Vikas Sadan,28.4501,77.0263,113.2,114.3,841.0,14.0,28.3,77.0,276.8
2024-12-23 01:00:00,Gurgaon Vikas Sadan,28.4501,77.0263,121.1,122.5,1073.0,23.4,30.5,65.0,301.1
2024-12-23 02:00:00,Gurgaon Vikas Sadan,28.4501,77.0263,134.6,136.4,1384.0,36.2,33.4,48.0,311.4
2024-12-23 03:00:00,Gurgaon Vikas Sadan,28.4501,77.0263,145.3,146.7,1565.0,44.6,35.3,41.0,319.6
2024-12-23 04:00:00,Gurgaon Vikas Sadan,28.4501,77.0263,143.0,143.9,1508.0,44.7,34.8,51.0,317.9
2024-12-23 05:00:00,Gurgaon Vikas Sadan,28.4501,77.0263,136.9,138.3,1322.0,40.4,33.2,70.0,313.2
2024-12-23 06:00:00,Gurgaon Vikas Sadan,28.4501,77.0263,133.2,134.6,1129.0,35.8,32.3,88.0,310.4
2024-12-23 07:00:00,Gurgaon Vikas Sadan,28.4501,77.0263,122.0,123.9,936.0,31.4,33.1,104.0,301.8
2024-12-23 08:00:00,Gurgaon Vikas Sadan,28.4501,77.0263,109.7,111.5,737.0,26.8,34.7,120.0,264.8
2024-12-23 09:00:00,Gurgaon Vikas Sadan,28.4501,77.0263,105.5,107.3,632.0,24.7,36.2,128.0,250.5
2024-12-23 10:00:00,Gurgaon Vikas Sadan,28.4501,77.0263,103.6,105.2,693.0,27.4,37.4,123.0,244.0
2024-12-23 11:00:00,Gurgaon Vikas Sadan,28.4501,77.0263,101.7,103.4,848.0,32.6,38.5,110.0,237.5
2024-12-23 12:00:00,Gurgaon Vikas Sadan,28.4501,77.0263,129.0,130.9,982.0,41.6,39.9,98.0,307.1
2024-12-23 13:00:00,Gurgaon Vikas Sadan,28.4501,77.0263,122.5,124.3,1062.0,39.8,40.2,91.0,302.2
2024-12-23 14:00:00,Gurgaon Vikas Sadan,28.4501,77.0263,121.1,122.9,1121.0,37.2,40.6,82.0,301.1
2024-12-23 15:00:00,Gurgaon Vikas Sadan,28.4501,77.0263,119.7,121.5,1146.0,35.1,40.7,73.0,299.0
2024-12-23 16:00:00,Gurgaon Vikas Sadan,28.4501,77.0263,118.5,120.6,1123.0,34.3,40.7,67.0,294.9
2024-12-23 17:00:00,Gurgaon Vikas Sadan,28.4501,77.0263,122.5,124.3,1065.0,33.8,40.3,61.0,302.2
2024-12-23 18:00:00,Gurgaon Vikas Sadan,28.4501,77.0263,120.1,122.0,998.0,32.3,38.8,58.0,500.0
2024-12-23 19:00:00,Gurgaon Vikas Sadan,28.4501,77.0263,113.2,115.0,917.0,28.3,35.1,59.0,276.8
2024-12-23 20:00:00,Gurgaon Vikas Sadan,28.4501,77.0263,108.0,110.1,827.0,23.2,30.3,62.0,259.0
2024-12-23 21:00:00,Gurgaon Vikas Sadan,28.4501,77.0263,106.6,109.0,766.0,19.7,26.5,63.0,254.3
2024-12-23 22:00:00,Gurgaon Vikas Sadan,28.4501,77.0263,107.6,109.9,753.0,18.4,24.5,61.0,257.7
2024-12-23 23:00:00,Gurgaon Vikas Sadan,28.4501,77.0263,106.6,109.0,770.0,18.7,23.5,56.0,254.3
2024-12-24 00:00:00,Gurgaon Vikas Sadan,28.4501,77.0263,90.3,92.2,798.0,17.2,16.7,59.0,500.0
2024-12-24 01:00:00,Gurgaon Vikas Sadan,28.4501,77.0263,91.0,92.7,851.0,24.4,19.5,57.0,201.0
2024-12-24 02:00:00,Gurgaon Vikas Sadan,28.4501,77.0263,97.6,99.2,915.0,34.1,23.3,55.0,223.5
2024-12-24 03:00:00,Gurgaon Vikas Sadan,28.4501,77.0263,105.5,107.6,933.0,39.8,26.5,59.0,250.5
2024-12-24 04:00:00,Gurgaon Vikas Sadan,28.4501,77.0263,112.5,114.1,866.0,37.7,28.0,75.0,274.4
2024-12-24 05:00:00,Gurgaon Vikas Sadan,28.4501,77.0263,108.5,110.8,753.0,31.6,28.9,98.0,260.7
2024-12-24 06:00:00,Gurgaon Vikas Sadan,28.4501,77.0263,108.0,110.8,658.0,26.4,30.0,117.0,259.0
2024-12-24 07:00:00,Gurgaon Vikas Sadan,28.4501,77.0263,108.7,111.5,561.0,20.8,31.4,132.0,261.4
2024-12-24 08:00:00,Gurgaon Vikas Sadan,28.4501,77.0263,107.6,110.6,482.0,16.0,33.0,144.0,257.7
2024-12-24 09:00:00,Gurgaon Vikas Sadan,28.4501,77.0263,107.8,110.8,542.0,20.5,36.3,143.0,258.4
2024-12-24 10:00:00,Gurgaon Vikas Sadan,28.4501,77.0263,110.6,113.4,869.0,41.5,41.2,119.0,267.9
2024-12-24 11:00:00,Gurgaon Vikas Sadan,28.4501,77.0263,126.7,129.5,1334.0,71.7,47.7,81.0,305.4
2024-12-24 12:00:00,Gurgaon Vikas Sadan,28.4501,77.0263,140.2,142.0,1677.0,93.0,48.0,48.0,315.7
2024-12-24 13:00:00,Gurgaon Vikas Sadan,28.4501,77.0263,159.7,161.1,1748.0,99.5,52.7,38.0,330.7
2024-12-24 14:00:00,Gurgaon Vikas Sadan,28.4501,77.0263,167.2,168.6,1696.0,108.0,59.1,24.0,336.5
2024-12-24 15:00:00,Gurgaon Vikas Sadan,28.4501,77.0263,165.8,167.2,1705.0,110.8,62.5,14.0,335.4
2024-12-24 16:00:00,Gurgaon Vikas Sadan,28.4501,77.0263,159.7,161.1,1901.0,103.1,60.8,13.0,330.7
2024-12-24 17:00:00,Gurgaon Vikas Sadan,28.4501,77.0263,149.0,150.4,2158.0,89.7,56.2,16.0,322.5
2024-12-24 18:00:00,Gurgaon Vikas Sadan,28.4501,77.0263,137.8,139.2,2287.0,77.0,51.0,19.0,313.9
2024-12-24 19:00:00,Gurgaon Vikas Sadan,28.4501,77.0263,128.1,129.0,2170.0,66.9,45.4,21.0,306.4
2024-12-24 20:00:00,Gurgaon Vikas Sadan,28.4501,77.0263,120.1,121.1,1924.0,57.4,39.3,22.0,500.0
2024-12-24 21:00:00,Gurgaon Vikas Sadan,28.4501,77.0263,112.9,114.1,1711.0,49.7,34.3,23.0,275.8
2024-12-24 22:00:00,Gurgaon Vikas Sadan,28.4501,77.0263,107.8,109.0,1570.0,43.6,30.8,23.0,258.4
2024-12-24 23:00:00,Gurgaon Vikas Sadan,28.4501,77.0263,105.0,106.2,1463.0,39.2,28.5,23.0,248.8
2024-12-25 00:00:00,Gurgaon Vikas Sadan,28.4501,77.0263,100.6,101.7,1433.0,34.5,25.4,26.0,233.8
2024-12-25 01:00:00,Gurgaon Vikas Sadan,28.4501,77.0263,105.5,106.4,1565.0,40.5,30.6,18.0,250.5
2024-12-25 02:00:00,Gurgaon Vikas Sadan,28.4501,77.0263,121.5,122.9,1774.0,48.4,37.7,8.0,301.4
2024-12-25 03:00:00,Gurgaon Vikas Sadan,28.4501,77.0263,136.9,138.3,1852.0,52.7,43.0,13.0,313.2
2024-12-25 04:00:00,Gurgaon Vikas Sadan,28.4501,77.0263,129.0,129.9,1672.0,49.9,43.5,44.0,307.1
2024-12-25 05:00:00,Gurgaon Vikas Sadan,28.4501,77.0263,122.5,123.9,1362.0,43.4,42.1,88.0,302.2
2024-12-25 06:00:00,Gurgaon Vikas Sadan,28.4501,77.0263,107.3,109.0,1093.0,37.5,44.1,126.0,256.6
2024-12-25 07:00:00,Gurgaon Vikas Sadan,28.4501,77.0263,92.9,95.0,910.0,31.7,53.5,153.0,207.5
2024-12-25 08:00:00,Gurgaon Vikas Sadan,28.4501,77.0263,95.2,97.6,768.0,26.6,66.3,173.0,215.3
2024-12-25 09:00:00,Gurgaon Vikas Sadan,28.4501,77.0263,99.9,102.2,711.0,27.6,75.6,178.0,231.4
2024-12-25 10:00:00,Gurgaon Vikas Sadan,28.4501,77.0263,103.4,105.7,754.0,39.7,77.9,160.0,243.3
2024-12-25 11:00:00,Gurgaon Vikas Sadan,28.4501,77.0263,111.8,113.6,882.0,58.0,76.7,127.0,272.0
2024-12-25 12:00:00,Gurgaon Vikas Sadan,28.4501,77.0263,154.6,156.9,1088.0,73.2,72.8,85.0,326.8
2024-12-25 13:00:00,Gurgaon Vikas Sadan,28.4501,77.0263,170.4,172.3,1417.0,78.5,72.6,67.0,338.9
2024-12-25 14:00:00,Gurgaon Vikas Sadan,28.4501,77.0263,180.7,182.5,1825.0,85.8,72.2,42.0,346.8
2024-12-25 15:00:00,Gurgaon Vikas Sadan,28.4501,77.0263,189.1,190.5,2166.0,90.6,71.8,23.0,353.3
2024-12-25 16:00:00,Gurgaon Vikas Sadan,28.4501,77.0263,192.8,194.2,2413.0,90.9,71.7,14.0,356.1
2024-12-25 17:00:00,Gurgaon Vikas Sadan,28.4501,77.0263,194.6,196.0,2595.0,88.8,71.5,10.0,357.5
2024-12-25 18:00:00,Gurgaon Vikas Sadan,28.4501,77.0263,191.4,193.2,2652.0,85.9,70.0,8.0,355.0
2024-12-25 19:00:00,Gurgaon Vikas Sadan,28.4501,77.0263,186.3,187.7,2523.0,82.6,66.3,6.0,351.1
2024-12-25 20:00:00,Gurgaon Vikas Sadan,28.4501,77.0263,181.6,183.0,2269.0,78.5,61.4,6.0,347.5
2024-12-25 21:00:00,Gurgaon Vikas Sadan,28.4501,77.0263,178.3,179.7,2022.0,74.2,57.1,6.0,345.0
2024-12-25 22:00:00,Gurgaon Vikas Sadan,28.4501,77.0263,175.1,176.0,1771.0,69.3,53.5,6.0,342.5
2024-12-25 23:00:00,Gurgaon Vikas Sadan,28.4501,77.0263,170.0,170.9,1525.0,64.3,50.5,7.0,338.6
2024-12-26 00:00:00,Gurgaon Vikas Sadan,28.4501,77.0263,171.8,172.8,1445.0,64.7,56.3,5.0,340.0
2024-12-26 01:00:00,Gurgaon Vikas Sadan,28.4501,77.0263,173.2,174.2,1709.0,63.4,57.1,2.0,341.1
2024-12-26 02:00:00,Gurgaon Vikas Sadan,28.4501,77.0263,189.1,190.0,2138.0,61.4,58.3,0.0,353.3
2024-12-26 03:00:00,Gurgaon Vikas Sadan,28.4501,77.0263,189.5,190.5,2352.0,58.6,59.2,13.0,353.6
2024-12-26 04:00:00,Gurgaon Vikas Sadan,28.4501,77.0263,192.8,193.2,2131.0,54.9,59.6,54.0,356.1
2024-12-26 05:00:00,Gurgaon Vikas Sadan,28.4501,77.0263,185.3,186.3,1696.0,50.3,59.8,110.0,350.3
2024-12-26 06:00:00,Gurgaon Vikas Sadan,28.4501,77.0263,154.6,155.5,1328.0,45.2,60.3,153.0,326.8
2024-12-26 07:00:00,Gurgaon Vikas Sadan,28.4501,77.0263,113.9,115.0,1095.0,35.7,60.9,176.0,279.2
2024-12-26 08:00:00,Gurgaon Vikas Sadan,28.4501,77.0263,90.8,92.4,930.0,25.7,61.7,186.0,500.0
2024-12-26 09:00:00,Gurgaon Vikas Sadan,28.4501,77.0263,85.4,87.3,909.0,26.7,63.5,182.0,184.3
2024-12-26 10:00:00,Gurgaon Vikas Sadan,28.4501,77.0263,83.1,85.0,1125.0,47.4,66.0,156.0,176.4
2024-12-26 11:00:00,Gurgaon Vikas Sadan,28.4501,77.0263,95.2,97.1,1486.0,79.1,69.5,115.0,215.3
2024-12-26 12:00:00,Gurgaon Vikas Sadan,28.4501,77.0263,149.0,151.3,1791.0,106.8,73.3,70.0,322.5
2024-12-26 13:00:00,Gurgaon Vikas Sadan,28.4501,77.0263,176.5,178.8,1932.0,120.4,79.6,49.0,343.6
2024-12-26 14:00:00,Gurgaon Vikas Sadan,28.4501,77.0263,192.8,195.1,2017.0,138.7,87.9,21.0,356.1
2024-12-26 15:00:00,Gurgaon Vikas Sadan,28.4501,77.0263,208.2,210.0,2174.0,149.2,92.0,1.0,367.9
2024-12-26 16:00:00,Gurgaon Vikas Sadan,28.4501,77.0263,219.3,221.7,2549.0,145.6,88.6,0.0,376.4
2024-12-26 17:00:00,Gurgaon Vikas Sadan,28.4501,77.0263,218.9,221.2,2996.0,134.1,81.0,0.0,376.1
2024-12-26 18:00:00,Gurgaon Vikas Sadan,28.4501,77.0263,198.4,200.7,3201.0,121.1,72.2,6.0,360.4
2024-12-26 19:00:00,Gurgaon Vikas Sadan,28.4501,77.0263,180.7,183.0,2968.0,107.2,62.2,12.0,346.8
2024-12-26 20:00:00,Gurgaon Vikas Sadan,28.4501,77.0263,167.2,169.5,2494.0,91.8,51.1,20.0,336.5
2024-12-26 21:00:00,Gurgaon Vikas Sadan,28.4501,77.0263,162.5,164.8,2055.0,78.6,42.0,26.0,332.8
2024-12-26 22:00:00,Gurgaon Vikas Sadan,28.4501,77.0263,150.4,152.3,1718.0,68.9,35.9,28.0,323.6
2024-12-26 23:00:00,Gurgaon Vikas Sadan,28.4501,77.0263,146.7,149.0,1416.0,61.4,31.8,29.0,320.7
2024-12-27 00:00:00,Gurgaon Vikas Sadan,28.4501,77.0263,160.7,162.5,1224.0,77.2,46.0,17.0,331.5
2024-12-27 01:00:00,Gurgaon Vikas Sadan,28.4501,77.0263,145.3,147.1,1218.0,75.1,45.8,18.0,319.6
2024-12-27 02:00:00,Gurgaon Vikas Sadan,28.4501,77.0263,149.0,150.9,1322.0,72.1,45.5,21.0,322.5
2024-12-27 03:00:00,Gurgaon Vikas Sadan,28.4501,77.0263,152.3,154.1,1387.0,68.8,44.2,26.0,325.0
2024-12-27 04:00:00,Gurgaon Vikas Sadan,28.4501,77.0263,148.5,149.9,1359.0,65.3,41.3,38.0,322.1
2024-12-27 05:00:00,Gurgaon Vikas Sadan,28.4501,77.0263,135.5,137.4,1292.0,61.5,37.5,52.0,312.1
2024-12-27 06:00:00,Gurgaon Vikas Sadan,28.4501,77.0263,122.0,123.9,1191.0,57.4,34.3,64.0,301.8
2024-12-27 07:00:00,Gurgaon Vikas Sadan,28.4501,77.0263,107.6,109.7,1022.0,52.7,32.7,70.0,257.7
2024-12-27 08:00:00,Gurgaon Vikas Sadan,28.4501,77.0263,100.6,102.7,820.0,47.8,31.6,73.0,233.8
2024-12-27 09:00:00,Gurgaon Vikas Sadan,28.4501,77.0263,96.4,98.3,696.0,43.6,29.6,74.0,219.4
2024-12-27 10:00:00,Gurgaon Vikas Sadan,28.4501,77.0263,93.4,95.0,728.0,40.8,25.4,73.0,209.2
2024-12-27 11:00:00,Gurgaon Vikas Sadan,28.4501,77.0263,87.8,89.4,838.0,38.7,20.2,71.0,192.5
2024-12-27 12:00:00,Gurgaon Vikas Sadan,28.4501,77.0263,98.5,101.0,902.0,43.5,19.3,60.0,226.6
2024-12-27 13:00:00,Gurgaon Vikas Sadan,28.4501,77.0263,96.4,98.5,859.0,40.2,19.3,61.0,219.4
2024-12-27 14:00:00,Gurgaon Vikas Sadan,28.4501,77.0263,95.0,97.3,770.0,35.5,19.3,62.0,214.7
2024-12-27 15:00:00,Gurgaon Vikas Sadan,28.4501,77.0263,93.4,95.5,692.0,31.4,19.6,63.0,209.2
2024-12-27 16:00:00,Gurgaon Vikas Sadan,28.4501,77.0263,94.1,96.2,651.0,28.5,20.4,64.0,211.6
2024-12-27 17:00:00,Gurgaon Vikas Sadan,28.4501,77.0263,97.3,99.4,621.0,26.1,21.4,65.0,222.5
2024-12-27 18:00:00,Gurgaon Vikas Sadan,28.4501,77.0263,95.7,97.8,586.0,23.9,22.0,65.0,217.0
2024-12-27 19:00:00,Gurgaon Vikas Sadan,28.4501,77.0263,92.7,95.0,532.0,21.4,21.6,64.0,206.8
2024-12-27 20:00:00,Gurgaon Vikas Sadan,28.4501,77.0263,92.0,94.3,473.0,19.1,20.7,61.0,204.4
2024-12-27 21:00:00,Gurgaon Vikas Sadan,28.4501,77.0263,91.0,93.1,433.0,17.9,20.4,59.0,201.0
2024-12-27 22:00:00,Gurgaon Vikas Sadan,28.4501,77.0263,90.8,93.1,396.0,17.2,20.8,59.0,500.0
2024-12-27 23:00:00,Gurgaon Vikas Sadan,28.4501,77.0263,94.5,96.9,378.0,17.6,21.7,59.0,212.9
2024-12-28 00:00:00,Gurgaon Vikas Sadan,28.4501,77.0263,79.9,81.7,456.0,15.0,19.4,63.0,165.5
2024-12-28 01:00:00,Gurgaon Vikas Sadan,28.4501,77.0263,83.4,85.0,746.0,27.1,25.5,50.0,177.5
2024-12-28 02:00:00,Gurgaon Vikas Sadan,28.4501,77.0263,102.0,103.8,1130.0,43.3,33.9,34.0,238.6
2024-12-28 03:00:00,Gurgaon Vikas Sadan,28.4501,77.0263,121.1,122.5,1335.0,52.4,39.7,27.0,301.1
2024-12-28 04:00:00,Gurgaon Vikas Sadan,28.4501,77.0263,110.4,112.0,1183.0,47.3,40.3,40.0,267.2
2024-12-28 05:00:00,Gurgaon Vikas Sadan,28.4501,77.0263,112.7,115.0,851.0,35.2,38.3,63.0,275.1
2024-12-28 06:00:00,Gurgaon Vikas Sadan,28.4501,77.0263,100.4,102.4,593.0,26.1,36.8,81.0,233.1
2024-12-28 07:00:00,Gurgaon Vikas Sadan,28.4501,77.0263,96.9,99.0,478.0,22.7,36.3,92.0,221.1
2024-12-28 08:00:00,Gurgaon Vikas Sadan,28.4501,77.0263,91.7,93.4,437.0,22.4,36.3,98.0,203.4
2024-12-28 09:00:00,Gurgaon Vikas Sadan,28.4501,77.0263,86.8,88.5,513.0,27.1,38.7,96.0,189.1
2024-12-28 10:00:00,Gurgaon Vikas Sadan,28.4501,77.0263,82.2,83.4,782.0,40.1,45.1,81.0,173.4
2024-12-28 11:00:00,Gurgaon Vikas Sadan,28.4501,77.0263,92.0,93.1,1168.0,58.3,53.8,59.0,204.4
2024-12-28 12:00:00,Gurgaon Vikas Sadan,28.4501,77.0263,136.0,137.8,1491.0,75.0,63.7,41.0,312.5
2024-12-28 13:00:00,Gurgaon Vikas Sadan,28.4501,77.0263,154.6,156.0,1702.0,82.6,66.2,31.0,326.8
2024-12-28 14:00:00,Gurgaon Vikas Sadan,28.4501,77.0263,156.5,157.9,1851.0,92.5,69.3,18.0,328.2
2024-12-28 15:00:00,Gurgaon Vikas Sadan,28.4501,77.0263,151.3,152.3,1899.0,96.6,69.5,10.0,324.3
2024-12-28 16:00:00,Gurgaon Vikas Sadan,28.4501,77.0263,143.4,144.4,1800.0,90.2,64.4,10.0,318.2
2024-12-28 17:00:00,Gurgaon Vikas Sadan,28.4501,77.0263,139.2,140.2,1601.0,77.9,56.4,15.0,315.0
2024-12-28 18:00:00,Gurgaon Vikas Sadan,28.4501,77.0263,134.1,135.0,1409.0,65.2,48.8,20.0,311.1
2024-12-28 19:00:00,Gurgaon Vikas Sadan,28.4501,77.0263,126.2,127.1,1250.0,53.1,42.4,25.0,305.0
2024-12-28 20:00:00,Gurgaon Vikas Sadan,28.4501,77.0263,119.7,120.6,1098.0,40.6,36.3,31.0,299.0
2024-12-28 21:00:00,Gurgaon Vikas Sadan,28.4501,77.0263,113.2,114.1,979.0,30.7,31.6,36.0,276.8
2024-12-28 22:00:00,Gurgaon Vikas Sadan,28.4501,77.0263,106.6,107.6,907.0,24.2,28.6,40.0,254.3
2024-12-28 23:00:00,Gurgaon Vikas Sadan,28.4501,77.0263,99.9,100.6,868.0,20.2,27.0,42.0,231.4
2024-12-29 00:00:00,Gurgaon Vikas Sadan,28.4501,77.0263,125.3,126.2,850.0,36.5,31.1,21.0,304.3
2024-12-29 01:00:00,Gurgaon Vikas Sadan,28.4501,77.0263,117.3,118.3,867.0,36.4,31.7,22.0,290.8
2024-12-29 02:00:00,Gurgaon Vikas Sadan,28.4501,77.0263,115.7,116.4,906.0,36.1,32.7,23.0,285.3
2024-12-29 03:00:00,Gurgaon Vikas Sadan,28.4501,77.0263,116.4,117.1,914.0,34.6,34.5,30.0,287.7
2024-12-29 04:00:00,Gurgaon Vikas Sadan,28.4501,77.0263,99.7,100.6,863.0,30.9,38.2,47.0,230.7
2024-12-29 05:00:00,Gurgaon Vikas Sadan,28.4501,77.0263,85.7,86.6,782.0,26.1,42.8,69.0,185.3
2024-12-29 06:00:00,Gurgaon Vikas Sadan,28.4501,77.0263,75.0,76.4,708.0,21.9,45.0,88.0,148.8
2024-12-29 07:00:00,Gurgaon Vikas Sadan,28.4501,77.0263,70.1,71.5,634.0,18.2,42.9,104.0,132.1
2024-12-29 08:00:00,Gurgaon Vikas Sadan,28.4501,77.0263,66.6,68.2,567.0,15.2,38.4,117.0,120.1
2024-12-29 09:00:00,Gurgaon Vikas Sadan,28.4501,77.0263,65.4,67.3,566.0,15.6,34.7,121.0,116.0
2024-12-29 10:00:00,Gurgaon Vikas Sadan,28.4501,77.0263,63.1,65.0,687.0,21.6,32.8,111.0,108.2
2024-12-29 11:00:00,Gurgaon Vikas Sadan,28.4501,77.0263,64.0,65.7,874.0,31.1,31.6,93.0,111.2
2024-12-29 12:00:00,Gurgaon Vikas Sadan,28.4501,77.0263,94.1,95.7,1013.0,39.4,34.2,66.0,211.6
2024-12-29 13:00:00,Gurgaon Vikas Sadan,28.4501,77.0263,100.8,102.2,1058.0,42.4,33.2,56.0,234.5
2024-12-29 14:00:00,Gurgaon Vikas Sadan,28.4501,77.0263,100.6,101.7,1055.0,46.3,31.6,43.0,233.8
2024-12-29 15:00:00,Gurgaon Vikas Sadan,28.4501,77.0263,99.4,100.4,1027.0,47.4,29.9,35.0,229.7
2024-12-29 16:00:00,Gurgaon Vikas Sadan,28.4501,77.0263,95.9,96.6,971.0,43.3,28.0,36.0,217.7
2024-12-29 17:00:00,Gurgaon Vikas Sadan,28.4501,77.0263,93.6,94.3,890.0,36.4,25.8,41.0,209.9
2024-12-29 18:00:00,Gurgaon Vikas Sadan,28.4501,77.0263,91.3,92.0,822.0,29.9,23.7,47.0,202.0
2024-12-29 19:00:00,Gurgaon Vikas Sadan,28.4501,77.0263,86.4,87.1,778.0,24.8,21.4,51.0,187.7
2024-12-29 20:00:00,Gurgaon Vikas Sadan,28.4501,77.0263,83.4,84.1,747.0,20.1,19.1,55.0,177.5
2024-12-29 21:00:00,Gurgaon Vikas Sadan,28.4501,77.0263,81.0,81.7,735.0,16.5,17.7,58.0,169.3
2024-12-29 22:00:00,Gurgaon Vikas Sadan,28.4501,77.0263,79.4,79.9,751.0,13.8,17.7,60.0,163.8
2024-12-29 23:00:00,Gurgaon Vikas Sadan,28.4501,77.0263,78.5,78.9,785.0,12.3,18.7,62.0,160.7
2024-12-30 00:00:00,Gurgaon Vikas Sadan,28.4501,77.0263,80.8,81.5,813.0,13.4,19.4,59.0,168.6
2024-12-30 01:00:00,Gurgaon Vikas Sadan,28.4501,77.0263,79.9,80.3,827.0,17.9,22.0,55.0,165.5
2024-12-30 02:00:00,Gurgaon Vikas Sadan,28.4501,77.0263,82.7,83.1,834.0,23.9,25.7,50.0,175.1
2024-12-30 03:00:00,Gurgaon Vikas Sadan,28.4501,77.0263,85.0,85.4,832.0,27.4,29.4,55.0,182.9
2024-12-30 04:00:00,Gurgaon Vikas Sadan,28.4501,77.0263,82.0,82.2,814.0,26.0,33.1,76.0,172.7
2024-12-30 05:00:00,Gurgaon Vikas Sadan,28.4501,77.0263,80.1,80.3,786.0,22.0,36.8,106.0,166.2
2024-12-30 06:00:00,Gurgaon Vikas Sadan,28.4501,77.0263,78.7,78.9,763.0,18.4,39.1,132.0,161.4
2024-12-30 07:00:00,Gurgaon Vikas Sadan,28.4501,77.0263,73.8,74.0,730.0,14.7,39.0,153.0,144.7
2024-12-30 08:00:00,Gurgaon Vikas Sadan,28.4501,77.0263,65.4,65.9,702.0,11.4,37.5,169.0,116.0
2024-12-30 09:00:00,Gurgaon Vikas Sadan,28.4501,77.0263,57.5,57.9,742.0,12.2,35.8,173.0,95.8
2024-12-30 10:00:00,Gurgaon Vikas Sadan,28.4501,77.0263,53.4,53.9,909.0,19.9,34.0,155.0,88.8
2024-12-30 11:00:00,Gurgaon Vikas Sadan,28.4501,77.0263,54.6,55.1,1143.0,31.8,32.0,125.0,90.9
2024-12-30 12:00:00,Gurgaon Vikas Sadan,28.4501,77.0263,102.7,103.8,1328.0,56.8,45.6,92.0,240.9
2024-12-30 13:00:00,Gurgaon Vikas Sadan,28.4501,77.0263,117.3,118.3,1414.0,64.8,47.0,73.0,290.8
2024-12-30 14:00:00,Gurgaon Vikas Sadan,28.4501,77.0263,126.2,127.6,1450.0,75.7,48.9,47.0,305.0
2024-12-30 15:00:00,Gurgaon Vikas Sadan,28.4501,77.0263,131.8,132.7,1466.0,82.4,50.0,27.0,309.3
2024-12-30 16:00:00,Gurgaon Vikas Sadan,28.4501,77.0263,137.4,138.3,1471.0,81.8,50.2,20.0,313.6
2024-12-30 17:00:00,Gurgaon Vikas Sadan,28.4501,77.0263,141.6,143.0,1455.0,77.2,49.6,19.0,316.8
2024-12-30 18:00:00,Gurgaon Vikas Sadan,28.4501,77.0263,141.6,143.0,1420.0,70.8,47.4,21.0,316.8
2024-12-30 19:00:00,Gurgaon Vikas Sadan,28.4501,77.0263,134.6,135.5,1353.0,62.8,42.4,25.0,311.4
2024-12-30 20:00:00,Gurgaon Vikas Sadan,28.4501,77.0263,128.1,129.5,1267.0,53.0,35.8,31.0,306.4
2024-12-30 21:00:00,Gurgaon Vikas Sadan,28.4501,77.0263,123.9,125.3,1202.0,44.1,30.5,37.0,303.2
2024-12-30 22:00:00,Gurgaon Vikas Sadan,28.4501,77.0263,119.0,120.1,1178.0,35.6,27.2,43.0,296.6
2024-12-30 23:00:00,Gurgaon Vikas Sadan,28.4501,77.0263,115.3,116.4,1176.0,27.8,25.2,49.0,284.0
2024-12-31 00:00:00,Gurgaon Vikas Sadan,28.4501,77.0263,157.9,159.3,1178.0,48.5,36.2,20.0,329.3
2024-12-31 01:00:00,Gurgaon Vikas Sadan,28.4501,77.0263,153.7,154.6,1191.0,47.1,35.9,21.0,326.1
2024-12-31 02:00:00,Gurgaon Vikas Sadan,28.4501,77.0263,157.9,158.8,1209.0,44.8,35.6,24.0,329.3
2024-12-31 03:00:00,Gurgaon Vikas Sadan,28.4501,77.0263,150.9,152.3,1195.0,41.4,36.4,34.0,323.9
2024-12-31 04:00:00,Gurgaon Vikas Sadan,28.4501,77.0263,137.4,139.2,1126.0,35.8,39.2,57.0,313.6
2024-12-31 05:00:00,Gurgaon Vikas Sadan,28.4501,77.0263,117.6,119.7,1027.0,29.0,43.1,87.0,291.8
2024-12-31 06:00:00,Gurgaon Vikas Sadan,28.4501,77.0263,100.8,103.4,932.0,23.7,45.9,112.0,234.5
2024-12-31 07:00:00,Gurgaon Vikas Sadan,28.4501,77.0263,95.7,98.0,816.0,19.6,46.3,132.0,217.0
2024-12-31 08:00:00,Gurgaon Vikas Sadan,28.4501,77.0263,92.4,94.8,705.0,17.1,45.7,147.0,205.8
2024-12-31 09:00:00,Gurgaon Vikas Sadan,28.4501,77.0263,89.2,91.5,716.0,19.4,45.4,151.0,197.3
2024-12-31 10:00:00,Gurgaon Vikas Sadan,28.4501,77.0263,88.0,90.1,922.0,29.3,45.9,138.0,193.2
2024-12-31 11:00:00,Gurgaon Vikas Sadan,28.4501,77.0263,88.7,91.0,1251.0,44.1,46.7,114.0,195.6
2024-12-31 12:00:00,Gurgaon Vikas Sadan,28.4501,77.0263,158.3,162.1,1603.0,76.3,78.7,88.0,329.6
2024-12-31 13:00:00,Gurgaon Vikas Sadan,28.4501,77.0263,190.5,193.7,2018.0,91.0,82.2,64.0,354.3
2024-12-31 14:00:00,Gurgaon Vikas Sadan,28.4501,77.0263,210.9,214.7,2457.0,110.9,86.7,32.0,370.0
2024-12-31 15:00:00,Gurgaon Vikas Sadan,28.4501,77.0263,217.5,220.7,2701.0,121.9,87.9,9.0,375.1
2024-12-31 16:00:00,Gurgaon Vikas Sadan,28.4501,77.0263,217.0,220.3,2613.0,117.0,83.6,5.0,374.7
2024-12-31 17:00:00,Gurgaon Vikas Sadan,28.4501,77.0263,217.0,220.3,2331.0,103.4,76.1,10.0,374.7
2024-12-31 18:00:00,Gurgaon Vikas Sadan,28.4501,77.0263,209.5,212.8,2050.0,88.6,67.4,17.0,368.9
2024-12-31 19:00:00,Gurgaon Vikas Sadan,28.4501,77.0263,193.7,197.0,1820.0,74.2,57.5,24.0,356.8
2024-12-31 20:00:00,Gurgaon Vikas Sadan,28.4501,77.0263,180.7,183.9,1591.0,58.6,46.5,33.0,346.8
2024-12-31 21:00:00,Gurgaon Vikas Sadan,28.4501,77.0263,167.6,170.4,1413.0,45.0,37.2,42.0,336.8
2024-12-31 22:00:00,Gurgaon Vikas Sadan,28.4501,77.0263,153.2,156.0,1308.0,33.8,30.3,50.0,325.7
2024-12-31 23:00:00,Gurgaon Vikas Sadan,28.4501,77.0263,141.6,144.4,1253.0,24.6,25.1,57.0,316.8
2024-12-19 12:00:00,Faridabad,28.4089,77.3178,145.3,147.6,1240.0,73.3,58.6,95.0,319.6
2024-12-19 13:00:00,Faridabad,28.4089,77.3178,167.6,169.5,1541.0,83.3,62.5,76.0,336.8
2024-12-19 14:00:00,Faridabad,28.4089,77.3178,186.7,189.1,1879.0,96.9,67.8,49.0,351.4
2024-12-19 15:00:00,Faridabad,28.4089,77.3178,199.3,201.6,2097.0,105.5,71.0,29.0,361.1
2024-12-19 16:00:00,Faridabad,28.4089,77.3178,206.8,209.1,2110.0,105.0,70.7,21.0,366.8
2024-12-19 17:00:00,Faridabad,28.4089,77.3178,212.8,214.7,2003.0,99.5,68.4,20.0,371.5
2024-12-19 18:00:00,Faridabad,28.4089,77.3178,212.3,214.2,1868.0,92.5,64.7,20.0,371.1
2024-12-19 19:00:00,Faridabad,28.4089,77.3178,204.9,207.2,1713.0,84.7,59.1,21.0,365.4
2024-12-19 20:00:00,Faridabad,28.4089,77.3178,197.0,198.8,1531.0,75.5,52.1,24.0,359.3
2024-12-19 21:00:00,Faridabad,28.4089,77.3178,187.2,189.1,1391.0,66.3,46.3,28.0,351.8
2024-12-19 22:00:00,Faridabad,28.4089,77.3178,177.0,178.8,1306.0,55.7,42.0,34.0,344.0
2024-12-19 23:00:00,Faridabad,28.4089,77.3178,168.6,170.0,1265.0,45.1,38.9,40.0,337.5
2024-12-20 00:00:00,Faridabad,28.4089,77.3178,138.8,140.2,1301.0,22.4,33.8,68.0,314.7
2024-12-20 01:00:00,Faridabad,28.4089,77.3178,144.4,146.2,1511.0,36.0,40.6,54.0,319.0
2024-12-20 02:00:00,Faridabad,28.4089,77.3178,161.6,163.0,1799.0,54.4,50.1,36.0,332.2
2024-12-20 03:00:00,Faridabad,28.4089,77.3178,174.2,175.6,1913.0,64.3,56.8,37.0,341.8
2024-12-20 04:00:00,Faridabad,28.4089,77.3178,163.9,164.8,1685.0,57.7,57.7,74.0,333.9
2024-12-20 05:00:00,Faridabad,28.4089,77.3178,150.9,152.3,1284.0,42.8,56.0,129.0,323.9
2024-12-20 06:00:00,Faridabad,28.4089,77.3178,126.7,129.0,965.0,31.0,55.9,174.0,305.4
2024-12-20 07:00:00,Faridabad,28.4089,77.3178,109.9,112.2,800.0,24.6,59.3,199.0,265.5
2024-12-20 08:00:00,Faridabad,28.4089,77.3178,100.8,103.4,716.0,21.5,64.2,214.0,234.5
2024-12-20 09:00:00,Faridabad,28.4089,77.3178,98.7,101.3,750.0,26.4,69.1,213.0,227.3
2024-12-20 10:00:00,Faridabad,28.4089,77.3178,98.3,100.6,977.0,46.1,73.7,189.0,225.9
2024-12-20 11:00:00,Faridabad,28.4089,77.3178,114.6,116.4,1323.0,73.8,78.1,149.0,281.6
2024-12-20 12:00:00,Faridabad,28.4089,77.3178,149.0,150.9,1595.0,94.5,71.7,100.0,322.5
2024-12-20 13:00:00,Faridabad,28.4089,77.3178,167.2,169.5,1733.0,96.0,74.3,84.0,336.5
2024-12-20 14:00:00,Faridabad,28.4089,77.3178,174.2,176.0,1799.0,97.6,77.7,61.0,341.8
2024-12-20 15:00:00,Faridabad,28.4089,77.3178,170.9,172.8,1785.0,95.1,78.1,44.0,339.3
2024-12-20 16:00:00,Faridabad,28.4089,77.3178,165.8,167.2,1650.0,85.4,73.2,39.0,335.4
2024-12-20 17:00:00,Faridabad,28.4089,77.3178,159.3,160.7,1435.0,71.7,65.3,39.0,330.4
2024-12-20 18:00:00,Faridabad,28.4089,77.3178,150.9,152.3,1260.0,59.0,57.9,40.0,323.9
2024-12-20 19:00:00,Faridabad,28.4089,77.3178,142.0,143.4,1172.0,48.7,51.7,41.0,317.1
2024-12-20 20:00:00,Faridabad,28.4089,77.3178,136.0,136.9,1124.0,39.5,45.8,43.0,312.5
2024-12-20 21:00:00,Faridabad,28.4089,77.3178,131.3,132.2,1089.0,32.3,41.6,44.0,308.9
2024-12-20 22:00:00,Faridabad,28.4089,77.3178,127.6,128.5,1038.0,27.2,39.5,44.0,306.1
2024-12-20 23:00:00,Faridabad,28.4089,77.3178,124.3,125.3,1000.0,24.1,38.9,44.0,303.5
2024-12-21 00:00:00,Faridabad,28.4089,77.3178,131.8,132.7,1037.0,31.7,46.1,36.0,309.3
2024-12-21 01:00:00,Faridabad,28.4089,77.3178,137.4,138.3,1237.0,37.0,48.8,28.0,313.6
2024-12-21 02:00:00,Faridabad,28.4089,77.3178,149.0,149.9,1511.0,44.2,52.5,19.0,322.5
2024-12-21 03:00:00,Faridabad,28.4089,77.3178,153.7,154.6,1662.0,48.1,55.3,22.0,326.1
2024-12-21 04:00:00,Faridabad,28.4089,77.3178,150.4,151.3,1585.0,46.1,56.3,48.0,323.6
2024-12-21 05:00:00,Faridabad,28.4089,77.3178,144.8,145.8,1383.0,40.9,56.5,87.0,319.3
2024-12-21 06:00:00,Faridabad,28.4089,77.3178,135.5,136.4,1170.0,35.6,56.8,121.0,312.1
2024-12-21 07:00:00,Faridabad,28.4089,77.3178,116.9,118.3,937.0,28.5,57.8,149.0,289.4
2024-12-21 08:00:00,Faridabad,28.4089,77.3178,104.5,105.9,691.0,21.4,59.0,172.0,247.1
2024-12-21 09:00:00,Faridabad,28.4089,77.3178,99.0,100.6,570.0,22.2,59.7,179.0,228.3
2024-12-21 10:00:00,Faridabad,28.4089,77.3178,96.4,97.8,639.0,36.7,58.8,159.0,219.4
2024-12-21 11:00:00,Faridabad,28.4089,77.3178,106.6,107.8,832.0,59.2,57.5,122.0,254.3
2024-12-21 12:00:00,Faridabad,28.4089,77.3178,150.4,151.8,1084.0,80.6,65.2,86.0,323.6
2024-12-21 13:00:00,Faridabad,28.4089,77.3178,173.7,175.1,1451.0,93.9,70.0,64.0,341.4
2024-12-21 14:00:00,Faridabad,28.4089,77.3178,190.9,192.3,1877.0,112.0,76.6,33.0,354.6
2024-12-21 15:00:00,Faridabad,28.4089,77.3178,204.0,205.4,2136.0,124.0,82.2,10.0,364.7
2024-12-21 16:00:00,Faridabad,28.4089,77.3178,213.3,214.7,2093.0,124.1,86.0,1.0,371.8
2024-12-21 17:00:00,Faridabad,28.4089,77.3178,221.2,223.1,1883.0,118.1,88.6,0.0,377.9
2024-12-21 18:00:00,Faridabad,28.4089,77.3178,224.9,226.8,1683.0,112.0,89.5,0.0,380.7
2024-12-21 19:00:00,Faridabad,28.4089,77.3178,224.9,226.3,1543.0,108.0,88.0,0.0,380.7
2024-12-21 20:00:00,Faridabad,28.4089,77.3178,225.8,227.7,1415.0,103.9,84.7,0.0,381.4
2024-12-21 21:00:00,Faridabad,28.4089,77.3178,226.8,228.6,1327.0,99.3,80.6,0.0,382.2
2024-12-21 22:00:00,Faridabad,28.4089,77.3178,225.4,227.2,1235.0,93.7,74.6,0.0,381.1
2024-12-21 23:00:00,Faridabad,28.4089,77.3178,219.8,221.2,1184.0,87.6,67.8,1.0,376.8
2024-12-22 00:00:00,Faridabad,28.4089,77.3178,199.3,201.2,1340.0,84.7,62.1,4.0,361.1
2024-12-22 01:00:00,Faridabad,28.4089,77.3178,213.3,215.1,1978.0,83.9,67.0,0.0,371.8
2024-12-22 02:00:00,Faridabad,28.4089,77.3178,237.5,239.3,2823.0,82.2,73.8,0.0,390.4
2024-12-22 03:00:00,Faridabad,28.4089,77.3178,258.9,260.8,3218.0,76.5,78.2,9.0,404.5
2024-12-22 04:00:00,Faridabad,28.4089,77.3178,230.5,231.9,2728.0,63.5,78.9,49.0,385.0
2024-12-22 05:00:00,Faridabad,28.4089,77.3178,188.6,190.5,1788.0,46.5,77.2,105.0,352.9
2024-12-22 06:00:00,Faridabad,28.4089,77.3178,139.7,141.6,1043.0,32.4,73.6,148.0,315.4
2024-12-22 07:00:00,Faridabad,28.4089,77.3178,117.3,119.2,741.0,21.0,66.4,172.0,290.8
2024-12-22 08:00:00,Faridabad,28.4089,77.3178,104.8,106.6,634.0,12.5,57.2,185.0,248.1
2024-12-22 09:00:00,Faridabad,28.4089,77.3178,96.2,98.3,626.0,14.6,51.3,181.0,218.8
2024-12-22 10:00:00,Faridabad,28.4089,77.3178,90.6,92.7,712.0,35.1,51.2,152.0,500.0
2024-12-22 11:00:00,Faridabad,28.4089,77.3178,105.7,107.3,896.0,66.2,54.3,107.0,251.2
2024-12-22 12:00:00,Faridabad,28.4089,77.3178,141.6,143.4,1095.0,93.9,53.8,58.0,316.8
2024-12-22 13:00:00,Faridabad,28.4089,77.3178,171.8,173.2,1317.0,103.6,57.9,43.0,340.0
2024-12-22 14:00:00,Faridabad,28.4089,77.3178,189.1,190.9,1554.0,116.3,63.4,22.0,353.3
2024-12-22 15:00:00,Faridabad,28.4089,77.3178,195.1,196.5,1698.0,121.5,65.7,10.0,357.9
2024-12-22 16:00:00,Faridabad,28.4089,77.3178,192.3,194.2,1692.0,113.6,62.3,14.0,355.7
2024-12-22 17:00:00,Faridabad,28.4089,77.3178,190.0,191.4,1593.0,98.1,55.8,26.0,354.0
2024-12-22 18:00:00,Faridabad,28.4089,77.3178,176.0,177.9,1464.0,81.1,49.4,39.0,343.2
2024-12-22 19:00:00,Faridabad,28.4089,77.3178,156.0,157.4,1298.0,62.3,43.8,53.0,327.9
2024-12-22 20:00:00,Faridabad,28.4089,77.3178,137.4,138.8,1102.0,42.1,38.4,68.0,313.6
2024-12-22 21:00:00,Faridabad,28.4089,77.3178,129.9,131.3,963.0,27.4,34.7,78.0,307.8
2024-12-22 22:00:00,Faridabad,28.4089,77.3178,129.5,130.9,900.0,20.3,33.2,80.0,307.5
2024-12-22 23:00:00,Faridabad,28.4089,77.3178,134.1,135.5,895.0,18.8,33.4,76.0,311.1
2024-12-23 00:00:00,Faridabad,28.4089,77.3178,113.2,114.3,976.0,14.0,28.3,77.0,276.8
2024-12-23 01:00:00,Faridabad,28.4089,77.3178,121.1,122.5,1247.0,23.4,30.5,65.0,301.1
2024-12-23 02:00:00,Faridabad,28.4089,77.3178,134.6,136.4,1606.0,36.2,33.4,48.0,311.4
2024-12-23 03:00:00,Faridabad,28.4089,77.3178,145.3,146.7,1770.0,44.6,35.3,41.0,319.6
2024-12-23 04:00:00,Faridabad,28.4089,77.3178,143.0,143.9,1553.0,44.7,34.8,51.0,317.9
2024-12-23 05:00:00,Faridabad,28.4089,77.3178,136.9,138.3,1142.0,40.4,33.2,70.0,313.2
2024-12-23 06:00:00,Faridabad,28.4089,77.3178,133.2,134.6,820.0,35.8,32.3,88.0,310.4
2024-12-23 07:00:00,Faridabad,28.4089,77.3178,122.0,123.9,695.0,31.4,33.1,104.0,301.8
2024-12-23 08:00:00,Faridabad,28.4089,77.3178,109.7,111.5,658.0,26.8,34.7,120.0,264.8
2024-12-23 09:00:00,Faridabad,28.4089,77.3178,105.5,107.3,668.0,24.7,36.2,128.0,250.5
2024-12-23 10:00:00,Faridabad,28.4089,77.3178,103.6,105.2,739.0,27.4,37.4,123.0,244.0
2024-12-23 11:00:00,Faridabad,28.4089,77.3178,101.7,103.4,858.0,32.6,38.5,110.0,237.5
2024-12-23 12:00:00,Faridabad,28.4089,77.3178,129.0,130.9,939.0,41.6,39.9,98.0,307.1
2024-12-23 13:00:00,Faridabad,28.4089,77.3178,122.5,124.3,938.0,39.8,40.2,91.0,302.2
2024-12-23 14:00:00,Faridabad,28.4089,77.3178,121.1,122.9,899.0,37.2,40.6,82.0,301.1
2024-12-23 15:00:00,Faridabad,28.4089,77.3178,119.7,121.5,873.0,35.1,40.7,73.0,299.0
2024-12-23 16:00:00,Faridabad,28.4089,77.3178,118.5,120.6,890.0,34.3,40.7,67.0,294.9
2024-12-23 17:00:00,Faridabad,28.4089,77.3178,122.5,124.3,919.0,33.8,40.3,61.0,302.2
2024-12-23 18:00:00,Faridabad,28.4089,77.3178,120.1,122.0,918.0,32.3,38.8,58.0,500.0
2024-12-23 19:00:00,Faridabad,28.4089,77.3178,113.2,115.0,855.0,28.3,35.1,59.0,276.8
2024-12-23 20:00:00,Faridabad,28.4089,77.3178,108.0,110.1,761.0,23.2,30.3,62.0,259.0
2024-12-23 21:00:00,Faridabad,28.4089,77.3178,106.6,109.0,685.0,19.7,26.5,63.0,254.3
2024-12-23 22:00:00,Faridabad,28.4089,77.3178,107.6,109.9,634.0,18.4,24.5,61.0,257.7
2024-12-23 23:00:00,Faridabad,28.4089,77.3178,106.6,109.0,602.0,18.7,23.5,56.0,254.3
2024-12-24 00:00:00,Faridabad,28.4089,77.3178,90.3,92.2,614.0,17.2,16.7,59.0,500.0
2024-12-24 01:00:00,Faridabad,28.4089,77.3178,91.0,92.7,720.0,24.4,19.5,57.0,201.0
2024-12-24 02:00:00,Faridabad,28.4089,77.3178,97.6,99.2,870.0,34.1,23.3,55.0,223.5
2024-12-24 03:00:00,Faridabad,28.4089,77.3178,105.5,107.6,948.0,39.8,26.5,59.0,250.5
2024-12-24 04:00:00,Faridabad,28.4089,77.3178,112.5,114.1,883.0,37.7,28.0,75.0,274.4
2024-12-24 05:00:00,Faridabad,28.4089,77.3178,108.5,110.8,745.0,31.6,28.9,98.0,260.7
2024-12-24 06:00:00,Faridabad,28.4089,77.3178,108.0,110.8,628.0,26.4,30.0,117.0,259.0
2024-12-24 07:00:00,Faridabad,28.4089,77.3178,108.7,111.5,555.0,20.8,31.4,132.0,261.4
2024-12-24 08:00:00,Faridabad,28.4089,77.3178,107.6,110.6,502.0,16.0,33.0,144.0,257.7
2024-12-24 09:00:00,Faridabad,28.4089,77.3178,107.8,110.8,497.0,20.5,36.3,143.0,258.4
2024-12-24 10:00:00,Faridabad,28.4089,77.3178,110.6,113.4,548.0,41.5,41.2,119.0,267.9
2024-12-24 11:00:00,Faridabad,28.4089,77.3178,126.7,129.5,647.0,71.7,47.7,81.0,305.4
2024-12-24 12:00:00,Faridabad,28.4089,77.3178,140.2,142.0,793.0,93.0,48.0,48.0,315.7
2024-12-24 13:00:00,Faridabad,28.4089,77.3178,159.7,161.1,1015.0,99.5,52.7,38.0,330.7
2024-12-24 14:00:00,Faridabad,28.4089,77.3178,167.2,168.6,1284.0,108.0,59.1,24.0,336.5
2024-12-24 15:00:00,Faridabad,28.4089,77.3178,165.8,167.2,1516.0,110.8,62.5,14.0,335.4
2024-12-24 16:00:00,Faridabad,28.4089,77.3178,159.7,161.1,1696.0,103.1,60.8,13.0,330.7
2024-12-24 17:00:00,Faridabad,28.4089,77.3178,149.0,150.4,1840.0,89.7,56.2,16.0,322.5
2024-12-24 18:00:00,Faridabad,28.4089,77.3178,137.8,139.2,1906.0,77.0,51.0,19.0,313.9
2024-12-24 19:00:00,Faridabad,28.4089,77.3178,128.1,129.0,1837.0,66.9,45.4,21.0,306.4
2024-12-24 20:00:00,Faridabad,28.4089,77.3178,120.1,121.1,1690.0,57.4,39.3,22.0,500.0
2024-12-24 21:00:00,Faridabad,28.4089,77.3178,112.9,114.1,1600.0,49.7,34.3,23.0,275.8
2024-12-24 22:00:00,Faridabad,28.4089,77.3178,107.8,109.0,1638.0,43.6,30.8,23.0,258.4
2024-12-24 23:00:00,Faridabad,28.4089,77.3178,105.0,106.2,1732.0,39.2,28.5,23.0,248.8
2024-12-25 00:00:00,Faridabad,28.4089,77.3178,100.6,101.7,1798.0,34.5,25.4,26.0,233.8
2024-12-25 01:00:00,Faridabad,28.4089,77.3178,105.5,106.4,1826.0,40.5,30.6,18.0,250.5
2024-12-25 02:00:00,Faridabad,28.4089,77.3178,121.5,122.9,1825.0,48.4,37.7,8.0,301.4
2024-12-25 03:00:00,Faridabad,28.4089,77.3178,136.9,138.3,1742.0,52.7,43.0,13.0,313.2
2024-12-25 04:00:00,Faridabad,28.4089,77.3178,129.0,129.9,1507.0,49.9,43.5,44.0,307.1
2024-12-25 05:00:00,Faridabad,28.4089,77.3178,122.5,123.9,1190.0,43.4,42.1,88.0,302.2
2024-12-25 06:00:00,Faridabad,28.4089,77.3178,107.3,109.0,947.0,37.5,44.1,126.0,256.6
2024-12-25 07:00:00,Faridabad,28.4089,77.3178,92.9,95.0,835.0,31.7,53.5,153.0,207.5
2024-12-25 08:00:00,Faridabad,28.4089,77.3178,95.2,97.6,796.0,26.6,66.3,173.0,215.3
2024-12-25 09:00:00,Faridabad,28.4089,77.3178,99.9,102.2,812.0,27.6,75.6,178.0,231.4
2024-12-25 10:00:00,Faridabad,28.4089,77.3178,103.4,105.7,886.0,39.7,77.9,160.0,243.3
2024-12-25 11:00:00,Faridabad,28.4089,77.3178,111.8,113.6,1016.0,58.0,76.7,127.0,272.0
2024-12-25 12:00:00,Faridabad,28.4089,77.3178,154.6,156.9,1176.0,73.2,72.8,85.0,326.8
2024-12-25 13:00:00,Faridabad,28.4089,77.3178,170.4,172.3,1396.0,78.5,72.6,67.0,338.9
2024-12-25 14:00:00,Faridabad,28.4089,77.3178,180.7,182.5,1647.0,85.8,72.2,42.0,346.8
2024-12-25 15:00:00,Faridabad,28.4089,77.3178,189.1,190.5,1815.0,90.6,71.8,23.0,353.3
2024-12-25 16:00:00,Faridabad,28.4089,77.3178,192.8,194.2,1845.0,90.9,71.7,14.0,356.1
2024-12-25 17:00:00,Faridabad,28.4089,77.3178,194.6,196.0,1791.0,88.8,71.5,10.0,357.5
2024-12-25 18:00:00,Faridabad,28.4089,77.3178,191.4,193.2,1706.0,85.9,70.0,8.0,355.0
2024-12-25 19:00:00,Faridabad,28.4089,77.3178,186.3,187.7,1584.0,82.6,66.3,6.0,351.1
2024-12-25 20:00:00,Faridabad,28.4089,77.3178,181.6,183.0,1432.0,78.5,61.4,6.0,347.5
2024-12-25 21:00:00,Faridabad,28.4089,77.3178,178.3,179.7,1315.0,74.2,57.1,6.0,345.0
2024-12-25 22:00:00,Faridabad,28.4089,77.3178,175.1,176.0,1247.0,69.3,53.5,6.0,342.5
2024-12-25 23:00:00,Faridabad,28.4089,77.3178,170.0,170.9,1215.0,64.3,50.5,7.0,338.6
2024-12-26 00:00:00,Faridabad,28.4089,77.3178,171.8,172.8,1251.0,64.7,56.3,5.0,340.0
2024-12-26 01:00:00,Faridabad,28.4089,77.3178,173.2,174.2,1428.0,63.4,57.1,2.0,341.1
2024-12-26 02:00:00,Faridabad,28.4089,77.3178,189.1,190.0,1673.0,61.4,58.3,0.0,353.3
2024-12-26 03:00:00,Faridabad,28.4089,77.3178,189.5,190.5,1792.0,58.6,59.2,13.0,353.6
2024-12-26 04:00:00,Faridabad,28.4089,77.3178,192.8,193.2,1677.0,54.9,59.6,54.0,356.1
2024-12-26 05:00:00,Faridabad,28.4089,77.3178,185.3,186.3,1437.0,50.3,59.8,110.0,350.3
2024-12-26 06:00:00,Faridabad,28.4089,77.3178,154.6,155.5,1204.0,45.2,60.3,153.0,326.8
2024-12-26 07:00:00,Faridabad,28.4089,77.3178,113.9,115.0,985.0,35.7,60.9,176.0,279.2
2024-12-26 08:00:00,Faridabad,28.4089,77.3178,90.8,92.4,773.0,25.7,61.7,186.0,500.0
2024-12-26 09:00:00,Faridabad,28.4089,77.3178,85.4,87.3,687.0,26.7,63.5,182.0,184.3
2024-12-26 10:00:00,Faridabad,28.4089,77.3178,83.1,85.0,775.0,47.4,66.0,156.0,176.4
2024-12-26 11:00:00,Faridabad,28.4089,77.3178,95.2,97.1,989.0,79.1,69.5,115.0,215.3
2024-12-26 12:00:00,Faridabad,28.4089,77.3178,149.0,151.3,1297.0,106.8,73.3,70.0,322.5
2024-12-26 13:00:00,Faridabad,28.4089,77.3178,176.5,178.8,1729.0,120.4,79.6,49.0,343.6
2024-12-26 14:00:00,Faridabad,28.4089,77.3178,192.8,195.1,2257.0,138.7,87.9,21.0,356.1
2024-12-26 15:00:00,Faridabad,28.4089,77.3178,208.2,210.0,2759.0,149.2,92.0,1.0,367.9
2024-12-26 16:00:00,Faridabad,28.4089,77.3178,219.3,221.7,3285.0,145.6,88.6,0.0,376.4
2024-12-26 17:00:00,Faridabad,28.4089,77.3178,218.9,221.2,3786.0,134.1,81.0,0.0,376.1
2024-12-26 18:00:00,Faridabad,28.4089,77.3178,198.4,200.7,3998.0,121.1,72.2,6.0,360.4
2024-12-26 19:00:00,Faridabad,28.4089,77.3178,180.7,183.0,3734.0,107.2,62.2,12.0,346.8
2024-12-26 20:00:00,Faridabad,28.4089,77.3178,167.2,169.5,3182.0,91.8,51.1,20.0,336.5
2024-12-26 21:00:00,Faridabad,28.4089,77.3178,162.5,164.8,2637.0,78.6,42.0,26.0,332.8
2024-12-26 22:00:00,Faridabad,28.4089,77.3178,150.4,152.3,2143.0,68.9,35.9,28.0,323.6
2024-12-26 23:00:00,Faridabad,28.4089,77.3178,146.7,149.0,1656.0,61.4,31.8,29.0,320.7
2024-12-27 00:00:00,Faridabad,28.4089,77.3178,160.7,162.5,1345.0,77.2,46.0,17.0,331.5
2024-12-27 01:00:00,Faridabad,28.4089,77.3178,145.3,147.1,1358.0,75.1,45.8,18.0,319.6
2024-12-27 02:00:00,Faridabad,28.4089,77.3178,149.0,150.9,1547.0,72.1,45.5,21.0,322.5
2024-12-27 03:00:00,Faridabad,28.4089,77.3178,152.3,154.1,1638.0,68.8,44.2,26.0,325.0
2024-12-27 04:00:00,Faridabad,28.4089,77.3178,148.5,149.9,1502.0,65.3,41.3,38.0,322.1
2024-12-27 05:00:00,Faridabad,28.4089,77.3178,135.5,137.4,1267.0,61.5,37.5,52.0,312.1
2024-12-27 06:00:00,Faridabad,28.4089,77.3178,122.0,123.9,1046.0,57.4,34.3,64.0,301.8
2024-12-27 07:00:00,Faridabad,28.4089,77.3178,107.6,109.7,859.0,52.7,32.7,70.0,257.7
2024-12-27 08:00:00,Faridabad,28.4089,77.3178,100.6,102.7,686.0,47.8,31.6,73.0,233.8
2024-12-27 09:00:00,Faridabad,28.4089,77.3178,96.4,98.3,576.0,43.6,29.6,74.0,219.4
2024-12-27 10:00:00,Faridabad,28.4089,77.3178,93.4,95.0,577.0,40.8,25.4,73.0,209.2
2024-12-27 11:00:00,Faridabad,28.4089,77.3178,87.8,89.4,641.0,38.7,20.2,71.0,192.5
2024-12-27 12:00:00,Faridabad,28.4089,77.3178,98.5,101.0,680.0,43.5,19.3,60.0,226.6
2024-12-27 13:00:00,Faridabad,28.4089,77.3178,96.4,98.5,650.0,40.2,19.3,61.0,219.4
2024-12-27 14:00:00,Faridabad,28.4089,77.3178,95.0,97.3,594.0,35.5,19.3,62.0,214.7
2024-12-27 15:00:00,Faridabad,28.4089,77.3178,93.4,95.5,549.0,31.4,19.6,63.0,209.2
2024-12-27 16:00:00,Faridabad,28.4089,77.3178,94.1,96.2,535.0,28.5,20.4,64.0,211.6
2024-12-27 17:00:00,Faridabad,28.4089,77.3178,97.3,99.4,533.0,26.1,21.4,65.0,222.5
2024-12-27 18:00:00,Faridabad,28.4089,77.3178,95.7,97.8,521.0,23.9,22.0,65.0,217.0
2024-12-27 19:00:00,Faridabad,28.4089,77.3178,92.7,95.0,484.0,21.4,21.6,64.0,206.8
2024-12-27 20:00:00,Faridabad,28.4089,77.3178,92.0,94.3,438.0,19.1,20.7,61.0,204.4
2024-12-27 21:00:00,Faridabad,28.4089,77.3178,91.0,93.1,408.0,17.9,20.4,59.0,201.0
2024-12-27 22:00:00,Faridabad,28.4089,77.3178,90.8,93.1,387.0,17.2,20.8,59.0,500.0
2024-12-27 23:00:00,Faridabad,28.4089,77.3178,94.5,96.9,383.0,17.6,21.7,59.0,212.9
2024-12-28 00:00:00,Faridabad,28.4089,77.3178,79.9,81.7,444.0,15.0,19.4,63.0,165.5
2024-12-28 01:00:00,Faridabad,28.4089,77.3178,83.4,85.0,642.0,27.1,25.5,50.0,177.5
2024-12-28 02:00:00,Faridabad,28.4089,77.3178,102.0,103.8,905.0,43.3,33.9,34.0,238.6
2024-12-28 03:00:00,Faridabad,28.4089,77.3178,121.1,122.5,1068.0,52.4,39.7,27.0,301.1
2024-12-28 04:00:00,Faridabad,28.4089,77.3178,110.4,112.0,1033.0,47.3,40.3,40.0,267.2
2024-12-28 05:00:00,Faridabad,28.4089,77.3178,112.7,115.0,897.0,35.2,38.3,63.0,275.1
2024-12-28 06:00:00,Faridabad,28.4089,77.3178,100.4,102.4,788.0,26.1,36.8,81.0,233.1
2024-12-28 07:00:00,Faridabad,28.4089,77.3178,96.9,99.0,735.0,22.7,36.3,92.0,221.1
2024-12-28 08:00:00,Faridabad,28.4089,77.3178,91.7,93.4,708.0,22.4,36.3,98.0,203.4
2024-12-28 09:00:00,Faridabad,28.4089,77.3178,86.8,88.5,745.0,27.1,38.7,96.0,189.1
2024-12-28 10:00:00,Faridabad,28.4089,77.3178,82.2,83.4,879.0,40.1,45.1,81.0,173.4
2024-12-28 11:00:00,Faridabad,28.4089,77.3178,92.0,93.1,1077.0,58.3,53.8,59.0,204.4
2024-12-28 12:00:00,Faridabad,28.4089,77.3178,136.0,137.8,1274.0,75.0,63.7,41.0,312.5
2024-12-28 13:00:00,Faridabad,28.4089,77.3178,154.6,156.0,1452.0,82.6,66.2,31.0,326.8
2024-12-28 14:00:00,Faridabad,28.4089,77.3178,156.5,157.9,1629.0,92.5,69.3,18.0,328.2
2024-12-28 15:00:00,Faridabad,28.4089,77.3178,151.3,152.3,1795.0,96.6,69.5,10.0,324.3
2024-12-28 16:00:00,Faridabad,28.4089,77.3178,143.4,144.4,1999.0,90.2,64.4,10.0,318.2
2024-12-28 17:00:00,Faridabad,28.4089,77.3178,139.2,140.2,2192.0,77.9,56.4,15.0,315.0
2024-12-28 18:00:00,Faridabad,28.4089,77.3178,134.1,135.0,2216.0,65.2,48.8,20.0,311.1
2024-12-28 19:00:00,Faridabad,28.4089,77.3178,126.2,127.1,1930.0,53.1,42.4,25.0,305.0
2024-12-28 20:00:00,Faridabad,28.4089,77.3178,119.7,120.6,1476.0,40.6,36.3,31.0,299.0
2024-12-28 21:00:00,Faridabad,28.4089,77.3178,113.2,114.1,1120.0,30.7,31.6,36.0,276.8
2024-12-28 22:00:00,Faridabad,28.4089,77.3178,106.6,107.6,972.0,24.2,28.6,40.0,254.3
2024-12-28 23:00:00,Faridabad,28.4089,77.3178,99.9,100.6,923.0,20.2,27.0,42.0,231.4
2024-12-29 00:00:00,Faridabad,28.4089,77.3178,125.3,126.2,911.0,36.5,31.1,21.0,304.3
2024-12-29 01:00:00,Faridabad,28.4089,77.3178,117.3,118.3,935.0,36.4,31.7,22.0,290.8
2024-12-29 02:00:00,Faridabad,28.4089,77.3178,115.7,116.4,995.0,36.1,32.7,23.0,285.3
2024-12-29 03:00:00,Faridabad,28.4089,77.3178,116.4,117.1,1033.0,34.6,34.5,30.0,287.7
2024-12-29 04:00:00,Faridabad,28.4089,77.3178,99.7,100.6,1031.0,30.9,38.2,47.0,230.7
2024-12-29 05:00:00,Faridabad,28.4089,77.3178,85.7,86.6,1006.0,26.1,42.8,69.0,185.3
2024-12-29 06:00:00,Faridabad,28.4089,77.3178,75.0,76.4,948.0,21.9,45.0,88.0,148.8
2024-12-29 07:00:00,Faridabad,28.4089,77.3178,70.1,71.5,815.0,18.2,42.9,104.0,132.1
2024-12-29 08:00:00,Faridabad,28.4089,77.3178,66.6,68.2,648.0,15.2,38.4,117.0,120.1
2024-12-29 09:00:00,Faridabad,28.4089,77.3178,65.4,67.3,565.0,15.6,34.7,121.0,116.0
2024-12-29 10:00:00,Faridabad,28.4089,77.3178,63.1,65.0,634.0,21.6,32.8,111.0,108.2
2024-12-29 11:00:00,Faridabad,28.4089,77.3178,64.0,65.7,786.0,31.1,31.6,93.0,111.2
2024-12-29 12:00:00,Faridabad,28.4089,77.3178,94.1,95.7,934.0,39.4,34.2,66.0,211.6
2024-12-29 13:00:00,Faridabad,28.4089,77.3178,100.8,102.2,1073.0,42.4,33.2,56.0,234.5
2024-12-29 14:00:00,Faridabad,28.4089,77.3178,100.6,101.7,1207.0,46.3,31.6,43.0,233.8
2024-12-29 15:00:00,Faridabad,28.4089,77.3178,99.4,100.4,1259.0,47.4,29.9,35.0,229.7
2024-12-29 16:00:00,Faridabad,28.4089,77.3178,95.9,96.6,1165.0,43.3,28.0,36.0,217.7
2024-12-29 17:00:00,Faridabad,28.4089,77.3178,93.6,94.3,987.0,36.4,25.8,41.0,209.9
2024-12-29 18:00:00,Faridabad,28.4089,77.3178,91.3,92.0,840.0,29.9,23.7,47.0,202.0
2024-12-29 19:00:00,Faridabad,28.4089,77.3178,86.4,87.1,761.0,24.8,21.4,51.0,187.7
2024-12-29 20:00:00,Faridabad,28.4089,77.3178,83.4,84.1,713.0,20.1,19.1,55.0,177.5
2024-12-29 21:00:00,Faridabad,28.4089,77.3178,81.0,81.7,689.0,16.5,17.7,58.0,169.3
2024-12-29 22:00:00,Faridabad,28.4089,77.3178,79.4,79.9,694.0,13.8,17.7,60.0,163.8
2024-12-29 23:00:00,Faridabad,28.4089,77.3178,78.5,78.9,725.0,12.3,18.7,62.0,160.7
2024-12-30 00:00:00,Faridabad,28.4089,77.3178,80.8,81.5,765.0,13.4,19.4,59.0,168.6
2024-12-30 01:00:00,Faridabad,28.4089,77.3178,79.9,80.3,819.0,17.9,22.0,55.0,165.5
2024-12-30 02:00:00,Faridabad,28.4089,77.3178,82.7,83.1,882.0,23.9,25.7,50.0,175.1
2024-12-30 03:00:00,Faridabad,28.4089,77.3178,85.0,85.4,923.0,27.4,29.4,55.0,182.9
2024-12-30 04:00:00,Faridabad,28.4089,77.3178,82.0,82.2,925.0,26.0,33.1,76.0,172.7
2024-12-30 05:00:00,Faridabad,28.4089,77.3178,80.1,80.3,905.0,22.0,36.8,106.0,166.2
2024-12-30 06:00:00,Faridabad,28.4089,77.3178,78.7,78.9,879.0,18.4,39.1,132.0,161.4
2024-12-30 07:00:00,Faridabad,28.4089,77.3178,73.8,74.0,830.0,14.7,39.0,153.0,144.7
2024-12-30 08:00:00,Faridabad,28.4089,77.3178,65.4,65.9,775.0,11.4,37.5,169.0,116.0
2024-12-30 09:00:00,Faridabad,28.4089,77.3178,57.5,57.9,783.0,12.2,35.8,173.0,95.8
2024-12-30 10:00:00,Faridabad,28.4089,77.3178,53.4,53.9,905.0,19.9,34.0,155.0,88.8
2024-12-30 11:00:00,Faridabad,28.4089,77.3178,54.6,55.1,1090.0,31.8,32.0,125.0,90.9
2024-12-30 12:00:00,Faridabad,28.4089,77.3178,102.7,103.8,1258.0,56.8,45.6,92.0,240.9
2024-12-30 13:00:00,Faridabad,28.4089,77.3178,117.3,118.3,1398.0,64.8,47.0,73.0,290.8
2024-12-30 14:00:00,Faridabad,28.4089,77.3178,126.2,127.6,1520.0,75.7,48.9,47.0,305.0
2024-12-30 15:00:00,Faridabad,28.4089,77.3178,131.8,132.7,1574.0,82.4,50.0,27.0,309.3
2024-12-30 16:00:00,Faridabad,28.4089,77.3178,137.4,138.3,1515.0,81.8,50.2,20.0,313.6
2024-12-30 17:00:00,Faridabad,28.4089,77.3178,141.6,143.0,1388.0,77.2,49.6,19.0,316.8
2024-12-30 18:00:00,Faridabad,28.4089,77.3178,141.6,143.0,1272.0,70.8,47.4,21.0,316.8
2024-12-30 19:00:00,Faridabad,28.4089,77.3178,134.6,135.5,1191.0,62.8,42.4,25.0,311.4
2024-12-30 20:00:00,Faridabad,28.4089,77.3178,128.1,129.5,1122.0,53.0,35.8,31.0,306.4
2024-12-30 21:00:00,Faridabad,28.4089,77.3178,123.9,125.3,1072.0,44.1,30.5,37.0,303.2
2024-12-30 22:00:00,Faridabad,28.4089,77.3178,119.0,120.1,1045.0,35.6,27.2,43.0,296.6
2024-12-30 23:00:00,Faridabad,28.4089,77.3178,115.3,116.4,1037.0,27.8,25.2,49.0,284.0
2024-12-31 00:00:00,Faridabad,28.4089,77.3178,157.9,159.3,1049.0,48.5,36.2,20.0,329.3
2024-12-31 01:00:00,Faridabad,28.4089,77.3178,153.7,154.6,1099.0,47.1,35.9,21.0,326.1
2024-12-31 02:00:00,Faridabad,28.4089,77.3178,157.9,158.8,1168.0,44.8,35.6,24.0,329.3
2024-12-31 03:00:00,Faridabad,28.4089,77.3178,150.9,152.3,1197.0,41.4,36.4,34.0,323.9
2024-12-31 04:00:00,Faridabad,28.4089,77.3178,137.4,139.2,1149.0,35.8,39.2,57.0,313.6
2024-12-31 05:00:00,Faridabad,28.4089,77.3178,117.6,119.7,1060.0,29.0,43.1,87.0,291.8
2024-12-31 06:00:00,Faridabad,28.4089,77.3178,100.8,103.4,987.0,23.7,45.9,112.0,234.5
2024-12-31 07:00:00,Faridabad,28.4089,77.3178,95.7,98.0,925.0,19.6,46.3,132.0,217.0
2024-12-31 08:00:00,Faridabad,28.4089,77.3178,92.4,94.8,877.0,17.1,45.7,147.0,205.8
2024-12-31 09:00:00,Faridabad,28.4089,77.3178,89.2,91.5,909.0,19.4,45.4,151.0,197.3
2024-12-31 10:00:00,Faridabad,28.4089,77.3178,88.0,90.1,1064.0,29.3,45.9,138.0,193.2
2024-12-31 11:00:00,Faridabad,28.4089,77.3178,88.7,91.0,1299.0,44.1,46.7,114.0,195.6
2024-12-31 12:00:00,Faridabad,28.4089,77.3178,158.3,162.1,1549.0,76.3,78.7,88.0,329.6
2024-12-31 13:00:00,Faridabad,28.4089,77.3178,190.5,193.7,1847.0,91.0,82.2,64.0,354.3
2024-12-31 14:00:00,Faridabad,28.4089,77.3178,210.9,214.7,2160.0,110.9,86.7,32.0,370.0
2024-12-31 15:00:00,Faridabad,28.4089,77.3178,217.5,220.7,2321.0,121.9,87.9,9.0,375.1
2024-12-31 16:00:00,Faridabad,28.4089,77.3178,217.0,220.3,2221.0,117.0,83.6,5.0,374.7
2024-12-31 17:00:00,Faridabad,28.4089,77.3178,217.0,220.3,1970.0,103.4,76.1,10.0,374.7
2024-12-31 18:00:00,Faridabad,28.4089,77.3178,209.5,212.8,1730.0,88.6,67.4,17.0,368.9
2024-12-31 19:00:00,Faridabad,28.4089,77.3178,193.7,197.0,1545.0,74.2,57.5,24.0,356.8
2024-12-31 20:00:00,Faridabad,28.4089,77.3178,180.7,183.9,1371.0,58.6,46.5,33.0,346.8
2024-12-31 21:00:00,Faridabad,28.4089,77.3178,167.6,170.4,1244.0,45.0,37.2,42.0,336.8
2024-12-31 22:00:00,Faridabad,28.4089,77.3178,153.2,156.0,1186.0,33.8,30.3,50.0,325.7
2024-12-31 23:00:00,Faridabad,28.4089,77.3178,141.6,144.4,1174.0,24.6,25.1,57.0,316.8
2024-12-19 12:00:00,Ghaziabad Vasundhara,28.6603,77.3573,144.8,147.6,1103.0,75.6,65.6,98.0,319.3
2024-12-19 13:00:00,Ghaziabad Vasundhara,28.6603,77.3573,168.1,170.4,1307.0,84.5,70.3,78.0,337.1
2024-12-19 14:00:00,Ghaziabad Vasundhara,28.6603,77.3573,190.0,192.3,1528.0,96.5,76.5,50.0,354.0
2024-12-19 15:00:00,Ghaziabad Vasundhara,28.6603,77.3573,204.9,207.2,1670.0,103.4,79.9,29.0,365.4
2024-12-19 16:00:00,Ghaziabad Vasundhara,28.6603,77.3573,212.3,214.2,1676.0,101.2,78.3,22.0,371.1
2024-12-19 17:00:00,Ghaziabad Vasundhara,28.6603,77.3573,213.7,215.6,1602.0,94.0,73.9,23.0,372.1
2024-12-19 18:00:00,Ghaziabad Vasundhara,28.6603,77.3573,207.2,209.1,1517.0,85.6,68.1,25.0,367.2
2024-12-19 19:00:00,Ghaziabad Vasundhara,28.6603,77.3573,195.1,197.0,1427.0,76.7,60.6,28.0,357.9
2024-12-19 20:00:00,Ghaziabad Vasundhara,28.6603,77.3573,184.9,186.7,1326.0,66.7,51.7,33.0,350.0
2024-12-19 21:00:00,Ghaziabad Vasundhara,28.6603,77.3573,177.0,178.8,1260.0,57.7,44.6,36.0,344.0
2024-12-19 22:00:00,Ghaziabad Vasundhara,28.6603,77.3573,170.9,172.3,1238.0,49.3,39.8,37.0,339.3
2024-12-19 23:00:00,Ghaziabad Vasundhara,28.6603,77.3573,165.3,167.2,1251.0,42.0,36.6,37.0,335.0
2024-12-20 00:00:00,Ghaziabad Vasundhara,28.6603,77.3573,147.6,149.0,1319.0,28.2,37.5,55.0,321.4
2024-12-20 01:00:00,Ghaziabad Vasundhara,28.6603,77.3573,157.9,159.7,1526.0,39.2,43.6,44.0,329.3
2024-12-20 02:00:00,Ghaziabad Vasundhara,28.6603,77.3573,176.0,177.9,1788.0,53.8,51.8,30.0,343.2
2024-12-20 03:00:00,Ghaziabad Vasundhara,28.6603,77.3573,181.6,183.0,1878.0,61.1,57.4,34.0,347.5
2024-12-20 04:00:00,Ghaziabad Vasundhara,28.6603,77.3573,156.5,157.9,1637.0,53.8,57.4,73.0,328.2
2024-12-20 05:00:00,Ghaziabad Vasundhara,28.6603,77.3573,138.8,140.2,1225.0,39.1,54.8,129.0,314.7
2024-12-20 06:00:00,Ghaziabad Vasundhara,28.6603,77.3573,111.8,113.9,889.0,27.5,52.9,172.0,272.0
2024-12-20 07:00:00,Ghaziabad Vasundhara,28.6603,77.3573,94.3,96.9,713.0,21.6,53.2,190.0,212.3
2024-12-20 08:00:00,Ghaziabad Vasundhara,28.6603,77.3573,84.1,86.6,614.0,18.8,54.3,195.0,179.9
2024-12-20 09:00:00,Ghaziabad Vasundhara,28.6603,77.3573,80.1,82.4,590.0,22.0,55.4,187.0,166.2
2024-12-20 10:00:00,Ghaziabad Vasundhara,28.6603,77.3573,78.5,80.6,674.0,36.2,56.4,162.0,160.7
2024-12-20 11:00:00,Ghaziabad Vasundhara,28.6603,77.3573,85.9,87.5,834.0,56.5,57.3,125.0,186.0
2024-12-20 12:00:00,Ghaziabad Vasundhara,28.6603,77.3573,115.5,117.3,966.0,74.4,56.9,86.0,284.6
2024-12-20 13:00:00,Ghaziabad Vasundhara,28.6603,77.3573,125.3,126.7,1031.0,70.4,54.7,77.0,304.3
2024-12-20 14:00:00,Ghaziabad Vasundhara,28.6603,77.3573,126.7,128.5,1068.0,64.5,51.5,64.0,305.4
2024-12-20 15:00:00,Ghaziabad Vasundhara,28.6603,77.3573,126.7,128.1,1095.0,58.2,48.2,55.0,305.4
2024-12-20 16:00:00,Ghaziabad Vasundhara,28.6603,77.3573,127.1,128.1,1117.0,51.5,44.8,52.0,305.7
2024-12-20 17:00:00,Ghaziabad Vasundhara,28.6603,77.3573,127.6,128.5,1129.0,44.2,41.3,52.0,306.1
2024-12-20 18:00:00,Ghaziabad Vasundhara,28.6603,77.3573,125.7,126.7,1128.0,37.6,38.7,52.0,304.6
2024-12-20 19:00:00,Ghaziabad Vasundhara,28.6603,77.3573,122.0,123.4,1106.0,31.6,37.8,52.0,301.8
2024-12-20 20:00:00,Ghaziabad Vasundhara,28.6603,77.3573,119.7,120.6,1072.0,26.3,37.8,51.0,299.0
2024-12-20 21:00:00,Ghaziabad Vasundhara,28.6603,77.3573,117.6,118.5,1046.0,22.3,37.7,51.0,291.8
2024-12-20 22:00:00,Ghaziabad Vasundhara,28.6603,77.3573,115.9,116.9,1019.0,19.6,36.9,50.0,286.0
2024-12-20 23:00:00,Ghaziabad Vasundhara,28.6603,77.3573,114.6,115.7,1000.0,18.4,35.9,49.0,281.6
2024-12-21 00:00:00,Ghaziabad Vasundhara,28.6603,77.3573,116.4,117.3,1044.0,21.0,41.3,46.0,287.7
2024-12-21 01:00:00,Ghaziabad Vasundhara,28.6603,77.3573,123.9,124.8,1231.0,27.1,44.6,38.0,303.2
2024-12-21 02:00:00,Ghaziabad Vasundhara,28.6603,77.3573,138.3,139.2,1481.0,35.3,49.0,28.0,314.3
2024-12-21 03:00:00,Ghaziabad Vasundhara,28.6603,77.3573,144.8,145.8,1602.0,40.2,51.9,30.0,319.3
2024-12-21 04:00:00,Ghaziabad Vasundhara,28.6603,77.3573,143.0,143.9,1485.0,38.8,51.9,56.0,317.9
2024-12-21 05:00:00,Ghaziabad Vasundhara,28.6603,77.3573,138.3,139.2,1239.0,33.9,50.3,94.0,314.3
2024-12-21 06:00:00,Ghaziabad Vasundhara,28.6603,77.3573,129.5,130.4,1009.0,28.9,48.7,127.0,307.5
2024-12-21 07:00:00,Ghaziabad Vasundhara,28.6603,77.3573,110.1,111.5,816.0,22.3,47.4,150.0,266.2
2024-12-21 08:00:00,Ghaziabad Vasundhara,28.6603,77.3573,98.5,100.1,638.0,15.6,46.2,168.0,226.6
2024-12-21 09:00:00,Ghaziabad Vasundhara,28.6603,77.3573,92.7,94.3,553.0,15.6,45.6,171.0,206.8
2024-12-21 10:00:00,Ghaziabad Vasundhara,28.6603,77.3573,90.3,92.0,623.0,28.3,45.7,151.0,500.0
2024-12-21 11:00:00,Ghaziabad Vasundhara,28.6603,77.3573,98.7,99.9,785.0,47.7,46.4,116.0,227.3
2024-12-21 12:00:00,Ghaziabad Vasundhara,28.6603,77.3573,134.1,136.0,929.0,62.1,50.3,84.0,311.1
2024-12-21 13:00:00,Ghaziabad Vasundhara,28.6603,77.3573,152.7,154.6,1021.0,67.0,53.7,70.0,325.3
2024-12-21 14:00:00,Ghaziabad Vasundhara,28.6603,77.3573,166.7,168.6,1095.0,73.7,58.4,51.0,336.1
2024-12-21 15:00:00,Ghaziabad Vasundhara,28.6603,77.3573,180.2,181.6,1146.0,78.0,62.0,35.0,346.4
2024-12-21 16:00:00,Ghaziabad Vasundhara,28.6603,77.3573,193.7,195.1,1164.0,78.0,63.9,26.0,356.8
2024-12-21 17:00:00,Ghaziabad Vasundhara,28.6603,77.3573,206.3,208.2,1159.0,75.7,64.7,21.0,366.5
2024-12-21 18:00:00,Ghaziabad Vasundhara,28.6603,77.3573,213.3,214.7,1152.0,73.0,64.3,18.0,371.8
2024-12-21 19:00:00,Ghaziabad Vasundhara,28.6603,77.3573,214.2,215.6,1139.0,70.5,62.4,16.0,372.5
2024-12-21 20:00:00,Ghaziabad Vasundhara,28.6603,77.3573,215.6,217.0,1124.0,67.6,59.2,16.0,373.6
2024-12-21 21:00:00,Ghaziabad Vasundhara,28.6603,77.3573,214.2,216.1,1137.0,64.2,56.0,17.0,372.5
2024-12-21 22:00:00,Ghaziabad Vasundhara,28.6603,77.3573,205.8,207.7,1151.0,59.2,51.8,21.0,366.1
2024-12-21 23:00:00,Ghaziabad Vasundhara,28.6603,77.3573,193.7,195.6,1193.0,53.8,47.6,27.0,356.8
2024-12-22 00:00:00,Ghaziabad Vasundhara,28.6603,77.3573,200.7,202.6,1373.0,57.6,44.6,20.0,362.2
2024-12-22 01:00:00,Ghaziabad Vasundhara,28.6603,77.3573,204.4,206.3,1899.0,60.8,53.7,19.0,365.0
2024-12-22 02:00:00,Ghaziabad Vasundhara,28.6603,77.3573,220.7,223.1,2562.0,64.8,66.2,19.0,377.5
2024-12-22 03:00:00,Ghaziabad Vasundhara,28.6603,77.3573,238.0,239.3,2853.0,64.8,74.9,32.0,390.8
2024-12-22 04:00:00,Ghaziabad Vasundhara,28.6603,77.3573,218.9,220.3,2413.0,57.4,76.5,69.0,376.1
2024-12-22 05:00:00,Ghaziabad Vasundhara,28.6603,77.3573,185.8,187.7,1601.0,45.9,74.3,120.0,350.7
2024-12-22 06:00:00,Ghaziabad Vasundhara,28.6603,77.3573,140.2,142.5,973.0,36.0,71.8,159.0,315.7
2024-12-22 07:00:00,Ghaziabad Vasundhara,28.6603,77.3573,117.6,119.7,761.0,26.5,69.1,181.0,291.8
2024-12-22 08:00:00,Ghaziabad Vasundhara,28.6603,77.3573,101.7,103.8,735.0,18.5,66.0,192.0,237.5
2024-12-22 09:00:00,Ghaziabad Vasundhara,28.6603,77.3573,93.8,95.9,760.0,20.7,65.0,188.0,210.6
2024-12-22 10:00:00,Ghaziabad Vasundhara,28.6603,77.3573,90.6,92.4,809.0,41.8,67.7,162.0,500.0
2024-12-22 11:00:00,Ghaziabad Vasundhara,28.6603,77.3573,105.5,107.1,909.0,73.2,72.5,122.0,250.5
2024-12-22 12:00:00,Ghaziabad Vasundhara,28.6603,77.3573,158.8,160.7,1009.0,101.3,82.2,75.0,330.0
2024-12-22 13:00:00,Ghaziabad Vasundhara,28.6603,77.3573,190.0,191.4,1096.0,103.8,84.7,63.0,354.0
2024-12-22 14:00:00,Ghaziabad Vasundhara,28.6603,77.3573,207.2,209.1,1183.0,106.9,87.9,46.0,367.2
2024-12-22 15:00:00,Ghaziabad Vasundhara,28.6603,77.3573,210.5,211.9,1252.0,107.0,87.9,34.0,369.7
2024-12-22 16:00:00,Ghaziabad Vasundhara,28.6603,77.3573,203.0,204.4,1310.0,102.9,82.3,32.0,363.9
2024-12-22 17:00:00,Ghaziabad Vasundhara,28.6603,77.3573,197.9,199.3,1351.0,95.9,73.5,36.0,360.0
2024-12-22 18:00:00,Ghaziabad Vasundhara,28.6603,77.3573,183.9,185.3,1335.0,85.5,64.8,42.0,349.3
2024-12-22 19:00:00,Ghaziabad Vasundhara,28.6603,77.3573,164.4,165.3,1213.0,68.9,56.3,53.0,334.3
2024-12-22 20:00:00,Ghaziabad Vasundhara,28.6603,77.3573,146.2,147.1,1035.0,49.1,47.8,66.0,320.3
2024-12-22 21:00:00,Ghaziabad Vasundhara,28.6603,77.3573,139.2,140.6,914.0,34.4,42.1,75.0,315.0
2024-12-22 22:00:00,Ghaziabad Vasundhara,28.6603,77.3573,138.8,140.2,889.0,28.0,40.3,76.0,314.7
2024-12-22 23:00:00,Ghaziabad Vasundhara,28.6603,77.3573,142.0,143.4,921.0,26.7,41.2,71.0,317.1
2024-12-23 00:00:00,Ghaziabad Vasundhara,28.6603,77.3573,117.6,118.7,1004.0,18.7,34.3,76.0,291.8
2024-12-23 01:00:00,Ghaziabad Vasundhara,28.6603,77.3573,122.9,123.9,1193.0,30.0,38.4,62.0,302.5
2024-12-23 02:00:00,Ghaziabad Vasundhara,28.6603,77.3573,137.4,138.8,1433.0,45.4,44.1,44.0,313.6
2024-12-23 03:00:00,Ghaziabad Vasundhara,28.6603,77.3573,156.9,157.9,1549.0,55.4,47.6,36.0,328.6
2024-12-23 04:00:00,Ghaziabad Vasundhara,28.6603,77.3573,149.9,150.9,1432.0,55.4,47.0,47.0,323.2
2024-12-23 05:00:00,Ghaziabad Vasundhara,28.6603,77.3573,145.8,146.7,1193.0,50.2,44.4,69.0,320.0
2024-12-23 06:00:00,Ghaziabad Vasundhara,28.6603,77.3573,143.9,145.3,985.0,44.2,42.1,89.0,318.6
2024-12-23 07:00:00,Ghaziabad Vasundhara,28.6603,77.3573,131.3,132.7,862.0,38.0,41.1,106.0,308.9
2024-12-23 08:00:00,Ghaziabad Vasundhara,28.6603,77.3573,116.6,118.3,771.0,31.0,40.5,122.0,288.4
2024-12-23 09:00:00,Ghaziabad Vasundhara,28.6603,77.3573,110.8,112.5,710.0,26.8,40.0,130.0,268.6
2024-12-23 10:00:00,Ghaziabad Vasundhara,28.6603,77.3573,105.9,107.8,691.0,27.8,39.9,127.0,251.9
2024-12-23 11:00:00,Ghaziabad Vasundhara,28.6603,77.3573,100.8,102.4,703.0,31.5,40.1,116.0,234.5
2024-12-23 12:00:00,Ghaziabad Vasundhara,28.6603,77.3573,129.9,131.8,703.0,38.6,38.7,106.0,307.8
2024-12-23 13:00:00,Ghaziabad Vasundhara,28.6603,77.3573,123.9,126.2,670.0,36.8,39.4,98.0,303.2
2024-12-23 14:00:00,Ghaziabad Vasundhara,28.6603,77.3573,120.1,122.0,626.0,34.3,40.4,86.0,500.0
2024-12-23 15:00:00,Ghaziabad Vasundhara,28.6603,77.3573,116.6,118.5,597.0,32.8,41.0,75.0,288.4
2024-12-23 16:00:00,Ghaziabad Vasundhara,28.6603,77.3573,114.6,116.4,598.0,33.4,41.2,66.0,281.6
2024-12-23 17:00:00,Ghaziabad Vasundhara,28.6603,77.3573,115.7,117.8,613.0,34.9,41.2,59.0,285.3
2024-12-23 18:00:00,Ghaziabad Vasundhara,28.6603,77.3573,116.6,118.5,623.0,35.1,40.2,53.0,288.4
2024-12-23 19:00:00,Ghaziabad Vasundhara,28.6603,77.3573,113.9,115.7,617.0,32.4,37.9,51.0,279.2
2024-12-23 20:00:00,Ghaziabad Vasundhara,28.6603,77.3573,110.6,112.7,606.0,28.3,34.7,52.0,267.9
2024-12-23 21:00:00,Ghaziabad Vasundhara,28.6603,77.3573,109.7,111.8,605.0,25.1,31.7,51.0,264.8
2024-12-23 22:00:00,Ghaziabad Vasundhara,28.6603,77.3573,108.5,110.4,621.0,23.2,28.9,47.0,260.7
2024-12-23 23:00:00,Ghaziabad Vasundhara,28.6603,77.3573,105.7,107.3,647.0,22.1,26.3,43.0,251.2
2024-12-24 00:00:00,Ghaziabad Vasundhara,28.6603,77.3573,83.1,85.0,683.0,17.2,17.5,60.0,176.4
2024-12-24 01:00:00,Ghaziabad Vasundhara,28.6603,77.3573,84.5,86.4,745.0,24.2,20.1,54.0,181.2
2024-12-24 02:00:00,Ghaziabad Vasundhara,28.6603,77.3573,93.1,95.0,817.0,33.6,23.6,47.0,208.2
2024-12-24 03:00:00,Ghaziabad Vasundhara,28.6603,77.3573,102.9,105.0,847.0,38.9,26.5,49.0,241.6
2024-12-24 04:00:00,Ghaziabad Vasundhara,28.6603,77.3573,108.0,109.9,799.0,36.2,27.7,68.0,259.0
2024-12-24 05:00:00,Ghaziabad Vasundhara,28.6603,77.3573,106.9,109.2,710.0,29.6,28.2,97.0,255.3
2024-12-24 06:00:00,Ghaziabad Vasundhara,28.6603,77.3573,102.7,105.7,630.0,24.2,29.6,121.0,240.9
2024-12-24 07:00:00,Ghaziabad Vasundhara,28.6603,77.3573,106.4,109.7,538.0,19.6,32.0,138.0,253.6
2024-12-24 08:00:00,Ghaziabad Vasundhara,28.6603,77.3573,107.1,110.6,456.0,16.3,35.3,151.0,256.0
2024-12-24 09:00:00,Ghaziabad Vasundhara,28.6603,77.3573,107.8,111.1,506.0,21.6,40.0,150.0,258.4
2024-12-24 10:00:00,Ghaziabad Vasundhara,28.6603,77.3573,108.7,111.8,785.0,43.5,46.5,126.0,261.4
2024-12-24 11:00:00,Ghaziabad Vasundhara,28.6603,77.3573,119.7,122.0,1197.0,73.9,54.6,88.0,299.0
2024-12-24 12:00:00,Ghaziabad Vasundhara,28.6603,77.3573,134.1,136.0,1574.0,77.1,46.7,62.0,311.1
2024-12-24 13:00:00,Ghaziabad Vasundhara,28.6603,77.3573,142.5,143.9,1854.0,74.5,46.8,56.0,317.5
2024-12-24 14:00:00,Ghaziabad Vasundhara,28.6603,77.3573,141.6,143.0,2099.0,70.5,46.6,47.0,316.8
2024-12-24 15:00:00,Ghaziabad Vasundhara,28.6603,77.3573,131.8,133.2,2334.0,65.0,44.8,41.0,309.3
2024-12-24 16:00:00,Ghaziabad Vasundhara,28.6603,77.3573,120.1,121.5,2649.0,56.9,40.0,39.0,500.0
2024-12-24 17:00:00,Ghaziabad Vasundhara,28.6603,77.3573,111.8,112.9,2953.0,47.2,33.5,38.0,272.0
2024-12-24 18:00:00,Ghaziabad Vasundhara,28.6603,77.3573,105.5,106.6,2994.0,39.0,28.0,38.0,250.5
2024-12-24 19:00:00,Ghaziabad Vasundhara,28.6603,77.3573,100.4,101.5,2536.0,33.3,24.3,37.0,233.1
2024-12-24 20:00:00,Ghaziabad Vasundhara,28.6603,77.3573,98.0,99.4,1814.0,29.1,21.5,37.0,224.9
2024-12-24 21:00:00,Ghaziabad Vasundhara,28.6603,77.3573,98.0,99.2,1281.0,26.1,19.5,36.0,224.9
2024-12-24 22:00:00,Ghaziabad Vasundhara,28.6603,77.3573,98.7,100.1,1136.0,24.0,18.1,35.0,227.3
2024-12-24 23:00:00,Ghaziabad Vasundhara,28.6603,77.3573,99.7,101.0,1180.0,23.2,17.5,34.0,230.7
2024-12-25 00:00:00,Ghaziabad Vasundhara,28.6603,77.3573,94.3,95.7,1270.0,21.1,16.8,39.0,212.3
2024-12-25 01:00:00,Ghaziabad Vasundhara,28.6603,77.3573,101.0,102.4,1414.0,28.4,23.0,31.0,235.1
2024-12-25 02:00:00,Ghaziabad Vasundhara,28.6603,77.3573,118.0,119.7,1604.0,38.3,31.4,21.0,293.2
2024-12-25 03:00:00,Ghaziabad Vasundhara,28.6603,77.3573,134.6,136.0,1669.0,43.8,37.2,24.0,311.4
2024-12-25 04:00:00,Ghaziabad Vasundhara,28.6603,77.3573,128.1,129.0,1497.0,41.0,37.0,52.0,306.4
2024-12-25 05:00:00,Ghaziabad Vasundhara,28.6603,77.3573,119.7,121.1,1201.0,33.8,34.0,93.0,299.0
2024-12-25 06:00:00,Ghaziabad Vasundhara,28.6603,77.3573,95.7,97.6,949.0,27.4,33.3,126.0,217.0
2024-12-25 07:00:00,Ghaziabad Vasundhara,28.6603,77.3573,87.8,90.1,791.0,22.1,37.7,147.0,192.5
2024-12-25 08:00:00,Ghaziabad Vasundhara,28.6603,77.3573,91.7,94.1,677.0,17.5,44.4,161.0,203.4
2024-12-25 09:00:00,Ghaziabad Vasundhara,28.6603,77.3573,94.1,96.4,622.0,18.3,49.3,162.0,211.6
2024-12-25 10:00:00,Ghaziabad Vasundhara,28.6603,77.3573,94.5,96.9,642.0,28.6,50.3,143.0,212.9
2024-12-25 11:00:00,Ghaziabad Vasundhara,28.6603,77.3573,100.1,102.0,721.0,44.2,49.5,111.0,232.1
2024-12-25 12:00:00,Ghaziabad Vasundhara,28.6603,77.3573,133.2,135.0,825.0,57.4,47.5,74.0,310.4
2024-12-25 13:00:00,Ghaziabad Vasundhara,28.6603,77.3573,144.4,146.2,966.0,61.4,50.0,61.0,319.0
2024-12-25 14:00:00,Ghaziabad Vasundhara,28.6603,77.3573,151.8,153.2,1133.0,66.8,53.5,43.0,324.6
2024-12-25 15:00:00,Ghaziabad Vasundhara,28.6603,77.3573,160.7,161.6,1260.0,70.3,56.4,29.0,331.5
2024-12-25 16:00:00,Ghaziabad Vasundhara,28.6603,77.3573,167.6,169.0,1319.0,70.0,58.6,23.0,336.8
2024-12-25 17:00:00,Ghaziabad Vasundhara,28.6603,77.3573,174.6,176.0,1338.0,67.8,60.2,20.0,342.1
2024-12-25 18:00:00,Ghaziabad Vasundhara,28.6603,77.3573,178.3,179.3,1336.0,65.3,60.1,18.0,345.0
2024-12-25 19:00:00,Ghaziabad Vasundhara,28.6603,77.3573,179.3,180.2,1307.0,63.3,57.0,15.0,345.7
2024-12-25 20:00:00,Ghaziabad Vasundhara,28.6603,77.3573,179.7,180.7,1257.0,61.1,52.2,13.0,346.0
2024-12-25 21:00:00,Ghaziabad Vasundhara,28.6603,77.3573,178.8,180.2,1225.0,58.4,48.2,12.0,345.4
2024-12-25 22:00:00,Ghaziabad Vasundhara,28.6603,77.3573,175.6,176.5,1211.0,54.2,45.6,13.0,342.9
2024-12-25 23:00:00,Ghaziabad Vasundhara,28.6603,77.3573,170.0,170.9,1214.0,49.6,43.8,15.0,338.6
2024-12-26 00:00:00,Ghaziabad Vasundhara,28.6603,77.3573,182.5,183.9,1274.0,48.6,39.7,9.0,348.2
2024-12-26 01:00:00,Ghaziabad Vasundhara,28.6603,77.3573,173.7,174.6,1472.0,48.1,42.1,6.0,341.4
2024-12-26 02:00:00,Ghaziabad Vasundhara,28.6603,77.3573,186.3,187.2,1727.0,47.3,45.4,4.0,351.1
2024-12-26 03:00:00,Ghaziabad Vasundhara,28.6603,77.3573,192.3,192.8,1834.0,45.7,47.9,16.0,355.7
2024-12-26 04:00:00,Ghaziabad Vasundhara,28.6603,77.3573,192.3,192.8,1663.0,43.1,48.3,56.0,355.7
2024-12-26 05:00:00,Ghaziabad Vasundhara,28.6603,77.3573,180.2,180.7,1343.0,39.7,47.8,110.0,346.4
2024-12-26 06:00:00,Ghaziabad Vasundhara,28.6603,77.3573,146.7,147.6,1058.0,36.2,48.4,151.0,320.7
2024-12-26 07:00:00,Ghaziabad Vasundhara,28.6603,77.3573,100.1,101.3,842.0,29.2,50.5,172.0,232.1
2024-12-26 08:00:00,Ghaziabad Vasundhara,28.6603,77.3573,80.6,82.0,661.0,22.0,53.7,180.0,167.9
2024-12-26 09:00:00,Ghaziabad Vasundhara,28.6603,77.3573,75.9,77.5,600.0,25.3,58.1,174.0,151.9
2024-12-26 10:00:00,Ghaziabad Vasundhara,28.6603,77.3573,75.4,77.5,718.0,48.6,64.3,147.0,150.2
2024-12-26 11:00:00,Ghaziabad Vasundhara,28.6603,77.3573,88.2,89.9,956.0,82.5,71.7,106.0,193.9
2024-12-26 12:00:00,Ghaziabad Vasundhara,28.6603,77.3573,139.2,142.0,1215.0,103.4,69.3,63.0,315.0
2024-12-26 13:00:00,Ghaziabad Vasundhara,28.6603,77.3573,170.4,172.8,1495.0,109.4,75.6,49.0,338.9
2024-12-26 14:00:00,Ghaziabad Vasundhara,28.6603,77.3573,190.9,193.2,1798.0,117.5,84.2,29.0,354.6
2024-12-26 15:00:00,Ghaziabad Vasundhara,28.6603,77.3573,212.3,214.7,2028.0,122.3,89.2,15.0,371.1
2024-12-26 16:00:00,Ghaziabad Vasundhara,28.6603,77.3573,230.0,232.8,2166.0,121.7,88.6,10.0,384.7
2024-12-26 17:00:00,Ghaziabad Vasundhara,28.6603,77.3573,235.6,238.4,2233.0,117.7,84.6,11.0,388.9
2024-12-26 18:00:00,Ghaziabad Vasundhara,28.6603,77.3573,220.3,223.1,2192.0,110.9,77.5,13.0,377.2
2024-12-26 19:00:00,Ghaziabad Vasundhara,28.6603,77.3573,205.8,208.2,1980.0,99.6,65.4,17.0,366.1
2024-12-26 20:00:00,Ghaziabad Vasundhara,28.6603,77.3573,185.8,187.7,1660.0,85.4,50.4,23.0,350.7
2024-12-26 21:00:00,Ghaziabad Vasundhara,28.6603,77.3573,162.1,164.4,1392.0,73.9,38.7,28.0,332.5
2024-12-26 22:00:00,Ghaziabad Vasundhara,28.6603,77.3573,145.3,147.1,1242.0,67.3,33.4,31.0,319.6
2024-12-26 23:00:00,Ghaziabad Vasundhara,28.6603,77.3573,144.4,146.7,1144.0,63.4,31.6,33.0,319.0
2024-12-27 00:00:00,Ghaziabad Vasundhara,28.6603,77.3573,146.2,148.1,1057.0,71.4,44.3,25.0,320.3
2024-12-27 01:00:00,Ghaziabad Vasundhara,28.6603,77.3573,130.9,132.7,978.0,68.8,45.3,26.0,308.6
2024-12-27 02:00:00,Ghaziabad Vasundhara,28.6603,77.3573,138.8,140.6,911.0,64.9,46.4,28.0,314.7
2024-12-27 03:00:00,Ghaziabad Vasundhara,28.6603,77.3573,140.6,142.0,829.0,60.3,45.4,33.0,316.0
2024-12-27 04:00:00,Ghaziabad Vasundhara,28.6603,77.3573,138.8,140.2,704.0,54.6,40.6,45.0,314.7
2024-12-27 05:00:00,Ghaziabad Vasundhara,28.6603,77.3573,117.6,119.2,563.0,48.2,33.8,60.0,291.8
2024-12-27 06:00:00,Ghaziabad Vasundhara,28.6603,77.3573,97.8,99.7,463.0,42.2,27.9,72.0,224.2
2024-12-27 07:00:00,Ghaziabad Vasundhara,28.6603,77.3573,94.5,97.1,434.0,36.6,24.2,77.0,212.9
2024-12-27 08:00:00,Ghaziabad Vasundhara,28.6603,77.3573,91.5,93.8,445.0,31.4,21.5,79.0,202.7
2024-12-27 09:00:00,Ghaziabad Vasundhara,28.6603,77.3573,89.4,91.3,463.0,28.1,19.3,79.0,198.0
2024-12-27 10:00:00,Ghaziabad Vasundhara,28.6603,77.3573,85.4,87.1,483.0,28.0,17.3,78.0,184.3
2024-12-27 11:00:00,Ghaziabad Vasundhara,28.6603,77.3573,80.6,82.0,508.0,29.8,15.9,75.0,167.9
2024-12-27 12:00:00,Ghaziabad Vasundhara,28.6603,77.3573,94.3,96.6,517.0,36.8,16.6,64.0,212.3
2024-12-27 13:00:00,Ghaziabad Vasundhara,28.6603,77.3573,93.6,95.7,493.0,35.2,17.7,64.0,209.9
2024-12-27 14:00:00,Ghaziabad Vasundhara,28.6603,77.3573,96.6,98.7,452.0,32.8,19.2,64.0,220.1
2024-12-27 15:00:00,Ghaziabad Vasundhara,28.6603,77.3573,98.3,100.4,422.0,30.6,20.6,65.0,225.9
2024-12-27 16:00:00,Ghaziabad Vasundhara,28.6603,77.3573,102.2,104.5,419.0,28.8,21.7,66.0,239.2
2024-12-27 17:00:00,Ghaziabad Vasundhara,28.6603,77.3573,106.9,109.2,427.0,27.1,22.6,68.0,255.3
2024-12-27 18:00:00,Ghaziabad Vasundhara,28.6603,77.3573,104.3,106.6,424.0,25.5,23.2,68.0,246.4
2024-12-27 19:00:00,Ghaziabad Vasundhara,28.6603,77.3573,100.8,103.1,393.0,23.7,23.1,66.0,234.5
2024-12-27 20:00:00,Ghaziabad Vasundhara,28.6603,77.3573,100.4,102.7,352.0,21.9,22.5,63.0,233.1
2024-12-27 21:00:00,Ghaziabad Vasundhara,28.6603,77.3573,99.9,102.0,332.0,20.9,22.3,60.0,231.4
2024-12-27 22:00:00,Ghaziabad Vasundhara,28.6603,77.3573,96.2,98.0,330.0,20.3,22.0,57.0,218.8
2024-12-27 23:00:00,Ghaziabad Vasundhara,28.6603,77.3573,91.7,93.6,348.0,20.6,22.0,55.0,203.4
2024-12-28 00:00:00,Ghaziabad Vasundhara,28.6603,77.3573,82.0,84.1,427.0,17.1,21.0,66.0,172.7
2024-12-28 01:00:00,Ghaziabad Vasundhara,28.6603,77.3573,82.4,84.5,639.0,29.8,29.6,55.0,174.1
2024-12-28 02:00:00,Ghaziabad Vasundhara,28.6603,77.3573,105.2,107.6,911.0,46.9,41.4,40.0,249.5
2024-12-28 03:00:00,Ghaziabad Vasundhara,28.6603,77.3573,125.3,127.6,1065.0,57.7,50.5,34.0,304.3
2024-12-28 04:00:00,Ghaziabad Vasundhara,28.6603,77.3573,112.0,113.9,992.0,55.7,53.9,45.0,272.7
2024-12-28 05:00:00,Ghaziabad Vasundhara,28.6603,77.3573,103.8,105.9,802.0,47.2,54.5,65.0,244.7
2024-12-28 06:00:00,Ghaziabad Vasundhara,28.6603,77.3573,99.9,102.0,643.0,40.6,55.2,80.0,231.4
2024-12-28 07:00:00,Ghaziabad Vasundhara,28.6603,77.3573,99.0,101.0,555.0,38.2,57.3,87.0,228.3
2024-12-28 08:00:00,Ghaziabad Vasundhara,28.6603,77.3573,97.3,99.4,499.0,37.6,59.5,91.0,222.5
2024-12-28 09:00:00,Ghaziabad Vasundhara,28.6603,77.3573,95.2,97.1,509.0,40.3,61.1,88.0,215.3
2024-12-28 10:00:00,Ghaziabad Vasundhara,28.6603,77.3573,91.5,93.1,607.0,48.5,61.5,77.0,202.7
2024-12-28 11:00:00,Ghaziabad Vasundhara,28.6603,77.3573,95.9,97.6,771.0,59.9,61.3,59.0,217.7
2024-12-28 12:00:00,Ghaziabad Vasundhara,28.6603,77.3573,128.5,130.4,975.0,67.4,56.8,47.0,306.8
2024-12-28 13:00:00,Ghaziabad Vasundhara,28.6603,77.3573,149.5,151.3,1251.0,67.0,55.3,42.0,322.9
2024-12-28 14:00:00,Ghaziabad Vasundhara,28.6603,77.3573,155.1,156.5,1566.0,66.3,53.0,35.0,327.2
2024-12-28 15:00:00,Ghaziabad Vasundhara,28.6603,77.3573,150.9,152.3,1801.0,63.9,49.9,30.0,323.9
2024-12-28 16:00:00,Ghaziabad Vasundhara,28.6603,77.3573,146.7,147.6,1918.0,59.2,45.4,28.0,320.7
2024-12-28 17:00:00,Ghaziabad Vasundhara,28.6603,77.3573,145.8,147.1,1954.0,52.8,40.1,28.0,320.0
2024-12-28 18:00:00,Ghaziabad Vasundhara,28.6603,77.3573,143.0,143.9,1897.0,45.9,35.0,29.0,317.9
2024-12-28 19:00:00,Ghaziabad Vasundhara,28.6603,77.3573,132.7,133.6,1694.0,37.9,30.3,32.0,310.0
2024-12-28 20:00:00,Ghaziabad Vasundhara,28.6603,77.3573,122.9,123.9,1398.0,29.3,25.9,36.0,302.5
2024-12-28 21:00:00,Ghaziabad Vasundhara,28.6603,77.3573,114.8,115.7,1162.0,22.6,22.7,40.0,282.2
2024-12-28 22:00:00,Ghaziabad Vasundhara,28.6603,77.3573,106.9,107.8,1053.0,18.5,21.0,43.0,255.3
2024-12-28 23:00:00,Ghaziabad Vasundhara,28.6603,77.3573,99.2,99.9,1003.0,16.4,20.5,45.0,229.0
2024-12-29 00:00:00,Ghaziabad Vasundhara,28.6603,77.3573,122.5,123.4,961.0,23.8,21.8,31.0,302.2
2024-12-29 01:00:00,Ghaziabad Vasundhara,28.6603,77.3573,113.4,114.3,914.0,26.1,23.5,31.0,277.5
2024-12-29 02:00:00,Ghaziabad Vasundhara,28.6603,77.3573,110.8,111.8,874.0,29.2,25.9,32.0,268.6
2024-12-29 03:00:00,Ghaziabad Vasundhara,28.6603,77.3573,110.6,111.5,835.0,30.0,28.1,38.0,267.9
2024-12-29 04:00:00,Ghaziabad Vasundhara,28.6603,77.3573,95.9,97.1,791.0,26.5,29.9,55.0,217.7
2024-12-29 05:00:00,Ghaziabad Vasundhara,28.6603,77.3573,85.0,86.4,747.0,20.7,31.5,77.0,182.9
2024-12-29 06:00:00,Ghaziabad Vasundhara,28.6603,77.3573,73.1,74.7,706.0,16.2,32.5,95.0,142.3
2024-12-29 07:00:00,Ghaziabad Vasundhara,28.6603,77.3573,66.8,68.5,657.0,13.7,32.4,108.0,120.8
2024-12-29 08:00:00,Ghaziabad Vasundhara,28.6603,77.3573,64.0,65.9,611.0,12.4,31.7,117.0,111.2
2024-12-29 09:00:00,Ghaziabad Vasundhara,28.6603,77.3573,63.3,65.0,603.0,14.0,31.2,118.0,108.9
2024-12-29 10:00:00,Ghaziabad Vasundhara,28.6603,77.3573,60.3,62.2,660.0,20.1,30.9,108.0,500.0
2024-12-29 11:00:00,Ghaziabad Vasundhara,28.6603,77.3573,61.5,63.3,756.0,29.1,30.7,90.0,102.7
2024-12-29 12:00:00,Ghaziabad Vasundhara,28.6603,77.3573,90.6,92.2,847.0,35.4,32.7,65.0,500.0
2024-12-29 13:00:00,Ghaziabad Vasundhara,28.6603,77.3573,96.2,97.6,930.0,36.6,32.5,58.0,218.8
2024-12-29 14:00:00,Ghaziabad Vasundhara,28.6603,77.3573,96.2,97.1,1008.0,38.2,32.2,50.0,218.8
2024-12-29 15:00:00,Ghaziabad Vasundhara,28.6603,77.3573,95.0,95.7,1044.0,38.0,31.1,44.0,214.7
2024-12-29 16:00:00,Ghaziabad Vasundhara,28.6603,77.3573,92.2,92.9,1010.0,34.9,28.7,45.0,205.1
2024-12-29 17:00:00,Ghaziabad Vasundhara,28.6603,77.3573,90.6,91.3,935.0,30.1,25.5,48.0,500.0
2024-12-29 18:00:00,Ghaziabad Vasundhara,28.6603,77.3573,89.2,89.9,861.0,25.5,22.7,52.0,197.3
2024-12-29 19:00:00,Ghaziabad Vasundhara,28.6603,77.3573,85.4,85.9,795.0,21.6,20.4,55.0,184.3
2024-12-29 20:00:00,Ghaziabad Vasundhara,28.6603,77.3573,82.9,83.6,732.0,18.0,18.3,57.0,175.8
2024-12-29 21:00:00,Ghaziabad Vasundhara,28.6603,77.3573,80.8,81.3,697.0,15.2,17.2,59.0,168.6
2024-12-29 22:00:00,Ghaziabad Vasundhara,28.6603,77.3573,78.7,79.2,708.0,13.2,17.1,61.0,161.4
2024-12-29 23:00:00,Ghaziabad Vasundhara,28.6603,77.3573,77.1,77.3,747.0,12.1,18.0,62.0,156.0
2024-12-30 00:00:00,Ghaziabad Vasundhara,28.6603,77.3573,77.3,77.8,792.0,12.9,18.5,61.0,156.6
2024-12-30 01:00:00,Ghaziabad Vasundhara,28.6603,77.3573,75.4,75.7,844.0,17.0,21.4,58.0,150.2
2024-12-30 02:00:00,Ghaziabad Vasundhara,28.6603,77.3573,77.5,77.8,902.0,22.6,25.5,55.0,157.3
2024-12-30 03:00:00,Ghaziabad Vasundhara,28.6603,77.3573,79.4,79.6,937.0,25.6,29.1,60.0,163.8
2024-12-30 04:00:00,Ghaziabad Vasundhara,28.6603,77.3573,76.8,77.1,932.0,23.6,31.9,79.0,154.9
2024-12-30 05:00:00,Ghaziabad Vasundhara,28.6603,77.3573,76.1,76.4,904.0,19.1,34.2,107.0,152.5
2024-12-30 06:00:00,Ghaziabad Vasundhara,28.6603,77.3573,75.2,75.4,880.0,15.3,35.5,130.0,149.5
2024-12-30 07:00:00,Ghaziabad Vasundhara,28.6603,77.3573,71.2,71.5,860.0,12.4,35.4,148.0,135.8
2024-12-30 08:00:00,Ghaziabad Vasundhara,28.6603,77.3573,63.1,63.3,844.0,10.2,34.4,163.0,108.2
2024-12-30 09:00:00,Ghaziabad Vasundhara,28.6603,77.3573,56.0,56.2,862.0,11.6,33.4,166.0,93.2
2024-12-30 10:00:00,Ghaziabad Vasundhara,28.6603,77.3573,51.5,51.8,934.0,18.8,32.4,150.0,85.6
2024-12-30 11:00:00,Ghaziabad Vasundhara,28.6603,77.3573,52.3,52.5,1041.0,29.6,31.4,122.0,87.0
2024-12-30 12:00:00,Ghaziabad Vasundhara,28.6603,77.3573,96.2,97.3,1154.0,49.6,38.3,83.0,218.8
2024-12-30 13:00:00,Ghaziabad Vasundhara,28.6603,77.3573,108.5,109.7,1285.0,55.3,40.6,69.0,260.7
2024-12-30 14:00:00,Ghaziabad Vasundhara,28.6603,77.3573,118.0,119.0,1423.0,63.0,43.7,49.0,293.2
2024-12-30 15:00:00,Ghaziabad Vasundhara,28.6603,77.3573,127.1,128.1,1506.0,67.8,46.2,34.0,305.7
2024-12-30 16:00:00,Ghaziabad Vasundhara,28.6603,77.3573,136.0,136.9,1500.0,67.7,47.9,28.0,312.5
2024-12-30 17:00:00,Ghaziabad Vasundhara,28.6603,77.3573,143.9,144.8,1439.0,64.8,48.9,26.0,318.6
2024-12-30 18:00:00,Ghaziabad Vasundhara,28.6603,77.3573,145.8,147.1,1363.0,60.3,47.7,26.0,320.0
2024-12-30 19:00:00,Ghaziabad Vasundhara,28.6603,77.3573,140.2,141.1,1270.0,53.9,42.6,29.0,315.7
2024-12-30 20:00:00,Ghaziabad Vasundhara,28.6603,77.3573,135.0,136.4,1161.0,45.8,35.2,34.0,311.7
2024-12-30 21:00:00,Ghaziabad Vasundhara,28.6603,77.3573,131.8,133.2,1085.0,38.2,29.3,39.0,309.3
2024-12-30 22:00:00,Ghaziabad Vasundhara,28.6603,77.3573,127.6,129.0,1059.0,30.3,25.8,45.0,306.1
2024-12-30 23:00:00,Ghaziabad Vasundhara,28.6603,77.3573,125.7,127.1,1066.0,22.8,23.7,52.0,304.6
2024-12-31 00:00:00,Ghaziabad Vasundhara,28.6603,77.3573,162.5,164.4,1093.0,33.1,26.2,33.0,332.8
2024-12-31 01:00:00,Ghaziabad Vasundhara,28.6603,77.3573,156.0,157.9,1159.0,33.5,28.1,35.0,327.9
2024-12-31 02:00:00,Ghaziabad Vasundhara,28.6603,77.3573,158.3,159.7,1246.0,33.8,30.7,39.0,329.6
2024-12-31 03:00:00,Ghaziabad Vasundhara,28.6603,77.3573,151.3,153.2,1290.0,32.6,33.6,48.0,324.3
2024-12-31 04:00:00,Ghaziabad Vasundhara,28.6603,77.3573,141.6,143.4,1252.0,28.4,36.8,67.0,316.8
2024-12-31 05:00:00,Ghaziabad Vasundhara,28.6603,77.3573,126.7,129.0,1171.0,22.8,40.1,92.0,305.4
2024-12-31 06:00:00,Ghaziabad Vasundhara,28.6603,77.3573,108.7,111.3,1103.0,18.6,42.8,113.0,261.4
2024-12-31 07:00:00,Ghaziabad Vasundhara,28.6603,77.3573,103.8,106.4,1047.0,16.0,44.4,130.0,244.7
2024-12-31 08:00:00,Ghaziabad Vasundhara,28.6603,77.3573,99.2,101.7,1003.0,14.9,45.4,143.0,229.0
2024-12-31 09:00:00,Ghaziabad Vasundhara,28.6603,77.3573,96.4,99.0,1029.0,17.8,46.1,145.0,219.4
2024-12-31 10:00:00,Ghaziabad Vasundhara,28.6603,77.3573,93.8,96.4,1174.0,27.4,46.2,130.0,210.6
2024-12-31 11:00:00,Ghaziabad Vasundhara,28.6603,77.3573,94.5,97.1,1388.0,41.0,46.0,105.0,212.9
2024-12-31 12:00:00,Ghaziabad Vasundhara,28.6603,77.3573,149.9,153.2,1579.0,65.5,63.9,76.0,323.2
2024-12-31 13:00:00,Ghaziabad Vasundhara,28.6603,77.3573,175.1,178.3,1710.0,72.7,66.4,60.0,342.5
2024-12-31 14:00:00,Ghaziabad Vasundhara,28.6603,77.3573,193.2,196.5,1817.0,82.4,69.6,39.0,356.4
2024-12-31 15:00:00,Ghaziabad Vasundhara,28.6603,77.3573,200.2,203.0,1924.0,87.4,70.7,23.0,361.8
2024-12-31 16:00:00,Ghaziabad Vasundhara,28.6603,77.3573,200.2,203.5,2074.0,84.3,68.5,19.0,361.8
2024-12-31 17:00:00,Ghaziabad Vasundhara,28.6603,77.3573,204.0,206.8,2222.0,76.5,64.1,21.0,364.7
2024-12-31 18:00:00,Ghaziabad Vasundhara,28.6603,77.3573,199.3,202.1,2258.0,67.3,58.1,25.0,361.1
2024-12-31 19:00:00,Ghaziabad Vasundhara,28.6603,77.3573,185.8,188.6,2090.0,56.7,49.7,31.0,350.7
2024-12-31 20:00:00,Ghaziabad Vasundhara,28.6603,77.3573,174.6,177.4,1808.0,44.8,39.7,39.0,342.1
2024-12-31 21:00:00,Ghaziabad Vasundhara,28.6603,77.3573,164.4,166.7,1575.0,34.6,31.5,46.0,334.3
2024-12-31 22:00:00,Ghaziabad Vasundhara,28.6603,77.3573,156.5,158.8,1444.0,26.7,26.0,52.0,328.2
2024-12-31 23:00:00,Ghaziabad Vasundhara,28.6603,77.3573,149.5,151.8,1360.0,20.6,22.3,57.0,322.9
2024-12-19 12:00:00,Punjabi Bagh,28.6741,77.131,144.8,147.6,1449.0,75.6,65.6,98.0,319.3
2024-12-19 13:00:00,Punjabi Bagh,28.6741,77.131,168.1,170.4,1651.0,84.5,70.3,78.0,337.1
2024-12-19 14:00:00,Punjabi Bagh,28.6741,77.131,190.0,192.3,1840.0,96.5,76.5,50.0,354.0
2024-12-19 15:00:00,Punjabi Bagh,28.6741,77.131,204.9,207.2,1940.0,103.4,79.9,29.0,365.4
2024-12-19 16:00:00,Punjabi Bagh,28.6741,77.131,212.3,214.2,1893.0,101.2,78.3,22.0,371.1
2024-12-19 17:00:00,Punjabi Bagh,28.6741,77.131,213.7,215.6,1756.0,94.0,73.9,23.0,372.1
2024-12-19 18:00:00,Punjabi Bagh,28.6741,77.131,207.2,209.1,1623.0,85.6,68.1,25.0,367.2
2024-12-19 19:00:00,Punjabi Bagh,28.6741,77.131,195.1,197.0,1513.0,76.7,60.6,28.0,357.9
2024-12-19 20:00:00,Punjabi Bagh,28.6741,77.131,184.9,186.7,1407.0,66.7,51.7,33.0,350.0
2024-12-19 21:00:00,Punjabi Bagh,28.6741,77.131,177.0,178.8,1338.0,57.7,44.6,36.0,344.0
2024-12-19 22:00:00,Punjabi Bagh,28.6741,77.131,170.9,172.3,1309.0,49.3,39.8,37.0,339.3
2024-12-19 23:00:00,Punjabi Bagh,28.6741,77.131,165.3,167.2,1318.0,42.0,36.6,37.0,335.0
2024-12-20 00:00:00,Punjabi Bagh,28.6741,77.131,147.6,149.0,1390.0,28.2,37.5,55.0,321.4
2024-12-20 01:00:00,Punjabi Bagh,28.6741,77.131,157.9,159.7,1616.0,39.2,43.6,44.0,329.3
2024-12-20 02:00:00,Punjabi Bagh,28.6741,77.131,176.0,177.9,1906.0,53.8,51.8,30.0,343.2
2024-12-20 03:00:00,Punjabi Bagh,28.6741,77.131,181.6,183.0,2016.0,61.1,57.4,34.0,347.5
2024-12-20 04:00:00,Punjabi Bagh,28.6741,77.131,156.5,157.9,1782.0,53.8,57.4,73.0,328.2
2024-12-20 05:00:00,Punjabi Bagh,28.6741,77.131,138.8,140.2,1368.0,39.1,54.8,129.0,314.7
2024-12-20 06:00:00,Punjabi Bagh,28.6741,77.131,111.8,113.9,1028.0,27.5,52.9,172.0,272.0
2024-12-20 07:00:00,Punjabi Bagh,28.6741,77.131,94.3,96.9,837.0,21.6,53.2,190.0,212.3
2024-12-20 08:00:00,Punjabi Bagh,28.6741,77.131,84.1,86.6,719.0,18.8,54.3,195.0,179.9
2024-12-20 09:00:00,Punjabi Bagh,28.6741,77.131,80.1,82.4,698.0,22.0,55.4,187.0,166.2
2024-12-20 10:00:00,Punjabi Bagh,28.6741,77.131,78.5,80.6,840.0,36.2,56.4,162.0,160.7
2024-12-20 11:00:00,Punjabi Bagh,28.6741,77.131,85.9,87.5,1080.0,56.5,57.3,125.0,186.0
2024-12-20 12:00:00,Punjabi Bagh,28.6741,77.131,115.5,117.3,1246.0,74.4,56.9,86.0,284.6
2024-12-20 13:00:00,Punjabi Bagh,28.6741,77.131,125.3,126.7,1249.0,70.4,54.7,77.0,304.3
2024-12-20 14:00:00,Punjabi Bagh,28.6741,77.131,126.7,128.5,1178.0,64.5,51.5,64.0,305.4
2024-12-20 15:00:00,Punjabi Bagh,28.6741,77.131,126.7,128.1,1128.0,58.2,48.2,55.0,305.4
2024-12-20 16:00:00,Punjabi Bagh,28.6741,77.131,127.1,128.1,1150.0,51.5,44.8,52.0,305.7
2024-12-20 17:00:00,Punjabi Bagh,28.6741,77.131,127.6,128.5,1194.0,44.2,41.3,52.0,306.1
2024-12-20 18:00:00,Punjabi Bagh,28.6741,77.131,125.7,126.7,1205.0,37.6,38.7,52.0,304.6
2024-12-20 19:00:00,Punjabi Bagh,28.6741,77.131,122.0,123.4,1146.0,31.6,37.8,52.0,301.8
2024-12-20 20:00:00,Punjabi Bagh,28.6741,77.131,119.7,120.6,1054.0,26.3,37.8,51.0,299.0
2024-12-20 21:00:00,Punjabi Bagh,28.6741,77.131,117.6,118.5,988.0,22.3,37.7,51.0,291.8
2024-12-20 22:00:00,Punjabi Bagh,28.6741,77.131,115.9,116.9,945.0,19.6,36.9,50.0,286.0
2024-12-20 23:00:00,Punjabi Bagh,28.6741,77.131,114.6,115.7,928.0,18.4,35.9,49.0,281.6
2024-12-21 00:00:00,Punjabi Bagh,28.6741,77.131,116.4,117.3,1000.0,21.0,41.3,46.0,287.7
2024-12-21 01:00:00,Punjabi Bagh,28.6741,77.131,123.9,124.8,1269.0,27.1,44.6,38.0,303.2
2024-12-21 02:00:00,Punjabi Bagh,28.6741,77.131,138.3,139.2,1628.0,35.3,49.0,28.0,314.3
2024-12-21 03:00:00,Punjabi Bagh,28.6741,77.131,144.8,145.8,1819.0,40.2,51.9,30.0,319.3
2024-12-21 04:00:00,Punjabi Bagh,28.6741,77.131,143.0,143.9,1695.0,38.8,51.9,56.0,317.9
2024-12-21 05:00:00,Punjabi Bagh,28.6741,77.131,138.3,139.2,1403.0,33.9,50.3,94.0,314.3
2024-12-21 06:00:00,Punjabi Bagh,28.6741,77.131,129.5,130.4,1129.0,28.9,48.7,127.0,307.5
2024-12-21 07:00:00,Punjabi Bagh,28.6741,77.131,110.1,111.5,898.0,22.3,47.4,150.0,266.2
2024-12-21 08:00:00,Punjabi Bagh,28.6741,77.131,98.5,100.1,685.0,15.6,46.2,168.0,226.6
2024-12-21 09:00:00,Punjabi Bagh,28.6741,77.131,92.7,94.3,597.0,15.6,45.6,171.0,206.8
2024-12-21 10:00:00,Punjabi Bagh,28.6741,77.131,90.3,92.0,724.0,28.3,45.7,151.0,500.0
2024-12-21 11:00:00,Punjabi Bagh,28.6741,77.131,98.7,99.9,976.0,47.7,46.4,116.0,227.3
2024-12-21 12:00:00,Punjabi Bagh,28.6741,77.131,134.1,136.0,1194.0,62.1,50.3,84.0,311.1
2024-12-21 13:00:00,Punjabi Bagh,28.6741,77.131,152.7,154.6,1317.0,67.0,53.7,70.0,325.3
2024-12-21 14:00:00,Punjabi Bagh,28.6741,77.131,166.7,168.6,1406.0,73.7,58.4,51.0,336.1
2024-12-21 15:00:00,Punjabi Bagh,28.6741,77.131,180.2,181.6,1482.0,78.0,62.0,35.0,346.4
2024-12-21 16:00:00,Punjabi Bagh,28.6741,77.131,193.7,195.1,1560.0,78.0,63.9,26.0,356.8
2024-12-21 17:00:00,Punjabi Bagh,28.6741,77.131,206.3,208.2,1625.0,75.7,64.7,21.0,366.5
2024-12-21 18:00:00,Punjabi Bagh,28.6741,77.131,213.3,214.7,1658.0,73.0,64.3,18.0,371.8
2024-12-21 19:00:00,Punjabi Bagh,28.6741,77.131,214.2,215.6,1633.0,70.5,62.4,16.0,372.5
2024-12-21 20:00:00,Punjabi Bagh,28.6741,77.131,215.6,217.0,1575.0,67.6,59.2,16.0,373.6
2024-12-21 21:00:00,Punjabi Bagh,28.6741,77.131,214.2,216.1,1540.0,64.2,56.0,17.0,372.5
2024-12-21 22:00:00,Punjabi Bagh,28.6741,77.131,205.8,207.7,1490.0,59.2,51.8,21.0,366.1
2024-12-21 23:00:00,Punjabi Bagh,28.6741,77.131,193.7,195.6,1462.0,53.8,47.6,27.0,356.8
2024-12-22 00:00:00,Punjabi Bagh,28.6741,77.131,200.7,202.6,1625.0,57.6,44.6,20.0,362.2
2024-12-22 01:00:00,Punjabi Bagh,28.6741,77.131,204.4,206.3,2246.0,60.8,53.7,19.0,365.0
2024-12-22 02:00:00,Punjabi Bagh,28.6741,77.131,220.7,223.1,3058.0,64.8,66.2,19.0,377.5
2024-12-22 03:00:00,Punjabi Bagh,28.6741,77.131,238.0,239.3,3427.0,64.8,74.9,32.0,390.8
2024-12-22 04:00:00,Punjabi Bagh,28.6741,77.131,218.9,220.3,2922.0,57.4,76.5,69.0,376.1
2024-12-22 05:00:00,Punjabi Bagh,28.6741,77.131,185.8,187.7,1975.0,45.9,74.3,120.0,350.7
2024-12-22 06:00:00,Punjabi Bagh,28.6741,77.131,140.2,142.5,1239.0,36.0,71.8,159.0,315.7
2024-12-22 07:00:00,Punjabi Bagh,28.6741,77.131,117.6,119.7,967.0,26.5,69.1,181.0,291.8
2024-12-22 08:00:00,Punjabi Bagh,28.6741,77.131,101.7,103.8,906.0,18.5,66.0,192.0,237.5
2024-12-22 09:00:00,Punjabi Bagh,28.6741,77.131,93.8,95.9,962.0,20.7,65.0,188.0,210.6
2024-12-22 10:00:00,Punjabi Bagh,28.6741,77.131,90.6,92.4,1164.0,41.8,67.7,162.0,500.0
2024-12-22 11:00:00,Punjabi Bagh,28.6741,77.131,105.5,107.1,1482.0,73.2,72.5,122.0,250.5
2024-12-22 12:00:00,Punjabi Bagh,28.6741,77.131,158.8,160.7,1727.0,101.3,82.2,75.0,330.0
2024-12-22 13:00:00,Punjabi Bagh,28.6741,77.131,190.0,191.4,1827.0,103.8,84.7,63.0,354.0
2024-12-22 14:00:00,Punjabi Bagh,28.6741,77.131,207.2,209.1,1855.0,106.9,87.9,46.0,367.2
2024-12-22 15:00:00,Punjabi Bagh,28.6741,77.131,210.5,211.9,1842.0,107.0,87.9,34.0,369.7
2024-12-22 16:00:00,Punjabi Bagh,28.6741,77.131,203.0,204.4,1800.0,102.9,82.3,32.0,363.9
2024-12-22 17:00:00,Punjabi Bagh,28.6741,77.131,197.9,199.3,1718.0,95.9,73.5,36.0,360.0
2024-12-22 18:00:00,Punjabi Bagh,28.6741,77.131,183.9,185.3,1594.0,85.5,64.8,42.0,349.3
2024-12-22 19:00:00,Punjabi Bagh,28.6741,77.131,164.4,165.3,1390.0,68.9,56.3,53.0,334.3
2024-12-22 20:00:00,Punjabi Bagh,28.6741,77.131,146.2,147.1,1144.0,49.1,47.8,66.0,320.3
2024-12-22 21:00:00,Punjabi Bagh,28.6741,77.131,139.2,140.6,973.0,34.4,42.1,75.0,315.0
2024-12-22 22:00:00,Punjabi Bagh,28.6741,77.131,138.8,140.2,916.0,28.0,40.3,76.0,314.7
2024-12-22 23:00:00,Punjabi Bagh,28.6741,77.131,142.0,143.4,935.0,26.7,41.2,71.0,317.1
2024-12-23 00:00:00,Punjabi Bagh,28.6741,77.131,117.6,118.7,1029.0,18.7,34.3,76.0,291.8
2024-12-23 01:00:00,Punjabi Bagh,28.6741,77.131,122.9,123.9,1267.0,30.0,38.4,62.0,302.5
2024-12-23 02:00:00,Punjabi Bagh,28.6741,77.131,137.4,138.8,1581.0,45.4,44.1,44.0,313.6
2024-12-23 03:00:00,Punjabi Bagh,28.6741,77.131,156.9,157.9,1762.0,55.4,47.6,36.0,328.6
2024-12-23 04:00:00,Punjabi Bagh,28.6741,77.131,149.9,150.9,1703.0,55.4,47.0,47.0,323.2
2024-12-23 05:00:00,Punjabi Bagh,28.6741,77.131,145.8,146.7,1511.0,50.2,44.4,69.0,320.0
2024-12-23 06:00:00,Punjabi Bagh,28.6741,77.131,143.9,145.3,1305.0,44.2,42.1,89.0,318.6
2024-12-23 07:00:00,Punjabi Bagh,28.6741,77.131,131.3,132.7,1091.0,38.0,41.1,106.0,308.9
2024-12-23 08:00:00,Punjabi Bagh,28.6741,77.131,116.6,118.3,862.0,31.0,40.5,122.0,288.4
2024-12-23 09:00:00,Punjabi Bagh,28.6741,77.131,110.8,112.5,721.0,26.8,40.0,130.0,268.6
2024-12-23 10:00:00,Punjabi Bagh,28.6741,77.131,105.9,107.8,742.0,27.8,39.9,127.0,251.9
2024-12-23 11:00:00,Punjabi Bagh,28.6741,77.131,100.8,102.4,851.0,31.5,40.1,116.0,234.5
2024-12-23 12:00:00,Punjabi Bagh,28.6741,77.131,129.9,131.8,922.0,38.6,38.7,106.0,307.8
2024-12-23 13:00:00,Punjabi Bagh,28.6741,77.131,123.9,126.2,895.0,36.8,39.4,98.0,303.2
2024-12-23 14:00:00,Punjabi Bagh,28.6741,77.131,120.1,122.0,831.0,34.3,40.4,86.0,500.0
2024-12-23 15:00:00,Punjabi Bagh,28.6741,77.131,116.6,118.5,784.0,32.8,41.0,75.0,288.4
2024-12-23 16:00:00,Punjabi Bagh,28.6741,77.131,114.6,116.4,781.0,33.4,41.2,66.0,281.6
2024-12-23 17:00:00,Punjabi Bagh,28.6741,77.131,115.7,117.8,795.0,34.9,41.2,59.0,285.3
2024-12-23 18:00:00,Punjabi Bagh,28.6741,77.131,116.6,118.5,804.0,35.1,40.2,53.0,288.4
2024-12-23 19:00:00,Punjabi Bagh,28.6741,77.131,113.9,115.7,800.0,32.4,37.9,51.0,279.2
2024-12-23 20:00:00,Punjabi Bagh,28.6741,77.131,110.6,112.7,791.0,28.3,34.7,52.0,267.9
2024-12-23 21:00:00,Punjabi Bagh,28.6741,77.131,109.7,111.8,775.0,25.1,31.7,51.0,264.8
2024-12-23 22:00:00,Punjabi Bagh,28.6741,77.131,108.5,110.4,740.0,23.2,28.9,47.0,260.7
2024-12-23 23:00:00,Punjabi Bagh,28.6741,77.131,105.7,107.3,698.0,22.1,26.3,43.0,251.2
2024-12-24 00:00:00,Punjabi Bagh,28.6741,77.131,83.1,85.0,684.0,17.2,17.5,60.0,176.4
2024-12-24 01:00:00,Punjabi Bagh,28.6741,77.131,84.5,86.4,733.0,24.2,20.1,54.0,181.2
2024-12-24 02:00:00,Punjabi Bagh,28.6741,77.131,93.1,95.0,810.0,33.6,23.6,47.0,208.2
2024-12-24 03:00:00,Punjabi Bagh,28.6741,77.131,102.9,105.0,847.0,38.9,26.5,49.0,241.6
2024-12-24 04:00:00,Punjabi Bagh,28.6741,77.131,108.0,109.9,803.0,36.2,27.7,68.0,259.0
2024-12-24 05:00:00,Punjabi Bagh,28.6741,77.131,106.9,109.2,718.0,29.6,28.2,97.0,255.3
2024-12-24 06:00:00,Punjabi Bagh,28.6741,77.131,102.7,105.7,651.0,24.2,29.6,121.0,240.9
2024-12-24 07:00:00,Punjabi Bagh,28.6741,77.131,106.4,109.7,581.0,19.6,32.0,138.0,253.6
2024-12-24 08:00:00,Punjabi Bagh,28.6741,77.131,107.1,110.6,529.0,16.3,35.3,151.0,256.0
2024-12-24 09:00:00,Punjabi Bagh,28.6741,77.131,107.8,111.1,607.0,21.6,40.0,150.0,258.4
2024-12-24 10:00:00,Punjabi Bagh,28.6741,77.131,108.7,111.8,881.0,43.5,46.5,126.0,261.4
2024-12-24 11:00:00,Punjabi Bagh,28.6741,77.131,119.7,122.0,1285.0,73.9,54.6,88.0,299.0
2024-12-24 12:00:00,Punjabi Bagh,28.6741,77.131,134.1,136.0,1741.0,77.1,46.7,62.0,311.1
2024-12-24 13:00:00,Punjabi Bagh,28.6741,77.131,142.5,143.9,2278.0,74.5,46.8,56.0,317.5
2024-12-24 14:00:00,Punjabi Bagh,28.6741,77.131,141.6,143.0,2866.0,70.5,46.6,47.0,316.8
2024-12-24 15:00:00,Punjabi Bagh,28.6741,77.131,131.8,133.2,3336.0,65.0,44.8,41.0,309.3
2024-12-24 16:00:00,Punjabi Bagh,28.6741,77.131,120.1,121.5,3664.0,56.9,40.0,39.0,500.0
2024-12-24 17:00:00,Punjabi Bagh,28.6741,77.131,111.8,112.9,3874.0,47.2,33.5,38.0,272.0
2024-12-24 18:00:00,Punjabi Bagh,28.6741,77.131,105.5,106.6,3864.0,39.0,28.0,38.0,250.5
2024-12-24 19:00:00,Punjabi Bagh,28.6741,77.131,100.4,101.5,3519.0,33.3,24.3,37.0,233.1
2024-12-24 20:00:00,Punjabi Bagh,28.6741,77.131,98.0,99.4,2953.0,29.1,21.5,37.0,224.9
2024-12-24 21:00:00,Punjabi Bagh,28.6741,77.131,98.0,99.2,2411.0,26.1,19.5,36.0,224.9
2024-12-24 22:00:00,Punjabi Bagh,28.6741,77.131,98.7,100.1,1906.0,24.0,18.1,35.0,227.3
2024-12-24 23:00:00,Punjabi Bagh,28.6741,77.131,99.7,101.0,1425.0,23.2,17.5,34.0,230.7
2024-12-25 00:00:00,Punjabi Bagh,28.6741,77.131,94.3,95.7,1167.0,21.1,16.8,39.0,212.3
2024-12-25 01:00:00,Punjabi Bagh,28.6741,77.131,101.0,102.4,1330.0,28.4,23.0,31.0,235.1
2024-12-25 02:00:00,Punjabi Bagh,28.6741,77.131,118.0,119.7,1715.0,38.3,31.4,21.0,293.2
2024-12-25 03:00:00,Punjabi Bagh,28.6741,77.131,134.6,136.0,1931.0,43.8,37.2,24.0,311.4
2024-12-25 04:00:00,Punjabi Bagh,28.6741,77.131,128.1,129.0,1779.0,41.0,37.0,52.0,306.4
2024-12-25 05:00:00,Punjabi Bagh,28.6741,77.131,119.7,121.1,1457.0,33.8,34.0,93.0,299.0
2024-12-25 06:00:00,Punjabi Bagh,28.6741,77.131,95.7,97.6,1163.0,27.4,33.3,126.0,217.0
2024-12-25 07:00:00,Punjabi Bagh,28.6741,77.131,87.8,90.1,934.0,22.1,37.7,147.0,192.5
2024-12-25 08:00:00,Punjabi Bagh,28.6741,77.131,91.7,94.1,733.0,17.5,44.4,161.0,203.4
2024-12-25 09:00:00,Punjabi Bagh,28.6741,77.131,94.1,96.4,647.0,18.3,49.3,162.0,211.6
2024-12-25 10:00:00,Punjabi Bagh,28.6741,77.131,94.5,96.9,737.0,28.6,50.3,143.0,212.9
2024-12-25 11:00:00,Punjabi Bagh,28.6741,77.131,100.1,102.0,941.0,44.2,49.5,111.0,232.1
2024-12-25 12:00:00,Punjabi Bagh,28.6741,77.131,133.2,135.0,1162.0,57.4,47.5,74.0,310.4
2024-12-25 13:00:00,Punjabi Bagh,28.6741,77.131,144.4,146.2,1402.0,61.4,50.0,61.0,319.0
2024-12-25 14:00:00,Punjabi Bagh,28.6741,77.131,151.8,153.2,1658.0,66.8,53.5,43.0,324.6
2024-12-25 15:00:00,Punjabi Bagh,28.6741,77.131,160.7,161.6,1831.0,70.3,56.4,29.0,331.5
2024-12-25 16:00:00,Punjabi Bagh,28.6741,77.131,167.6,169.0,1873.0,70.0,58.6,23.0,336.8
2024-12-25 17:00:00,Punjabi Bagh,28.6741,77.131,174.6,176.0,1831.0,67.8,60.2,20.0,342.1
2024-12-25 18:00:00,Punjabi Bagh,28.6741,77.131,178.3,179.3,1745.0,65.3,60.1,18.0,345.0
2024-12-25 19:00:00,Punjabi Bagh,28.6741,77.131,179.3,180.2,1598.0,63.3,57.0,15.0,345.7
2024-12-25 20:00:00,Punjabi Bagh,28.6741,77.131,179.7,180.7,1406.0,61.1,52.2,13.0,346.0
2024-12-25 21:00:00,Punjabi Bagh,28.6741,77.131,178.8,180.2,1263.0,58.4,48.2,12.0,345.4
2024-12-25 22:00:00,Punjabi Bagh,28.6741,77.131,175.6,176.5,1181.0,54.2,45.6,13.0,342.9
2024-12-25 23:00:00,Punjabi Bagh,28.6741,77.131,170.0,170.9,1147.0,49.6,43.8,15.0,338.6
2024-12-26 00:00:00,Punjabi Bagh,28.6741,77.131,182.5,183.9,1217.0,48.6,39.7,9.0,348.2
2024-12-26 01:00:00,Punjabi Bagh,28.6741,77.131,173.7,174.6,1499.0,48.1,42.1,6.0,341.4
2024-12-26 02:00:00,Punjabi Bagh,28.6741,77.131,186.3,187.2,1884.0,47.3,45.4,4.0,351.1
2024-12-26 03:00:00,Punjabi Bagh,28.6741,77.131,192.3,192.8,2100.0,45.7,47.9,16.0,355.7
2024-12-26 04:00:00,Punjabi Bagh,28.6741,77.131,192.3,192.8,2000.0,43.1,48.3,56.0,355.7
2024-12-26 05:00:00,Punjabi Bagh,28.6741,77.131,180.2,180.7,1732.0,39.7,47.8,110.0,346.4
2024-12-26 06:00:00,Punjabi Bagh,28.6741,77.131,146.7,147.6,1459.0,36.2,48.4,151.0,320.7
2024-12-26 07:00:00,Punjabi Bagh,28.6741,77.131,100.1,101.3,1188.0,29.2,50.5,172.0,232.1
2024-12-26 08:00:00,Punjabi Bagh,28.6741,77.131,80.6,82.0,914.0,22.0,53.7,180.0,167.9
2024-12-26 09:00:00,Punjabi Bagh,28.6741,77.131,75.9,77.5,785.0,25.3,58.1,174.0,151.9
2024-12-26 10:00:00,Punjabi Bagh,28.6741,77.131,75.4,77.5,903.0,48.6,64.3,147.0,150.2
2024-12-26 11:00:00,Punjabi Bagh,28.6741,77.131,88.2,89.9,1167.0,82.5,71.7,106.0,193.9
2024-12-26 12:00:00,Punjabi Bagh,28.6741,77.131,139.2,142.0,1421.0,103.4,69.3,63.0,315.0
2024-12-26 13:00:00,Punjabi Bagh,28.6741,77.131,170.4,172.8,1628.0,109.4,75.6,49.0,338.9
2024-12-26 14:00:00,Punjabi Bagh,28.6741,77.131,190.9,193.2,1825.0,117.5,84.2,29.0,354.6
2024-12-26 15:00:00,Punjabi Bagh,28.6741,77.131,212.3,214.7,1965.0,122.3,89.2,15.0,371.1
2024-12-26 16:00:00,Punjabi Bagh,28.6741,77.131,230.0,232.8,2036.0,121.7,88.6,10.0,384.7
2024-12-26 17:00:00,Punjabi Bagh,28.6741,77.131,235.6,238.4,2050.0,117.7,84.6,11.0,388.9
2024-12-26 18:00:00,Punjabi Bagh,28.6741,77.131,220.3,223.1,1993.0,110.9,77.5,13.0,377.2
2024-12-26 19:00:00,Punjabi Bagh,28.6741,77.131,205.8,208.2,1827.0,99.6,65.4,17.0,366.1
2024-12-26 20:00:00,Punjabi Bagh,28.6741,77.131,185.8,187.7,1589.0,85.4,50.4,23.0,350.7
2024-12-26 21:00:00,Punjabi Bagh,28.6741,77.131,162.1,164.4,1382.0,73.9,38.7,28.0,332.5
2024-12-26 22:00:00,Punjabi Bagh,28.6741,77.131,145.3,147.1,1235.0,67.3,33.4,31.0,319.6
2024-12-26 23:00:00,Punjabi Bagh,28.6741,77.131,144.4,146.7,1119.0,63.4,31.6,33.0,319.0
2024-12-27 00:00:00,Punjabi Bagh,28.6741,77.131,146.2,148.1,1040.0,71.4,44.3,25.0,320.3
2024-12-27 01:00:00,Punjabi Bagh,28.6741,77.131,130.9,132.7,1028.0,68.8,45.3,26.0,308.6
2024-12-27 02:00:00,Punjabi Bagh,28.6741,77.131,138.8,140.6,1053.0,64.9,46.4,28.0,314.7
2024-12-27 03:00:00,Punjabi Bagh,28.6741,77.131,140.6,142.0,1040.0,60.3,45.4,33.0,316.0
2024-12-27 04:00:00,Punjabi Bagh,28.6741,77.131,138.8,140.2,939.0,54.6,40.6,45.0,314.7
2024-12-27 05:00:00,Punjabi Bagh,28.6741,77.131,117.6,119.2,800.0,48.2,33.8,60.0,291.8
2024-12-27 06:00:00,Punjabi Bagh,28.6741,77.131,97.8,99.7,693.0,42.2,27.9,72.0,224.2
2024-12-27 07:00:00,Punjabi Bagh,28.6741,77.131,94.5,97.1,647.0,36.6,24.2,77.0,212.9
2024-12-27 08:00:00,Punjabi Bagh,28.6741,77.131,91.5,93.8,634.0,31.4,21.5,79.0,202.7
2024-12-27 09:00:00,Punjabi Bagh,28.6741,77.131,89.4,91.3,632.0,28.1,19.3,79.0,198.0
2024-12-27 10:00:00,Punjabi Bagh,28.6741,77.131,85.4,87.1,641.0,28.0,17.3,78.0,184.3
2024-12-27 11:00:00,Punjabi Bagh,28.6741,77.131,80.6,82.0,662.0,29.8,15.9,75.0,167.9
2024-12-27 12:00:00,Punjabi Bagh,28.6741,77.131,94.3,96.6,681.0,36.8,16.6,64.0,212.3
2024-12-27 13:00:00,Punjabi Bagh,28.6741,77.131,93.6,95.7,696.0,35.2,17.7,64.0,209.9
2024-12-27 14:00:00,Punjabi Bagh,28.6741,77.131,96.6,98.7,710.0,32.8,19.2,64.0,220.1
2024-12-27 15:00:00,Punjabi Bagh,28.6741,77.131,98.3,100.4,717.0,30.6,20.6,65.0,225.9
2024-12-27 16:00:00,Punjabi Bagh,28.6741,77.131,102.2,104.5,724.0,28.8,21.7,66.0,239.2
2024-12-27 17:00:00,Punjabi Bagh,28.6741,77.131,106.9,109.2,725.0,27.1,22.6,68.0,255.3
2024-12-27 18:00:00,Punjabi Bagh,28.6741,77.131,104.3,106.6,697.0,25.5,23.2,68.0,246.4
2024-12-27 19:00:00,Punjabi Bagh,28.6741,77.131,100.8,103.1,612.0,23.7,23.1,66.0,234.5
2024-12-27 20:00:00,Punjabi Bagh,28.6741,77.131,100.4,102.7,498.0,21.9,22.5,63.0,233.1
2024-12-27 21:00:00,Punjabi Bagh,28.6741,77.131,99.9,102.0,421.0,20.9,22.3,60.0,231.4
2024-12-27 22:00:00,Punjabi Bagh,28.6741,77.131,96.2,98.0,380.0,20.3,22.0,57.0,218.8
2024-12-27 23:00:00,Punjabi Bagh,28.6741,77.131,91.7,93.6,376.0,20.6,22.0,55.0,203.4
2024-12-28 00:00:00,Punjabi Bagh,28.6741,77.131,82.0,84.1,477.0,17.1,21.0,66.0,172.7
2024-12-28 01:00:00,Punjabi Bagh,28.6741,77.131,82.4,84.5,808.0,29.8,29.6,55.0,174.1
2024-12-28 02:00:00,Punjabi Bagh,28.6741,77.131,105.2,107.6,1245.0,46.9,41.4,40.0,249.5
2024-12-28 03:00:00,Punjabi Bagh,28.6741,77.131,125.3,127.6,1481.0,57.7,50.5,34.0,304.3
2024-12-28 04:00:00,Punjabi Bagh,28.6741,77.131,112.0,113.9,1321.0,55.7,53.9,45.0,272.7
2024-12-28 05:00:00,Punjabi Bagh,28.6741,77.131,103.8,105.9,960.0,47.2,54.5,65.0,244.7
2024-12-28 06:00:00,Punjabi Bagh,28.6741,77.131,99.9,102.0,678.0,40.6,55.2,80.0,231.4
2024-12-28 07:00:00,Punjabi Bagh,28.6741,77.131,99.0,101.0,567.0,38.2,57.3,87.0,228.3
2024-12-28 08:00:00,Punjabi Bagh,28.6741,77.131,97.3,99.4,535.0,37.6,59.5,91.0,222.5
2024-12-28 09:00:00,Punjabi Bagh,28.6741,77.131,95.2,97.1,586.0,40.3,61.1,88.0,215.3
2024-12-28 10:00:00,Punjabi Bagh,28.6741,77.131,91.5,93.1,746.0,48.5,61.5,77.0,202.7
2024-12-28 11:00:00,Punjabi Bagh,28.6741,77.131,95.9,97.6,990.0,59.9,61.3,59.0,217.7
2024-12-28 12:00:00,Punjabi Bagh,28.6741,77.131,128.5,130.4,1243.0,67.4,56.8,47.0,306.8
2024-12-28 13:00:00,Punjabi Bagh,28.6741,77.131,149.5,151.3,1535.0,67.0,55.3,42.0,322.9
2024-12-28 14:00:00,Punjabi Bagh,28.6741,77.131,155.1,156.5,1836.0,66.3,53.0,35.0,327.2
2024-12-28 15:00:00,Punjabi Bagh,28.6741,77.131,150.9,152.3,1991.0,63.9,49.9,30.0,323.9
2024-12-28 16:00:00,Punjabi Bagh,28.6741,77.131,146.7,147.6,1895.0,59.2,45.4,28.0,320.7
2024-12-28 17:00:00,Punjabi Bagh,28.6741,77.131,145.8,147.1,1653.0,52.8,40.1,28.0,320.0
2024-12-28 18:00:00,Punjabi Bagh,28.6741,77.131,143.0,143.9,1418.0,45.9,35.0,29.0,317.9
2024-12-28 19:00:00,Punjabi Bagh,28.6741,77.131,132.7,133.6,1225.0,37.9,30.3,32.0,310.0
2024-12-28 20:00:00,Punjabi Bagh,28.6741,77.131,122.9,123.9,1040.0,29.3,25.9,36.0,302.5
2024-12-28 21:00:00,Punjabi Bagh,28.6741,77.131,114.8,115.7,910.0,22.6,22.7,40.0,282.2
2024-12-28 22:00:00,Punjabi Bagh,28.6741,77.131,106.9,107.8,868.0,18.5,21.0,43.0,255.3
2024-12-28 23:00:00,Punjabi Bagh,28.6741,77.131,99.2,99.9,882.0,16.4,20.5,45.0,229.0
2024-12-29 00:00:00,Punjabi Bagh,28.6741,77.131,122.5,123.4,906.0,23.8,21.8,31.0,302.2
2024-12-29 01:00:00,Punjabi Bagh,28.6741,77.131,113.4,114.3,939.0,26.1,23.5,31.0,277.5
2024-12-29 02:00:00,Punjabi Bagh,28.6741,77.131,110.8,111.8,983.0,29.2,25.9,32.0,268.6
2024-12-29 03:00:00,Punjabi Bagh,28.6741,77.131,110.6,111.5,992.0,30.0,28.1,38.0,267.9
2024-12-29 04:00:00,Punjabi Bagh,28.6741,77.131,95.9,97.1,940.0,26.5,29.9,55.0,217.7
2024-12-29 05:00:00,Punjabi Bagh,28.6741,77.131,85.0,86.4,853.0,20.7,31.5,77.0,182.9
2024-12-29 06:00:00,Punjabi Bagh,28.6741,77.131,73.1,74.7,769.0,16.2,32.5,95.0,142.3
2024-12-29 07:00:00,Punjabi Bagh,28.6741,77.131,66.8,68.5,678.0,13.7,32.4,108.0,120.8
2024-12-29 08:00:00,Punjabi Bagh,28.6741,77.131,64.0,65.9,589.0,12.4,31.7,117.0,111.2
2024-12-29 09:00:00,Punjabi Bagh,28.6741,77.131,63.3,65.0,568.0,14.0,31.2,118.0,108.9
2024-12-29 10:00:00,Punjabi Bagh,28.6741,77.131,60.3,62.2,675.0,20.1,30.9,108.0,500.0
2024-12-29 11:00:00,Punjabi Bagh,28.6741,77.131,61.5,63.3,850.0,29.1,30.7,90.0,102.7
2024-12-29 12:00:00,Punjabi Bagh,28.6741,77.131,90.6,92.2,983.0,35.4,32.7,65.0,500.0
2024-12-29 13:00:00,Punjabi Bagh,28.6741,77.131,96.2,97.6,1028.0,36.6,32.5,58.0,218.8
2024-12-29 14:00:00,Punjabi Bagh,28.6741,77.131,96.2,97.1,1031.0,38.2,32.2,50.0,218.8
2024-12-29 15:00:00,Punjabi Bagh,28.6741,77.131,95.0,95.7,1012.0,38.0,31.1,44.0,214.7
2024-12-29 16:00:00,Punjabi Bagh,28.6741,77.131,92.2,92.9,972.0,34.9,28.7,45.0,205.1
2024-12-29 17:00:00,Punjabi Bagh,28.6741,77.131,90.6,91.3,910.0,30.1,25.5,48.0,500.0
2024-12-29 18:00:00,Punjabi Bagh,28.6741,77.131,89.2,89.9,847.0,25.5,22.7,52.0,197.3
2024-12-29 19:00:00,Punjabi Bagh,28.6741,77.131,85.4,85.9,780.0,21.6,20.4,55.0,184.3
2024-12-29 20:00:00,Punjabi Bagh,28.6741,77.131,82.9,83.6,711.0,18.0,18.3,57.0,175.8
2024-12-29 21:00:00,Punjabi Bagh,28.6741,77.131,80.8,81.3,677.0,15.2,17.2,59.0,168.6
2024-12-29 22:00:00,Punjabi Bagh,28.6741,77.131,78.7,79.2,698.0,13.2,17.1,61.0,161.4
2024-12-29 23:00:00,Punjabi Bagh,28.6741,77.131,77.1,77.3,753.0,12.1,18.0,62.0,156.0
2024-12-30 00:00:00,Punjabi Bagh,28.6741,77.131,77.3,77.8,809.0,12.9,18.5,61.0,156.6
2024-12-30 01:00:00,Punjabi Bagh,28.6741,77.131,75.4,75.7,863.0,17.0,21.4,58.0,150.2
2024-12-30 02:00:00,Punjabi Bagh,28.6741,77.131,77.5,77.8,918.0,22.6,25.5,55.0,157.3
2024-12-30 03:00:00,Punjabi Bagh,28.6741,77.131,79.4,79.6,946.0,25.6,29.1,60.0,163.8
2024-12-30 04:00:00,Punjabi Bagh,28.6741,77.131,76.8,77.1,928.0,23.6,31.9,79.0,154.9
2024-12-30 05:00:00,Punjabi Bagh,28.6741,77.131,76.1,76.4,884.0,19.1,34.2,107.0,152.5
2024-12-30 06:00:00,Punjabi Bagh,28.6741,77.131,75.2,75.4,847.0,15.3,35.5,130.0,149.5
2024-12-30 07:00:00,Punjabi Bagh,28.6741,77.131,71.2,71.5,811.0,12.4,35.4,148.0,135.8
2024-12-30 08:00:00,Punjabi Bagh,28.6741,77.131,63.1,63.3,781.0,10.2,34.4,163.0,108.2
2024-12-30 09:00:00,Punjabi Bagh,28.6741,77.131,56.0,56.2,806.0,11.6,33.4,166.0,93.2
2024-12-30 10:00:00,Punjabi Bagh,28.6741,77.131,51.5,51.8,932.0,18.8,32.4,150.0,85.6
2024-12-30 11:00:00,Punjabi Bagh,28.6741,77.131,52.3,52.5,1112.0,29.6,31.4,122.0,87.0
2024-12-30 12:00:00,Punjabi Bagh,28.6741,77.131,96.2,97.3,1256.0,49.6,38.3,83.0,218.8
2024-12-30 13:00:00,Punjabi Bagh,28.6741,77.131,108.5,109.7,1327.0,55.3,40.6,69.0,260.7
2024-12-30 14:00:00,Punjabi Bagh,28.6741,77.131,118.0,119.0,1363.0,63.0,43.7,49.0,293.2
2024-12-30 15:00:00,Punjabi Bagh,28.6741,77.131,127.1,128.1,1384.0,67.8,46.2,34.0,305.7
2024-12-30 16:00:00,Punjabi Bagh,28.6741,77.131,136.0,136.9,1405.0,67.7,47.9,28.0,312.5
2024-12-30 17:00:00,Punjabi Bagh,28.6741,77.131,143.9,144.8,1412.0,64.8,48.9,26.0,318.6
2024-12-30 18:00:00,Punjabi Bagh,28.6741,77.131,145.8,147.1,1386.0,60.3,47.7,26.0,320.0
2024-12-30 19:00:00,Punjabi Bagh,28.6741,77.131,140.2,141.1,1300.0,53.9,42.6,29.0,315.7
2024-12-30 20:00:00,Punjabi Bagh,28.6741,77.131,135.0,136.4,1180.0,45.8,35.2,34.0,311.7
2024-12-30 21:00:00,Punjabi Bagh,28.6741,77.131,131.8,133.2,1094.0,38.2,29.3,39.0,309.3
2024-12-30 22:00:00,Punjabi Bagh,28.6741,77.131,127.6,129.0,1067.0,30.3,25.8,45.0,306.1
2024-12-30 23:00:00,Punjabi Bagh,28.6741,77.131,125.7,127.1,1072.0,22.8,23.7,52.0,304.6
2024-12-31 00:00:00,Punjabi Bagh,28.6741,77.131,162.5,164.4,1097.0,33.1,26.2,33.0,332.8
2024-12-31 01:00:00,Punjabi Bagh,28.6741,77.131,156.0,157.9,1156.0,33.5,28.1,35.0,327.9
2024-12-31 02:00:00,Punjabi Bagh,28.6741,77.131,158.3,159.7,1234.0,33.8,30.7,39.0,329.6
2024-12-31 03:00:00,Punjabi Bagh,28.6741,77.131,151.3,153.2,1275.0,32.6,33.6,48.0,324.3
2024-12-31 04:00:00,Punjabi Bagh,28.6741,77.131,141.6,143.4,1251.0,28.4,36.8,67.0,316.8
2024-12-31 05:00:00,Punjabi Bagh,28.6741,77.131,126.7,129.0,1189.0,22.8,40.1,92.0,305.4
2024-12-31 06:00:00,Punjabi Bagh,28.6741,77.131,108.7,111.3,1123.0,18.6,42.8,113.0,261.4
2024-12-31 07:00:00,Punjabi Bagh,28.6741,77.131,103.8,106.4,1029.0,16.0,44.4,130.0,244.7
2024-12-31 08:00:00,Punjabi Bagh,28.6741,77.131,99.2,101.7,931.0,14.9,45.4,143.0,229.0
2024-12-31 09:00:00,Punjabi Bagh,28.6741,77.131,96.4,99.0,924.0,17.8,46.1,145.0,219.4
2024-12-31 10:00:00,Punjabi Bagh,28.6741,77.131,93.8,96.4,1065.0,27.4,46.2,130.0,210.6
2024-12-31 11:00:00,Punjabi Bagh,28.6741,77.131,94.5,97.1,1299.0,41.0,46.0,105.0,212.9
2024-12-31 12:00:00,Punjabi Bagh,28.6741,77.131,149.9,153.2,1554.0,65.5,63.9,76.0,323.2
2024-12-31 13:00:00,Punjabi Bagh,28.6741,77.131,175.1,178.3,1858.0,72.7,66.4,60.0,342.5
2024-12-31 14:00:00,Punjabi Bagh,28.6741,77.131,193.2,196.5,2184.0,82.4,69.6,39.0,356.4
2024-12-31 15:00:00,Punjabi Bagh,28.6741,77.131,200.2,203.0,2381.0,87.4,70.7,23.0,361.8
2024-12-31 16:00:00,Punjabi Bagh,28.6741,77.131,200.2,203.5,2362.0,84.3,68.5,19.0,361.8
2024-12-31 17:00:00,Punjabi Bagh,28.6741,77.131,204.0,206.8,2214.0,76.5,64.1,21.0,364.7
2024-12-31 18:00:00,Punjabi Bagh,28.6741,77.131,199.3,202.1,2049.0,67.3,58.1,25.0,361.1
2024-12-31 19:00:00,Punjabi Bagh,28.6741,77.131,185.8,188.6,1887.0,56.7,49.7,31.0,350.7
2024-12-31 20:00:00,Punjabi Bagh,28.6741,77.131,174.6,177.4,1707.0,44.8,39.7,39.0,342.1
2024-12-31 21:00:00,Punjabi Bagh,28.6741,77.131,164.4,166.7,1562.0,34.6,31.5,46.0,334.3
2024-12-31 22:00:00,Punjabi Bagh,28.6741,77.131,156.5,158.8,1470.0,26.7,26.0,52.0,328.2
2024-12-31 23:00:00,Punjabi Bagh,28.6741,77.131,149.5,151.8,1413.0,20.6,22.3,57.0,322.9
2024-12-19 12:00:00,Shadipur,28.6515,77.1588,144.8,147.6,1286.0,75.6,65.6,98.0,319.3
2024-12-19 13:00:00,Shadipur,28.6515,77.1588,168.1,170.4,1444.0,84.5,70.3,78.0,337.1
2024-12-19 14:00:00,Shadipur,28.6515,77.1588,190.0,192.3,1596.0,96.5,76.5,50.0,354.0
2024-12-19 15:00:00,Shadipur,28.6515,77.1588,204.9,207.2,1687.0,103.4,79.9,29.0,365.4
2024-12-19 16:00:00,Shadipur,28.6515,77.1588,212.3,214.2,1679.0,101.2,78.3,22.0,371.1
2024-12-19 17:00:00,Shadipur,28.6515,77.1588,213.7,215.6,1610.0,94.0,73.9,23.0,372.1
2024-12-19 18:00:00,Shadipur,28.6515,77.1588,207.2,209.1,1536.0,85.6,68.1,25.0,367.2
2024-12-19 19:00:00,Shadipur,28.6515,77.1588,195.1,197.0,1466.0,76.7,60.6,28.0,357.9
2024-12-19 20:00:00,Shadipur,28.6515,77.1588,184.9,186.7,1393.0,66.7,51.7,33.0,350.0
2024-12-19 21:00:00,Shadipur,28.6515,77.1588,177.0,178.8,1346.0,57.7,44.6,36.0,344.0
2024-12-19 22:00:00,Shadipur,28.6515,77.1588,170.9,172.3,1327.0,49.3,39.8,37.0,339.3
2024-12-19 23:00:00,Shadipur,28.6515,77.1588,165.3,167.2,1336.0,42.0,36.6,37.0,335.0
2024-12-20 00:00:00,Shadipur,28.6515,77.1588,147.6,149.0,1401.0,28.2,37.5,55.0,321.4
2024-12-20 01:00:00,Shadipur,28.6515,77.1588,157.9,159.7,1608.0,39.2,43.6,44.0,329.3
2024-12-20 02:00:00,Shadipur,28.6515,77.1588,176.0,177.9,1871.0,53.8,51.8,30.0,343.2
2024-12-20 03:00:00,Shadipur,28.6515,77.1588,181.6,183.0,1963.0,61.1,57.4,34.0,347.5
2024-12-20 04:00:00,Shadipur,28.6515,77.1588,156.5,157.9,1724.0,53.8,57.4,73.0,328.2
2024-12-20 05:00:00,Shadipur,28.6515,77.1588,138.8,140.2,1313.0,39.1,54.8,129.0,314.7
2024-12-20 06:00:00,Shadipur,28.6515,77.1588,111.8,113.9,982.0,27.5,52.9,172.0,272.0
2024-12-20 07:00:00,Shadipur,28.6515,77.1588,94.3,96.9,812.0,21.6,53.2,190.0,212.3
2024-12-20 08:00:00,Shadipur,28.6515,77.1588,84.1,86.6,721.0,18.8,54.3,195.0,179.9
2024-12-20 09:00:00,Shadipur,28.6515,77.1588,80.1,82.4,713.0,22.0,55.4,187.0,166.2
2024-12-20 10:00:00,Shadipur,28.6515,77.1588,78.5,80.6,835.0,36.2,56.4,162.0,160.7
2024-12-20 11:00:00,Shadipur,28.6515,77.1588,85.9,87.5,1041.0,56.5,57.3,125.0,186.0
2024-12-20 12:00:00,Shadipur,28.6515,77.1588,115.5,117.3,1193.0,74.4,56.9,86.0,284.6
2024-12-20 13:00:00,Shadipur,28.6515,77.1588,125.3,126.7,1226.0,70.4,54.7,77.0,304.3
2024-12-20 14:00:00,Shadipur,28.6515,77.1588,126.7,128.5,1206.0,64.5,51.5,64.0,305.4
2024-12-20 15:00:00,Shadipur,28.6515,77.1588,126.7,128.1,1191.0,58.2,48.2,55.0,305.4
2024-12-20 16:00:00,Shadipur,28.6515,77.1588,127.1,128.1,1211.0,51.5,44.8,52.0,305.7
2024-12-20 17:00:00,Shadipur,28.6515,77.1588,127.6,128.5,1236.0,44.2,41.3,52.0,306.1
2024-12-20 18:00:00,Shadipur,28.6515,77.1588,125.7,126.7,1234.0,37.6,38.7,52.0,304.6
2024-12-20 19:00:00,Shadipur,28.6515,77.1588,122.0,123.4,1180.0,31.6,37.8,52.0,301.8
2024-12-20 20:00:00,Shadipur,28.6515,77.1588,119.7,120.6,1098.0,26.3,37.8,51.0,299.0
2024-12-20 21:00:00,Shadipur,28.6515,77.1588,117.6,118.5,1035.0,22.3,37.7,51.0,291.8
2024-12-20 22:00:00,Shadipur,28.6515,77.1588,115.9,116.9,979.0,19.6,36.9,50.0,286.0
2024-12-20 23:00:00,Shadipur,28.6515,77.1588,114.6,115.7,942.0,18.4,35.9,49.0,281.6
2024-12-21 00:00:00,Shadipur,28.6515,77.1588,116.4,117.3,1000.0,21.0,41.3,46.0,287.7
2024-12-21 01:00:00,Shadipur,28.6515,77.1588,123.9,124.8,1266.0,27.1,44.6,38.0,303.2
2024-12-21 02:00:00,Shadipur,28.6515,77.1588,138.3,139.2,1627.0,35.3,49.0,28.0,314.3
2024-12-21 03:00:00,Shadipur,28.6515,77.1588,144.8,145.8,1823.0,40.2,51.9,30.0,319.3
2024-12-21 04:00:00,Shadipur,28.6515,77.1588,143.0,143.9,1709.0,38.8,51.9,56.0,317.9
2024-12-21 05:00:00,Shadipur,28.6515,77.1588,138.3,139.2,1431.0,33.9,50.3,94.0,314.3
2024-12-21 06:00:00,Shadipur,28.6515,77.1588,129.5,130.4,1163.0,28.9,48.7,127.0,307.5
2024-12-21 07:00:00,Shadipur,28.6515,77.1588,110.1,111.5,929.0,22.3,47.4,150.0,266.2
2024-12-21 08:00:00,Shadipur,28.6515,77.1588,98.5,100.1,707.0,15.6,46.2,168.0,226.6
2024-12-21 09:00:00,Shadipur,28.6515,77.1588,92.7,94.3,603.0,15.6,45.6,171.0,206.8
2024-12-21 10:00:00,Shadipur,28.6515,77.1588,90.3,92.0,700.0,28.3,45.7,151.0,500.0
2024-12-21 11:00:00,Shadipur,28.6515,77.1588,98.7,99.9,916.0,47.7,46.4,116.0,227.3
2024-12-21 12:00:00,Shadipur,28.6515,77.1588,134.1,136.0,1115.0,62.1,50.3,84.0,311.1
2024-12-21 13:00:00,Shadipur,28.6515,77.1588,152.7,154.6,1252.0,67.0,53.7,70.0,325.3
2024-12-21 14:00:00,Shadipur,28.6515,77.1588,166.7,168.6,1372.0,73.7,58.4,51.0,336.1
2024-12-21 15:00:00,Shadipur,28.6515,77.1588,180.2,181.6,1468.0,78.0,62.0,35.0,346.4
2024-12-21 16:00:00,Shadipur,28.6515,77.1588,193.7,195.1,1540.0,78.0,63.9,26.0,356.8
2024-12-21 17:00:00,Shadipur,28.6515,77.1588,206.3,208.2,1589.0,75.7,64.7,21.0,366.5
2024-12-21 18:00:00,Shadipur,28.6515,77.1588,213.3,214.7,1608.0,73.0,64.3,18.0,371.8
2024-12-21 19:00:00,Shadipur,28.6515,77.1588,214.2,215.6,1574.0,70.5,62.4,16.0,372.5
2024-12-21 20:00:00,Shadipur,28.6515,77.1588,215.6,217.0,1510.0,67.6,59.2,16.0,373.6
2024-12-21 21:00:00,Shadipur,28.6515,77.1588,214.2,216.1,1480.0,64.2,56.0,17.0,372.5
2024-12-21 22:00:00,Shadipur,28.6515,77.1588,205.8,207.7,1452.0,59.2,51.8,21.0,366.1
2024-12-21 23:00:00,Shadipur,28.6515,77.1588,193.7,195.6,1458.0,53.8,47.6,27.0,356.8
2024-12-22 00:00:00,Shadipur,28.6515,77.1588,200.7,202.6,1655.0,57.6,44.6,20.0,362.2
2024-12-22 01:00:00,Shadipur,28.6515,77.1588,204.4,206.3,2318.0,60.8,53.7,19.0,365.0
2024-12-22 02:00:00,Shadipur,28.6515,77.1588,220.7,223.1,3172.0,64.8,66.2,19.0,377.5
2024-12-22 03:00:00,Shadipur,28.6515,77.1588,238.0,239.3,3553.0,64.8,74.9,32.0,390.8
2024-12-22 04:00:00,Shadipur,28.6515,77.1588,218.9,220.3,3003.0,57.4,76.5,69.0,376.1
2024-12-22 05:00:00,Shadipur,28.6515,77.1588,185.8,187.7,1981.0,45.9,74.3,120.0,350.7
2024-12-22 06:00:00,Shadipur,28.6515,77.1588,140.2,142.5,1194.0,36.0,71.8,159.0,315.7
2024-12-22 07:00:00,Shadipur,28.6515,77.1588,117.6,119.7,934.0,26.5,69.1,181.0,291.8
2024-12-22 08:00:00,Shadipur,28.6515,77.1588,101.7,103.8,911.0,18.5,66.0,192.0,237.5
2024-12-22 09:00:00,Shadipur,28.6515,77.1588,93.8,95.9,961.0,20.7,65.0,188.0,210.6
2024-12-22 10:00:00,Shadipur,28.6515,77.1588,90.6,92.4,1066.0,41.8,67.7,162.0,500.0
2024-12-22 11:00:00,Shadipur,28.6515,77.1588,105.5,107.1,1244.0,73.2,72.5,122.0,250.5
2024-12-22 12:00:00,Shadipur,28.6515,77.1588,158.8,160.7,1392.0,101.3,82.2,75.0,330.0
2024-12-22 13:00:00,Shadipur,28.6515,77.1588,190.0,191.4,1471.0,103.8,84.7,63.0,354.0
2024-12-22 14:00:00,Shadipur,28.6515,77.1588,207.2,209.1,1520.0,106.9,87.9,46.0,367.2
2024-12-22 15:00:00,Shadipur,28.6515,77.1588,210.5,211.9,1547.0,107.0,87.9,34.0,369.7
2024-12-22 16:00:00,Shadipur,28.6515,77.1588,203.0,204.4,1568.0,102.9,82.3,32.0,363.9
2024-12-22 17:00:00,Shadipur,28.6515,77.1588,197.9,199.3,1568.0,95.9,73.5,36.0,360.0
2024-12-22 18:00:00,Shadipur,28.6515,77.1588,183.9,185.3,1510.0,85.5,64.8,42.0,349.3
2024-12-22 19:00:00,Shadipur,28.6515,77.1588,164.4,165.3,1337.0,68.9,56.3,53.0,334.3
2024-12-22 20:00:00,Shadipur,28.6515,77.1588,146.2,147.1,1105.0,49.1,47.8,66.0,320.3
2024-12-22 21:00:00,Shadipur,28.6515,77.1588,139.2,140.6,947.0,34.4,42.1,75.0,315.0
2024-12-22 22:00:00,Shadipur,28.6515,77.1588,138.8,140.2,910.0,28.0,40.3,76.0,314.7
2024-12-22 23:00:00,Shadipur,28.6515,77.1588,142.0,143.4,945.0,26.7,41.2,71.0,317.1
2024-12-23 00:00:00,Shadipur,28.6515,77.1588,117.6,118.7,1042.0,18.7,34.3,76.0,291.8
2024-12-23 01:00:00,Shadipur,28.6515,77.1588,122.9,123.9,1260.0,30.0,38.4,62.0,302.5
2024-12-23 02:00:00,Shadipur,28.6515,77.1588,137.4,138.8,1538.0,45.4,44.1,44.0,313.6
2024-12-23 03:00:00,Shadipur,28.6515,77.1588,156.9,157.9,1685.0,55.4,47.6,36.0,328.6
2024-12-23 04:00:00,Shadipur,28.6515,77.1588,149.9,150.9,1589.0,55.4,47.0,47.0,323.2
2024-12-23 05:00:00,Shadipur,28.6515,77.1588,145.8,146.7,1362.0,50.2,44.4,69.0,320.0
2024-12-23 06:00:00,Shadipur,28.6515,77.1588,143.9,145.3,1144.0,44.2,42.1,89.0,318.6
2024-12-23 07:00:00,Shadipur,28.6515,77.1588,131.3,132.7,962.0,38.0,41.1,106.0,308.9
2024-12-23 08:00:00,Shadipur,28.6515,77.1588,116.6,118.3,789.0,31.0,40.5,122.0,288.4
2024-12-23 09:00:00,Shadipur,28.6515,77.1588,110.8,112.5,684.0,26.8,40.0,130.0,268.6
2024-12-23 10:00:00,Shadipur,28.6515,77.1588,105.9,107.8,700.0,27.8,39.9,127.0,251.9
2024-12-23 11:00:00,Shadipur,28.6515,77.1588,100.8,102.4,784.0,31.5,40.1,116.0,234.5
2024-12-23 12:00:00,Shadipur,28.6515,77.1588,129.9,131.8,837.0,38.6,38.7,106.0,307.8
2024-12-23 13:00:00,Shadipur,28.6515,77.1588,123.9,126.2,811.0,36.8,39.4,98.0,303.2
2024-12-23 14:00:00,Shadipur,28.6515,77.1588,120.1,122.0,753.0,34.3,40.4,86.0,500.0
2024-12-23 15:00:00,Shadipur,28.6515,77.1588,116.6,118.5,714.0,32.8,41.0,75.0,288.4
2024-12-23 16:00:00,Shadipur,28.6515,77.1588,114.6,116.4,717.0,33.4,41.2,66.0,281.6
2024-12-23 17:00:00,Shadipur,28.6515,77.1588,115.7,117.8,739.0,34.9,41.2,59.0,285.3
2024-12-23 18:00:00,Shadipur,28.6515,77.1588,116.6,118.5,751.0,35.1,40.2,53.0,288.4
2024-12-23 19:00:00,Shadipur,28.6515,77.1588,113.9,115.7,742.0,32.4,37.9,51.0,279.2
2024-12-23 20:00:00,Shadipur,28.6515,77.1588,110.6,112.7,723.0,28.3,34.7,52.0,267.9
2024-12-23 21:00:00,Shadipur,28.6515,77.1588,109.7,111.8,707.0,25.1,31.7,51.0,264.8
2024-12-23 22:00:00,Shadipur,28.6515,77.1588,108.5,110.4,690.0,23.2,28.9,47.0,260.7
2024-12-23 23:00:00,Shadipur,28.6515,77.1588,105.7,107.3,676.0,22.1,26.3,43.0,251.2
2024-12-24 00:00:00,Shadipur,28.6515,77.1588,83.1,85.0,679.0,17.2,17.5,60.0,176.4
2024-12-24 01:00:00,Shadipur,28.6515,77.1588,84.5,86.4,723.0,24.2,20.1,54.0,181.2
2024-12-24 02:00:00,Shadipur,28.6515,77.1588,93.1,95.0,786.0,33.6,23.6,47.0,208.2
2024-12-24 03:00:00,Shadipur,28.6515,77.1588,102.9,105.0,816.0,38.9,26.5,49.0,241.6
2024-12-24 04:00:00,Shadipur,28.6515,77.1588,108.0,109.9,783.0,36.2,27.7,68.0,259.0
2024-12-24 05:00:00,Shadipur,28.6515,77.1588,106.9,109.2,718.0,29.6,28.2,97.0,255.3
2024-12-24 06:00:00,Shadipur,28.6515,77.1588,102.7,105.7,663.0,24.2,29.6,121.0,240.9
2024-12-24 07:00:00,Shadipur,28.6515,77.1588,106.4,109.7,588.0,19.6,32.0,138.0,253.6
2024-12-24 08:00:00,Shadipur,28.6515,77.1588,107.1,110.6,523.0,16.3,35.3,151.0,256.0
2024-12-24 09:00:00,Shadipur,28.6515,77.1588,107.8,111.1,604.0,21.6,40.0,150.0,258.4
2024-12-24 10:00:00,Shadipur,28.6515,77.1588,108.7,111.8,932.0,43.5,46.5,126.0,261.4
2024-12-24 11:00:00,Shadipur,28.6515,77.1588,119.7,122.0,1405.0,73.9,54.6,88.0,299.0
2024-12-24 12:00:00,Shadipur,28.6515,77.1588,134.1,136.0,1855.0,77.1,46.7,62.0,311.1
2024-12-24 13:00:00,Shadipur,28.6515,77.1588,142.5,143.9,2224.0,74.5,46.8,56.0,317.5
2024-12-24 14:00:00,Shadipur,28.6515,77.1588,141.6,143.0,2570.0,70.5,46.6,47.0,316.8
2024-12-24 15:00:00,Shadipur,28.6515,77.1588,131.8,133.2,2898.0,65.0,44.8,41.0,309.3
2024-12-24 16:00:00,Shadipur,28.6515,77.1588,120.1,121.5,3282.0,56.9,40.0,39.0,500.0
2024-12-24 17:00:00,Shadipur,28.6515,77.1588,111.8,112.9,3648.0,47.2,33.5,38.0,272.0
2024-12-24 18:00:00,Shadipur,28.6515,77.1588,105.5,106.6,3776.0,39.0,28.0,38.0,250.5
2024-12-24 19:00:00,Shadipur,28.6515,77.1588,100.4,101.5,3513.0,33.3,24.3,37.0,233.1
2024-12-24 20:00:00,Shadipur,28.6515,77.1588,98.0,99.4,3012.0,29.1,21.5,37.0,224.9
2024-12-24 21:00:00,Shadipur,28.6515,77.1588,98.0,99.2,2518.0,26.1,19.5,36.0,224.9
2024-12-24 22:00:00,Shadipur,28.6515,77.1588,98.7,100.1,2048.0,24.0,18.1,35.0,227.3
2024-12-24 23:00:00,Shadipur,28.6515,77.1588,99.7,101.0,1585.0,23.2,17.5,34.0,230.7
2024-12-25 00:00:00,Shadipur,28.6515,77.1588,94.3,95.7,1320.0,21.1,16.8,39.0,212.3
2024-12-25 01:00:00,Shadipur,28.6515,77.1588,101.0,102.4,1432.0,28.4,23.0,31.0,235.1
2024-12-25 02:00:00,Shadipur,28.6515,77.1588,118.0,119.7,1743.0,38.3,31.4,21.0,293.2
2024-12-25 03:00:00,Shadipur,28.6515,77.1588,134.6,136.0,1909.0,43.8,37.2,24.0,311.4
2024-12-25 04:00:00,Shadipur,28.6515,77.1588,128.1,129.0,1761.0,41.0,37.0,52.0,306.4
2024-12-25 05:00:00,Shadipur,28.6515,77.1588,119.7,121.1,1468.0,33.8,34.0,93.0,299.0
2024-12-25 06:00:00,Shadipur,28.6515,77.1588,95.7,97.6,1196.0,27.4,33.3,126.0,217.0
2024-12-25 07:00:00,Shadipur,28.6515,77.1588,87.8,90.1,974.0,22.1,37.7,147.0,192.5
2024-12-25 08:00:00,Shadipur,28.6515,77.1588,91.7,94.1,773.0,17.5,44.4,161.0,203.4
2024-12-25 09:00:00,Shadipur,28.6515,77.1588,94.1,96.4,676.0,18.3,49.3,162.0,211.6
2024-12-25 10:00:00,Shadipur,28.6515,77.1588,94.5,96.9,734.0,28.6,50.3,143.0,212.9
2024-12-25 11:00:00,Shadipur,28.6515,77.1588,100.1,102.0,896.0,44.2,49.5,111.0,232.1
2024-12-25 12:00:00,Shadipur,28.6515,77.1588,133.2,135.0,1090.0,57.4,47.5,74.0,310.4
2024-12-25 13:00:00,Shadipur,28.6515,77.1588,144.4,146.2,1340.0,61.4,50.0,61.0,319.0
2024-12-25 14:00:00,Shadipur,28.6515,77.1588,151.8,153.2,1622.0,66.8,53.5,43.0,324.6
2024-12-25 15:00:00,Shadipur,28.6515,77.1588,160.7,161.6,1796.0,70.3,56.4,29.0,331.5
2024-12-25 16:00:00,Shadipur,28.6515,77.1588,167.6,169.0,1778.0,70.0,58.6,23.0,336.8
2024-12-25 17:00:00,Shadipur,28.6515,77.1588,174.6,176.0,1652.0,67.8,60.2,20.0,342.1
2024-12-25 18:00:00,Shadipur,28.6515,77.1588,178.3,179.3,1528.0,65.3,60.1,18.0,345.0
2024-12-25 19:00:00,Shadipur,28.6515,77.1588,179.3,180.2,1438.0,63.3,57.0,15.0,345.7
2024-12-25 20:00:00,Shadipur,28.6515,77.1588,179.7,180.7,1352.0,61.1,52.2,13.0,346.0
2024-12-25 21:00:00,Shadipur,28.6515,77.1588,178.8,180.2,1285.0,58.4,48.2,12.0,345.4
2024-12-25 22:00:00,Shadipur,28.6515,77.1588,175.6,176.5,1216.0,54.2,45.6,13.0,342.9
2024-12-25 23:00:00,Shadipur,28.6515,77.1588,170.0,170.9,1166.0,49.6,43.8,15.0,338.6
2024-12-26 00:00:00,Shadipur,28.6515,77.1588,182.5,183.9,1222.0,48.6,39.7,9.0,348.2
2024-12-26 01:00:00,Shadipur,28.6515,77.1588,173.7,174.6,1506.0,48.1,42.1,6.0,341.4
2024-12-26 02:00:00,Shadipur,28.6515,77.1588,186.3,187.2,1895.0,47.3,45.4,4.0,351.1
2024-12-26 03:00:00,Shadipur,28.6515,77.1588,192.3,192.8,2108.0,45.7,47.9,16.0,355.7
2024-12-26 04:00:00,Shadipur,28.6515,77.1588,192.3,192.8,1992.0,43.1,48.3,56.0,355.7
2024-12-26 05:00:00,Shadipur,28.6515,77.1588,180.2,180.7,1699.0,39.7,47.8,110.0,346.4
2024-12-26 06:00:00,Shadipur,28.6515,77.1588,146.7,147.6,1411.0,36.2,48.4,151.0,320.7
2024-12-26 07:00:00,Shadipur,28.6515,77.1588,100.1,101.3,1144.0,29.2,50.5,172.0,232.1
2024-12-26 08:00:00,Shadipur,28.6515,77.1588,80.6,82.0,882.0,22.0,53.7,180.0,167.9
2024-12-26 09:00:00,Shadipur,28.6515,77.1588,75.9,77.5,749.0,25.3,58.1,174.0,151.9
2024-12-26 10:00:00,Shadipur,28.6515,77.1588,75.4,77.5,840.0,48.6,64.3,147.0,150.2
2024-12-26 11:00:00,Shadipur,28.6515,77.1588,88.2,89.9,1061.0,82.5,71.7,106.0,193.9
2024-12-26 12:00:00,Shadipur,28.6515,77.1588,139.2,142.0,1258.0,103.4,69.3,63.0,315.0
2024-12-26 13:00:00,Shadipur,28.6515,77.1588,170.4,172.8,1371.0,109.4,75.6,49.0,338.9
2024-12-26 14:00:00,Shadipur,28.6515,77.1588,190.9,193.2,1460.0,117.5,84.2,29.0,354.6
2024-12-26 15:00:00,Shadipur,28.6515,77.1588,212.3,214.7,1552.0,122.3,89.2,15.0,371.1
2024-12-26 16:00:00,Shadipur,28.6515,77.1588,230.0,232.8,1685.0,121.7,88.6,10.0,384.7
2024-12-26 17:00:00,Shadipur,28.6515,77.1588,235.6,238.4,1819.0,117.7,84.6,11.0,388.9
2024-12-26 18:00:00,Shadipur,28.6515,77.1588,220.3,223.1,1866.0,110.9,77.5,13.0,377.2
2024-12-26 19:00:00,Shadipur,28.6515,77.1588,205.8,208.2,1759.0,99.6,65.4,17.0,366.1
2024-12-26 20:00:00,Shadipur,28.6515,77.1588,185.8,187.7,1564.0,85.4,50.4,23.0,350.7
2024-12-26 21:00:00,Shadipur,28.6515,77.1588,162.1,164.4,1387.0,73.9,38.7,28.0,332.5
2024-12-26 22:00:00,Shadipur,28.6515,77.1588,145.3,147.1,1265.0,67.3,33.4,31.0,319.6
2024-12-26 23:00:00,Shadipur,28.6515,77.1588,144.4,146.7,1162.0,63.4,31.6,33.0,319.0
2024-12-27 00:00:00,Shadipur,28.6515,77.1588,146.2,148.1,1077.0,71.4,44.3,25.0,320.3
2024-12-27 01:00:00,Shadipur,28.6515,77.1588,130.9,132.7,1022.0,68.8,45.3,26.0,308.6
2024-12-27 02:00:00,Shadipur,28.6515,77.1588,138.8,140.6,985.0,64.9,46.4,28.0,314.7
2024-12-27 03:00:00,Shadipur,28.6515,77.1588,140.6,142.0,927.0,60.3,45.4,33.0,316.0
2024-12-27 04:00:00,Shadipur,28.6515,77.1588,138.8,140.2,815.0,54.6,40.6,45.0,314.7
2024-12-27 05:00:00,Shadipur,28.6515,77.1588,117.6,119.2,682.0,48.2,33.8,60.0,291.8
2024-12-27 06:00:00,Shadipur,28.6515,77.1588,97.8,99.7,586.0,42.2,27.9,72.0,224.2
2024-12-27 07:00:00,Shadipur,28.6515,77.1588,94.5,97.1,558.0,36.6,24.2,77.0,212.9
2024-12-27 08:00:00,Shadipur,28.6515,77.1588,91.5,93.8,567.0,31.4,21.5,79.0,202.7
2024-12-27 09:00:00,Shadipur,28.6515,77.1588,89.4,91.3,580.0,28.1,19.3,79.0,198.0
2024-12-27 10:00:00,Shadipur,28.6515,77.1588,85.4,87.1,588.0,28.0,17.3,78.0,184.3
2024-12-27 11:00:00,Shadipur,28.6515,77.1588,80.6,82.0,600.0,29.8,15.9,75.0,167.9
2024-12-27 12:00:00,Shadipur,28.6515,77.1588,94.3,96.6,607.0,36.8,16.6,64.0,212.3
2024-12-27 13:00:00,Shadipur,28.6515,77.1588,93.6,95.7,605.0,35.2,17.7,64.0,209.9
2024-12-27 14:00:00,Shadipur,28.6515,77.1588,96.6,98.7,600.0,32.8,19.2,64.0,220.1
2024-12-27 15:00:00,Shadipur,28.6515,77.1588,98.3,100.4,597.0,30.6,20.6,65.0,225.9
2024-12-27 16:00:00,Shadipur,28.6515,77.1588,102.2,104.5,610.0,28.8,21.7,66.0,239.2
2024-12-27 17:00:00,Shadipur,28.6515,77.1588,106.9,109.2,626.0,27.1,22.6,68.0,255.3
2024-12-27 18:00:00,Shadipur,28.6515,77.1588,104.3,106.6,614.0,25.5,23.2,68.0,246.4
2024-12-27 19:00:00,Shadipur,28.6515,77.1588,100.8,103.1,543.0,23.7,23.1,66.0,234.5
2024-12-27 20:00:00,Shadipur,28.6515,77.1588,100.4,102.7,445.0,21.9,22.5,63.0,233.1
2024-12-27 21:00:00,Shadipur,28.6515,77.1588,99.9,102.0,382.0,20.9,22.3,60.0,231.4
2024-12-27 22:00:00,Shadipur,28.6515,77.1588,96.2,98.0,354.0,20.3,22.0,57.0,218.8
2024-12-27 23:00:00,Shadipur,28.6515,77.1588,91.7,93.6,363.0,20.6,22.0,55.0,203.4
2024-12-28 00:00:00,Shadipur,28.6515,77.1588,82.0,84.1,473.0,17.1,21.0,66.0,172.7
2024-12-28 01:00:00,Shadipur,28.6515,77.1588,82.4,84.5,807.0,29.8,29.6,55.0,174.1
2024-12-28 02:00:00,Shadipur,28.6515,77.1588,105.2,107.6,1242.0,46.9,41.4,40.0,249.5
2024-12-28 03:00:00,Shadipur,28.6515,77.1588,125.3,127.6,1481.0,57.7,50.5,34.0,304.3
2024-12-28 04:00:00,Shadipur,28.6515,77.1588,112.0,113.9,1333.0,55.7,53.9,45.0,272.7
2024-12-28 05:00:00,Shadipur,28.6515,77.1588,103.8,105.9,989.0,47.2,54.5,65.0,244.7
2024-12-28 06:00:00,Shadipur,28.6515,77.1588,99.9,102.0,719.0,40.6,55.2,80.0,231.4
2024-12-28 07:00:00,Shadipur,28.6515,77.1588,99.0,101.0,614.0,38.2,57.3,87.0,228.3
2024-12-28 08:00:00,Shadipur,28.6515,77.1588,97.3,99.4,583.0,37.6,59.5,91.0,222.5
2024-12-28 09:00:00,Shadipur,28.6515,77.1588,95.2,97.1,627.0,40.3,61.1,88.0,215.3
2024-12-28 10:00:00,Shadipur,28.6515,77.1588,91.5,93.1,761.0,48.5,61.5,77.0,202.7
2024-12-28 11:00:00,Shadipur,28.6515,77.1588,95.9,97.6,969.0,59.9,61.3,59.0,217.7
2024-12-28 12:00:00,Shadipur,28.6515,77.1588,128.5,130.4,1204.0,67.4,56.8,47.0,306.8
2024-12-28 13:00:00,Shadipur,28.6515,77.1588,149.5,151.3,1504.0,67.0,55.3,42.0,322.9
2024-12-28 14:00:00,Shadipur,28.6515,77.1588,155.1,156.5,1830.0,66.3,53.0,35.0,327.2
2024-12-28 15:00:00,Shadipur,28.6515,77.1588,150.9,152.3,2023.0,63.9,49.9,30.0,323.9
2024-12-28 16:00:00,Shadipur,28.6515,77.1588,146.7,147.6,1995.0,59.2,45.4,28.0,320.7
2024-12-28 17:00:00,Shadipur,28.6515,77.1588,145.8,147.1,1834.0,52.8,40.1,28.0,320.0
2024-12-28 18:00:00,Shadipur,28.6515,77.1588,143.0,143.9,1637.0,45.9,35.0,29.0,317.9
2024-12-28 19:00:00,Shadipur,28.6515,77.1588,132.7,133.6,1399.0,37.9,30.3,32.0,310.0
2024-12-28 20:00:00,Shadipur,28.6515,77.1588,122.9,123.9,1126.0,29.3,25.9,36.0,302.5
2024-12-28 21:00:00,Shadipur,28.6515,77.1588,114.8,115.7,933.0,22.6,22.7,40.0,282.2
2024-12-28 22:00:00,Shadipur,28.6515,77.1588,106.9,107.8,884.0,18.5,21.0,43.0,255.3
2024-12-28 23:00:00,Shadipur,28.6515,77.1588,99.2,99.9,915.0,16.4,20.5,45.0,229.0
2024-12-29 00:00:00,Shadipur,28.6515,77.1588,122.5,123.4,950.0,23.8,21.8,31.0,302.2
2024-12-29 01:00:00,Shadipur,28.6515,77.1588,113.4,114.3,975.0,26.1,23.5,31.0,277.5
2024-12-29 02:00:00,Shadipur,28.6515,77.1588,110.8,111.8,1004.0,29.2,25.9,32.0,268.6
2024-12-29 03:00:00,Shadipur,28.6515,77.1588,110.6,111.5,1006.0,30.0,28.1,38.0,267.9
2024-12-29 04:00:00,Shadipur,28.6515,77.1588,95.9,97.1,962.0,26.5,29.9,55.0,217.7
2024-12-29 05:00:00,Shadipur,28.6515,77.1588,85.0,86.4,890.0,20.7,31.5,77.0,182.9
2024-12-29 06:00:00,Shadipur,28.6515,77.1588,73.1,74.7,816.0,16.2,32.5,95.0,142.3
2024-12-29 07:00:00,Shadipur,28.6515,77.1588,66.8,68.5,724.0,13.7,32.4,108.0,120.8
2024-12-29 08:00:00,Shadipur,28.6515,77.1588,64.0,65.9,630.0,12.4,31.7,117.0,111.2
2024-12-29 09:00:00,Shadipur,28.6515,77.1588,63.3,65.0,602.0,14.0,31.2,118.0,108.9
2024-12-29 10:00:00,Shadipur,28.6515,77.1588,60.3,62.2,698.0,20.1,30.9,108.0,500.0
2024-12-29 11:00:00,Shadipur,28.6515,77.1588,61.5,63.3,860.0,29.1,30.7,90.0,102.7
2024-12-29 12:00:00,Shadipur,28.6515,77.1588,90.6,92.2,987.0,35.4,32.7,65.0,500.0
2024-12-29 13:00:00,Shadipur,28.6515,77.1588,96.2,97.6,1044.0,36.6,32.5,58.0,218.8
2024-12-29 14:00:00,Shadipur,28.6515,77.1588,96.2,97.1,1066.0,38.2,32.2,50.0,218.8
2024-12-29 15:00:00,Shadipur,28.6515,77.1588,95.0,95.7,1059.0,38.0,31.1,44.0,214.7
2024-12-29 16:00:00,Shadipur,28.6515,77.1588,92.2,92.9,1014.0,34.9,28.7,45.0,205.1
2024-12-29 17:00:00,Shadipur,28.6515,77.1588,90.6,91.3,940.0,30.1,25.5,48.0,500.0
2024-12-29 18:00:00,Shadipur,28.6515,77.1588,89.2,89.9,867.0,25.5,22.7,52.0,197.3
2024-12-29 19:00:00,Shadipur,28.6515,77.1588,85.4,85.9,795.0,21.6,20.4,55.0,184.3
2024-12-29 20:00:00,Shadipur,28.6515,77.1588,82.9,83.6,724.0,18.0,18.3,57.0,175.8
2024-12-29 21:00:00,Shadipur,28.6515,77.1588,80.8,81.3,686.0,15.2,17.2,59.0,168.6
2024-12-29 22:00:00,Shadipur,28.6515,77.1588,78.7,79.2,701.0,13.2,17.1,61.0,161.4
2024-12-29 23:00:00,Shadipur,28.6515,77.1588,77.1,77.3,749.0,12.1,18.0,62.0,156.0
2024-12-30 00:00:00,Shadipur,28.6515,77.1588,77.3,77.8,806.0,12.9,18.5,61.0,156.6
2024-12-30 01:00:00,Shadipur,28.6515,77.1588,75.4,75.7,876.0,17.0,21.4,58.0,150.2
2024-12-30 02:00:00,Shadipur,28.6515,77.1588,77.5,77.8,955.0,22.6,25.5,55.0,157.3
2024-12-30 03:00:00,Shadipur,28.6515,77.1588,79.4,79.6,999.0,25.6,29.1,60.0,163.8
2024-12-30 04:00:00,Shadipur,28.6515,77.1588,76.8,77.1,981.0,23.6,31.9,79.0,154.9
2024-12-30 05:00:00,Shadipur,28.6515,77.1588,76.1,76.4,928.0,19.1,34.2,107.0,152.5
2024-12-30 06:00:00,Shadipur,28.6515,77.1588,75.2,75.4,885.0,15.3,35.5,130.0,149.5
2024-12-30 07:00:00,Shadipur,28.6515,77.1588,71.2,71.5,850.0,12.4,35.4,148.0,135.8
2024-12-30 08:00:00,Shadipur,28.6515,77.1588,63.1,63.3,824.0,10.2,34.4,163.0,108.2
2024-12-30 09:00:00,Shadipur,28.6515,77.1588,56.0,56.2,851.0,11.6,33.4,166.0,93.2
2024-12-30 10:00:00,Shadipur,28.6515,77.1588,51.5,51.8,969.0,18.8,32.4,150.0,85.6
2024-12-30 11:00:00,Shadipur,28.6515,77.1588,52.3,52.5,1140.0,29.6,31.4,122.0,87.0
2024-12-30 12:00:00,Shadipur,28.6515,77.1588,96.2,97.3,1289.0,49.6,38.3,83.0,218.8
2024-12-30 13:00:00,Shadipur,28.6515,77.1588,108.5,109.7,1397.0,55.3,40.6,69.0,260.7
2024-12-30 14:00:00,Shadipur,28.6515,77.1588,118.0,119.0,1483.0,63.0,43.7,49.0,293.2
2024-12-30 15:00:00,Shadipur,28.6515,77.1588,127.1,128.1,1526.0,67.8,46.2,34.0,305.7
2024-12-30 16:00:00,Shadipur,28.6515,77.1588,136.0,136.9,1512.0,67.7,47.9,28.0,312.5
2024-12-30 17:00:00,Shadipur,28.6515,77.1588,143.9,144.8,1455.0,64.8,48.9,26.0,318.6
2024-12-30 18:00:00,Shadipur,28.6515,77.1588,145.8,147.1,1382.0,60.3,47.7,26.0,320.0
2024-12-30 19:00:00,Shadipur,28.6515,77.1588,140.2,141.1,1286.0,53.9,42.6,29.0,315.7
2024-12-30 20:00:00,Shadipur,28.6515,77.1588,135.0,136.4,1175.0,45.8,35.2,34.0,311.7
2024-12-30 21:00:00,Shadipur,28.6515,77.1588,131.8,133.2,1095.0,38.2,29.3,39.0,309.3
2024-12-30 22:00:00,Shadipur,28.6515,77.1588,127.6,129.0,1064.0,30.3,25.8,45.0,306.1
2024-12-30 23:00:00,Shadipur,28.6515,77.1588,125.7,127.1,1064.0,22.8,23.7,52.0,304.6
2024-12-31 00:00:00,Shadipur,28.6515,77.1588,162.5,164.4,1091.0,33.1,26.2,33.0,332.8
2024-12-31 01:00:00,Shadipur,28.6515,77.1588,156.0,157.9,1166.0,33.5,28.1,35.0,327.9
2024-12-31 02:00:00,Shadipur,28.6515,77.1588,158.3,159.7,1267.0,33.8,30.7,39.0,329.6
2024-12-31 03:00:00,Shadipur,28.6515,77.1588,151.3,153.2,1329.0,32.6,33.6,48.0,324.3
2024-12-31 04:00:00,Shadipur,28.6515,77.1588,141.6,143.4,1319.0,28.4,36.8,67.0,316.8
2024-12-31 05:00:00,Shadipur,28.6515,77.1588,126.7,129.0,1270.0,22.8,40.1,92.0,305.4
2024-12-31 06:00:00,Shadipur,28.6515,77.1588,108.7,111.3,1210.0,18.6,42.8,113.0,261.4
2024-12-31 07:00:00,Shadipur,28.6515,77.1588,103.8,106.4,1115.0,16.0,44.4,130.0,244.7
2024-12-31 08:00:00,Shadipur,28.6515,77.1588,99.2,101.7,1009.0,14.9,45.4,143.0,229.0
2024-12-31 09:00:00,Shadipur,28.6515,77.1588,96.4,99.0,1001.0,17.8,46.1,145.0,219.4
2024-12-31 10:00:00,Shadipur,28.6515,77.1588,93.8,96.4,1147.0,27.4,46.2,130.0,210.6
2024-12-31 11:00:00,Shadipur,28.6515,77.1588,94.5,97.1,1390.0,41.0,46.0,105.0,212.9
2024-12-31 12:00:00,Shadipur,28.6515,77.1588,149.9,153.2,1668.0,65.5,63.9,76.0,323.2
2024-12-31 13:00:00,Shadipur,28.6515,77.1588,175.1,178.3,2024.0,72.7,66.4,60.0,342.5
2024-12-31 14:00:00,Shadipur,28.6515,77.1588,193.2,196.5,2414.0,82.4,69.6,39.0,356.4
2024-12-31 15:00:00,Shadipur,28.6515,77.1588,200.2,203.0,2644.0,87.4,70.7,23.0,361.8
2024-12-31 16:00:00,Shadipur,28.6515,77.1588,200.2,203.5,2602.0,84.3,68.5,19.0,361.8
2024-12-31 17:00:00,Shadipur,28.6515,77.1588,204.0,206.8,2400.0,76.5,64.1,21.0,364.7
2024-12-31 18:00:00,Shadipur,28.6515,77.1588,199.3,202.1,2178.0,67.3,58.1,25.0,361.1
2024-12-31 19:00:00,Shadipur,28.6515,77.1588,185.8,188.6,1960.0,56.7,49.7,31.0,350.7
2024-12-31 20:00:00,Shadipur,28.6515,77.1588,174.6,177.4,1724.0,44.8,39.7,39.0,342.1
2024-12-31 21:00:00,Shadipur,28.6515,77.1588,164.4,166.7,1539.0,34.6,31.5,46.0,334.3
2024-12-31 22:00:00,Shadipur,28.6515,77.1588,156.5,158.8,1435.0,26.7,26.0,52.0,328.2
2024-12-31 23:00:00,Shadipur,28.6515,77.1588,149.5,151.8,1382.0,20.6,22.3,57.0,322.9
