time,temperature_2m,relative_humidity_2m,wind_speed_10m,wind_direction_10m,surface_pressure,precipitation
2023-01-01T00:00,9.2,90,,,994.0,0.0
2023-01-01T01:00,8.8,91,,,994.0,0.0
2023-01-01T02:00,8.2,92,,,993.6,0.0
2023-01-01T03:00,7.9,93,,,993.4,0.0
2023-01-01T04:00,7.9,93,,,993.4,0.0
2023-01-01T05:00,8.0,95,,,994.0,0.0
2023-01-01T06:00,8.0,95,,,994.6,0.0
2023-01-01T07:00,8.1,95,,,995.0,0.0
2023-01-01T08:00,9.5,90,,,995.7,0.0
2023-01-01T09:00,12.0,84,,,996.7,0.0
2023-01-01T10:00,14.4,75,,,997.4,0.0
2023-01-01T11:00,16.2,68,,,997.1,0.0
2023-01-01T12:00,17.3,63,,,996.1,0.0
2023-01-01T13:00,18.0,60,,,995.2,0.0
2023-01-01T14:00,18.3,56,,,994.4,0.0
2023-01-01T15:00,18.2,55,,,994.0,0.0
2023-01-01T16:00,17.4,62,,,994.1,0.0
2023-01-01T17:00,16.8,63,,,994.7,0.0
2023-01-01T18:00,15.8,67,,,994.8,0.0
2023-01-01T19:00,14.9,71,,,995.1,0.0
2023-01-01T20:00,12.0,82,,,995.5,0.0
2023-01-01T21:00,10.6,85,,,995.3,0.0
2023-01-01T22:00,10.8,82,,,995.5,0.0
2023-01-01T23:00,11.2,78,,,995.3,0.0
2023-01-02T00:00,9.3,86,,,995.1,0.0
2023-01-02T01:00,8.6,90,,,994.7,0.0
2023-01-02T02:00,8.1,92,,,994.1,0.0
2023-01-02T03:00,7.3,95,,,994.1,0.0
2023-01-02T04:00,8.9,92,,,993.9,0.0
2023-01-02T05:00,6.5,95,,,994.4,0.0
2023-01-02T06:00,6.7,95,,,995.1,0.0
2023-01-02T07:00,6.3,95,,,995.9,0.0
2023-01-02T08:00,8.8,91,,,996.9,0.0
2023-01-02T09:00,12.1,83,,,997.9,0.0
2023-01-02T10:00,15.0,73,,,998.4,0.0
2023-01-02T11:00,16.6,65,,,997.8,0.0
2023-01-02T12:00,17.5,58,,,996.9,0.0
2023-01-02T13:00,18.0,55,,,995.9,0.0
2023-01-02T14:00,18.2,53,,,995.1,0.0
2023-01-02T15:00,17.9,53,,,994.5,0.0
2023-01-02T16:00,17.0,59,,,994.6,0.0
2023-01-02T17:00,15.2,68,,,995.2,0.0
2023-01-02T18:00,14.1,73,,,995.8,0.0
2023-01-02T19:00,13.3,76,,,996.3,0.0
2023-01-02T20:00,12.8,77,,,996.7,0.0
2023-01-02T21:00,12.4,79,,,996.7,0.0
2023-01-02T22:00,12.2,80,,,996.8,0.0
2023-01-02T23:00,11.7,82,,180.0,996.5,0.0
2023-01-03T00:00,11.0,86,,,996.3,0.0
2023-01-03T01:00,10.4,90,,,995.8,0.0
2023-01-03T02:00,9.5,93,,,996.0,0.0
2023-01-03T03:00,8.5,98,,,995.6,0.0
2023-01-03T04:00,7.8,99,,,995.5,0.0
2023-01-03T05:00,6.0,98,,,995.5,0.0
2023-01-03T06:00,6.5,99,,,996.2,0.0
2023-01-03T07:00,6.7,99,,,997.0,0.0
2023-01-03T08:00,7.8,96,,,998.0,0.0
2023-01-03T09:00,9.7,93,,,999.0,0.0
2023-01-03T10:00,11.1,92,,,999.2,0.0
2023-01-03T11:00,13.6,78,,,999.1,0.0
2023-01-03T12:00,15.3,67,,,997.7,0.0
2023-01-03T13:00,16.2,62,,,996.8,0.0
2023-01-03T14:00,16.6,59,,,995.9,0.0
2023-01-03T15:00,16.5,57,,,995.3,0.0
2023-01-03T16:00,15.8,61,,,995.4,0.0
2023-01-03T17:00,11.9,81,,,995.8,0.0
2023-01-03T18:00,10.7,87,,,996.3,0.0
2023-01-03T19:00,10.0,88,,,996.8,0.0
2023-01-03T20:00,9.6,88,,,996.9,0.0
2023-01-03T21:00,8.9,90,,,997.0,0.0
2023-01-03T22:00,8.2,93,,,997.2,0.0
2023-01-03T23:00,7.6,95,,,997.2,0.0
2023-01-04T00:00,7.3,96,,,996.7,0.0
2023-01-04T01:00,7.3,96,,,996.5,0.0
2023-01-04T02:00,7.1,97,,,996.2,0.0
2023-01-04T03:00,6.8,97,,,995.9,0.0
2023-01-04T04:00,6.6,98,,,995.8,0.0
2023-01-04T05:00,5.4,99,,,996.7,0.0
2023-01-04T06:00,5.7,99,,,997.3,0.0
2023-01-04T07:00,5.9,99,,,997.9,0.0
2023-01-04T08:00,7.1,96,,,998.8,0.0
2023-01-04T09:00,9.1,90,,,999.6,0.0
2023-01-04T10:00,11.3,83,,,999.7,0.0
2023-01-04T11:00,13.2,76,,,998.9,0.0
2023-01-04T12:00,14.8,70,,,997.9,0.0
2023-01-04T13:00,15.8,65,,,996.6,0.0
2023-01-04T14:00,16.4,63,,,995.9,0.0
2023-01-04T15:00,16.5,62,,,995.5,0.0
2023-01-04T16:00,15.9,65,,,995.6,0.0
2023-01-04T17:00,11.1,87,,,996.3,0.0
2023-01-04T18:00,10.0,90,,,996.6,0.0
2023-01-04T19:00,9.5,91,,,996.7,0.0
2023-01-04T20:00,8.5,93,,,997.1,0.0
2023-01-04T21:00,7.6,95,,,997.3,0.0
2023-01-04T22:00,6.7,97,,,997.2,0.0
2023-01-04T23:00,7.1,97,,,997.4,0.0
2023-01-05T00:00,6.4,98,,,996.8,0.0
2023-01-05T01:00,5.8,99,,,996.5,0.0
2023-01-05T02:00,6.0,99,,,996.2,0.0
2023-01-05T03:00,5.9,99,,,996.0,0.0
2023-01-05T04:00,5.7,100,,,995.9,0.0
2023-01-05T05:00,5.4,99,5.5,281.0,996.8,0.0
2023-01-05T06:00,5.7,98,5.4,278.0,997.5,0.0
2023-01-05T07:00,5.8,99,5.9,284.0,998.2,0.0
2023-01-05T08:00,6.5,98,6.7,286.0,999.0,0.0
2023-01-05T09:00,7.8,97,7.2,288.0,1000.2,0.0
2023-01-05T10:00,9.1,95,6.2,280.0,1000.5,0.0
2023-01-05T11:00,11.4,83,5.9,284.0,1000.3,0.0
2023-01-05T12:00,13.3,76,5.5,302.0,999.2,0.0
2023-01-05T13:00,14.6,68,6.1,320.0,998.2,0.0
2023-01-05T14:00,15.4,64,7.1,330.0,997.2,0.0
2023-01-05T15:00,15.4,64,7.4,331.0,996.7,0.0
2023-01-05T16:00,14.9,67,6.1,332.0,996.6,0.0
2023-01-05T17:00,10.8,84,5.5,349.0,997.6,0.0
2023-01-05T18:00,9.8,86,5.4,360.0,998.0,0.0
2023-01-05T19:00,8.7,90,7.6,352.0,998.3,0.0
2023-01-05T20:00,8.7,92,8.0,342.0,999.0,0.0
2023-01-05T21:00,8.4,93,7.1,336.0,999.1,0.0
2023-01-05T22:00,6.9,96,7.9,344.0,999.1,0.0
2023-01-05T23:00,5.6,97,9.8,352.0,998.7,0.0
2023-01-06T00:00,4.9,99,10.9,354.0,998.3,0.0
2023-01-06T01:00,4.8,100,8.0,352.0,997.8,0.0
2023-01-06T02:00,4.9,99,2.6,286.0,997.2,0.0
2023-01-06T03:00,5.0,99,1.5,256.0,996.7,0.0
2023-01-06T04:00,5.0,99,2.6,254.0,996.3,0.0
2023-01-06T05:00,6.4,97,3.8,319.0,998.1,0.0
2023-01-06T06:00,6.9,97,3.6,323.0,998.5,0.0
2023-01-06T07:00,7.1,93,3.2,333.0,999.3,0.0
2023-01-06T08:00,7.4,91,3.5,336.0,1000.3,0.0
2023-01-06T09:00,7.9,86,4.4,305.0,1001.0,0.0
2023-01-06T10:00,9.3,80,4.1,285.0,1001.7,0.0
2023-01-06T11:00,10.6,76,3.9,292.0,1001.1,0.0
2023-01-06T12:00,12.1,73,3.9,292.0,1000.2,0.0
2023-01-06T13:00,13.1,71,5.2,304.0,999.0,0.0
2023-01-06T14:00,13.9,67,5.4,312.0,998.3,0.0
2023-01-06T15:00,14.1,66,6.1,310.0,997.6,0.0
2023-01-06T16:00,13.6,67,6.6,315.0,997.4,0.0
2023-01-06T17:00,10.6,82,6.4,333.0,997.5,0.0
2023-01-06T18:00,8.3,90,4.7,351.0,997.8,0.0
2023-01-06T19:00,8.4,91,4.5,346.0,998.2,0.0
2023-01-06T20:00,8.0,91,6.3,336.0,998.7,0.0
2023-01-06T21:00,6.1,94,9.1,342.0,998.3,0.0
2023-01-06T22:00,6.1,95,6.5,341.0,998.7,0.0
2023-01-06T23:00,5.3,96,7.8,347.0,998.4,0.0
2023-01-07T00:00,4.6,98,8.6,345.0,997.6,0.0
2023-01-07T01:00,4.0,99,8.1,339.0,997.1,0.0
2023-01-07T02:00,4.4,99,5.6,315.0,996.5,0.0
2023-01-07T03:00,4.5,99,6.1,310.0,996.1,0.0
2023-01-07T04:00,4.3,100,6.1,270.0,995.7,0.0
2023-01-07T05:00,3.8,99,7.2,288.0,996.6,0.0
2023-01-07T06:00,4.7,97,6.9,261.0,997.2,0.0
2023-01-07T07:00,5.4,96,10.5,301.0,998.0,0.0
2023-01-07T08:00,5.9,97,11.3,297.0,998.7,0.0
2023-01-07T09:00,6.9,93,10.9,297.0,999.0,0.0
2023-01-07T10:00,8.8,85,9.9,303.0,999.4,0.0
2023-01-07T11:00,10.8,79,8.9,302.0,998.7,0.0
2023-01-07T12:00,12.6,73,7.2,297.0,997.6,0.0
2023-01-07T13:00,14.2,67,5.9,308.0,996.4,0.0
2023-01-07T14:00,15.1,64,5.6,315.0,995.4,0.0
2023-01-07T15:00,15.3,63,5.2,304.0,994.6,0.0
2023-01-07T16:00,14.7,67,4.0,297.0,994.3,0.0
2023-01-07T17:00,10.1,85,5.9,322.0,994.8,0.0
2023-01-07T18:00,8.9,87,5.6,320.0,995.2,0.0
2023-01-07T19:00,8.6,88,6.1,310.0,995.9,0.0
2023-01-07T20:00,8.3,88,6.6,315.0,996.1,0.0
2023-01-07T21:00,7.9,89,7.4,313.0,996.2,0.0
2023-01-07T22:00,7.4,92,7.4,309.0,996.2,0.0
2023-01-07T23:00,6.8,94,7.1,300.0,995.4,0.0
2023-01-08T00:00,6.4,95,6.6,292.0,994.7,0.0
2023-01-08T01:00,6.0,97,6.7,286.0,993.9,0.0
2023-01-08T02:00,5.8,97,7.4,284.0,993.3,0.0
2023-01-08T03:00,5.8,97,7.0,282.0,992.8,0.0
2023-01-08T04:00,5.8,98,7.7,281.0,992.6,0.0
2023-01-08T05:00,5.7,99,10.1,305.0,993.5,0.0
2023-01-08T06:00,6.0,100,9.7,297.0,993.9,0.0
2023-01-08T07:00,6.5,99,10.9,297.0,994.5,0.0
2023-01-08T08:00,7.1,99,11.3,297.0,995.0,0.0
2023-01-08T09:00,8.2,97,11.4,294.0,995.7,0.0
2023-01-08T10:00,10.0,89,11.2,303.0,996.2,0.0
2023-01-08T11:00,12.4,80,9.7,301.0,995.5,0.0
2023-01-08T12:00,14.4,74,8.4,301.0,994.5,0.0
2023-01-08T13:00,15.9,69,8.3,304.0,993.5,0.0
2023-01-08T14:00,16.8,66,7.9,300.0,992.6,0.0
2023-01-08T15:00,17.1,64,7.7,281.0,992.4,0.0
2023-01-08T16:00,16.5,69,6.8,270.0,992.6,0.0
2023-01-08T17:00,11.8,88,7.6,295.0,992.5,0.0
2023-01-08T18:00,10.7,88,7.2,333.0,993.1,0.0
2023-01-08T19:00,11.1,86,7.6,3.0,993.7,0.0
2023-01-08T20:00,9.4,91,8.7,17.0,994.1,0.0
2023-01-08T21:00,11.2,88,6.8,18.0,994.5,0.0
2023-01-08T22:00,11.1,88,3.3,354.0,994.5,0.0
2023-01-08T23:00,11.2,87,2.9,240.0,994.5,0.0
2023-01-09T00:00,10.8,87,3.4,252.0,994.0,0.0
2023-01-09T01:00,8.2,93,2.5,262.0,993.5,0.0
2023-01-09T02:00,6.0,99,3.3,257.0,993.0,0.0
2023-01-09T03:00,5.7,100,4.0,260.0,992.4,0.0
2023-01-09T04:00,6.6,100,3.6,276.0,992.6,0.0
2023-01-09T05:00,6.6,99,3.6,270.0,993.9,0.0
2023-01-09T06:00,6.6,99,2.9,263.0,994.8,0.0
2023-01-09T07:00,6.6,98,2.9,270.0,995.6,0.0
2023-01-09T08:00,7.4,98,2.4,297.0,996.3,0.0
2023-01-09T09:00,8.7,96,3.1,324.0,997.1,0.0
2023-01-09T10:00,10.7,91,2.6,326.0,997.5,0.0
2023-01-09T11:00,12.6,88,2.9,330.0,997.0,0.0
2023-01-09T12:00,15.3,78,4.5,331.0,996.1,0.0
2023-01-09T13:00,16.8,70,5.6,333.0,995.1,0.0
2023-01-09T14:00,17.2,66,5.0,330.0,994.2,0.0
2023-01-09T15:00,17.4,65,4.4,325.0,993.8,0.0
2023-01-09T16:00,16.9,70,3.9,326.0,993.9,0.0
2023-01-09T17:00,13.8,86,7.1,330.0,993.7,0.0
2023-01-09T18:00,13.4,85,6.9,321.0,994.0,0.0
2023-01-09T19:00,13.0,87,7.0,325.0,994.3,0.0
2023-01-09T20:00,12.2,89,7.2,333.0,994.7,0.0
2023-01-09T21:00,12.5,89,5.0,330.0,994.9,0.0
2023-01-09T22:00,10.5,95,3.1,306.0,994.8,0.0
2023-01-09T23:00,10.5,95,4.7,266.0,994.7,0.0
2023-01-10T00:00,9.6,96,5.1,266.0,994.1,0.0
2023-01-10T01:00,9.4,97,5.1,309.0,994.0,0.0
2023-01-10T02:00,9.4,97,5.2,326.0,993.6,0.0
2023-01-10T03:00,9.5,97,5.2,344.0,993.4,0.0
2023-01-10T04:00,8.8,98,5.0,330.0,993.3,0.0
2023-01-10T05:00,7.5,99,4.6,309.0,994.3,0.0
2023-01-10T06:00,7.6,99,4.7,293.0,994.7,0.0
2023-01-10T07:00,7.6,98,5.4,290.0,995.1,0.0
2023-01-10T08:00,8.3,96,5.9,281.0,995.6,0.0
2023-01-10T09:00,9.2,95,5.7,288.0,996.4,0.0
2023-01-10T10:00,10.7,95,7.1,300.0,996.3,0.0
2023-01-10T11:00,12.9,88,7.9,286.0,995.8,0.0
2023-01-10T12:00,15.5,78,8.8,282.0,994.6,0.0
2023-01-10T13:00,17.2,71,9.8,287.0,993.6,0.0
2023-01-10T14:00,18.1,67,10.0,296.0,992.6,0.0
2023-01-10T15:00,18.4,66,11.1,299.0,992.2,0.0
2023-01-10T16:00,17.8,69,10.4,304.0,992.0,0.0
2023-01-10T17:00,14.0,85,6.1,310.0,992.1,0.0
2023-01-10T18:00,12.1,89,6.9,317.0,992.2,0.0
2023-01-10T19:00,11.4,91,7.1,330.0,992.4,0.0
2023-01-10T20:00,11.3,91,7.1,330.0,992.9,0.0
2023-01-10T21:00,10.7,92,5.9,308.0,992.6,0.0
2023-01-10T22:00,10.4,93,6.3,294.0,992.6,0.0
2023-01-10T23:00,9.9,95,6.8,295.0,992.2,0.0
2023-01-11T00:00,9.5,96,6.6,299.0,991.6,0.0
2023-01-11T01:00,8.8,97,6.3,301.0,990.5,0.0
2023-01-11T02:00,8.7,97,5.8,300.0,989.8,0.0
2023-01-11T03:00,8.4,98,3.4,302.0,989.1,0.0
2023-01-11T04:00,8.4,99,4.9,306.0,988.7,0.0
2023-01-11T05:00,7.6,99,7.9,300.0,989.8,0.0
2023-01-11T06:00,7.7,100,8.3,304.0,990.2,0.0
2023-01-11T07:00,8.0,99,6.6,299.0,990.7,0.0
2023-01-11T08:00,8.6,98,6.5,304.0,991.3,0.0
2023-01-11T09:00,9.5,97,5.2,295.0,991.9,0.0
2023-01-11T10:00,11.6,90,3.8,229.0,992.2,0.0
2023-01-11T11:00,14.3,82,3.0,194.0,991.5,0.0
2023-01-11T12:00,16.7,71,1.3,124.0,990.4,0.0
2023-01-11T13:00,18.4,61,2.3,108.0,989.2,0.0
2023-01-11T14:00,19.4,56,3.9,112.0,988.3,0.0
2023-01-11T15:00,19.7,54,4.9,107.0,987.5,0.0
2023-01-11T16:00,18.9,64,6.5,96.0,987.3,0.0
2023-01-11T17:00,14.8,76,7.2,108.0,987.1,0.0
2023-01-11T18:00,13.6,81,9.4,108.0,987.6,0.0
2023-01-11T19:00,12.8,85,11.2,105.0,988.0,0.0
2023-01-11T20:00,12.3,87,12.3,97.0,988.6,0.0
2023-01-11T21:00,11.7,90,12.3,83.0,989.0,0.0
2023-01-11T22:00,11.4,93,11.2,92.0,989.2,0.0
2023-01-11T23:00,11.5,93,10.4,90.0,989.2,0.0
2023-01-12T00:00,12.0,89,11.5,76.0,988.9,0.1
2023-01-12T01:00,11.3,92,12.7,82.0,988.9,0.0
2023-01-12T02:00,11.0,91,14.0,102.0,988.2,0.0
2023-01-12T03:00,11.2,88,14.6,99.0,987.7,0.0
2023-01-12T04:00,11.3,87,14.8,91.0,987.2,0.0
2023-01-12T05:00,10.5,91,15.5,78.0,987.7,0.0
2023-01-12T06:00,10.2,91,14.0,90.0,987.6,0.0
2023-01-12T07:00,9.8,92,13.1,98.0,988.2,0.0
2023-01-12T08:00,11.5,85,16.2,127.0,988.5,0.0
2023-01-12T09:00,14.1,77,17.8,138.0,989.2,0.0
2023-01-12T10:00,16.4,69,18.2,141.0,989.5,0.0
2023-01-12T11:00,18.2,63,17.4,142.0,989.2,0.0
2023-01-12T12:00,19.1,63,16.1,140.0,988.2,0.0
2023-01-12T13:00,19.7,64,14.0,132.0,987.0,0.0
2023-01-12T14:00,20.1,64,12.8,128.0,986.3,0.0
2023-01-12T15:00,19.8,65,10.5,153.0,985.8,0.0
2023-01-12T16:00,19.0,67,10.5,142.0,985.8,0.0
2023-01-12T17:00,17.0,77,8.3,146.0,985.4,0.0
2023-01-12T18:00,15.9,81,10.7,147.0,985.8,0.0
2023-01-12T19:00,15.1,85,10.7,147.0,986.2,0.0
2023-01-12T20:00,14.5,87,11.4,145.0,986.5,0.0
2023-01-12T21:00,13.9,89,10.7,138.0,987.0,0.0
2023-01-12T22:00,13.1,92,9.7,129.0,987.1,0.0
2023-01-12T23:00,12.6,92,10.1,125.0,987.1,0.0
2023-01-13T00:00,12.0,92,9.2,111.0,986.8,0.0
2023-01-13T01:00,11.6,92,9.1,108.0,986.5,0.0
2023-01-13T02:00,11.3,92,8.9,111.0,986.1,0.0
2023-01-13T03:00,10.8,94,10.2,108.0,985.7,0.0
2023-01-13T04:00,10.6,94,10.5,96.0,986.0,0.0
2023-01-13T05:00,11.1,94,8.6,90.0,986.5,0.6
2023-01-13T06:00,11.5,92,7.1,75.0,987.2,0.6
2023-01-13T07:00,11.3,90,9.2,69.0,988.0,5.2
2023-01-13T08:00,12.3,87,11.7,99.0,988.8,1.0
2023-01-13T09:00,13.9,84,13.1,111.0,989.8,1.4
2023-01-13T10:00,15.4,80,12.8,101.0,990.2,0.0
2023-01-13T11:00,16.5,78,11.7,108.0,990.0,4.3
2023-01-13T12:00,16.9,81,9.6,77.0,989.3,3.8
2023-01-13T13:00,17.2,78,7.6,93.0,988.3,1.2
2023-01-13T14:00,17.9,74,5.5,122.0,987.7,0.1
2023-01-13T15:00,18.6,72,2.9,180.0,987.5,0.0
2023-01-13T16:00,18.4,73,3.3,229.0,987.4,0.0
2023-01-13T17:00,16.7,83,5.7,325.0,987.6,0.0
2023-01-13T18:00,14.6,91,4.6,288.0,988.3,0.0
2023-01-13T19:00,14.4,93,7.6,315.0,988.9,0.0
2023-01-13T20:00,13.4,94,6.3,301.0,989.6,0.0
2023-01-13T21:00,13.0,94,5.2,286.0,990.2,0.0
2023-01-13T22:00,12.9,94,6.2,324.0,990.5,0.0
2023-01-13T23:00,12.5,96,5.6,315.0,990.3,0.0
2023-01-14T00:00,12.2,97,7.9,321.0,990.3,0.0
2023-01-14T01:00,11.7,98,8.7,308.0,990.2,0.0
2023-01-14T02:00,11.3,98,10.1,297.0,990.1,0.0
2023-01-14T03:00,11.1,98,10.3,295.0,990.1,0.0
2023-01-14T04:00,10.9,99,12.2,294.0,990.1,0.0
2023-01-14T05:00,10.4,98,13.5,299.0,990.2,0.0
2023-01-14T06:00,10.3,98,14.0,305.0,990.8,0.0
2023-01-14T07:00,10.4,96,13.9,307.0,991.9,0.0
2023-01-14T08:00,10.7,92,14.3,309.0,992.6,0.0
2023-01-14T09:00,11.7,84,14.0,305.0,993.6,0.0
2023-01-14T10:00,13.1,75,13.2,299.0,993.9,0.0
2023-01-14T11:00,14.6,69,13.3,303.0,993.5,0.0
2023-01-14T12:00,15.9,61,14.4,307.0,992.6,0.0
2023-01-14T13:00,16.7,53,15.1,310.0,991.4,0.0
2023-01-14T14:00,17.0,48,14.3,309.0,990.8,0.0
2023-01-14T15:00,16.7,46,14.8,304.0,990.4,0.0
2023-01-14T16:00,15.8,49,13.2,299.0,990.4,0.0
2023-01-14T17:00,13.3,59,9.1,304.0,990.6,0.0
2023-01-14T18:00,11.6,63,9.2,296.0,991.0,0.0
2023-01-14T19:00,10.6,63,9.6,290.0,991.6,0.0
2023-01-14T20:00,9.6,62,10.5,297.0,991.9,0.0
2023-01-14T21:00,8.9,66,9.8,298.0,992.1,0.0
2023-01-14T22:00,8.4,70,8.9,291.0,992.0,0.0
2023-01-14T23:00,8.0,74,8.5,298.0,991.5,0.0
2023-01-15T00:00,7.5,79,9.3,306.0,991.3,0.0
2023-01-15T01:00,7.0,84,10.2,302.0,991.1,0.0
2023-01-15T02:00,6.6,87,11.1,299.0,990.5,0.0
2023-01-15T03:00,6.3,89,11.6,300.0,990.3,0.0
2023-01-15T04:00,6.1,90,12.6,297.0,990.1,0.0
2023-01-15T05:00,6.0,84,12.4,287.0,990.2,0.0
2023-01-15T06:00,5.7,81,12.0,286.0,990.5,0.0
2023-01-15T07:00,5.5,80,12.5,282.0,990.8,0.0
2023-01-15T08:00,6.8,77,13.6,281.0,991.6,0.0
2023-01-15T09:00,8.9,69,13.8,285.0,992.5,0.0
2023-01-15T10:00,11.2,59,13.8,290.0,992.7,0.0
2023-01-15T11:00,13.1,51,14.2,294.0,992.0,0.0
2023-01-15T12:00,14.5,43,14.9,302.0,991.0,0.0
2023-01-15T13:00,15.1,40,14.4,307.0,990.0,0.0
2023-01-15T14:00,15.3,40,14.7,306.0,989.3,0.0
2023-01-15T15:00,15.1,39,15.3,304.0,988.7,0.0
2023-01-15T16:00,14.5,41,13.5,304.0,988.6,0.0
2023-01-15T17:00,11.6,53,7.0,305.0,988.6,0.0
2023-01-15T18:00,9.7,61,9.0,293.0,988.7,0.0
2023-01-15T19:00,9.0,64,8.9,284.0,989.2,0.0
2023-01-15T20:00,8.3,66,9.2,281.0,989.8,0.0
2023-01-15T21:00,7.9,67,8.8,289.0,990.2,0.0
2023-01-15T22:00,7.4,65,8.4,295.0,990.2,0.0
2023-01-15T23:00,6.9,65,7.9,300.0,990.4,0.0
2023-01-16T00:00,6.3,66,7.0,305.0,990.0,0.0
2023-01-16T01:00,5.7,68,6.9,309.0,989.9,0.0
2023-01-16T02:00,5.1,71,7.1,315.0,989.6,0.0
2023-01-16T03:00,4.7,73,6.6,319.0,989.3,0.0
2023-01-16T04:00,4.2,75,6.0,303.0,989.3,0.0
2023-01-16T05:00,4.2,79,6.2,263.0,990.2,0.0
2023-01-16T06:00,3.9,80,6.5,264.0,990.6,0.0
2023-01-16T07:00,3.7,80,6.9,261.0,991.3,0.0
2023-01-16T08:00,5.7,73,8.3,265.0,992.4,0.0
2023-01-16T09:00,8.5,66,6.9,276.0,993.6,0.0
2023-01-16T10:00,11.0,59,7.3,290.0,994.3,0.0
2023-01-16T11:00,13.1,53,8.3,304.0,994.0,0.0
2023-01-16T12:00,14.6,47,9.7,318.0,993.1,0.0
2023-01-16T13:00,15.3,44,11.4,325.0,992.1,0.0
2023-01-16T14:00,15.5,43,12.5,327.0,991.1,0.0
2023-01-16T15:00,15.4,44,12.7,325.0,990.6,0.0
2023-01-16T16:00,14.8,47,11.8,320.0,990.5,0.0
2023-01-16T17:00,12.2,59,6.6,315.0,990.5,0.0
2023-01-16T18:00,10.7,63,7.3,303.0,991.0,0.0
2023-01-16T19:00,9.9,64,7.9,309.0,991.6,0.0
2023-01-16T20:00,9.2,65,8.9,317.0,992.2,0.0
2023-01-16T21:00,8.5,67,8.9,320.0,992.2,0.0
2023-01-16T22:00,7.8,67,9.2,321.0,991.9,0.0
2023-01-16T23:00,6.8,71,8.2,319.0,991.7,0.0
2023-01-17T00:00,6.0,74,6.7,306.0,991.4,0.0
2023-01-17T01:00,5.7,75,6.8,302.0,990.9,0.0
2023-01-17T02:00,5.1,76,6.6,292.0,990.6,0.0
2023-01-17T03:00,4.6,79,6.3,283.0,990.5,0.0
2023-01-17T04:00,4.2,80,6.9,279.0,990.4,0.0
2023-01-17T05:00,4.0,84,7.7,281.0,991.0,0.0
2023-01-17T06:00,3.8,85,7.2,273.0,991.4,0.0
2023-01-17T07:00,3.6,86,7.2,264.0,992.1,0.0
2023-01-17T08:00,5.6,78,9.0,272.0,992.8,0.0
2023-01-17T09:00,8.6,69,8.0,280.0,993.6,0.0
2023-01-17T10:00,11.3,61,8.3,288.0,994.2,0.0
2023-01-17T11:00,13.6,52,9.7,297.0,993.9,0.0
2023-01-17T12:00,15.1,45,11.2,310.0,993.1,0.0
2023-01-17T13:00,16.0,40,12.0,314.0,992.0,0.0
2023-01-17T14:00,16.4,37,12.7,313.0,991.2,0.0
2023-01-17T15:00,16.2,36,12.5,314.0,990.7,0.0
2023-01-17T16:00,15.5,39,11.0,319.0,990.9,0.0
2023-01-17T17:00,12.6,51,7.1,315.0,990.9,0.0
2023-01-17T18:00,11.0,56,7.1,319.0,991.1,0.0
2023-01-17T19:00,9.5,60,8.2,322.0,991.6,0.0
2023-01-17T20:00,8.3,65,8.4,329.0,992.3,0.0
2023-01-17T21:00,7.2,69,8.4,317.0,992.7,0.0
2023-01-17T22:00,6.4,70,8.2,308.0,993.0,0.0
2023-01-17T23:00,5.7,73,7.6,295.0,993.1,0.0
2023-01-18T00:00,5.0,76,5.9,284.0,992.7,0.0
2023-01-18T01:00,4.6,77,5.7,288.0,992.5,0.0
2023-01-18T02:00,4.3,79,6.4,308.0,992.2,0.0
2023-01-18T03:00,3.8,81,4.6,315.0,991.8,0.0
2023-01-18T04:00,3.6,81,5.1,321.0,991.5,0.0
2023-01-18T05:00,3.6,85,6.0,327.0,992.6,0.0
2023-01-18T06:00,3.2,86,6.4,286.0,992.9,0.0
2023-01-18T07:00,3.6,83,6.9,261.0,994.1,0.0
2023-01-18T08:00,6.1,74,6.9,261.0,995.3,0.0
2023-01-18T09:00,9.5,66,4.8,283.0,996.5,0.0
2023-01-18T10:00,12.3,56,5.2,295.0,997.2,0.0
2023-01-18T11:00,14.3,48,6.9,313.0,996.4,0.0
2023-01-18T12:00,15.6,42,7.9,321.0,995.5,0.0
2023-01-18T13:00,16.3,40,8.8,325.0,994.6,0.0
2023-01-18T14:00,16.6,40,8.3,326.0,993.6,0.0
2023-01-18T15:00,16.5,40,8.7,312.0,992.9,0.0
2023-01-18T16:00,15.9,43,8.7,300.0,992.7,0.0
2023-01-18T17:00,13.1,54,7.4,284.0,992.1,0.0
2023-01-18T18:00,11.6,57,9.2,281.0,992.4,0.0
2023-01-18T19:00,10.2,63,8.8,282.0,992.7,0.0
2023-01-18T20:00,8.7,71,7.2,297.0,993.0,0.0
2023-01-18T21:00,8.0,73,6.4,308.0,993.6,0.0
2023-01-18T22:00,6.9,77,6.4,322.0,993.6,0.0
2023-01-18T23:00,7.8,70,5.4,318.0,993.5,0.0
2023-01-19T00:00,6.7,75,5.9,322.0,993.6,0.0
2023-01-19T01:00,7.0,73,6.6,319.0,993.7,0.0
2023-01-19T02:00,7.0,72,6.4,317.0,993.4,0.0
2023-01-19T03:00,6.4,75,5.9,313.0,993.1,0.0
2023-01-19T04:00,7.8,69,8.0,324.0,993.2,0.0
2023-01-19T05:00,8.3,71,7.9,300.0,993.4,0.0
2023-01-19T06:00,8.2,73,6.2,306.0,993.8,0.0
2023-01-19T07:00,8.2,75,6.9,279.0,994.7,0.3
2023-01-19T08:00,9.1,78,8.7,253.0,995.2,0.0
2023-01-19T09:00,11.7,70,4.8,257.0,996.2,0.0
2023-01-19T10:00,14.0,61,3.3,283.0,996.5,0.0
2023-01-19T11:00,15.9,52,2.9,330.0,996.1,0.0
2023-01-19T12:00,16.9,48,3.3,6.0,995.3,0.0
2023-01-19T13:00,17.9,44,3.1,21.0,994.1,0.0
2023-01-19T14:00,18.4,42,4.1,45.0,993.0,0.0
2023-01-19T15:00,18.3,43,3.3,41.0,992.6,0.0
2023-01-19T16:00,17.6,44,3.7,29.0,992.6,0.0
2023-01-19T17:00,15.1,61,8.6,22.0,992.1,0.0
2023-01-19T18:00,14.2,63,8.1,32.0,992.5,0.0
2023-01-19T19:00,12.8,71,10.8,21.0,992.6,0.0
2023-01-19T20:00,13.2,68,5.8,4.0,993.0,0.0
2023-01-19T21:00,12.7,68,6.4,344.0,993.2,0.0
2023-01-19T22:00,12.9,67,9.5,351.0,993.5,0.0
2023-01-19T23:00,13.1,67,15.6,352.0,993.3,0.0
2023-01-20T00:00,12.1,70,15.4,344.0,992.7,0.0
2023-01-20T01:00,12.0,75,15.2,346.0,992.2,0.0
2023-01-20T02:00,12.0,76,11.9,357.0,991.6,0.0
2023-01-20T03:00,11.6,80,9.8,6.0,991.2,0.0
2023-01-20T04:00,10.6,86,6.7,16.0,990.9,0.0
2023-01-20T05:00,10.9,87,10.1,17.0,991.7,0.0
2023-01-20T06:00,9.9,91,8.7,24.0,991.8,0.0
2023-01-20T07:00,9.7,91,7.1,24.0,992.5,0.0
2023-01-20T08:00,11.1,85,8.7,24.0,993.3,0.0
2023-01-20T09:00,13.3,75,7.8,22.0,994.3,0.0
2023-01-20T10:00,15.4,67,5.7,18.0,994.4,0.0
2023-01-20T11:00,17.3,61,5.4,4.0,993.8,0.0
2023-01-20T12:00,18.5,57,8.7,5.0,993.0,0.0
2023-01-20T13:00,19.2,50,12.8,10.0,991.9,0.0
2023-01-20T14:00,19.5,46,13.6,12.0,991.3,0.0
2023-01-20T15:00,19.7,45,12.9,13.0,990.9,0.0
2023-01-20T16:00,19.0,45,12.4,8.0,990.8,0.0
2023-01-20T17:00,17.7,52,11.9,357.0,990.6,0.0
2023-01-20T18:00,15.9,58,14.6,351.0,991.3,0.0
2023-01-20T19:00,14.3,64,12.1,350.0,991.7,0.0
2023-01-20T20:00,13.3,70,10.2,352.0,991.9,0.0
2023-01-20T21:00,12.3,77,9.8,354.0,992.2,0.0
2023-01-20T22:00,11.5,84,8.7,355.0,992.4,0.0
2023-01-20T23:00,10.7,90,7.6,352.0,992.3,0.0
2023-01-21T00:00,10.3,92,7.3,351.0,992.0,0.0
2023-01-21T01:00,10.1,91,7.3,349.0,991.7,0.0
2023-01-21T02:00,9.4,91,6.6,351.0,991.6,0.0
2023-01-21T03:00,8.8,91,6.5,341.0,991.1,0.0
2023-01-21T04:00,8.5,91,6.2,339.0,991.1,0.0
2023-01-21T05:00,8.4,95,5.8,338.0,991.4,0.0
2023-01-21T06:00,7.5,96,6.4,344.0,991.9,0.0
2023-01-21T07:00,7.0,97,7.6,352.0,992.3,0.0
2023-01-21T08:00,9.7,90,5.1,4.0,993.0,0.0
2023-01-21T09:00,12.3,82,3.4,32.0,993.9,0.0
2023-01-21T10:00,15.1,73,4.1,52.0,994.4,0.0
2023-01-21T11:00,17.5,64,4.5,61.0,993.7,0.0
2023-01-21T12:00,19.1,58,3.3,77.0,992.7,0.0
2023-01-21T13:00,20.0,53,2.0,135.0,991.7,0.0
2023-01-21T14:00,20.5,50,1.1,180.0,991.0,0.0
2023-01-21T15:00,20.5,49,0.8,297.0,990.4,0.0
2023-01-21T16:00,20.1,50,2.4,333.0,990.1,0.0
2023-01-21T17:00,17.4,69,5.8,338.0,989.5,0.0
2023-01-21T18:00,14.5,82,6.9,332.0,989.8,0.0
2023-01-21T19:00,13.6,86,5.7,325.0,990.2,0.0
2023-01-21T20:00,12.6,87,6.1,332.0,990.6,0.0
2023-01-21T21:00,12.6,86,3.1,315.0,990.9,0.0
2023-01-21T22:00,11.9,87,3.5,336.0,990.9,0.0
2023-01-21T23:00,11.0,90,6.2,353.0,990.7,0.0
2023-01-22T00:00,10.4,91,7.2,360.0,990.4,0.0
2023-01-22T01:00,10.3,91,7.6,3.0,990.1,0.0
2023-01-22T02:00,10.3,89,9.8,6.0,989.6,0.0
2023-01-22T03:00,10.3,85,10.1,6.0,989.1,0.0
2023-01-22T04:00,9.0,89,8.1,13.0,988.8,0.0
2023-01-22T05:00,8.8,91,6.8,18.0,989.5,0.0
2023-01-22T06:00,8.5,93,8.2,23.0,989.8,0.0
2023-01-22T07:00,8.1,95,7.7,28.0,990.4,0.0
2023-01-22T08:00,11.0,88,6.8,32.0,991.3,0.0
2023-01-22T09:00,13.7,80,6.7,36.0,992.2,0.0
2023-01-22T10:00,16.6,71,7.9,39.0,992.8,0.0
2023-01-22T11:00,19.2,60,10.0,41.0,992.4,0.0
2023-01-22T12:00,20.8,47,10.7,42.0,991.6,0.0
2023-01-22T13:00,21.5,39,10.9,46.0,990.8,0.0
2023-01-22T14:00,21.7,37,12.5,39.0,990.3,0.0
2023-01-22T15:00,21.5,36,11.5,32.0,990.1,0.0
2023-01-22T16:00,20.8,39,9.7,22.0,990.1,0.0
2023-01-22T17:00,17.4,58,9.1,34.0,989.9,0.0
2023-01-22T18:00,15.4,63,9.6,20.0,990.3,0.0
2023-01-22T19:00,14.1,70,10.1,17.0,990.7,0.0
2023-01-22T20:00,13.5,72,9.4,18.0,990.9,0.0
2023-01-22T21:00,12.5,74,9.9,19.0,991.3,0.0
2023-01-22T22:00,11.8,78,9.0,29.0,991.4,0.0
2023-01-22T23:00,12.4,75,5.7,35.0,991.3,0.0
2023-01-23T00:00,12.5,71,7.1,24.0,991.0,0.0
2023-01-23T01:00,12.0,69,7.5,17.0,990.9,0.0
2023-01-23T02:00,12.0,67,8.0,10.0,990.6,0.0
2023-01-23T03:00,10.5,72,7.4,14.0,990.3,0.0
2023-01-23T04:00,9.8,75,7.2,18.0,989.8,0.0
2023-01-23T05:00,8.4,89,9.6,20.0,990.4,0.0
2023-01-23T06:00,8.8,88,8.7,30.0,990.6,0.0
2023-01-23T07:00,8.6,89,8.2,29.0,991.1,0.0
2023-01-23T08:00,11.3,78,7.6,31.0,992.0,0.0
2023-01-23T09:00,14.2,69,5.5,32.0,993.1,0.0
2023-01-23T10:00,17.1,60,6.0,33.0,993.4,0.0
2023-01-23T11:00,19.7,50,7.1,45.0,992.6,0.0
2023-01-23T12:00,21.4,42,7.2,53.0,991.4,0.0
2023-01-23T13:00,22.4,37,7.0,69.0,990.3,0.0
2023-01-23T14:00,22.8,35,6.1,90.0,989.6,0.0
2023-01-23T15:00,22.7,36,6.0,115.0,988.8,0.0
2023-01-23T16:00,21.7,42,4.3,138.0,988.5,0.0
2023-01-23T17:00,21.4,46,4.4,125.0,988.2,0.0
2023-01-23T18:00,20.4,50,4.0,153.0,988.3,0.0
2023-01-23T19:00,16.8,66,4.5,166.0,988.3,0.0
2023-01-23T20:00,15.7,72,2.3,108.0,988.4,0.0
2023-01-23T21:00,14.3,76,3.6,90.0,988.8,0.0
2023-01-23T22:00,13.6,78,3.0,104.0,988.8,0.0
2023-01-23T23:00,14.0,75,5.2,124.0,988.9,0.0
2023-01-24T00:00,13.9,75,5.0,111.0,988.8,0.0
2023-01-24T01:00,13.8,93,5.8,4.0,988.9,9.8
2023-01-24T02:00,15.2,83,5.6,207.0,988.7,0.2
2023-01-24T03:00,14.0,91,4.8,48.0,988.2,0.0
2023-01-24T04:00,13.2,93,5.8,60.0,987.8,0.0
2023-01-24T05:00,13.1,95,7.8,124.0,988.1,0.0
2023-01-24T06:00,13.2,95,7.9,114.0,988.7,0.2
2023-01-24T07:00,13.4,92,10.0,116.0,989.0,0.0
2023-01-24T08:00,14.7,90,13.6,127.0,989.9,0.0
2023-01-24T09:00,17.0,87,13.5,132.0,991.0,0.0
2023-01-24T10:00,19.2,78,18.1,137.0,991.8,0.0
2023-01-24T11:00,20.7,68,22.4,143.0,991.2,0.0
2023-01-24T12:00,19.9,71,24.2,147.0,990.1,0.1
2023-01-24T13:00,20.8,68,22.0,145.0,989.1,0.0
2023-01-24T14:00,21.2,65,20.5,141.0,988.2,0.0
2023-01-24T15:00,20.9,67,18.7,140.0,987.6,0.2
2023-01-24T16:00,20.4,71,16.4,140.0,987.6,0.3
2023-01-24T17:00,18.7,75,9.2,135.0,987.8,0.0
2023-01-24T18:00,18.5,76,7.8,124.0,988.3,0.1
2023-01-24T19:00,17.9,81,9.7,135.0,988.8,0.1
2023-01-24T20:00,17.5,82,10.0,131.0,989.5,0.3
2023-01-24T21:00,17.0,86,10.1,125.0,989.7,0.0
2023-01-24T22:00,15.9,90,12.8,128.0,989.7,0.0
2023-01-24T23:00,15.7,91,13.3,123.0,989.4,0.0
2023-01-25T00:00,15.2,93,13.8,123.0,989.3,0.0
2023-01-25T01:00,15.3,93,11.9,115.0,989.2,0.1
2023-01-25T02:00,13.9,96,10.2,113.0,988.8,0.1
2023-01-25T03:00,14.1,96,7.6,87.0,988.8,0.2
2023-01-25T04:00,13.4,97,6.5,93.0,988.7,0.1
2023-01-25T05:00,13.2,95,5.8,90.0,989.3,0.1
2023-01-25T06:00,12.1,98,3.3,49.0,989.7,0.0
2023-01-25T07:00,11.9,100,5.5,23.0,990.3,0.0
2023-01-25T08:00,13.6,98,4.6,39.0,991.5,0.0
2023-01-25T09:00,16.1,87,4.1,75.0,992.3,0.1
2023-01-25T10:00,17.8,81,3.6,84.0,992.7,0.0
2023-01-25T11:00,18.7,77,2.7,67.0,992.4,0.0
2023-01-25T12:00,19.8,71,2.6,34.0,991.5,0.1
2023-01-25T13:00,20.6,67,1.9,22.0,990.5,0.1
2023-01-25T14:00,21.0,64,3.7,11.0,989.7,0.1
2023-01-25T15:00,21.1,63,4.0,333.0,989.4,0.0
2023-01-25T16:00,20.5,64,4.2,340.0,989.3,0.0
2023-01-25T17:00,18.4,73,4.3,355.0,990.2,0.0
2023-01-25T18:00,17.7,78,3.5,24.0,990.5,0.0
2023-01-25T19:00,17.0,81,3.3,49.0,991.2,0.0
2023-01-25T20:00,15.9,86,2.9,60.0,991.7,0.0
2023-01-25T21:00,15.9,84,2.9,7.0,992.1,0.0
2023-01-25T22:00,16.2,80,4.8,333.0,992.5,0.0
2023-01-25T23:00,15.8,81,8.9,328.0,992.6,0.0
2023-01-26T00:00,15.5,86,10.1,325.0,992.6,0.0
2023-01-26T01:00,15.1,87,9.4,320.0,992.4,0.0
2023-01-26T02:00,14.0,87,8.4,313.0,992.0,0.0
2023-01-26T03:00,12.7,90,7.7,319.0,991.7,0.0
2023-01-26T04:00,11.7,92,7.9,309.0,991.5,0.0
2023-01-26T05:00,12.1,83,9.8,294.0,991.9,0.0
2023-01-26T06:00,12.0,84,10.0,300.0,992.6,0.0
2023-01-26T07:00,11.6,91,11.3,301.0,993.1,0.0
2023-01-26T08:00,12.8,95,12.5,309.0,994.1,0.0
2023-01-26T09:00,13.6,92,14.8,315.0,995.1,0.0
2023-01-26T10:00,15.6,79,13.5,314.0,995.4,0.0
2023-01-26T11:00,17.0,70,14.3,311.0,994.8,0.0
2023-01-26T12:00,18.2,61,15.0,314.0,993.8,0.0
2023-01-26T13:00,18.8,57,14.8,311.0,992.9,0.0
2023-01-26T14:00,19.0,55,15.6,308.0,992.2,0.0
2023-01-26T15:00,18.8,52,16.4,308.0,992.1,0.0
2023-01-26T16:00,18.1,52,16.4,310.0,992.0,0.0
2023-01-26T17:00,15.9,68,13.2,315.0,992.5,0.0
2023-01-26T18:00,14.1,75,12.0,321.0,992.5,0.0
2023-01-26T19:00,13.2,77,12.5,316.0,993.1,0.0
2023-01-26T20:00,12.4,79,12.6,307.0,993.6,0.0
2023-01-26T21:00,11.6,79,13.0,304.0,993.7,0.0
2023-01-26T22:00,10.8,77,13.4,301.0,993.6,0.0
2023-01-26T23:00,9.9,76,12.4,296.0,993.6,0.0
2023-01-27T00:00,9.3,76,13.5,295.0,992.9,0.0
2023-01-27T01:00,8.8,76,14.5,293.0,992.6,0.0
2023-01-27T02:00,8.3,79,14.0,293.0,992.4,0.0
2023-01-27T03:00,7.9,83,14.0,293.0,992.0,0.0
2023-01-27T04:00,7.6,86,14.4,292.0,991.8,0.0
2023-01-27T05:00,7.8,91,14.0,296.0,992.7,0.0
2023-01-27T06:00,7.6,92,12.9,293.0,993.2,0.0
2023-01-27T07:00,7.5,91,13.7,288.0,994.1,0.0
2023-01-27T08:00,9.1,81,15.9,283.0,995.3,0.0
2023-01-27T09:00,11.5,68,15.2,292.0,996.1,0.0
2023-01-27T10:00,13.8,57,15.6,296.0,996.3,0.0
2023-01-27T11:00,15.8,52,16.5,302.0,995.4,0.0
2023-01-27T12:00,17.3,49,16.9,308.0,993.9,0.0
2023-01-27T13:00,18.2,48,17.3,306.0,992.8,0.0
2023-01-27T14:00,18.6,46,17.4,304.0,991.9,0.0
2023-01-27T15:00,18.4,47,17.4,300.0,991.4,0.0
2023-01-27T16:00,17.8,49,16.9,299.0,991.5,0.0
2023-01-27T17:00,16.1,57,12.7,299.0,991.6,0.0
2023-01-27T18:00,14.0,64,11.9,295.0,991.7,0.0
2023-01-27T19:00,12.7,67,12.2,294.0,992.2,0.0
2023-01-27T20:00,11.9,69,13.2,292.0,992.5,0.0
2023-01-27T21:00,11.2,69,14.0,296.0,992.4,0.0
2023-01-27T22:00,10.5,69,14.2,300.0,992.1,0.0
2023-01-27T23:00,9.7,71,12.6,297.0,991.7,0.0
2023-01-28T00:00,9.0,72,13.3,289.0,991.3,0.0
2023-01-28T01:00,8.5,73,13.4,290.0,991.1,0.0
2023-01-28T02:00,8.0,74,11.8,293.0,990.5,0.0
2023-01-28T03:00,7.5,75,13.6,282.0,990.4,0.0
2023-01-28T04:00,7.1,75,14.2,277.0,990.1,0.0
2023-01-28T05:00,7.2,78,12.4,280.0,990.4,0.0
2023-01-28T06:00,6.6,79,13.3,272.0,990.4,0.0
2023-01-28T07:00,6.5,79,14.8,276.0,990.9,0.0
2023-01-28T08:00,8.4,73,15.3,279.0,991.7,0.0
2023-01-28T09:00,11.6,66,12.1,282.0,992.4,0.0
2023-01-28T10:00,14.8,58,12.3,291.0,992.6,0.0
2023-01-28T11:00,17.4,53,12.7,295.0,992.0,0.0
2023-01-28T12:00,19.1,50,13.0,304.0,990.9,0.0
2023-01-28T13:00,20.2,48,12.7,317.0,989.5,0.0
2023-01-28T14:00,20.7,46,11.0,302.0,988.8,0.0
2023-01-28T15:00,20.5,48,11.7,288.0,988.2,0.0
2023-01-28T16:00,19.8,51,11.4,298.0,988.0,0.0
2023-01-28T17:00,17.3,61,7.7,307.0,987.7,0.0
2023-01-28T18:00,14.1,75,9.2,296.0,987.6,0.0
2023-01-28T19:00,12.6,81,10.0,285.0,987.9,0.0
2023-01-28T20:00,11.4,84,9.4,270.0,988.2,0.0
2023-01-28T21:00,11.0,83,8.4,263.0,988.7,0.0
2023-01-28T22:00,10.0,86,7.6,239.0,989.0,0.0
2023-01-28T23:00,12.1,75,4.5,241.0,989.0,0.0
2023-01-29T00:00,13.8,68,3.2,270.0,988.4,0.0
2023-01-29T01:00,13.1,71,5.1,39.0,987.7,0.0
2023-01-29T02:00,10.1,85,5.7,108.0,987.2,0.0
2023-01-29T03:00,9.4,89,7.0,102.0,987.0,0.0
2023-01-29T04:00,8.9,93,7.9,93.0,987.2,0.0
2023-01-29T05:00,8.3,97,7.6,95.0,987.5,0.0
2023-01-29T06:00,10.4,90,8.3,124.0,988.2,0.0
2023-01-29T07:00,10.9,88,7.4,137.0,989.0,0.0
2023-01-29T08:00,12.4,81,13.4,126.0,989.9,0.0
2023-01-29T09:00,13.9,77,14.3,133.0,990.8,0.0
2023-01-29T10:00,14.3,77,9.0,182.0,991.9,0.0
2023-01-29T11:00,14.8,78,9.7,141.0,990.8,0.4
2023-01-29T12:00,14.9,82,8.3,175.0,990.4,0.2
2023-01-29T13:00,15.0,80,10.0,165.0,990.0,0.0
2023-01-29T14:00,16.0,76,8.3,124.0,989.0,0.2
2023-01-29T15:00,16.4,76,15.2,104.0,988.5,0.7
2023-01-29T16:00,16.1,75,10.1,63.0,988.1,0.0
2023-01-29T17:00,14.2,88,6.0,123.0,989.6,0.1
2023-01-29T18:00,13.5,91,9.0,92.0,989.4,2.5
2023-01-29T19:00,13.0,91,11.4,79.0,989.7,0.0
2023-01-29T20:00,11.7,95,8.7,135.0,990.4,0.0
2023-01-29T21:00,12.9,91,10.9,107.0,990.3,0.1
2023-01-29T22:00,12.2,92,14.1,105.0,990.0,0.0
2023-01-29T23:00,12.1,92,12.0,111.0,989.7,0.0
2023-01-30T00:00,12.2,93,5.4,250.0,990.8,0.1
2023-01-30T01:00,11.6,95,5.6,27.0,989.8,0.6
2023-01-30T02:00,12.2,89,1.1,288.0,990.8,4.1
2023-01-30T03:00,12.2,91,16.6,89.0,989.7,2.8
2023-01-30T04:00,12.0,93,5.7,342.0,990.5,0.2
2023-01-30T05:00,12.1,86,22.3,104.0,990.2,1.5
2023-01-30T06:00,12.5,88,5.4,53.0,991.6,0.3
2023-01-30T07:00,12.3,90,6.1,45.0,992.9,0.0
2023-01-30T08:00,13.0,86,10.4,88.0,993.5,0.1
2023-01-30T09:00,13.3,89,12.0,83.0,994.5,0.4
2023-01-30T10:00,13.7,86,13.3,103.0,995.4,0.1
2023-01-30T11:00,14.4,84,15.2,95.0,994.7,0.0
2023-01-30T12:00,15.1,79,13.4,117.0,994.3,0.0
2023-01-30T13:00,15.6,75,12.7,119.0,993.4,0.0
2023-01-30T14:00,15.5,74,10.8,105.0,992.5,0.0
2023-01-30T15:00,16.2,73,9.6,103.0,992.4,0.0
2023-01-30T16:00,15.9,74,9.4,122.0,992.5,0.0
2023-01-30T17:00,15.2,89,3.2,117.0,992.4,0.0
2023-01-30T18:00,13.2,90,4.4,145.0,992.6,0.0
2023-01-30T19:00,11.9,94,4.9,163.0,992.6,0.0
2023-01-30T20:00,11.8,93,4.3,180.0,993.1,0.0
2023-01-30T21:00,11.7,92,3.1,201.0,993.2,0.0
2023-01-30T22:00,12.6,90,3.5,246.0,993.6,0.0
2023-01-30T23:00,10.4,96,5.8,274.0,993.8,0.0
2023-01-31T00:00,10.4,97,5.9,284.0,993.9,0.0
2023-01-31T01:00,10.5,98,8.2,293.0,993.8,0.0
2023-01-31T02:00,10.6,98,9.1,288.0,993.4,0.0
2023-01-31T03:00,10.3,99,9.6,290.0,993.0,0.0
2023-01-31T04:00,9.7,100,9.7,270.0,992.6,0.0
2023-01-31T05:00,11.0,99,10.6,294.0,992.9,0.0
2023-01-31T06:00,11.0,99,12.1,297.0,993.4,0.0
2023-01-31T07:00,10.8,99,12.6,294.0,994.3,0.0
2023-01-31T08:00,11.7,97,13.6,287.0,995.0,0.0
2023-01-31T09:00,13.9,89,12.6,290.0,995.6,0.0
2023-01-31T10:00,16.5,80,14.3,295.0,995.9,0.0
2023-01-31T11:00,18.5,71,17.1,305.0,995.4,0.0
2023-01-31T12:00,19.6,65,19.4,312.0,994.6,0.0
2023-01-31T13:00,20.3,61,20.4,314.0,993.4,0.0
2023-01-31T14:00,20.5,59,20.7,311.0,992.6,0.0
2023-01-31T15:00,20.2,56,20.2,310.0,992.1,0.0
2023-01-31T16:00,19.4,57,18.2,308.0,992.1,0.0
2023-01-31T17:00,16.4,73,15.9,295.0,992.4,0.0
2023-01-31T18:00,14.8,78,15.5,288.0,992.5,0.0
2023-01-31T19:00,13.8,81,15.5,288.0,992.9,0.0
2023-01-31T20:00,13.1,85,16.1,290.0,993.3,0.0
2023-01-31T21:00,12.5,87,16.9,294.0,993.5,0.0
2023-01-31T22:00,12.0,88,16.6,294.0,993.4,0.0
2023-01-31T23:00,11.4,90,15.6,293.0,993.0,0.0
2023-02-01T00:00,10.9,91,15.6,289.0,992.7,0.0
2023-02-01T01:00,10.5,93,16.4,289.0,992.6,0.0
2023-02-01T02:00,10.2,93,17.0,291.0,992.5,0.0
2023-02-01T03:00,10.0,93,17.9,292.0,992.2,0.0
2023-02-01T04:00,9.8,93,17.9,292.0,991.7,0.0
2023-02-01T05:00,9.5,95,17.4,292.0,992.1,0.0
2023-02-01T06:00,9.5,94,16.2,291.0,992.7,0.0
2023-02-01T07:00,9.4,94,15.7,286.0,993.1,0.0
2023-02-01T08:00,10.8,90,16.8,279.0,994.0,0.0
2023-02-01T09:00,12.8,82,17.0,283.0,994.8,0.0
2023-02-01T10:00,14.9,74,17.3,287.0,995.0,0.0
2023-02-01T11:00,16.9,66,17.8,291.0,994.5,0.0
2023-02-01T12:00,18.4,59,18.2,295.0,993.5,0.0
2023-02-01T13:00,19.5,54,18.5,294.0,992.6,0.0
2023-02-01T14:00,19.9,52,19.7,298.0,991.6,0.0
2023-02-01T15:00,19.9,49,18.9,301.0,991.1,0.0
2023-02-01T16:00,19.3,52,15.8,300.0,990.7,0.0
2023-02-01T17:00,17.0,63,10.1,287.0,990.7,0.0
2023-02-01T18:00,15.0,69,12.2,284.0,991.0,0.0
2023-02-01T19:00,14.0,72,13.2,287.0,991.5,0.0
2023-02-01T20:00,13.4,71,14.7,287.0,991.9,0.0
2023-02-01T21:00,13.2,69,16.3,288.0,992.3,0.0
2023-02-01T22:00,12.8,69,16.2,291.0,992.4,0.0
2023-02-01T23:00,12.2,71,15.3,294.0,991.9,0.0
2023-02-02T00:00,11.6,73,15.3,297.0,991.4,0.0
2023-02-02T01:00,11.0,74,14.6,303.0,991.0,0.0
2023-02-02T02:00,10.7,74,15.8,300.0,990.6,0.0
2023-02-02T03:00,10.4,73,15.8,297.0,989.9,0.0
2023-02-02T04:00,10.0,72,16.6,292.0,989.5,0.0
2023-02-02T05:00,9.7,78,16.3,292.0,990.0,0.0
2023-02-02T06:00,9.5,78,16.6,294.0,990.5,0.0
2023-02-02T07:00,9.4,78,16.6,292.0,991.0,0.0
2023-02-02T08:00,11.0,75,18.4,287.0,992.1,0.0
2023-02-02T09:00,13.5,70,17.1,285.0,992.9,0.0
2023-02-02T10:00,16.1,63,17.1,288.0,993.4,0.0
2023-02-02T11:00,18.3,56,18.0,290.0,993.0,0.0
2023-02-02T12:00,20.0,51,18.9,291.0,992.4,0.0
2023-02-02T13:00,21.0,49,19.4,292.0,991.4,0.0
2023-02-02T14:00,21.5,48,18.7,293.0,990.8,0.0
2023-02-02T15:00,21.5,50,17.6,296.0,990.3,0.0
2023-02-02T16:00,20.9,53,15.3,297.0,990.0,0.0
2023-02-02T17:00,18.9,56,12.9,297.0,990.3,0.0
2023-02-02T18:00,16.9,60,13.5,295.0,990.5,0.0
2023-02-02T19:00,16.1,59,14.5,293.0,990.9,0.0
2023-02-02T20:00,15.3,61,13.9,295.0,991.2,0.0
2023-02-02T21:00,14.4,65,12.4,292.0,991.3,0.0
2023-02-02T22:00,13.5,69,11.6,292.0,991.4,0.0
2023-02-02T23:00,12.7,73,11.8,290.0,991.3,0.0
2023-02-03T00:00,12.0,77,11.6,286.0,990.8,0.0
2023-02-03T01:00,11.4,80,11.6,286.0,990.7,0.0
2023-02-03T02:00,10.8,82,11.3,287.0,990.4,0.0
2023-02-03T03:00,10.4,82,11.4,283.0,990.1,0.0
2023-02-03T04:00,10.1,82,12.1,280.0,990.2,0.0
2023-02-03T05:00,9.9,84,11.6,275.0,990.9,0.0
2023-02-03T06:00,9.6,83,12.2,268.0,991.3,0.0
2023-02-03T07:00,9.6,82,14.2,263.0,991.8,0.0
2023-02-03T08:00,11.5,76,16.7,263.0,992.6,0.0
2023-02-03T09:00,14.3,72,14.4,270.0,993.6,0.0
2023-02-03T10:00,17.1,64,14.1,276.0,993.9,0.0
2023-02-03T11:00,19.5,57,14.4,283.0,993.2,0.0
2023-02-03T12:00,21.1,50,14.7,295.0,992.2,0.0
2023-02-03T13:00,22.0,46,14.4,302.0,991.1,0.0
2023-02-03T14:00,22.4,45,13.6,307.0,990.3,0.0
2023-02-03T15:00,22.2,47,12.7,305.0,989.9,0.0
2023-02-03T16:00,21.6,52,10.5,297.0,989.7,0.0
2023-02-03T17:00,18.5,65,6.8,288.0,989.9,0.0
2023-02-03T18:00,15.5,70,11.3,292.0,990.0,0.0
2023-02-03T19:00,15.0,70,10.0,300.0,990.3,0.0
2023-02-03T20:00,14.3,74,8.7,308.0,990.5,0.0
2023-02-03T21:00,14.0,72,8.5,298.0,990.7,0.0
2023-02-03T22:00,13.9,69,9.4,288.0,990.5,0.0
2023-02-03T23:00,13.5,69,10.0,283.0,990.2,0.0
2023-02-04T00:00,12.8,71,9.7,274.0,989.6,0.0
2023-02-04T01:00,12.2,73,10.4,270.0,989.2,0.0
2023-02-04T02:00,11.6,76,11.2,272.0,988.5,0.0
2023-02-04T03:00,11.1,77,11.5,272.0,987.9,0.0
2023-02-04T04:00,10.8,78,11.9,272.0,987.7,0.0
2023-02-04T05:00,10.5,82,12.7,278.0,988.4,0.0
2023-02-04T06:00,10.3,81,13.4,275.0,988.6,0.0
2023-02-04T07:00,10.4,80,14.4,274.0,989.0,0.0
2023-02-04T08:00,12.3,75,15.9,273.0,989.8,0.0
2023-02-04T09:00,15.0,70,14.0,271.0,990.5,0.0
2023-02-04T10:00,17.7,64,14.2,277.0,991.0,0.0
2023-02-04T11:00,20.0,58,15.7,286.0,990.5,0.0
2023-02-04T12:00,21.5,52,18.2,295.0,989.7,0.0
2023-02-04T13:00,22.3,50,18.7,300.0,989.0,0.0
2023-02-04T14:00,22.7,49,18.0,303.0,988.0,0.0
2023-02-04T15:00,22.7,48,17.3,306.0,987.7,0.0
2023-02-04T16:00,22.1,50,13.8,303.0,987.5,0.0
2023-02-04T17:00,19.7,59,9.0,286.0,987.3,0.0
2023-02-04T18:00,17.7,64,9.9,280.0,987.4,0.0
2023-02-04T19:00,16.6,68,10.8,274.0,987.7,0.0
2023-02-04T20:00,16.1,66,13.0,273.0,988.1,0.0
2023-02-04T21:00,15.9,62,13.7,275.0,988.2,0.0
2023-02-04T22:00,15.4,63,13.4,278.0,988.3,0.0
2023-02-04T23:00,14.5,67,12.7,277.0,988.1,0.0
2023-02-05T00:00,13.6,71,11.2,285.0,987.8,0.0
2023-02-05T01:00,12.7,75,9.9,289.0,987.5,0.0
2023-02-05T02:00,12.3,76,10.1,287.0,986.8,0.0
2023-02-05T03:00,12.0,77,10.5,286.0,986.4,0.0
2023-02-05T04:00,11.7,77,10.9,279.0,986.3,0.0
2023-02-05T05:00,11.4,84,11.2,274.0,986.8,0.0
2023-02-05T06:00,11.1,85,11.2,268.0,987.0,0.0
2023-02-05T07:00,11.0,86,12.1,260.0,987.4,0.0
2023-02-05T08:00,13.1,79,14.1,264.0,988.5,0.0
2023-02-05T09:00,15.8,72,12.0,261.0,989.1,0.0
2023-02-05T10:00,18.4,64,12.2,270.0,989.7,0.0
2023-02-05T11:00,20.7,58,12.4,278.0,989.5,0.0
2023-02-05T12:00,22.3,50,13.2,287.0,988.8,0.0
2023-02-05T13:00,23.2,42,14.3,295.0,987.9,0.0
2023-02-05T14:00,23.3,42,14.0,299.0,987.2,0.0
2023-02-05T15:00,23.1,43,12.4,300.0,986.7,0.0
2023-02-05T16:00,22.5,47,8.5,298.0,986.8,0.0
2023-02-05T17:00,19.3,68,8.6,285.0,986.6,0.0
2023-02-05T18:00,16.9,68,8.4,260.0,986.5,0.0
2023-02-05T19:00,16.9,65,6.1,242.0,987.1,0.0
2023-02-05T20:00,19.0,52,3.3,229.0,987.4,0.0
2023-02-05T21:00,19.2,49,2.9,240.0,987.8,0.0
2023-02-05T22:00,19.2,47,2.0,225.0,987.8,0.0
2023-02-05T23:00,19.2,45,0.7,180.0,987.6,0.0
2023-02-06T00:00,13.1,67,7.2,180.0,987.0,0.0
2023-02-06T01:00,12.4,72,9.0,185.0,987.1,0.0
2023-02-06T02:00,11.7,77,8.7,173.0,986.4,0.0
2023-02-06T03:00,13.4,70,6.4,164.0,986.1,0.0
2023-02-06T04:00,13.2,70,6.0,147.0,986.0,0.0
2023-02-06T05:00,10.7,84,8.7,173.0,986.4,0.0
2023-02-06T06:00,10.4,86,9.7,158.0,986.7,0.0
2023-02-06T07:00,10.5,88,7.9,133.0,987.1,0.0
2023-02-06T08:00,13.9,78,9.5,143.0,988.3,0.0
2023-02-06T09:00,17.7,70,9.2,154.0,989.2,0.0
2023-02-06T10:00,20.2,61,11.5,166.0,989.7,0.0
2023-02-06T11:00,22.0,59,10.9,163.0,989.2,0.0
2023-02-06T12:00,23.5,56,10.0,165.0,988.3,0.0
2023-02-06T13:00,24.6,53,8.7,163.0,987.1,0.0
2023-02-06T14:00,25.1,52,8.0,162.0,986.0,0.0
2023-02-06T15:00,25.1,53,7.2,186.0,985.4,0.0
2023-02-06T16:00,24.3,57,5.9,227.0,985.4,0.0
2023-02-06T17:00,21.4,70,5.4,94.0,984.8,0.0
2023-02-06T18:00,18.7,77,7.2,108.0,985.1,0.0
2023-02-06T19:00,17.1,83,9.5,119.0,985.4,0.0
2023-02-06T20:00,19.6,71,5.6,153.0,986.1,0.0
2023-02-06T21:00,16.9,83,6.0,335.0,986.1,0.0
2023-02-06T22:00,18.8,73,3.2,153.0,986.1,0.0
2023-02-06T23:00,18.0,76,4.9,126.0,985.7,0.0
2023-02-07T00:00,17.0,81,4.1,105.0,985.4,0.0
2023-02-07T01:00,13.5,92,7.4,331.0,985.0,0.0
2023-02-07T02:00,13.7,93,8.1,291.0,984.9,0.0
2023-02-07T03:00,13.3,93,8.0,265.0,984.5,0.0
2023-02-07T04:00,13.1,93,10.5,264.0,984.2,0.0
2023-02-07T05:00,14.0,96,14.5,276.0,984.9,0.0
2023-02-07T06:00,13.8,94,14.4,274.0,985.4,0.0
2023-02-07T07:00,13.5,93,15.8,270.0,986.2,0.0
2023-02-07T08:00,14.5,87,16.2,269.0,987.2,0.0
2023-02-07T09:00,16.1,79,15.3,279.0,988.1,0.0
2023-02-07T10:00,18.2,75,14.6,286.0,988.4,0.0
2023-02-07T11:00,20.3,69,14.2,291.0,988.4,0.0
2023-02-07T12:00,21.9,61,14.5,293.0,987.6,0.0
2023-02-07T13:00,22.9,54,15.8,300.0,986.7,0.0
2023-02-07T14:00,23.4,48,17.5,307.0,986.2,0.0
2023-02-07T15:00,23.3,44,18.2,308.0,985.8,0.0
2023-02-07T16:00,22.6,43,17.1,309.0,986.0,0.0
2023-02-07T17:00,20.3,48,10.2,309.0,986.3,0.0
2023-02-07T18:00,17.8,57,8.5,306.0,986.7,0.0
2023-02-07T19:00,16.6,61,9.4,293.0,987.1,0.0
2023-02-07T20:00,16.0,58,12.4,292.0,987.8,0.0
2023-02-07T21:00,15.5,52,12.9,300.0,988.1,0.0
2023-02-07T22:00,14.8,52,12.9,306.0,988.4,0.0
2023-02-07T23:00,14.0,53,12.0,316.0,988.5,0.0
2023-02-08T00:00,12.8,55,10.0,322.0,988.2,0.0
2023-02-08T01:00,11.6,58,8.4,317.0,987.9,0.0
2023-02-08T02:00,11.3,58,8.9,313.0,987.5,0.0
2023-02-08T03:00,10.9,59,8.5,306.0,987.0,0.0
2023-02-08T04:00,10.6,61,8.9,302.0,986.9,0.0
2023-02-08T05:00,10.5,67,10.0,291.0,987.7,0.0
2023-02-08T06:00,10.4,69,10.9,276.0,988.4,0.0
2023-02-08T07:00,10.2,71,11.9,270.0,989.2,0.0
2023-02-08T08:00,12.3,67,13.7,267.0,990.2,0.0
2023-02-08T09:00,15.3,64,10.8,266.0,990.9,0.0
2023-02-08T10:00,18.2,55,11.9,273.0,991.5,0.0
2023-02-08T11:00,20.4,49,13.3,283.0,991.5,0.0
2023-02-08T12:00,21.8,42,14.8,293.0,990.4,0.0
2023-02-08T13:00,22.4,39,16.1,294.0,989.4,0.0
2023-02-08T14:00,22.6,40,15.8,291.0,988.5,0.0
2023-02-08T15:00,22.5,40,16.0,293.0,988.0,0.0
2023-02-08T16:00,22.1,41,14.4,292.0,987.6,0.0
2023-02-08T17:00,19.4,50,8.0,280.0,987.9,0.0
2023-02-08T18:00,16.9,56,8.3,268.0,987.9,0.0
2023-02-08T19:00,16.0,56,8.8,282.0,988.4,0.0
2023-02-08T20:00,14.9,61,8.6,292.0,988.7,0.0
2023-02-08T21:00,14.6,61,10.0,296.0,989.1,0.0
2023-02-08T22:00,14.5,57,10.7,303.0,989.2,0.0
2023-02-08T23:00,14.1,56,9.5,307.0,988.8,0.0
2023-02-09T00:00,13.0,60,8.8,325.0,988.1,0.0
2023-02-09T01:00,11.7,66,7.9,336.0,987.7,0.0
2023-02-09T02:00,10.9,70,8.8,325.0,987.0,0.0
2023-02-09T03:00,10.6,71,8.8,305.0,986.5,0.0
2023-02-09T04:00,10.6,71,6.5,273.0,986.2,0.0
2023-02-09T05:00,10.0,78,5.8,270.0,986.8,0.0
2023-02-09T06:00,10.0,77,6.6,261.0,987.2,0.0
2023-02-09T07:00,10.2,78,8.7,253.0,987.7,0.0
2023-02-09T08:00,13.1,70,10.7,250.0,988.5,0.0
2023-02-09T09:00,17.0,65,7.6,245.0,989.4,0.0
2023-02-09T10:00,20.4,53,8.7,225.0,989.9,0.0
2023-02-09T11:00,22.5,46,11.5,221.0,989.7,0.0
2023-02-09T12:00,24.0,41,12.2,225.0,988.4,0.0
2023-02-09T13:00,25.2,38,11.2,222.0,987.3,0.0
2023-02-09T14:00,25.7,37,11.8,218.0,986.2,0.0
2023-02-09T15:00,25.8,38,10.3,209.0,985.7,0.0
2023-02-09T16:00,25.1,45,6.5,183.0,985.6,0.0
2023-02-09T17:00,22.5,59,7.4,141.0,985.6,0.0
2023-02-09T18:00,20.1,67,9.6,124.0,986.0,0.0
2023-02-09T19:00,18.9,72,10.5,121.0,986.8,0.0
2023-02-09T20:00,18.2,74,12.6,127.0,987.0,0.0
2023-02-09T21:00,17.8,74,15.0,134.0,987.2,0.0
2023-02-09T22:00,17.0,76,14.7,144.0,987.3,0.0
2023-02-09T23:00,16.6,75,15.3,146.0,987.1,0.0
2023-02-10T00:00,16.3,76,15.9,147.0,986.5,0.0
2023-02-10T01:00,15.8,78,14.7,149.0,986.1,0.0
2023-02-10T02:00,15.0,82,12.8,148.0,985.8,0.0
2023-02-10T03:00,14.2,85,9.4,140.0,985.5,0.0
2023-02-10T04:00,13.6,87,10.5,142.0,985.1,0.0
2023-02-10T05:00,13.3,92,10.0,142.0,985.4,0.0
2023-02-10T06:00,12.9,92,10.2,132.0,985.9,0.0
2023-02-10T07:00,12.9,90,11.2,130.0,986.7,0.0
2023-02-10T08:00,14.8,83,12.5,129.0,987.8,0.0
2023-02-10T09:00,17.5,73,10.8,127.0,988.7,0.0
2023-02-10T10:00,20.3,65,10.0,131.0,989.4,0.0
2023-02-10T11:00,22.5,57,8.9,140.0,989.0,0.0
2023-02-10T12:00,24.1,52,8.1,148.0,988.1,0.0
2023-02-10T13:00,25.0,50,7.3,147.0,986.9,0.0
2023-02-10T14:00,25.4,49,6.7,144.0,985.9,0.0
2023-02-10T15:00,25.5,49,6.6,139.0,985.3,0.0
2023-02-10T16:00,25.0,50,6.7,144.0,985.2,0.0
2023-02-10T17:00,24.3,59,4.8,138.0,984.9,0.0
2023-02-10T18:00,21.0,67,7.4,129.0,985.2,0.0
2023-02-10T19:00,18.3,78,10.0,150.0,985.4,0.0
2023-02-10T20:00,17.7,76,9.8,163.0,985.6,0.0
2023-02-10T21:00,17.7,72,8.2,151.0,985.8,0.0
2023-02-10T22:00,16.8,76,9.8,144.0,986.0,0.0
2023-02-10T23:00,16.4,78,9.3,144.0,986.1,0.0
2023-02-11T00:00,16.8,76,7.4,151.0,985.7,0.0
2023-02-11T01:00,15.8,81,8.6,147.0,985.5,0.0
2023-02-11T02:00,17.2,74,5.6,135.0,985.5,0.0
2023-02-11T03:00,16.8,76,2.5,180.0,985.3,0.0
2023-02-11T04:00,13.5,90,5.6,333.0,985.3,0.0
2023-02-11T05:00,13.4,96,7.9,360.0,986.1,0.0
2023-02-11T06:00,13.4,97,5.7,18.0,986.9,0.0
2023-02-11T07:00,13.3,98,5.8,22.0,987.8,0.0
2023-02-11T08:00,15.7,92,3.7,349.0,989.1,0.0
2023-02-11T09:00,18.4,84,2.1,329.0,990.4,0.0
2023-02-11T10:00,21.3,74,2.6,304.0,991.1,0.0
2023-02-11T11:00,23.4,65,6.4,286.0,991.1,0.0
2023-02-11T12:00,24.7,57,10.1,287.0,990.5,0.0
2023-02-11T13:00,25.7,39,13.5,299.0,989.6,0.0
2023-02-11T14:00,25.9,31,15.2,301.0,988.7,0.0
2023-02-11T15:00,25.6,30,16.6,300.0,988.4,0.0
2023-02-11T16:00,24.8,32,14.3,298.0,988.4,0.0
2023-02-11T17:00,22.5,43,11.6,292.0,988.3,0.0
2023-02-11T18:00,20.6,40,12.9,293.0,988.7,0.0
2023-02-11T19:00,19.5,37,11.3,301.0,989.1,0.0
2023-02-11T20:00,17.3,50,10.0,319.0,989.9,0.0
2023-02-11T21:00,16.4,51,10.4,316.0,990.5,0.0
2023-02-11T22:00,16.0,46,10.7,320.0,991.2,0.0
2023-02-11T23:00,15.3,45,11.9,335.0,991.4,0.0
2023-02-12T00:00,14.4,50,11.0,341.0,991.2,0.0
2023-02-12T01:00,13.4,61,9.7,345.0,991.0,0.0
2023-02-12T02:00,12.6,69,9.0,355.0,990.6,0.0
2023-02-12T03:00,12.2,71,9.7,358.0,990.1,0.0
2023-02-12T04:00,11.6,72,9.1,353.0,990.0,0.0
2023-02-12T05:00,11.1,77,9.0,299.0,990.6,0.0
2023-02-12T06:00,11.0,75,10.6,294.0,991.4,0.0
2023-02-12T07:00,10.6,76,9.5,281.0,991.9,0.0
2023-02-12T08:00,12.7,71,11.9,268.0,993.1,0.0
2023-02-12T09:00,15.5,63,11.6,277.0,994.3,0.0
2023-02-12T10:00,18.1,53,12.7,285.0,994.9,0.0
2023-02-12T11:00,20.1,42,15.0,291.0,994.7,0.0
2023-02-12T12:00,21.4,31,17.8,302.0,994.1,0.0
2023-02-12T13:00,21.9,25,21.0,309.0,993.3,0.0
2023-02-12T14:00,21.9,22,22.9,307.0,992.8,0.0
2023-02-12T15:00,21.5,23,23.8,308.0,992.4,0.0
2023-02-12T16:00,20.8,23,22.5,310.0,992.3,0.0
2023-02-12T17:00,19.0,28,17.6,305.0,992.4,0.0
2023-02-12T18:00,17.4,29,18.3,302.0,992.8,0.0
2023-02-12T19:00,16.4,30,19.1,302.0,993.1,0.0
2023-02-12T20:00,15.1,33,17.5,302.0,993.1,0.0
2023-02-12T21:00,14.3,34,18.3,306.0,993.5,0.0
2023-02-12T22:00,13.4,37,17.6,305.0,993.5,0.0
2023-02-12T23:00,12.6,39,17.4,304.0,993.0,0.0
2023-02-13T00:00,12.2,39,17.6,305.0,992.5,0.0
2023-02-13T01:00,11.7,38,18.0,303.0,992.1,0.0
2023-02-13T02:00,11.4,37,18.8,302.0,991.4,0.0
2023-02-13T03:00,10.9,37,19.2,300.0,991.0,0.0
2023-02-13T04:00,10.2,37,18.8,296.0,990.6,0.0
2023-02-13T05:00,10.1,42,20.8,298.0,990.7,0.0
2023-02-13T06:00,9.9,41,21.7,294.0,990.9,0.0
2023-02-13T07:00,9.8,41,21.7,289.0,991.3,0.0
2023-02-13T08:00,11.1,43,20.1,285.0,991.8,0.0
2023-02-13T09:00,13.2,41,23.4,284.0,992.7,0.0
2023-02-13T10:00,15.4,37,25.2,287.0,992.7,0.0
2023-02-13T11:00,17.3,34,26.3,289.0,992.2,0.0
2023-02-13T12:00,18.8,31,27.0,291.0,991.1,0.0
2023-02-13T13:00,20.1,28,27.8,291.0,990.1,0.0
2023-02-13T14:00,20.8,26,27.9,292.0,989.3,0.0
2023-02-13T15:00,21.0,25,26.6,293.0,988.8,0.0
2023-02-13T16:00,20.7,26,25.0,297.0,988.6,0.0
2023-02-13T17:00,18.9,34,19.7,291.0,989.1,0.0
2023-02-13T18:00,17.4,35,20.0,288.0,989.5,0.0
2023-02-13T19:00,16.7,34,21.0,286.0,989.9,0.0
2023-02-13T20:00,16.5,34,22.2,287.0,990.1,0.0
2023-02-13T21:00,16.0,34,20.7,290.0,990.5,0.0
2023-02-13T22:00,15.5,34,21.0,292.0,991.1,0.0
2023-02-13T23:00,14.8,35,20.1,294.0,991.1,0.0
2023-02-14T00:00,14.2,36,19.3,294.0,990.8,0.0
2023-02-14T01:00,13.7,36,19.2,296.0,990.6,0.0
2023-02-14T02:00,13.3,37,17.9,295.0,990.2,0.0
2023-02-14T03:00,12.7,38,16.1,297.0,989.6,0.0
2023-02-14T04:00,12.3,39,16.1,290.0,989.6,0.0
2023-02-14T05:00,11.5,46,13.2,287.0,990.3,0.0
2023-02-14T06:00,11.0,47,13.5,279.0,990.7,0.0
2023-02-14T07:00,11.0,50,14.5,276.0,991.3,0.0
2023-02-14T08:00,12.9,52,16.0,278.0,992.3,0.0
2023-02-14T09:00,15.6,49,15.0,287.0,993.4,0.0
2023-02-14T10:00,18.2,44,13.5,295.0,993.6,0.0
2023-02-14T11:00,20.6,39,13.7,305.0,992.9,0.0
2023-02-14T12:00,22.2,35,17.6,316.0,992.5,0.0
2023-02-14T13:00,23.0,35,16.8,317.0,991.3,0.0
2023-02-14T14:00,23.5,35,17.3,317.0,990.4,0.0
2023-02-14T15:00,23.5,35,17.1,316.0,989.8,0.0
2023-02-14T16:00,23.0,37,14.5,312.0,989.1,0.0
2023-02-14T17:00,20.6,45,8.7,300.0,988.8,0.0
2023-02-14T18:00,18.2,52,8.7,287.0,988.7,0.0
2023-02-14T19:00,17.6,53,10.0,296.0,989.3,0.0
2023-02-14T20:00,17.0,54,11.6,306.0,989.9,0.0
2023-02-14T21:00,16.5,53,11.4,298.0,990.0,0.0
2023-02-14T22:00,15.8,54,12.4,300.0,989.8,0.0
2023-02-14T23:00,15.2,54,13.4,297.0,989.6,0.0
2023-02-15T00:00,14.4,57,11.8,297.0,988.7,0.0
2023-02-15T01:00,13.6,60,12.4,292.0,988.1,0.0
2023-02-15T02:00,13.4,60,14.6,290.0,987.7,0.0
2023-02-15T03:00,13.4,59,15.7,290.0,987.2,0.0
2023-02-15T04:00,13.5,56,17.3,291.0,986.9,0.0
2023-02-15T05:00,12.8,64,16.9,282.0,987.4,0.0
2023-02-15T06:00,12.8,63,17.1,278.0,987.5,0.0
2023-02-15T07:00,13.0,62,16.8,279.0,988.0,0.0
2023-02-15T08:00,14.9,61,18.3,280.0,988.8,0.0
2023-02-15T09:00,17.6,55,17.0,287.0,989.7,0.0
2023-02-15T10:00,20.2,49,17.3,293.0,990.0,0.0
2023-02-15T11:00,22.4,45,18.2,295.0,989.9,0.0
2023-02-15T12:00,24.0,42,19.7,294.0,989.0,0.0
2023-02-15T13:00,25.0,40,20.9,294.0,988.2,0.0
2023-02-15T14:00,25.5,39,20.4,296.0,987.4,0.0
2023-02-15T15:00,25.7,39,20.0,296.0,987.3,0.0
2023-02-15T16:00,25.3,41,17.9,295.0,987.0,0.0
2023-02-15T17:00,23.1,48,10.3,295.0,986.8,0.0
2023-02-15T18:00,20.7,57,10.2,293.0,987.1,0.0
2023-02-15T19:00,19.5,61,10.0,291.0,987.5,0.0
2023-02-15T20:00,18.6,61,10.3,295.0,987.8,0.0
2023-02-15T21:00,17.9,61,9.8,298.0,988.3,0.0
2023-02-15T22:00,16.8,63,8.9,302.0,988.5,0.0
2023-02-15T23:00,15.8,67,7.9,300.0,988.6,0.0
2023-02-16T00:00,14.4,74,8.9,317.0,988.4,0.0
2023-02-16T01:00,13.2,80,11.0,322.0,988.1,0.0
2023-02-16T02:00,12.9,80,9.4,317.0,987.6,0.0
2023-02-16T03:00,12.7,80,6.9,309.0,987.4,0.0
2023-02-16T04:00,12.3,82,5.3,307.0,987.4,0.0
2023-02-16T05:00,11.6,87,,,988.5,0.0
2023-02-16T06:00,11.5,88,,,988.7,0.0
2023-02-16T07:00,12.1,86,,,989.7,0.0
2023-02-16T08:00,15.1,78,,,990.9,0.0
2023-02-16T09:00,17.9,68,,,991.9,0.0
2023-02-16T10:00,20.5,61,,180.0,992.2,0.0
2023-02-16T11:00,22.7,55,,,992.0,0.0
2023-02-16T12:00,24.3,51,,,991.2,0.0
2023-02-16T13:00,25.4,48,,180.0,990.0,0.0
2023-02-16T14:00,26.0,47,,,989.1,0.0
2023-02-16T15:00,26.2,47,,,988.7,0.0
2023-02-16T16:00,25.7,48,,,988.8,0.0
2023-02-16T17:00,23.7,64,,,988.7,0.0
2023-02-16T18:00,19.8,76,,,989.1,0.0
2023-02-16T19:00,21.3,67,,,989.9,0.0
2023-02-16T20:00,21.6,65,,,990.6,0.0
2023-02-16T21:00,17.0,85,,,990.7,0.0
2023-02-16T22:00,16.1,87,,,990.8,0.0
2023-02-16T23:00,15.3,89,,,990.7,0.0
2023-02-17T00:00,15.0,89,,,990.6,0.0
2023-02-17T01:00,16.8,82,,,990.6,0.0
2023-02-17T02:00,16.8,81,,,990.3,0.0
2023-02-17T03:00,14.6,88,,,989.7,0.0
2023-02-17T04:00,14.0,89,,,989.4,0.0
2023-02-17T05:00,13.8,95,,,990.0,0.0
2023-02-17T06:00,14.4,94,,,990.8,0.0
2023-02-17T07:00,13.3,96,,,991.3,0.0
2023-02-17T08:00,16.3,87,,,992.3,0.0
2023-02-17T09:00,19.8,77,,,993.2,0.0
2023-02-17T10:00,22.5,66,,,993.8,0.0
2023-02-17T11:00,24.2,59,,,993.4,0.0
2023-02-17T12:00,25.3,55,,,992.5,0.0
2023-02-17T13:00,26.2,53,,,991.5,0.0
2023-02-17T14:00,26.6,52,,180.0,990.6,0.0
2023-02-17T15:00,26.7,52,,,989.9,0.0
2023-02-17T16:00,26.3,52,,,989.9,0.0
2023-02-17T17:00,24.9,61,,,989.8,0.0
2023-02-17T18:00,21.3,76,,,990.1,0.0
2023-02-17T19:00,19.6,85,,,990.3,0.0
2023-02-17T20:00,19.0,85,,,990.6,0.0
2023-02-17T21:00,18.7,86,,,990.6,0.0
2023-02-17T22:00,18.2,87,,,990.9,0.0
2023-02-17T23:00,16.2,90,,,990.5,0.0
2023-02-18T00:00,15.4,91,,,990.2,0.0
2023-02-18T01:00,15.0,91,,,989.9,0.0
2023-02-18T02:00,14.4,93,,,989.4,0.0
2023-02-18T03:00,13.6,95,,,988.8,0.0
2023-02-18T04:00,13.2,96,,,988.7,0.0
2023-02-18T05:00,12.6,99,,,989.4,0.0
2023-02-18T06:00,12.5,100,,,989.9,0.0
2023-02-18T07:00,13.0,98,,,990.7,0.0
2023-02-18T08:00,15.0,97,,,991.7,0.0
2023-02-18T09:00,18.3,89,,,992.6,0.0
2023-02-18T10:00,21.6,74,,,993.1,0.0
2023-02-18T11:00,23.7,60,,,992.8,0.0
2023-02-18T12:00,25.0,52,,,991.7,0.0
2023-02-18T13:00,25.9,47,,,990.5,0.0
2023-02-18T14:00,26.4,46,,,989.5,0.0
2023-02-18T15:00,26.4,47,,,989.1,0.0
2023-02-18T16:00,25.9,50,,,988.9,0.0
2023-02-18T17:00,24.9,61,,,988.6,0.0
2023-02-18T18:00,21.3,74,,,988.7,0.0
2023-02-18T19:00,19.9,78,,,989.3,0.0
2023-02-18T20:00,20.0,75,,,990.0,0.0
2023-02-18T21:00,19.2,78,,,990.3,0.0
2023-02-18T22:00,17.4,86,,,990.5,0.0
2023-02-18T23:00,16.9,87,,,990.4,0.0
2023-02-19T00:00,19.5,76,,,989.7,0.0
2023-02-19T01:00,19.2,76,,,989.4,0.0
2023-02-19T02:00,17.4,81,,,988.9,0.0
2023-02-19T03:00,18.0,79,,,988.4,0.0
2023-02-19T04:00,17.9,79,,,988.0,0.0
2023-02-19T05:00,14.9,92,,,988.9,0.0
2023-02-19T06:00,15.7,90,,,989.7,0.0
2023-02-19T07:00,14.8,96,,,990.4,0.0
2023-02-19T08:00,16.4,93,,,991.2,0.0
2023-02-19T09:00,20.0,83,,,992.0,0.0
2023-02-19T10:00,23.4,64,,,991.9,0.0
2023-02-19T11:00,25.4,51,,,991.7,0.0
2023-02-19T12:00,26.6,46,,,990.8,0.0
2023-02-19T13:00,27.4,43,,,989.5,0.0
2023-02-19T14:00,27.8,42,,,988.5,0.0
2023-02-19T15:00,27.9,43,,,988.1,0.0
2023-02-19T16:00,27.5,44,,,987.8,0.0
2023-02-19T17:00,26.3,55,,,987.6,0.0
2023-02-19T18:00,23.1,61,,,987.5,0.0
2023-02-19T19:00,21.1,70,,,987.9,0.0
2023-02-19T20:00,20.1,76,,,988.3,0.0
2023-02-19T21:00,18.8,80,,,988.2,0.0
2023-02-19T22:00,17.4,84,,,988.0,0.0
2023-02-19T23:00,17.5,83,,,987.7,0.0
2023-02-20T00:00,17.1,83,,,987.3,0.0
2023-02-20T01:00,16.8,84,,,986.7,0.0
2023-02-20T02:00,16.5,87,,,986.2,0.0
2023-02-20T03:00,15.3,91,,,985.7,0.0
2023-02-20T04:00,15.5,89,,,985.7,0.0
2023-02-20T05:00,15.9,89,,,986.1,0.0
2023-02-20T06:00,15.5,91,,,986.5,0.0
2023-02-20T07:00,15.4,93,,,987.0,0.0
2023-02-20T08:00,18.8,84,,,988.1,0.0
2023-02-20T09:00,22.5,69,,,988.9,0.0
2023-02-20T10:00,25.5,53,,,989.1,0.0
2023-02-20T11:00,27.5,44,,,988.9,0.0
2023-02-20T12:00,28.9,39,,,988.0,0.0
2023-02-20T13:00,29.9,35,,,986.9,0.0
2023-02-20T14:00,30.5,32,,,985.9,0.0
2023-02-20T15:00,30.7,31,,,985.5,0.0
2023-02-20T16:00,30.1,36,,,985.2,0.0
2023-02-20T17:00,27.4,53,,,984.8,0.0
2023-02-20T18:00,24.8,58,,,985.0,0.0
2023-02-20T19:00,23.9,64,,,985.4,0.0
2023-02-20T20:00,23.4,62,,,985.8,0.0
2023-02-20T21:00,22.5,63,,,985.7,0.0
2023-02-20T22:00,21.5,64,,,985.8,0.0
2023-02-20T23:00,20.9,65,,,985.6,0.0
2023-02-21T00:00,20.4,64,,,985.0,0.0
2023-02-21T01:00,19.7,63,,,984.6,0.0
2023-02-21T02:00,18.7,64,,,983.9,0.0
2023-02-21T03:00,18.0,65,,,983.7,0.0
2023-02-21T04:00,17.4,66,,,983.6,0.0
2023-02-21T05:00,16.2,80,,,984.2,0.0
2023-02-21T06:00,15.1,85,,,984.9,0.0
2023-02-21T07:00,16.2,79,,,985.8,0.0
2023-02-21T08:00,19.3,62,,,986.8,0.0
2023-02-21T09:00,21.6,46,,,987.5,0.0
2023-02-21T10:00,23.5,44,,,987.8,0.0
2023-02-21T11:00,25.5,42,,,987.6,0.0
2023-02-21T12:00,27.2,42,,,987.0,0.0
2023-02-21T13:00,28.2,42,,,986.4,0.0
2023-02-21T14:00,28.9,42,,,985.7,0.0
2023-02-21T15:00,29.1,41,,,985.4,0.0
2023-02-21T16:00,28.6,40,,,985.4,0.0
2023-02-21T17:00,26.6,54,,,985.0,0.0
2023-02-21T18:00,22.7,65,,,985.4,0.0
2023-02-21T19:00,25.8,47,,,986.1,0.0
2023-02-21T20:00,25.1,46,,,986.6,0.0
2023-02-21T21:00,18.7,64,,,986.9,0.0
2023-02-21T22:00,17.5,68,,,987.0,0.0
2023-02-21T23:00,16.9,74,,,987.1,0.0
2023-02-22T00:00,19.6,64,,,987.2,0.0
2023-02-22T01:00,16.4,80,,,986.9,0.0
2023-02-22T02:00,14.6,89,,,986.7,0.0
2023-02-22T03:00,14.3,90,,,986.3,0.0
2023-02-22T04:00,13.5,92,,,986.0,0.0
2023-02-22T05:00,14.3,99,,,986.5,0.0
2023-02-22T06:00,14.5,100,,,987.1,0.0
2023-02-22T07:00,14.9,99,,,987.8,0.0
2023-02-22T08:00,17.2,90,,,988.7,0.0
2023-02-22T09:00,20.6,73,,,989.4,0.0
2023-02-22T10:00,23.4,59,,,989.7,0.0
2023-02-22T11:00,25.5,48,,,989.2,0.0
2023-02-22T12:00,26.9,40,,,988.4,0.0
2023-02-22T13:00,27.9,34,,,987.9,0.0
2023-02-22T14:00,28.4,29,,,987.3,0.0
2023-02-22T15:00,28.1,28,,,987.0,0.0
2023-02-22T16:00,27.4,31,,,987.0,0.0
2023-02-22T17:00,25.5,41,,,987.0,0.0
2023-02-22T18:00,21.8,50,,,987.4,0.0
2023-02-22T19:00,21.3,51,,,987.8,0.0
2023-02-22T20:00,20.3,52,,,988.2,0.0
2023-02-22T21:00,19.9,52,,,988.3,0.0
2023-02-22T22:00,18.7,55,,,988.1,0.0
2023-02-22T23:00,18.1,56,,,987.9,0.0
2023-02-23T00:00,17.6,59,,,987.9,0.0
2023-02-23T01:00,16.7,64,,,987.8,0.0
2023-02-23T02:00,15.5,68,,,987.2,0.0
2023-02-23T03:00,14.9,69,,,986.9,0.0
2023-02-23T04:00,14.2,72,,,986.6,0.0
2023-02-23T05:00,14.1,83,,,986.7,0.0
2023-02-23T06:00,14.0,81,,,987.3,0.0
2023-02-23T07:00,14.3,77,,,987.9,0.0
2023-02-23T08:00,16.9,69,,,988.9,0.0
2023-02-23T09:00,19.8,58,,,989.6,0.0
2023-02-23T10:00,22.2,51,,,989.8,0.0
2023-02-23T11:00,24.4,45,,,989.4,0.0
2023-02-23T12:00,26.1,36,,,988.6,0.0
2023-02-23T13:00,27.0,33,,,987.7,0.0
2023-02-23T14:00,27.4,31,,,987.1,0.0
2023-02-23T15:00,27.4,27,,,987.0,0.0
2023-02-23T16:00,26.9,27,,,986.8,0.0
2023-02-23T17:00,24.8,34,,,987.0,0.0
2023-02-23T18:00,21.4,45,,,987.4,0.0
2023-02-23T19:00,20.3,49,,,987.9,0.0
2023-02-23T20:00,19.5,49,,,988.5,0.0
2023-02-23T21:00,19.0,48,,,988.8,0.0
2023-02-23T22:00,18.2,48,,,989.0,0.0
2023-02-23T23:00,17.1,50,,,988.9,0.0
2023-02-24T00:00,16.3,52,,,988.7,0.0
2023-02-24T01:00,15.8,53,,,988.5,0.0
2023-02-24T02:00,15.2,56,,,987.9,0.0
2023-02-24T03:00,14.5,59,,,987.5,0.0
2023-02-24T04:00,13.9,62,,,987.5,0.0
2023-02-24T05:00,13.2,71,,,988.2,0.0
2023-02-24T06:00,13.0,72,,,988.7,0.0
2023-02-24T07:00,13.5,72,,,989.4,0.0
2023-02-24T08:00,16.6,63,,,990.4,0.0
2023-02-24T09:00,19.9,56,,,991.4,0.0
2023-02-24T10:00,22.8,46,,,991.9,0.0
2023-02-24T11:00,25.0,39,,,991.8,0.0
2023-02-24T12:00,26.6,32,,,991.2,0.0
2023-02-24T13:00,27.5,27,,,990.1,0.0
2023-02-24T14:00,27.9,26,,,989.6,0.0
2023-02-24T15:00,27.6,26,,,989.3,0.0
2023-02-24T16:00,26.9,28,,,989.2,0.0
2023-02-24T17:00,25.4,42,,,989.2,0.0
2023-02-24T18:00,22.2,48,,,989.6,0.0
2023-02-24T19:00,20.7,51,,,989.8,0.0
2023-02-24T20:00,19.2,56,,,990.1,0.0
2023-02-24T21:00,18.4,59,,,990.8,0.0
2023-02-24T22:00,17.4,64,,,990.7,0.0
2023-02-24T23:00,16.5,66,,,990.7,0.0
2023-02-25T00:00,16.1,63,,,990.5,0.0
2023-02-25T01:00,15.7,62,,,990.3,0.0
2023-02-25T02:00,15.3,62,,,990.0,0.0
2023-02-25T03:00,14.5,64,,,989.8,0.0
2023-02-25T04:00,14.0,66,,,989.8,0.0
2023-02-25T05:00,13.4,77,,,990.5,0.0
2023-02-25T06:00,13.6,76,,,991.0,0.0
2023-02-25T07:00,14.3,74,,,991.6,0.0
2023-02-25T08:00,17.7,65,,,992.6,0.0
2023-02-25T09:00,21.5,55,,,993.4,0.0
2023-02-25T10:00,24.3,48,,,993.6,0.0
2023-02-25T11:00,26.3,40,,,993.5,0.0
2023-02-25T12:00,27.4,35,,,992.7,0.0
2023-02-25T13:00,28.1,34,,,991.7,0.0
2023-02-25T14:00,28.4,32,,,990.8,0.0
2023-02-25T15:00,28.3,32,,,990.3,0.0
2023-02-25T16:00,27.7,34,,,990.4,0.0
2023-02-25T17:00,26.1,44,,,990.3,0.0
2023-02-25T18:00,22.2,56,,,990.4,0.0
2023-02-25T19:00,24.2,46,,,991.1,0.0
2023-02-25T20:00,24.9,42,,,991.9,0.0
2023-02-25T21:00,22.6,49,,,992.4,0.0
2023-02-25T22:00,18.7,66,,,992.2,0.0
2023-02-25T23:00,18.5,68,,,992.1,0.0
2023-02-26T00:00,19.3,63,,,992.2,0.0
2023-02-26T01:00,19.7,60,,,992.2,0.0
2023-02-26T02:00,20.2,57,,,992.1,0.0
2023-02-26T03:00,19.1,60,,,991.7,0.0
2023-02-26T04:00,15.8,75,,,991.7,0.0
2023-02-26T05:00,14.8,80,,,992.2,0.0
2023-02-26T06:00,14.4,80,,,992.5,0.0
2023-02-26T07:00,15.5,75,,,993.2,0.0
2023-02-26T08:00,18.9,64,,,994.3,0.0
2023-02-26T09:00,22.5,54,,,995.2,0.0
2023-02-26T10:00,25.4,44,,,995.8,0.0
2023-02-26T11:00,27.2,37,,180.0,995.4,0.0
2023-02-26T12:00,28.4,33,,180.0,994.6,0.0
2023-02-26T13:00,29.1,31,,,993.3,0.0
2023-02-26T14:00,29.5,29,,,992.4,0.0
2023-02-26T15:00,29.4,29,,,991.9,0.0
2023-02-26T16:00,28.8,29,,,992.0,0.0
2023-02-26T17:00,27.1,36,,,991.9,0.0
2023-02-26T18:00,25.1,40,,,992.1,0.0
2023-02-26T19:00,21.7,49,,,992.5,0.0
2023-02-26T20:00,22.4,41,,,993.0,0.0
2023-02-26T21:00,22.6,40,,,993.4,0.0
2023-02-26T22:00,20.4,53,,,993.2,0.0
2023-02-26T23:00,19.6,58,,,992.9,0.0
2023-02-27T00:00,17.8,66,,,992.6,0.0
2023-02-27T01:00,16.9,69,,,992.1,0.0
2023-02-27T02:00,19.1,59,,,991.9,0.0
2023-02-27T03:00,17.4,66,,,991.6,0.0
2023-02-27T04:00,16.5,70,,,991.4,0.0
2023-02-27T05:00,16.1,82,,,991.8,0.0
2023-02-27T06:00,15.6,85,,180.0,992.0,0.0
2023-02-27T07:00,17.0,79,,180.0,992.7,0.0
2023-02-27T08:00,19.6,72,,,993.9,0.0
2023-02-27T09:00,22.2,65,,,994.9,0.0
2023-02-27T10:00,25.1,56,,,995.2,0.0
2023-02-27T11:00,27.5,45,,,995.0,0.0
2023-02-27T12:00,29.0,35,,,994.1,0.0
2023-02-27T13:00,29.7,29,,,992.9,0.0
2023-02-27T14:00,29.8,27,,,992.0,0.0
2023-02-27T15:00,29.6,27,,,991.6,0.0
2023-02-27T16:00,28.8,24,,,991.6,0.0
2023-02-27T17:00,26.6,35,,,991.3,0.0
2023-02-27T18:00,22.2,51,,,991.4,0.0
2023-02-27T19:00,22.5,47,,,992.1,0.0
2023-02-27T20:00,20.3,51,,,992.3,0.0
2023-02-27T21:00,23.8,36,,,992.8,0.0
2023-02-27T22:00,21.4,42,,180.0,992.8,0.0
2023-02-27T23:00,19.7,46,,,992.3,0.0
2023-02-28T00:00,19.0,47,,,991.9,0.0
2023-02-28T01:00,17.4,53,,,991.7,0.0
2023-02-28T02:00,16.6,56,,,991.3,0.0
2023-02-28T03:00,15.0,62,,,990.9,0.0
2023-02-28T04:00,15.0,61,,,990.8,0.0
2023-02-28T05:00,14.4,82,,,991.1,0.0
2023-02-28T06:00,14.3,84,,,991.6,0.0
2023-02-28T07:00,16.0,78,,,992.4,0.0
2023-02-28T08:00,19.5,66,,,993.6,0.0
2023-02-28T09:00,23.1,55,,,994.6,0.0
2023-02-28T10:00,25.7,44,,,994.9,0.0
2023-02-28T11:00,27.6,37,,,994.8,0.0
2023-02-28T12:00,28.7,33,,,994.1,0.0
2023-02-28T13:00,29.3,32,,,993.2,0.0
2023-02-28T14:00,29.2,29,,,992.3,0.0
2023-02-28T15:00,28.6,31,,,991.6,0.0
2023-02-28T16:00,28.3,31,,,991.6,0.0
2023-02-28T17:00,25.9,36,,180.0,991.9,0.0
2023-02-28T18:00,24.5,39,,,992.1,0.0
2023-02-28T19:00,23.5,41,,,992.3,0.0
2023-02-28T20:00,22.0,41,,,993.2,0.0
2023-02-28T21:00,20.1,45,,,993.6,0.0
2023-02-28T22:00,18.8,50,,,993.5,0.0
2023-02-28T23:00,17.6,56,,,993.2,0.0
2023-03-01T00:00,16.6,61,,,992.8,0.0
2023-03-01T01:00,16.3,63,,,992.2,0.0
2023-03-01T02:00,15.7,65,,,991.4,0.0
2023-03-01T03:00,15.9,62,,,991.2,0.0
2023-03-01T04:00,16.4,58,,,991.3,0.0
2023-03-01T05:00,16.0,72,,,992.8,0.0
2023-03-01T06:00,17.2,65,,,993.2,0.0
2023-03-01T07:00,18.0,61,,,994.6,0.0
2023-03-01T08:00,19.4,56,,,995.6,0.0
2023-03-01T09:00,21.4,53,,,996.7,0.0
2023-03-01T10:00,24.1,46,,,996.8,0.0
2023-03-01T11:00,26.4,40,,,996.7,0.0
2023-03-01T12:00,27.9,35,,,995.9,0.0
2023-03-01T13:00,29.0,31,,,994.7,0.0
2023-03-01T14:00,29.6,29,,,993.4,0.0
2023-03-01T15:00,29.7,28,,,992.4,0.0
2023-03-01T16:00,29.1,28,,,992.6,0.0
2023-03-01T17:00,27.1,38,,,992.8,0.0
2023-03-01T18:00,24.6,43,,,993.2,0.0
2023-03-01T19:00,23.6,43,,180.0,993.8,0.0
2023-03-01T20:00,23.4,41,,,994.1,0.0
2023-03-01T21:00,19.9,53,,,994.5,0.0
2023-03-01T22:00,19.2,56,,180.0,994.5,0.0
2023-03-01T23:00,18.3,60,,,994.1,0.0
2023-03-02T00:00,17.4,64,,,993.3,0.0
2023-03-02T01:00,17.0,65,,,992.8,0.0
2023-03-02T02:00,16.4,67,,,992.5,0.0
2023-03-02T03:00,16.0,67,,,992.0,0.0
2023-03-02T04:00,15.2,71,,,992.0,0.0
2023-03-02T05:00,15.4,84,,,992.7,0.0
2023-03-02T06:00,16.0,81,,,993.3,0.0
2023-03-02T07:00,16.8,78,,,994.2,0.0
2023-03-02T08:00,19.7,69,,,995.4,0.0
2023-03-02T09:00,22.7,58,,,996.2,0.0
2023-03-02T10:00,25.7,47,,,996.5,0.0
2023-03-02T11:00,27.8,40,,,996.0,0.0
2023-03-02T12:00,29.1,34,,,995.1,0.0
2023-03-02T13:00,29.8,32,,,994.2,0.0
2023-03-02T14:00,30.0,32,,,993.2,0.0
2023-03-02T15:00,29.8,31,,,992.3,0.0
2023-03-02T16:00,29.0,33,,,992.3,0.0
2023-03-02T17:00,27.9,37,,,992.9,0.0
2023-03-02T18:00,25.2,46,,,993.3,0.0
2023-03-02T19:00,23.4,52,,,993.6,0.0
2023-03-02T20:00,21.9,51,,,994.0,0.0
2023-03-02T21:00,19.7,59,,,994.3,0.0
2023-03-02T22:00,19.2,60,,,994.5,0.0
2023-03-02T23:00,18.9,60,,,994.2,0.0
2023-03-03T00:00,18.4,61,,,993.8,0.0
2023-03-03T01:00,18.0,63,,,993.2,0.0
2023-03-03T02:00,17.6,64,,,993.0,0.0
2023-03-03T03:00,17.3,64,,,992.7,0.0
2023-03-03T04:00,16.8,66,,,992.9,0.0
2023-03-03T05:00,16.8,80,,,993.7,0.0
2023-03-03T06:00,16.8,81,,,994.4,0.0
2023-03-03T07:00,17.5,78,,,995.1,0.0
2023-03-03T08:00,20.0,69,,,996.1,0.0
2023-03-03T09:00,23.0,59,,,996.7,0.0
2023-03-03T10:00,26.0,50,,,996.8,0.0
2023-03-03T11:00,28.4,41,,,996.4,0.0
2023-03-03T12:00,29.7,36,,,995.4,0.0
2023-03-03T13:00,30.3,33,,,994.2,0.0
2023-03-03T14:00,30.6,31,,,993.3,0.0
2023-03-03T15:00,29.1,31,,,993.1,0.0
2023-03-03T16:00,28.6,33,,,993.0,0.0
2023-03-03T17:00,26.2,52,,,993.0,0.0
2023-03-03T18:00,23.9,58,,,993.1,0.0
2023-03-03T19:00,23.1,60,,,993.4,0.0
2023-03-03T20:00,22.5,60,,,994.0,0.0
2023-03-03T21:00,22.1,56,,,994.3,0.0
2023-03-03T22:00,21.2,56,,,994.5,0.0
2023-03-03T23:00,20.1,58,,,994.3,0.0
2023-03-04T00:00,19.2,60,,,993.9,0.0
2023-03-04T01:00,18.6,59,,,993.5,0.0
2023-03-04T02:00,18.3,60,,,993.1,0.0
2023-03-04T03:00,17.9,63,,,993.0,0.0
2023-03-04T04:00,17.5,66,,,993.1,0.0
2023-03-04T05:00,17.8,72,,,994.1,0.0
2023-03-04T06:00,17.6,72,,,994.6,0.0
2023-03-04T07:00,18.2,68,,,995.4,0.0
2023-03-04T08:00,20.5,62,,,996.5,0.0
2023-03-04T09:00,23.1,54,,,997.4,0.0
2023-03-04T10:00,25.7,46,,,997.5,0.0
2023-03-04T11:00,27.6,38,,,997.0,0.0
2023-03-04T12:00,28.9,35,,,996.0,0.0
2023-03-04T13:00,29.5,32,,,994.3,0.0
2023-03-04T14:00,29.8,30,,,993.0,0.0
2023-03-04T15:00,29.8,29,,,992.4,0.0
2023-03-04T16:00,29.0,31,,,992.3,0.0
2023-03-04T17:00,25.5,47,,,993.3,0.0
2023-03-04T18:00,23.4,54,,,993.3,0.0
2023-03-04T19:00,21.8,61,,,993.8,0.0
2023-03-04T20:00,20.7,64,,,994.3,0.0
2023-03-04T21:00,20.0,66,,,994.5,0.0
2023-03-04T22:00,19.2,67,,,994.8,0.0
2023-03-04T23:00,19.0,67,,,994.3,0.0
2023-03-05T00:00,18.5,69,,,993.8,0.0
2023-03-05T01:00,17.7,73,,,993.4,0.0
2023-03-05T02:00,17.3,75,,,993.0,0.0
2023-03-05T03:00,16.8,77,,,992.9,0.0
2023-03-05T04:00,16.5,79,,,992.7,0.0
2023-03-05T05:00,16.3,81,,,993.3,0.0
2023-03-05T06:00,16.7,77,,,993.9,0.0
2023-03-05T07:00,17.3,74,,,994.4,0.0
2023-03-05T08:00,20.4,65,,,995.5,0.0
2023-03-05T09:00,23.7,54,,,996.2,0.0
2023-03-05T10:00,26.2,45,,,996.3,0.0
2023-03-05T11:00,27.8,38,,,995.9,0.0
2023-03-05T12:00,28.7,34,,,994.6,0.0
2023-03-05T13:00,29.4,31,,,993.3,0.0
2023-03-05T14:00,29.6,28,,,992.2,0.0
2023-03-05T15:00,29.4,25,,,991.5,0.0
2023-03-05T16:00,28.6,27,,,991.2,0.0
2023-03-05T17:00,27.0,34,,,991.7,0.0
2023-03-05T18:00,24.7,40,,,991.6,0.0
2023-03-05T19:00,23.1,46,,,991.8,0.0
2023-03-05T20:00,21.8,47,,,992.4,0.0
2023-03-05T21:00,20.8,51,,,992.7,0.0
2023-03-05T22:00,19.9,54,,,992.8,0.0
2023-03-05T23:00,19.1,53,,,992.7,0.0
2023-03-06T00:00,18.5,54,,,992.3,0.0
2023-03-06T01:00,17.9,56,,,991.4,0.0
2023-03-06T02:00,17.2,59,,,990.9,0.0
2023-03-06T03:00,16.7,62,,,990.7,0.0
2023-03-06T04:00,15.9,65,,,990.7,0.0
2023-03-06T05:00,15.9,73,,,991.0,0.0
2023-03-06T06:00,16.0,73,,,991.8,0.0
2023-03-06T07:00,16.7,71,,,992.4,0.0
2023-03-06T08:00,19.6,64,,,993.1,0.0
2023-03-06T09:00,22.6,54,,,994.0,0.0
2023-03-06T10:00,25.3,45,,,994.2,0.0
2023-03-06T11:00,27.1,37,,,993.8,0.0
2023-03-06T12:00,28.1,32,,,992.7,0.0
2023-03-06T13:00,28.6,29,,,991.1,0.0
2023-03-06T14:00,28.7,28,,,990.1,0.0
2023-03-06T15:00,28.5,28,,,989.2,0.0
2023-03-06T16:00,28.1,28,,,989.0,0.0
2023-03-06T17:00,26.3,34,,,989.1,0.0
2023-03-06T18:00,22.4,46,,,989.0,0.0
2023-03-06T19:00,21.3,48,,,989.5,0.0
2023-03-06T20:00,20.7,50,,,989.8,0.0
2023-03-06T21:00,19.5,54,,,990.1,0.0
2023-03-06T22:00,20.0,51,,,990.4,0.0
2023-03-06T23:00,19.0,53,,,990.4,0.0
2023-03-07T00:00,18.0,54,,,990.1,0.0
2023-03-07T01:00,17.4,57,,,990.3,0.0
2023-03-07T02:00,17.0,59,,,990.0,0.0
2023-03-07T03:00,16.6,61,,,989.8,0.0
2023-03-07T04:00,15.9,64,,,989.7,0.0
2023-03-07T05:00,15.8,72,,,990.1,0.0
2023-03-07T06:00,16.0,72,,,990.6,0.0
2023-03-07T07:00,17.1,70,,,991.4,0.0
2023-03-07T08:00,20.2,61,,,992.2,0.0
2023-03-07T09:00,23.5,52,,,993.1,0.0
2023-03-07T10:00,25.9,39,,,993.2,0.0
2023-03-07T11:00,27.3,32,,,993.1,0.0
2023-03-07T12:00,28.2,27,,,992.4,0.0
2023-03-07T13:00,28.6,25,,,991.3,0.0
2023-03-07T14:00,28.7,24,,,990.4,0.0
2023-03-07T15:00,28.4,25,,,989.7,0.0
2023-03-07T16:00,28.0,26,,,989.2,0.0
2023-03-07T17:00,26.3,37,,,989.4,0.0
2023-03-07T18:00,25.9,33,,,989.9,0.0
2023-03-07T19:00,20.9,52,,,989.9,0.0
2023-03-07T20:00,20.6,53,,,990.5,0.0
2023-03-07T21:00,20.2,53,,,990.9,0.0
2023-03-07T22:00,18.8,55,,,991.0,0.0
2023-03-07T23:00,18.1,56,,,990.9,0.0
2023-03-08T00:00,17.7,57,,,990.7,0.0
2023-03-08T01:00,18.0,55,,,990.4,0.0
2023-03-08T02:00,21.1,42,,,990.2,0.0
2023-03-08T03:00,15.9,66,,,989.8,0.0
2023-03-08T04:00,15.3,71,,,989.8,0.0
2023-03-08T05:00,14.8,81,,,991.4,0.0
2023-03-08T06:00,15.2,80,,,991.8,0.0
2023-03-08T07:00,17.0,72,,,992.4,0.0
2023-03-08T08:00,19.9,63,,,993.4,0.0
2023-03-08T09:00,23.1,53,,,994.3,0.0
2023-03-08T10:00,25.7,44,,,994.6,0.0
2023-03-08T11:00,27.1,38,,,994.2,0.0
2023-03-08T12:00,28.2,33,,,993.1,0.0
2023-03-08T13:00,27.1,30,,,992.3,0.2
2023-03-08T14:00,26.8,32,,,991.6,0.0
2023-03-08T15:00,26.3,36,,,991.0,0.0
2023-03-08T16:00,25.0,41,,,991.0,0.0
2023-03-08T17:00,24.5,46,,,990.6,0.0
2023-03-08T18:00,22.8,52,,,991.1,0.0
2023-03-08T19:00,21.2,59,,,991.3,0.0
2023-03-08T20:00,20.6,59,,,991.9,0.0
2023-03-08T21:00,20.5,56,,,992.2,0.0
2023-03-08T22:00,19.7,59,,,992.2,0.0
2023-03-08T23:00,18.1,68,,,992.0,0.0
2023-03-09T00:00,16.9,76,,,991.9,0.0
2023-03-09T01:00,16.3,80,,,991.5,0.0
2023-03-09T02:00,16.4,80,,,990.8,0.0
2023-03-09T03:00,15.9,83,,,990.5,0.0
2023-03-09T04:00,16.0,82,,,990.2,0.0
2023-03-09T05:00,16.2,85,6.3,246.0,991.1,0.0
2023-03-09T06:00,16.7,80,6.6,257.0,991.8,0.0
2023-03-09T07:00,17.8,75,10.9,278.0,992.6,0.0
2023-03-09T08:00,20.8,66,8.9,291.0,993.4,0.0
2023-03-09T09:00,23.7,55,10.0,311.0,994.4,0.0
2023-03-09T10:00,25.9,45,11.0,319.0,994.4,0.0
2023-03-09T11:00,27.5,36,10.6,325.0,993.8,0.0
2023-03-09T12:00,27.0,38,7.0,192.0,993.3,0.0
2023-03-09T13:00,26.9,37,8.6,202.0,992.5,0.5
2023-03-09T14:00,27.1,38,8.4,170.0,991.6,0.0
2023-03-09T15:00,27.0,38,9.7,180.0,990.6,0.0
2023-03-09T16:00,26.6,39,10.0,206.0,990.3,0.0
2023-03-09T17:00,21.6,62,13.8,165.0,991.2,0.0
2023-03-09T18:00,21.0,66,11.3,197.0,991.1,0.0
2023-03-09T19:00,20.5,66,11.7,236.0,991.1,0.0
2023-03-09T20:00,20.4,60,10.3,245.0,991.1,0.0
2023-03-09T21:00,19.7,62,9.4,266.0,991.5,0.0
2023-03-09T22:00,18.7,67,8.4,277.0,991.8,0.0
2023-03-09T23:00,18.0,70,7.6,270.0,992.0,0.0
2023-03-10T00:00,17.4,73,8.3,265.0,991.6,0.0
2023-03-10T01:00,16.8,75,9.0,268.0,991.3,0.0
2023-03-10T02:00,16.3,79,9.0,270.0,990.8,0.0
2023-03-10T03:00,15.9,81,8.0,265.0,990.4,0.0
2023-03-10T04:00,15.5,84,7.8,257.0,990.3,0.0
2023-03-10T05:00,16.1,93,8.4,263.0,990.8,0.0
2023-03-10T06:00,16.3,90,8.3,272.0,991.3,0.0
2023-03-10T07:00,17.2,85,8.6,268.0,992.0,0.0
2023-03-10T08:00,20.2,71,6.5,264.0,992.6,0.0
2023-03-10T09:00,23.5,58,6.1,273.0,993.2,0.0
2023-03-10T10:00,26.0,47,6.9,279.0,993.4,0.0
2023-03-10T11:00,27.5,41,8.1,283.0,992.8,0.0
2023-03-10T12:00,28.4,36,10.0,291.0,992.1,0.0
2023-03-10T13:00,29.0,34,12.0,303.0,991.3,0.0
2023-03-10T14:00,29.2,33,14.1,308.0,990.4,0.0
2023-03-10T15:00,29.0,33,15.1,308.0,989.7,0.0
2023-03-10T16:00,28.8,32,14.2,306.0,989.5,0.0
2023-03-10T17:00,27.9,38,12.5,309.0,989.0,0.0
2023-03-10T18:00,25.6,43,8.2,293.0,989.4,0.0
2023-03-10T19:00,24.1,49,8.3,272.0,989.7,0.0
2023-03-10T20:00,23.0,53,9.0,272.0,990.2,0.0
2023-03-10T21:00,22.1,52,8.3,275.0,990.6,0.0
2023-03-10T22:00,21.0,53,7.7,281.0,990.6,0.0
2023-03-10T23:00,20.1,56,8.0,278.0,990.6,0.0
2023-03-11T00:00,18.9,61,7.7,298.0,990.4,0.0
2023-03-11T01:00,17.9,67,7.9,294.0,990.1,0.0
2023-03-11T02:00,17.4,69,6.5,264.0,989.5,0.0
2023-03-11T03:00,16.9,72,7.2,270.0,989.2,0.0
2023-03-11T04:00,17.0,70,4.7,266.0,989.1,0.0
2023-03-11T05:00,16.2,79,5.4,266.0,989.8,0.0
2023-03-11T06:00,16.4,79,4.7,261.0,990.5,0.0
2023-03-11T07:00,17.6,76,5.6,255.0,991.3,0.0
2023-03-11T08:00,21.3,65,4.1,255.0,992.3,0.0
2023-03-11T09:00,24.7,52,2.9,240.0,993.5,0.0
2023-03-11T10:00,27.1,42,3.3,221.0,993.4,0.0
2023-03-11T11:00,28.6,35,5.2,254.0,993.0,0.0
2023-03-11T12:00,29.5,31,8.7,277.0,992.1,0.0
2023-03-11T13:00,30.0,29,11.7,288.0,991.2,0.0
2023-03-11T14:00,30.0,29,12.7,295.0,990.1,0.0
2023-03-11T15:00,29.7,30,13.0,304.0,989.6,0.0
2023-03-11T16:00,29.1,32,12.5,311.0,989.4,0.0
2023-03-11T17:00,28.3,34,11.5,316.0,989.1,0.0
2023-03-11T18:00,26.2,38,9.7,312.0,989.5,0.0
2023-03-11T19:00,23.8,47,10.9,287.0,989.5,0.0
2023-03-11T20:00,24.2,44,8.7,263.0,990.4,0.0
2023-03-11T21:00,23.8,45,9.2,281.0,990.8,0.0
2023-03-11T22:00,21.8,52,10.5,292.0,990.9,0.0
2023-03-11T23:00,20.6,56,10.5,301.0,990.6,0.0
2023-03-12T00:00,19.7,62,9.0,337.0,990.2,0.0
2023-03-12T01:00,19.2,65,8.9,328.0,989.8,0.0
2023-03-12T02:00,18.5,68,9.5,335.0,989.2,0.0
2023-03-12T03:00,17.7,72,8.7,315.0,989.0,0.0
2023-03-12T04:00,17.5,72,5.4,270.0,989.2,0.0
2023-03-12T05:00,17.1,73,6.1,208.0,989.9,0.0
2023-03-12T06:00,17.1,71,8.2,209.0,990.3,0.0
2023-03-12T07:00,20.0,63,4.5,209.0,990.9,0.0
2023-03-12T08:00,23.8,55,4.5,241.0,992.1,0.0
2023-03-12T09:00,26.7,45,3.1,249.0,992.8,0.0
2023-03-12T10:00,28.6,38,5.2,254.0,992.6,0.0
2023-03-12T11:00,29.9,34,4.7,270.0,992.0,0.0
2023-03-12T12:00,30.8,31,4.8,297.0,991.0,0.0
2023-03-12T13:00,31.5,29,6.4,313.0,990.0,0.0
2023-03-12T14:00,31.9,27,8.7,322.0,989.1,0.0
2023-03-12T15:00,31.7,27,11.2,327.0,988.4,0.0
2023-03-12T16:00,31.0,29,11.9,331.0,988.2,0.0
2023-03-12T17:00,29.8,33,8.1,302.0,987.9,0.0
2023-03-12T18:00,26.4,41,7.6,251.0,988.2,0.0
2023-03-12T19:00,25.4,42,7.1,246.0,988.7,0.0
2023-03-12T20:00,23.4,50,10.7,282.0,989.3,0.0
2023-03-12T21:00,22.7,51,11.6,5.0,989.7,0.0
2023-03-12T22:00,23.0,45,9.2,42.0,989.8,0.0
2023-03-12T23:00,20.6,55,10.1,27.0,989.6,0.0
2023-03-13T00:00,20.0,58,10.7,20.0,989.4,0.0
2023-03-13T01:00,19.9,58,9.4,47.0,988.9,0.0
2023-03-13T02:00,20.1,58,8.1,45.0,988.3,0.0
2023-03-13T03:00,21.4,53,6.5,357.0,988.0,0.0
2023-03-13T04:00,18.5,66,5.5,281.0,987.9,0.0
2023-03-13T05:00,18.0,74,4.7,293.0,988.8,0.0
2023-03-13T06:00,17.5,77,6.2,306.0,989.3,0.0
2023-03-13T07:00,19.4,72,6.4,322.0,989.8,0.0
2023-03-13T08:00,22.5,64,4.0,360.0,990.5,0.0
2023-03-13T09:00,26.1,54,3.9,22.0,991.1,0.0
2023-03-13T10:00,28.7,42,3.7,349.0,991.2,0.0
2023-03-13T11:00,30.4,36,6.9,313.0,990.9,0.0
2023-03-13T12:00,31.5,31,10.0,308.0,989.9,0.0
2023-03-13T13:00,32.1,28,12.8,310.0,988.7,0.0
2023-03-13T14:00,31.7,27,7.5,287.0,988.1,0.0
2023-03-13T15:00,29.7,30,15.8,270.0,987.6,0.0
2023-03-13T16:00,30.0,29,11.8,320.0,987.6,0.0
2023-03-13T17:00,29.3,29,15.5,332.0,986.7,0.0
2023-03-13T18:00,26.7,37,11.3,323.0,987.1,0.0
2023-03-13T19:00,24.5,42,8.2,299.0,987.1,0.0
2023-03-13T20:00,23.5,45,8.0,297.0,987.5,0.0
2023-03-13T21:00,22.2,50,7.9,267.0,987.7,0.0
2023-03-13T22:00,20.5,60,7.2,270.0,987.7,0.0
2023-03-13T23:00,19.4,65,8.8,279.0,987.1,0.0
2023-03-14T00:00,19.6,65,8.0,352.0,986.9,0.0
2023-03-14T01:00,18.4,68,8.1,45.0,987.0,0.0
2023-03-14T02:00,20.3,58,1.9,202.0,986.5,0.0
2023-03-14T03:00,19.7,59,4.3,294.0,986.2,0.0
2023-03-14T04:00,17.2,71,5.7,288.0,985.8,0.0
2023-03-14T05:00,17.4,77,4.8,257.0,986.3,0.0
2023-03-14T06:00,17.4,77,5.8,263.0,986.7,0.0
2023-03-14T07:00,18.9,72,8.8,258.0,987.3,0.0
2023-03-14T08:00,22.6,62,7.2,267.0,988.0,0.0
2023-03-14T09:00,26.1,54,7.9,273.0,988.5,0.0
2023-03-14T10:00,28.4,43,10.1,274.0,988.5,0.0
2023-03-14T11:00,30.0,35,12.8,286.0,988.1,0.0
2023-03-14T12:00,31.1,31,14.8,296.0,987.0,0.0
2023-03-14T13:00,31.6,27,19.7,305.0,985.6,0.0
2023-03-14T14:00,31.4,24,22.2,302.0,984.8,0.0
2023-03-14T15:00,31.3,23,17.7,308.0,984.0,0.0
2023-03-14T16:00,31.0,22,17.3,313.0,983.7,0.0
2023-03-14T17:00,29.5,29,12.6,297.0,983.3,0.0
2023-03-14T18:00,26.3,37,7.6,273.0,983.8,0.0
2023-03-14T19:00,25.2,40,8.7,263.0,984.2,0.0
2023-03-14T20:00,24.1,44,9.4,288.0,984.5,0.0
2023-03-14T21:00,23.1,44,8.9,284.0,984.6,0.0
2023-03-14T22:00,21.1,51,8.7,277.0,984.4,0.0
2023-03-14T23:00,20.8,51,7.9,313.0,984.3,0.0
2023-03-15T00:00,19.1,58,10.8,330.0,984.1,0.0
2023-03-15T01:00,18.5,60,11.2,356.0,984.0,0.0
2023-03-15T02:00,21.0,48,5.2,304.0,984.0,0.0
2023-03-15T03:00,17.2,63,4.7,247.0,983.5,0.0
2023-03-15T04:00,18.4,58,5.5,302.0,983.6,0.0
2023-03-15T05:00,18.8,69,2.3,252.0,984.4,0.0
2023-03-15T06:00,20.2,62,1.5,256.0,984.9,0.0
2023-03-15T07:00,20.4,64,2.4,333.0,985.8,0.0
2023-03-15T08:00,23.4,58,4.2,20.0,986.7,0.0
2023-03-15T09:00,26.3,49,3.6,53.0,987.4,0.0
2023-03-15T10:00,28.4,42,4.0,85.0,987.7,0.0
2023-03-15T11:00,29.9,36,1.8,90.0,987.3,0.0
2023-03-15T12:00,30.9,31,2.5,262.0,986.6,0.0
2023-03-15T13:00,31.9,26,7.1,285.0,985.6,0.0
2023-03-15T14:00,32.3,22,14.3,295.0,984.5,0.0
2023-03-15T15:00,31.1,24,20.4,306.0,984.0,0.0
2023-03-15T16:00,30.5,24,15.0,318.0,983.7,0.0
2023-03-15T17:00,30.0,25,9.2,334.0,983.4,0.0
2023-03-15T18:00,28.5,26,7.1,24.0,983.9,0.0
2023-03-15T19:00,25.6,33,6.4,142.0,983.9,0.0
2023-03-15T20:00,24.0,39,6.8,212.0,984.4,0.0
2023-03-15T21:00,23.3,45,7.3,327.0,984.8,0.0
2023-03-15T22:00,22.8,41,8.0,36.0,984.5,0.0
2023-03-15T23:00,22.8,39,8.6,57.0,984.6,0.0
2023-03-16T00:00,21.9,40,9.4,72.0,984.4,0.0
2023-03-16T01:00,20.7,44,7.6,85.0,984.1,0.0
2023-03-16T02:00,19.6,49,7.8,124.0,983.8,0.0
2023-03-16T03:00,19.8,47,7.0,159.0,983.5,0.0
2023-03-16T04:00,19.1,52,9.7,129.0,983.6,0.0
2023-03-16T05:00,19.0,62,8.4,115.0,984.4,0.0
2023-03-16T06:00,20.2,57,6.9,129.0,984.9,0.0
2023-03-16T07:00,21.4,56,9.3,126.0,985.8,0.0
2023-03-16T08:00,23.7,52,10.9,134.0,987.0,0.0
2023-03-16T09:00,26.1,45,9.9,147.0,987.9,0.0
2023-03-16T10:00,27.6,39,11.9,182.0,988.3,0.0
2023-03-16T11:00,29.7,34,17.2,170.0,987.8,0.0
2023-03-16T12:00,31.2,28,16.7,174.0,986.6,0.0
2023-03-16T13:00,31.4,26,12.6,185.0,985.7,0.0
2023-03-16T14:00,31.9,24,8.7,204.0,984.5,0.0
2023-03-16T15:00,31.3,25,8.9,256.0,984.2,0.0
2023-03-16T16:00,26.7,44,23.0,1.0,984.9,0.1
2023-03-16T17:00,27.6,32,9.7,207.0,984.9,0.0
2023-03-16T18:00,25.0,41,17.1,226.0,985.7,0.0
2023-03-16T19:00,24.3,41,9.3,216.0,985.9,0.0
2023-03-16T20:00,23.7,42,7.5,235.0,986.5,0.0
2023-03-16T21:00,22.2,48,10.2,222.0,986.7,0.0
2023-03-16T22:00,21.4,51,7.4,203.0,987.0,0.0
2023-03-16T23:00,23.8,41,2.5,360.0,987.2,0.0
2023-03-17T00:00,21.0,54,6.8,32.0,987.0,0.0
2023-03-17T01:00,21.3,52,3.8,139.0,986.7,0.0
2023-03-17T02:00,20.0,57,3.3,193.0,986.3,0.0
2023-03-17T03:00,19.8,61,1.3,236.0,986.0,0.0
2023-03-17T04:00,20.0,56,3.1,234.0,986.1,0.0
2023-03-17T05:00,19.5,67,6.1,40.0,986.6,0.0
2023-03-17T06:00,19.7,65,10.6,24.0,987.1,0.0
2023-03-17T07:00,20.3,64,7.0,325.0,988.1,0.0
2023-03-17T08:00,22.2,59,8.1,257.0,989.5,0.0
2023-03-17T09:00,23.9,52,8.8,289.0,990.2,0.0
2023-03-17T10:00,25.6,48,12.2,109.0,990.9,0.1
2023-03-17T11:00,26.5,45,9.9,147.0,990.1,0.0
2023-03-17T12:00,27.0,44,8.4,130.0,988.6,0.0
2023-03-17T13:00,28.1,39,4.8,117.0,987.2,0.0
2023-03-17T14:00,28.5,36,4.1,135.0,985.9,0.0
2023-03-17T15:00,24.6,57,16.7,173.0,986.1,1.6
2023-03-17T16:00,24.6,53,3.4,162.0,985.6,0.0
2023-03-17T17:00,23.6,55,16.0,31.0,985.5,0.0
2023-03-17T18:00,23.0,55,4.9,54.0,985.6,0.0
2023-03-17T19:00,21.6,64,5.1,129.0,986.1,0.0
2023-03-17T20:00,22.5,58,2.4,153.0,986.9,0.0
2023-03-17T21:00,22.1,59,1.3,214.0,987.3,0.0
2023-03-17T22:00,22.0,59,3.2,180.0,987.6,0.0
2023-03-17T23:00,21.9,59,3.5,204.0,987.4,0.0
2023-03-18T00:00,19.2,73,6.6,68.0,986.9,0.0
2023-03-18T01:00,18.7,79,6.2,69.0,986.6,0.0
2023-03-18T02:00,18.4,81,5.2,115.0,986.2,0.0
2023-03-18T03:00,18.6,78,6.4,133.0,986.1,0.0
2023-03-18T04:00,18.1,79,6.6,139.0,985.9,0.0
2023-03-18T05:00,17.9,84,7.7,152.0,986.3,0.0
2023-03-18T06:00,17.9,84,5.2,286.0,986.8,0.0
2023-03-18T07:00,18.7,80,7.7,49.0,987.6,0.0
2023-03-18T08:00,19.4,78,22.3,14.0,988.8,0.0
2023-03-18T09:00,19.7,75,18.4,51.0,989.5,0.0
2023-03-18T10:00,22.3,66,14.2,66.0,989.7,0.0
2023-03-18T11:00,24.1,58,10.5,74.0,989.0,0.0
2023-03-18T12:00,25.2,53,6.8,72.0,987.6,0.0
2023-03-18T13:00,26.0,49,5.8,68.0,986.8,0.0
2023-03-18T14:00,26.8,45,6.0,65.0,985.1,0.0
2023-03-18T15:00,26.8,42,1.1,90.0,983.5,0.0
2023-03-18T16:00,25.9,42,1.8,180.0,983.1,0.0
2023-03-18T17:00,19.7,89,6.9,62.0,985.1,0.3
2023-03-18T18:00,19.4,90,11.3,22.0,985.1,0.0
2023-03-18T19:00,18.3,93,8.4,20.0,984.8,0.0
2023-03-18T20:00,17.9,92,7.1,66.0,985.3,0.0
2023-03-18T21:00,17.5,94,7.1,66.0,986.0,0.0
2023-03-18T22:00,17.3,94,8.4,70.0,986.1,0.0
2023-03-18T23:00,16.7,95,5.4,94.0,986.1,0.0
2023-03-19T00:00,16.7,95,6.0,73.0,985.9,0.0
2023-03-19T01:00,16.5,96,5.6,75.0,985.3,0.0
2023-03-19T02:00,16.0,96,5.6,75.0,984.7,0.0
2023-03-19T03:00,15.6,97,6.4,52.0,984.4,0.0
2023-03-19T04:00,15.2,97,7.5,55.0,984.1,0.0
2023-03-19T05:00,17.1,94,12.0,131.0,984.7,0.0
2023-03-19T06:00,17.1,93,3.8,107.0,984.7,0.1
2023-03-19T07:00,17.6,92,10.2,100.0,985.7,0.0
2023-03-19T08:00,18.7,87,5.9,104.0,986.6,0.0
2023-03-19T09:00,20.0,81,10.4,166.0,987.6,0.0
2023-03-19T10:00,21.7,75,5.4,70.0,987.2,0.0
2023-03-19T11:00,23.1,69,7.8,124.0,986.7,0.0
2023-03-19T12:00,24.0,66,6.2,111.0,985.6,0.1
2023-03-19T13:00,24.7,64,6.1,93.0,984.4,0.2
2023-03-19T14:00,25.0,62,6.6,112.0,983.1,0.2
2023-03-19T15:00,25.2,60,8.0,82.0,981.8,0.1
2023-03-19T16:00,25.0,58,10.6,118.0,981.7,0.0
2023-03-19T17:00,22.8,68,5.9,133.0,982.2,0.0
2023-03-19T18:00,20.9,81,5.2,155.0,982.5,0.0
2023-03-19T19:00,20.0,84,4.8,153.0,983.2,0.0
2023-03-19T20:00,19.4,87,5.6,130.0,983.4,0.0
2023-03-19T21:00,18.7,90,5.2,164.0,983.8,0.0
2023-03-19T22:00,18.1,93,4.0,243.0,984.3,0.0
2023-03-19T23:00,17.6,95,4.7,238.0,984.2,0.0
2023-03-20T00:00,17.1,96,4.7,189.0,984.1,0.0
2023-03-20T01:00,17.1,97,4.4,235.0,983.6,0.0
2023-03-20T02:00,16.8,96,4.1,255.0,983.0,0.0
2023-03-20T03:00,16.2,98,5.3,298.0,982.3,0.0
2023-03-20T04:00,16.3,98,3.6,264.0,982.1,0.0
2023-03-20T05:00,16.6,97,6.1,332.0,981.8,0.0
2023-03-20T06:00,17.1,95,16.8,100.0,983.2,0.3
2023-03-20T07:00,17.0,94,6.1,180.0,984.1,1.5
2023-03-20T08:00,17.8,89,5.1,98.0,985.3,0.0
2023-03-20T09:00,19.6,81,10.2,141.0,984.9,0.0
2023-03-20T10:00,21.1,76,7.2,127.0,985.6,0.0
2023-03-20T11:00,22.2,70,8.1,122.0,985.2,0.2
2023-03-20T12:00,22.8,66,7.8,112.0,984.0,0.4
2023-03-20T13:00,23.0,66,5.2,106.0,983.0,0.3
2023-03-20T14:00,22.9,68,3.0,76.0,981.8,0.4
2023-03-20T15:00,23.7,63,2.1,301.0,980.5,0.1
2023-03-20T16:00,19.4,84,17.5,71.0,981.3,9.6
2023-03-20T17:00,19.2,86,2.9,97.0,982.1,2.5
2023-03-20T18:00,18.4,90,4.9,306.0,982.9,3.3
2023-03-20T19:00,17.7,92,8.5,324.0,983.4,2.1
2023-03-20T20:00,17.2,96,8.2,345.0,984.1,3.3
2023-03-20T21:00,17.3,95,7.4,23.0,984.3,0.1
2023-03-20T22:00,16.9,96,11.4,66.0,984.2,0.1
2023-03-20T23:00,16.1,97,12.4,73.0,984.3,0.1
2023-03-21T00:00,15.8,97,5.1,98.0,983.9,0.0
2023-03-21T01:00,15.3,98,5.1,98.0,983.6,0.0
2023-03-21T02:00,15.4,98,5.3,118.0,983.1,0.1
2023-03-21T03:00,15.2,98,4.7,148.0,982.7,0.0
2023-03-21T04:00,14.6,99,5.9,142.0,982.5,0.0
2023-03-21T05:00,16.0,99,9.4,23.0,983.1,0.0
2023-03-21T06:00,16.2,98,10.5,52.0,983.6,0.0
2023-03-21T07:00,16.4,94,10.8,75.0,984.6,0.4
2023-03-21T08:00,16.9,90,10.4,104.0,985.3,1.2
2023-03-21T09:00,16.7,92,6.2,100.0,986.5,0.7
2023-03-21T10:00,19.2,78,3.1,249.0,986.7,0.0
2023-03-21T11:00,20.6,72,6.4,333.0,986.5,0.2
2023-03-21T12:00,21.5,69,7.9,360.0,985.7,0.5
2023-03-21T13:00,22.2,69,7.9,3.0,984.9,0.1
2023-03-21T14:00,22.6,66,7.1,345.0,983.7,0.0
2023-03-21T15:00,22.9,60,6.3,329.0,983.1,0.0
2023-03-21T16:00,23.1,59,7.4,337.0,982.9,0.0
2023-03-21T17:00,22.3,62,8.3,2.0,983.5,0.0
2023-03-21T18:00,20.5,70,6.6,9.0,983.7,0.0
2023-03-21T19:00,19.0,76,7.5,55.0,984.1,0.0
2023-03-21T20:00,18.0,83,9.4,86.0,984.7,0.0
2023-03-21T21:00,16.9,90,6.6,103.0,985.5,0.0
2023-03-21T22:00,16.4,93,7.0,111.0,985.8,0.0
2023-03-21T23:00,15.5,95,5.8,112.0,986.2,0.0
2023-03-22T00:00,14.7,97,8.3,124.0,986.0,0.0
2023-03-22T01:00,14.6,97,7.9,137.0,985.8,0.0
2023-03-22T02:00,14.2,97,7.3,169.0,985.4,0.0
2023-03-22T03:00,14.5,96,6.2,173.0,985.4,0.0
2023-03-22T04:00,14.0,97,4.7,58.0,985.1,0.0
2023-03-22T05:00,14.2,100,6.4,16.0,985.4,0.0
2023-03-22T06:00,15.0,99,2.3,18.0,986.2,0.0
2023-03-22T07:00,15.7,97,1.3,304.0,987.4,0.0
2023-03-22T08:00,17.6,91,1.1,342.0,988.1,0.0
2023-03-22T09:00,20.3,76,1.9,22.0,988.5,0.0
2023-03-22T10:00,22.3,64,1.9,22.0,988.6,0.0
2023-03-22T11:00,23.9,55,1.8,360.0,988.4,0.0
2023-03-22T12:00,25.0,49,3.5,336.0,987.5,0.0
2023-03-22T13:00,25.7,47,5.5,337.0,986.2,0.0
2023-03-22T14:00,26.1,45,6.6,319.0,985.2,0.0
2023-03-22T15:00,26.3,43,7.7,311.0,984.1,0.0
2023-03-22T16:00,26.0,44,8.8,305.0,983.5,0.0
2023-03-22T17:00,23.6,56,6.6,229.0,983.7,0.0
2023-03-22T18:00,21.5,65,8.0,260.0,984.0,0.0
2023-03-22T19:00,20.1,71,9.6,257.0,984.5,0.0
2023-03-22T20:00,19.3,73,7.2,267.0,984.7,0.0
2023-03-22T21:00,18.9,74,8.0,280.0,985.0,0.0
2023-03-22T22:00,18.0,78,9.1,277.0,985.5,0.0
2023-03-22T23:00,17.8,79,10.1,264.0,985.6,0.0
2023-03-23T00:00,17.5,82,9.0,268.0,985.3,0.0
2023-03-23T01:00,16.8,87,7.6,278.0,984.8,0.0
2023-03-23T02:00,16.3,91,7.7,281.0,984.0,0.0
2023-03-23T03:00,15.9,92,7.4,293.0,983.6,0.0
2023-03-23T04:00,15.5,92,6.7,306.0,983.4,0.0
2023-03-23T05:00,15.7,95,6.5,326.0,983.8,0.0
2023-03-23T06:00,15.8,94,5.0,300.0,984.4,0.0
2023-03-23T07:00,17.7,86,8.6,292.0,985.2,0.0
2023-03-23T08:00,20.5,76,7.0,305.0,986.0,0.0
2023-03-23T09:00,23.1,66,7.7,307.0,986.7,0.0
2023-03-23T10:00,25.2,53,9.7,301.0,986.9,0.0
2023-03-23T11:00,26.6,43,11.8,308.0,986.8,0.0
2023-03-23T12:00,27.5,39,13.5,299.0,986.1,0.0
2023-03-23T13:00,27.9,37,14.7,295.0,985.1,0.0
2023-03-23T14:00,28.0,36,14.3,295.0,984.2,0.0
2023-03-23T15:00,27.9,36,14.2,297.0,983.4,0.0
2023-03-23T16:00,27.6,36,13.3,303.0,983.2,0.0
2023-03-23T17:00,26.2,51,4.6,315.0,983.1,0.0
2023-03-23T18:00,22.7,57,9.3,283.0,983.0,0.0
2023-03-23T19:00,21.5,58,9.7,270.0,983.6,0.0
2023-03-23T20:00,20.9,56,8.8,279.0,984.4,0.0
2023-03-23T21:00,19.9,62,9.5,307.0,984.6,0.0
2023-03-23T22:00,20.5,59,5.5,302.0,984.7,0.0
2023-03-23T23:00,18.3,71,6.2,249.0,984.3,0.0
2023-03-24T00:00,19.1,67,4.7,270.0,984.0,0.0
2023-03-24T01:00,19.5,65,1.9,248.0,983.7,0.0
2023-03-24T02:00,20.1,62,1.9,202.0,983.2,0.0
2023-03-24T03:00,19.8,62,4.1,128.0,982.9,0.0
2023-03-24T04:00,19.4,64,4.4,99.0,982.9,0.0
2023-03-24T05:00,17.3,81,6.5,90.0,983.0,0.0
2023-03-24T06:00,17.8,78,7.6,98.0,983.4,0.0
2023-03-24T07:00,19.2,74,8.9,117.0,984.3,0.0
2023-03-24T08:00,21.2,70,2.5,180.0,985.8,0.0
2023-03-24T09:00,20.2,77,23.1,281.0,988.2,1.6
2023-03-24T10:00,19.5,82,12.1,168.0,987.4,0.0
2023-03-24T11:00,22.3,70,11.7,135.0,987.1,0.0
2023-03-24T12:00,24.5,61,13.7,135.0,986.3,0.0
2023-03-24T13:00,25.9,54,10.7,132.0,985.3,0.0
2023-03-24T14:00,27.0,50,8.9,130.0,984.3,0.0
2023-03-24T15:00,27.5,48,8.7,132.0,983.3,0.0
2023-03-24T16:00,27.2,48,6.6,119.0,982.9,0.0
2023-03-24T17:00,25.2,56,12.3,95.0,982.6,0.0
2023-03-24T18:00,23.6,62,9.4,86.0,982.6,0.0
2023-03-24T19:00,22.8,64,10.5,117.0,983.4,0.0
2023-03-24T20:00,22.3,65,14.8,89.0,983.5,0.0
2023-03-24T21:00,19.4,92,20.4,278.0,986.4,10.4
2023-03-24T22:00,19.1,93,3.3,103.0,986.2,1.0
2023-03-24T23:00,18.5,97,8.4,20.0,986.5,2.8
2023-03-25T00:00,17.9,98,11.2,69.0,985.9,0.0
2023-03-25T01:00,17.9,94,5.4,82.0,985.5,0.0
2023-03-25T02:00,17.9,94,8.3,34.0,985.8,0.0
2023-03-25T03:00,17.4,97,14.6,50.0,986.0,0.5
2023-03-25T04:00,17.4,96,18.4,91.0,985.4,0.0
2023-03-25T05:00,17.6,93,19.8,80.0,985.6,0.0
2023-03-25T06:00,17.6,94,18.4,91.0,986.1,0.0
2023-03-25T07:00,18.4,90,17.2,106.0,987.2,0.0
2023-03-25T08:00,19.8,86,10.8,120.0,988.3,0.0
2023-03-25T09:00,21.8,78,12.2,133.0,989.1,0.1
2023-03-25T10:00,23.8,68,13.3,139.0,989.3,0.0
2023-03-25T11:00,25.1,62,11.2,132.0,989.5,0.1
2023-03-25T12:00,25.8,61,8.2,131.0,988.9,0.1
2023-03-25T13:00,26.2,60,5.4,138.0,987.9,0.1
2023-03-25T14:00,26.3,59,4.3,138.0,987.1,0.1
2023-03-25T15:00,26.0,57,2.8,140.0,986.1,0.0
2023-03-25T16:00,25.7,55,1.6,117.0,985.8,0.0
2023-03-25T17:00,24.1,61,6.9,223.0,986.2,0.1
2023-03-25T18:00,23.4,64,3.3,257.0,986.4,0.0
2023-03-25T19:00,20.4,81,6.4,313.0,986.6,0.0
2023-03-25T20:00,20.0,80,8.9,310.0,987.0,0.0
2023-03-25T21:00,20.1,79,7.3,351.0,988.0,0.0
2023-03-25T22:00,19.2,81,7.0,21.0,988.0,0.0
2023-03-25T23:00,18.9,81,7.2,37.0,987.6,0.0
2023-03-26T00:00,18.5,80,7.3,33.0,987.3,0.0
2023-03-26T01:00,18.5,79,9.0,23.0,986.8,0.0
2023-03-26T02:00,17.8,83,9.2,21.0,986.4,0.0
2023-03-26T03:00,17.1,89,8.2,15.0,986.0,0.0
2023-03-26T04:00,16.5,90,7.3,9.0,985.7,0.0
2023-03-26T05:00,17.0,91,7.9,344.0,986.8,0.0
2023-03-26T06:00,17.3,88,6.5,357.0,987.0,0.0
2023-03-26T07:00,18.7,82,9.7,358.0,987.9,0.0
2023-03-26T08:00,20.6,74,7.7,349.0,988.5,0.0
2023-03-26T09:00,23.0,65,8.6,345.0,989.3,0.0
2023-03-26T10:00,25.2,54,10.2,352.0,989.2,0.0
2023-03-26T11:00,26.9,39,11.0,349.0,988.9,0.0
2023-03-26T12:00,27.6,36,10.2,328.0,988.1,0.0
2023-03-26T13:00,27.6,34,13.0,309.0,987.1,0.0
2023-03-26T14:00,27.4,35,13.3,303.0,986.2,0.0
2023-03-26T15:00,27.2,35,14.0,299.0,985.2,0.0
2023-03-26T16:00,26.7,37,13.4,294.0,985.0,0.0
2023-03-26T17:00,25.3,46,9.5,307.0,984.8,0.0
2023-03-26T18:00,23.1,52,10.2,328.0,984.9,0.0
2023-03-26T19:00,22.1,53,11.6,338.0,985.3,0.0
2023-03-26T20:00,21.2,55,11.1,347.0,985.9,0.0
2023-03-26T21:00,20.4,56,9.7,345.0,986.3,0.0
2023-03-26T22:00,18.8,62,7.6,357.0,986.1,0.0
2023-03-26T23:00,18.2,63,7.6,357.0,985.7,0.0
2023-03-27T00:00,17.2,68,7.3,340.0,985.4,0.0
2023-03-27T01:00,16.3,74,7.5,305.0,985.2,0.0
2023-03-27T02:00,16.1,73,5.6,285.0,984.8,0.0
2023-03-27T03:00,15.8,75,7.9,273.0,984.6,0.0
2023-03-27T04:00,15.5,77,9.0,275.0,984.6,0.0
2023-03-27T05:00,15.9,82,9.2,281.0,985.5,0.0
2023-03-27T06:00,16.2,82,9.8,278.0,986.2,0.0
2023-03-27T07:00,17.5,80,10.8,274.0,986.8,0.0
2023-03-27T08:00,19.8,74,9.8,276.0,987.6,0.0
2023-03-27T09:00,22.2,66,10.3,282.0,988.2,0.0
2023-03-27T10:00,24.2,56,12.4,280.0,988.3,0.0
2023-03-27T11:00,25.5,48,14.1,273.0,988.0,0.0
2023-03-27T12:00,26.2,44,14.8,276.0,987.2,0.0
2023-03-27T13:00,26.6,42,16.3,284.0,986.4,0.0
2023-03-27T14:00,26.8,40,17.5,289.0,985.5,0.0
2023-03-27T15:00,26.6,38,18.3,292.0,985.0,0.0
2023-03-27T16:00,26.3,38,16.8,293.0,984.9,0.0
2023-03-27T17:00,25.1,47,9.3,306.0,984.7,0.0
2023-03-27T18:00,22.0,59,6.6,319.0,984.9,0.0
2023-03-27T19:00,20.8,61,8.5,332.0,985.3,0.0
2023-03-27T20:00,20.4,59,9.7,338.0,985.8,0.0
2023-03-27T21:00,19.4,62,7.8,338.0,986.0,0.0
2023-03-27T22:00,18.7,66,7.8,338.0,986.1,0.0
2023-03-27T23:00,18.4,67,7.8,338.0,986.0,0.0
2023-03-28T00:00,17.9,70,7.9,344.0,985.7,0.0
2023-03-28T01:00,17.2,74,7.2,342.0,985.3,0.0
2023-03-28T02:00,16.1,80,7.7,323.0,984.6,0.0
2023-03-28T03:00,15.5,83,6.9,298.0,984.3,0.0
2023-03-28T04:00,15.2,84,6.2,280.0,983.8,0.0
2023-03-28T05:00,15.9,84,4.8,283.0,984.5,0.0
2023-03-28T06:00,16.3,82,5.9,284.0,985.0,0.0
2023-03-28T07:00,18.3,77,9.1,277.0,985.9,0.0
2023-03-28T08:00,21.3,70,6.9,276.0,986.7,0.0
2023-03-28T09:00,23.9,59,7.6,262.0,987.5,0.0
2023-03-28T10:00,25.6,50,9.7,272.0,987.4,0.0
2023-03-28T11:00,26.8,45,12.5,282.0,987.3,0.0
2023-03-28T12:00,27.7,41,15.4,291.0,986.7,0.0
2023-03-28T13:00,28.1,38,17.4,294.0,986.1,0.0
2023-03-28T14:00,28.1,38,16.4,296.0,985.3,0.0
2023-03-28T15:00,28.2,37,14.8,293.0,984.9,0.0
2023-03-28T16:00,28.0,37,11.0,293.0,984.5,0.0
2023-03-28T17:00,26.9,48,5.9,317.0,984.6,0.0
2023-03-28T18:00,23.6,59,9.9,350.0,984.8,0.0
2023-03-28T19:00,21.9,61,10.5,8.0,985.0,0.0
2023-03-28T20:00,20.9,62,10.1,4.0,985.6,0.0
2023-03-28T21:00,20.2,61,9.0,360.0,986.2,0.0
2023-03-28T22:00,20.2,58,8.8,9.0,986.3,0.0
2023-03-28T23:00,19.1,62,8.0,8.0,986.2,0.0
2023-03-29T00:00,18.0,69,10.6,24.0,985.9,0.0
2023-03-29T01:00,17.2,72,10.5,31.0,985.4,0.0
2023-03-29T02:00,16.9,74,10.6,35.0,984.9,0.0
2023-03-29T03:00,16.7,76,10.3,29.0,984.7,0.0
2023-03-29T04:00,18.3,67,6.7,74.0,984.8,0.0
2023-03-29T05:00,17.1,78,9.2,64.0,985.2,0.0
2023-03-29T06:00,17.4,80,7.6,93.0,985.8,0.0
2023-03-29T07:00,19.6,73,6.2,100.0,986.6,0.0
2023-03-29T08:00,22.4,68,4.7,86.0,987.4,0.0
2023-03-29T09:00,25.5,57,5.1,98.0,988.0,0.0
2023-03-29T10:00,27.8,45,5.0,111.0,988.2,0.0
2023-03-29T11:00,29.2,41,4.8,153.0,987.9,0.0
2023-03-29T12:00,30.1,38,5.6,195.0,987.3,0.0
2023-03-29T13:00,30.7,36,7.2,217.0,986.4,0.0
2023-03-29T14:00,30.8,33,9.7,231.0,985.8,0.0
2023-03-29T15:00,27.1,41,11.8,297.0,986.1,0.2
2023-03-29T16:00,27.3,40,9.3,254.0,985.7,0.0
2023-03-29T17:00,27.5,43,10.8,176.0,984.7,0.0
2023-03-29T18:00,25.2,44,7.3,213.0,985.3,0.0
2023-03-29T19:00,24.3,44,7.5,235.0,985.7,0.0
2023-03-29T20:00,22.3,52,10.2,247.0,986.0,0.0
2023-03-29T21:00,22.7,50,7.6,262.0,986.3,0.0
2023-03-29T22:00,25.8,37,4.7,293.0,986.3,0.0
2023-03-29T23:00,20.0,61,11.2,50.0,985.4,0.0
2023-03-30T00:00,18.8,69,11.3,83.0,984.8,0.0
2023-03-30T01:00,18.9,67,8.0,85.0,984.3,0.0
2023-03-30T02:00,18.9,65,8.6,75.0,983.9,0.0
2023-03-30T03:00,18.2,67,7.3,57.0,983.6,0.0
2023-03-30T04:00,17.5,71,4.3,356.0,983.1,0.0
2023-03-30T05:00,17.9,80,8.5,306.0,984.4,0.0
2023-03-30T06:00,18.2,80,3.7,241.0,985.5,0.0
2023-03-30T07:00,19.8,74,7.0,348.0,986.1,0.0
2023-03-30T08:00,22.4,70,9.5,9.0,986.4,0.0
2023-03-30T09:00,25.1,61,7.6,25.0,986.8,0.0
2023-03-30T10:00,27.4,53,5.9,38.0,986.5,0.0
2023-03-30T11:00,29.0,44,5.5,32.0,985.8,0.0
2023-03-30T12:00,30.2,39,5.4,37.0,984.6,0.0
2023-03-30T13:00,30.8,36,4.8,63.0,983.0,0.0
2023-03-30T14:00,29.0,36,15.1,162.0,983.2,0.4
2023-03-30T15:00,22.6,66,10.8,206.0,983.7,0.0
2023-03-30T16:00,23.3,64,6.7,306.0,982.6,0.1
2023-03-30T17:00,20.1,91,7.6,239.0,983.6,0.0
2023-03-30T18:00,20.2,92,22.7,295.0,983.6,2.5
2023-03-30T19:00,19.8,88,18.4,305.0,984.6,1.2
2023-03-30T20:00,19.2,90,12.2,336.0,985.1,0.4
2023-03-30T21:00,19.0,90,8.3,2.0,984.8,0.9
2023-03-30T22:00,18.4,93,8.6,22.0,985.0,0.2
2023-03-30T23:00,18.2,92,9.4,40.0,984.0,0.0
2023-03-31T00:00,18.5,92,6.2,97.0,984.2,0.4
2023-03-31T01:00,18.3,93,4.7,113.0,983.6,1.2
2023-03-31T02:00,18.0,94,3.7,119.0,983.2,0.9
2023-03-31T03:00,17.8,94,8.0,162.0,982.6,0.9
2023-03-31T04:00,17.8,95,10.1,153.0,982.4,0.5
2023-03-31T05:00,18.1,94,4.7,81.0,983.3,0.0
2023-03-31T06:00,17.5,97,6.0,65.0,984.1,0.0
2023-03-31T07:00,18.7,89,5.8,97.0,984.8,0.0
2023-03-31T08:00,19.9,80,7.7,79.0,985.2,0.0
2023-03-31T09:00,21.4,70,8.8,78.0,985.8,0.1
2023-03-31T10:00,22.3,65,8.8,71.0,986.2,0.1
2023-03-31T11:00,23.0,64,7.8,77.0,985.9,0.0
2023-03-31T12:00,23.5,62,7.4,76.0,985.1,0.0
2023-03-31T13:00,24.2,59,7.1,66.0,984.1,0.1
2023-03-31T14:00,21.6,70,6.7,54.0,983.6,3.7
2023-03-31T15:00,22.1,65,7.8,167.0,982.7,0.0
2023-03-31T16:00,22.3,67,4.7,360.0,982.3,0.0
2023-03-31T17:00,18.6,83,8.6,213.0,983.6,0.0
2023-03-31T18:00,18.8,90,11.4,325.0,984.0,1.2
2023-03-31T19:00,18.4,88,5.9,79.0,984.7,0.3
2023-03-31T20:00,17.8,92,6.9,137.0,984.8,0.0
2023-03-31T21:00,17.8,91,3.7,101.0,984.4,0.0
2023-03-31T22:00,17.0,95,3.5,156.0,984.6,0.0
2023-03-31T23:00,17.2,93,4.4,125.0,984.8,0.0
2023-04-01T00:00,16.6,97,3.6,45.0,985.0,0.0
2023-04-01T01:00,16.0,98,1.4,180.0,984.4,0.0
2023-04-01T02:00,15.5,99,5.2,155.0,983.9,0.0
2023-04-01T03:00,15.2,99,6.6,151.0,983.7,0.0
2023-04-01T04:00,15.1,98,7.7,139.0,983.6,0.0
2023-04-01T05:00,16.5,96,7.3,101.0,984.5,0.0
2023-04-01T06:00,16.7,95,6.5,84.0,985.2,0.0
2023-04-01T07:00,17.4,94,5.8,83.0,985.7,0.0
2023-04-01T08:00,19.3,86,5.1,86.0,986.6,0.0
2023-04-01T09:00,21.2,77,4.4,99.0,987.1,0.0
2023-04-01T10:00,22.6,70,4.0,117.0,987.2,0.1
2023-04-01T11:00,23.9,65,3.8,107.0,986.9,0.1
2023-04-01T12:00,24.7,61,1.8,127.0,986.1,0.1
2023-04-01T13:00,25.3,57,1.1,198.0,985.3,0.1
2023-04-01T14:00,25.7,52,3.7,299.0,984.4,0.1
2023-04-01T15:00,25.7,50,3.6,323.0,983.1,0.0
2023-04-01T16:00,23.9,56,3.2,333.0,983.3,0.0
2023-04-01T17:00,24.1,58,5.4,176.0,983.1,0.0
2023-04-01T18:00,23.2,62,2.7,67.0,983.8,0.0
2023-04-01T19:00,20.3,80,10.1,360.0,984.4,0.4
2023-04-01T20:00,18.7,88,4.6,45.0,984.7,0.0
2023-04-01T21:00,18.6,90,6.9,43.0,985.2,0.0
2023-04-01T22:00,19.1,85,6.0,57.0,985.3,0.0
2023-04-01T23:00,17.6,92,8.8,35.0,985.3,0.0
2023-04-02T00:00,17.7,90,5.9,38.0,984.9,0.0
2023-04-02T01:00,18.7,87,2.2,171.0,984.7,0.0
2023-04-02T02:00,18.6,86,2.9,173.0,984.3,0.0
2023-04-02T03:00,18.3,89,5.4,98.0,983.9,0.0
2023-04-02T04:00,17.8,93,6.2,97.0,983.6,0.0
2023-04-02T05:00,15.9,98,6.1,87.0,983.5,0.0
2023-04-02T06:00,16.6,98,5.8,83.0,984.2,0.0
2023-04-02T07:00,18.7,90,3.1,159.0,985.1,0.0
2023-04-02T08:00,21.5,76,4.7,212.0,985.9,0.0
2023-04-02T09:00,23.9,66,7.9,227.0,986.4,0.0
2023-04-02T10:00,25.4,60,8.6,255.0,986.2,0.0
2023-04-02T11:00,26.7,55,11.3,279.0,985.6,0.0
2023-04-02T12:00,27.6,50,12.6,290.0,985.1,0.0
2023-04-02T13:00,28.2,45,12.9,293.0,984.3,0.0
2023-04-02T14:00,28.3,43,13.5,299.0,983.3,0.0
2023-04-02T15:00,28.3,42,11.0,293.0,982.5,0.0
2023-04-02T16:00,27.9,42,12.0,309.0,982.1,0.0
2023-04-02T17:00,26.7,49,4.5,331.0,982.0,0.0
2023-04-02T18:00,24.1,61,5.1,4.0,982.2,0.0
2023-04-02T19:00,22.8,62,7.6,3.0,982.5,0.0
2023-04-02T20:00,21.7,62,7.2,354.0,982.9,0.0
2023-04-02T21:00,20.7,66,8.0,333.0,983.1,0.0
2023-04-02T22:00,19.1,75,10.6,336.0,983.0,0.0
2023-04-02T23:00,18.4,78,8.9,339.0,982.4,0.0
2023-04-03T00:00,17.9,80,6.7,344.0,981.9,0.0
2023-04-03T01:00,19.9,69,2.3,198.0,982.0,0.0
2023-04-03T02:00,18.2,76,1.9,248.0,981.6,0.0
2023-04-03T03:00,16.6,84,3.6,96.0,981.1,0.0
2023-04-03T04:00,16.4,85,4.5,104.0,981.2,0.0
2023-04-03T05:00,17.4,86,7.6,25.0,981.6,0.0
2023-04-03T06:00,18.6,80,6.3,13.0,982.6,0.0
2023-04-03T07:00,20.3,74,7.1,30.0,983.2,0.0
2023-04-03T08:00,22.9,66,6.4,47.0,983.9,0.0
2023-04-03T09:00,25.7,54,7.5,55.0,984.3,0.0
2023-04-03T10:00,27.7,47,6.8,58.0,984.1,0.0
2023-04-03T11:00,29.0,44,5.1,86.0,983.9,0.0
2023-04-03T12:00,29.9,42,4.8,132.0,983.1,0.0
2023-04-03T13:00,30.8,36,5.1,172.0,982.4,0.0
2023-04-03T14:00,31.3,30,7.3,213.0,981.9,0.0
2023-04-03T15:00,30.5,30,6.5,264.0,981.4,0.0
2023-04-03T16:00,30.0,31,7.2,288.0,981.3,0.0
2023-04-03T17:00,26.9,51,15.0,350.0,981.8,0.0
2023-04-03T18:00,23.8,60,13.8,9.0,981.9,0.0
2023-04-03T19:00,22.7,61,11.8,23.0,982.4,0.0
2023-04-03T20:00,22.0,63,11.8,31.0,982.8,0.0
2023-04-03T21:00,21.2,67,8.6,57.0,983.1,0.0
2023-04-03T22:00,20.2,69,7.8,103.0,983.2,0.0
2023-04-03T23:00,19.4,71,7.4,113.0,982.7,0.0
2023-04-04T00:00,18.8,73,10.0,49.0,982.5,0.0
2023-04-04T01:00,18.4,74,6.3,347.0,981.9,0.0
2023-04-04T02:00,17.8,76,10.0,319.0,981.4,0.0
2023-04-04T03:00,17.2,78,11.3,263.0,981.3,0.0
2023-04-04T04:00,17.7,75,11.1,245.0,981.8,0.0
2023-04-04T05:00,17.9,79,10.7,327.0,984.2,0.0
2023-04-04T06:00,17.9,79,13.7,358.0,985.3,0.2
2023-04-04T07:00,18.7,75,14.0,18.0,985.9,0.0
2023-04-04T08:00,19.6,73,9.4,40.0,986.5,0.0
2023-04-04T09:00,21.9,67,6.9,51.0,986.9,0.0
2023-04-04T10:00,24.1,58,6.8,25.0,987.3,0.0
2023-04-04T11:00,25.6,53,6.2,353.0,987.0,0.0
2023-04-04T12:00,26.7,49,7.3,327.0,986.5,0.0
2023-04-04T13:00,27.4,47,8.9,310.0,985.7,0.0
2023-04-04T14:00,27.9,47,11.5,309.0,984.8,0.0
2023-04-04T15:00,28.0,45,11.2,312.0,984.1,0.0
2023-04-04T16:00,28.0,41,11.2,312.0,983.9,0.0
2023-04-04T17:00,27.6,42,7.9,309.0,983.8,0.0
2023-04-04T18:00,25.1,49,7.1,319.0,984.2,0.0
2023-04-04T19:00,23.5,52,9.7,329.0,984.6,0.0
2023-04-04T20:00,22.4,54,11.3,338.0,985.2,0.0
2023-04-04T21:00,21.9,53,10.0,339.0,985.7,0.0
2023-04-04T22:00,20.3,60,6.0,327.0,986.0,0.0
2023-04-04T23:00,19.8,63,8.3,342.0,985.8,0.0
2023-04-05T00:00,18.4,68,6.9,351.0,985.3,0.0
2023-04-05T01:00,17.6,72,7.6,355.0,984.8,0.0
2023-04-05T02:00,16.8,76,8.4,350.0,984.1,0.0
2023-04-05T03:00,16.4,78,6.3,336.0,984.0,0.0
2023-04-05T04:00,16.3,77,5.4,307.0,984.0,0.0
2023-04-05T05:00,16.8,85,5.8,277.0,984.5,0.0
2023-04-05T06:00,17.2,83,7.3,279.0,985.4,0.0
2023-04-05T07:00,19.1,77,8.0,275.0,986.2,0.0
2023-04-05T08:00,21.9,68,6.8,288.0,987.0,0.0
2023-04-05T09:00,24.5,57,9.2,321.0,987.6,0.0
2023-04-05T10:00,26.4,48,11.6,324.0,987.7,0.0
2023-04-05T11:00,27.9,40,12.5,321.0,987.3,0.0
2023-04-05T12:00,29.1,31,11.5,316.0,986.7,0.0
2023-04-05T13:00,29.8,27,10.7,312.0,985.8,0.0
2023-04-05T14:00,30.2,23,10.2,312.0,984.8,0.0
2023-04-05T15:00,30.1,22,11.5,302.0,984.0,0.0
2023-04-05T16:00,29.6,22,10.8,300.0,983.6,0.0
2023-04-05T17:00,28.5,29,6.1,332.0,983.7,0.0
2023-04-05T18:00,24.8,38,6.5,341.0,984.1,0.0
2023-04-05T19:00,23.8,34,8.6,345.0,984.6,0.0
2023-04-05T20:00,22.6,35,7.8,347.0,985.6,0.0
2023-04-05T21:00,21.7,38,8.4,353.0,986.2,0.0
2023-04-05T22:00,21.3,38,8.6,358.0,986.3,0.0
2023-04-05T23:00,20.5,42,10.8,358.0,986.1,0.0
2023-04-06T00:00,19.5,45,10.8,2.0,985.6,0.0
2023-04-06T01:00,19.2,46,9.7,2.0,985.1,0.0
2023-04-06T02:00,18.3,49,8.7,355.0,984.7,0.0
2023-04-06T03:00,17.3,54,10.8,330.0,984.6,0.0
2023-04-06T04:00,16.7,57,6.8,302.0,985.1,0.0
2023-04-06T05:00,18.4,60,9.3,324.0,987.0,0.0
2023-04-06T06:00,18.6,65,11.9,335.0,987.9,0.0
2023-04-06T07:00,20.0,67,10.8,339.0,988.7,0.0
2023-04-06T08:00,22.6,55,8.9,346.0,989.2,0.0
2023-04-06T09:00,24.3,47,9.7,358.0,989.4,0.0
2023-04-06T10:00,27.4,36,13.0,357.0,989.5,0.0
2023-04-06T11:00,29.2,30,11.4,347.0,989.3,0.0
2023-04-06T12:00,30.3,28,11.8,329.0,988.7,0.0
2023-04-06T13:00,31.0,26,14.4,307.0,988.0,0.0
2023-04-06T14:00,31.3,24,12.7,313.0,987.3,0.0
2023-04-06T15:00,31.1,22,13.0,304.0,986.7,0.0
2023-04-06T16:00,30.7,22,9.2,309.0,986.4,0.0
2023-04-06T17:00,29.6,25,5.7,325.0,986.5,0.0
2023-04-06T18:00,25.8,36,4.4,305.0,986.7,0.0
2023-04-06T19:00,23.7,41,5.4,318.0,987.1,0.0
2023-04-06T20:00,23.6,32,9.7,338.0,988.0,0.0
2023-04-06T21:00,21.8,35,9.0,337.0,988.4,0.0
2023-04-06T22:00,21.9,35,14.4,347.0,988.9,0.0
2023-04-06T23:00,21.5,36,12.3,345.0,988.7,0.0
2023-04-07T00:00,20.4,42,10.2,342.0,988.6,0.0
2023-04-07T01:00,18.9,49,8.2,331.0,988.3,0.0
2023-04-07T02:00,18.0,54,8.7,330.0,987.8,0.0
2023-04-07T03:00,18.1,55,8.9,333.0,987.6,0.0
2023-04-07T04:00,17.6,59,9.2,334.0,987.4,0.0
2023-04-07T05:00,17.4,65,8.4,329.0,988.5,0.0
2023-04-07T06:00,17.8,65,9.1,326.0,989.3,0.0
2023-04-07T07:00,19.9,59,10.5,319.0,990.1,0.0
2023-04-07T08:00,22.7,51,7.7,298.0,990.9,0.0
2023-04-07T09:00,25.4,45,7.9,286.0,991.7,0.0
2023-04-07T10:00,27.6,35,10.0,308.0,991.8,0.0
2023-04-07T11:00,29.3,25,12.0,314.0,991.3,0.0
2023-04-07T12:00,30.4,21,12.6,307.0,990.6,0.0
2023-04-07T13:00,31.1,19,13.0,298.0,989.8,0.0
2023-04-07T14:00,31.3,18,13.4,294.0,988.8,0.0
2023-04-07T15:00,31.1,18,12.4,296.0,988.2,0.0
2023-04-07T16:00,30.6,19,11.9,295.0,987.9,0.0
2023-04-07T17:00,29.7,22,7.9,294.0,987.7,0.0
2023-04-07T18:00,27.0,26,6.9,279.0,988.1,0.0
2023-04-07T19:00,25.5,27,8.7,308.0,988.4,0.0
2023-04-07T20:00,24.6,27,11.3,323.0,988.9,0.0
2023-04-07T21:00,23.7,28,11.3,323.0,989.4,0.0
2023-04-07T22:00,22.9,29,11.1,324.0,989.5,0.0
2023-04-07T23:00,22.2,31,11.1,324.0,989.6,0.0
2023-04-08T00:00,21.3,34,15.2,338.0,989.2,0.0
2023-04-08T01:00,19.8,41,9.5,323.0,989.0,0.0
2023-04-08T02:00,18.9,45,8.7,322.0,988.7,0.0
2023-04-08T03:00,18.5,45,8.7,322.0,988.4,0.0
2023-04-08T04:00,17.1,50,6.5,304.0,988.5,0.0
2023-04-08T05:00,17.1,54,7.2,297.0,989.1,0.0
2023-04-08T06:00,17.6,54,7.6,262.0,989.8,0.0
2023-04-08T07:00,20.0,50,9.1,277.0,990.6,0.0
2023-04-08T08:00,23.5,43,7.9,286.0,991.5,0.0
2023-04-08T09:00,26.7,34,9.2,309.0,992.0,0.0
2023-04-08T10:00,29.0,24,10.5,319.0,992.2,0.0
2023-04-08T11:00,30.2,21,7.2,288.0,992.1,0.0
2023-04-08T12:00,31.0,20,7.6,265.0,991.4,0.0
2023-04-08T13:00,31.4,19,8.6,270.0,990.6,0.0
2023-04-08T14:00,31.8,17,10.7,282.0,989.7,0.0
2023-04-08T15:00,31.7,16,11.6,286.0,989.2,0.0
2023-04-08T16:00,31.3,16,11.1,283.0,988.8,0.0
2023-04-08T17:00,30.4,20,5.9,281.0,988.6,0.0
2023-04-08T18:00,26.6,30,6.6,261.0,988.6,0.0
2023-04-08T19:00,24.2,32,6.4,243.0,988.6,0.0
2023-04-08T20:00,23.2,32,4.7,274.0,989.1,0.0
2023-04-08T21:00,22.0,35,4.7,274.0,989.7,0.0
2023-04-08T22:00,20.9,38,3.8,253.0,990.0,0.0
2023-04-08T23:00,21.4,35,7.4,337.0,989.9,0.0
2023-04-09T00:00,21.6,33,10.8,345.0,989.9,0.0
2023-04-09T01:00,20.3,38,9.5,335.0,989.6,0.0
2023-04-09T02:00,19.0,46,12.8,338.0,989.4,0.0
2023-04-09T03:00,20.4,42,5.7,325.0,989.5,0.0
2023-04-09T04:00,21.5,38,6.6,338.0,989.4,0.0
2023-04-09T05:00,19.7,48,5.5,328.0,989.9,0.0
2023-04-09T06:00,18.0,56,4.6,321.0,990.5,0.0
2023-04-09T07:00,20.5,52,3.8,311.0,991.3,0.0
2023-04-09T08:00,25.0,44,1.8,323.0,992.1,0.0
2023-04-09T09:00,28.5,33,2.4,333.0,992.7,0.0
2023-04-09T10:00,30.9,22,3.4,342.0,992.6,0.0
2023-04-09T11:00,32.4,16,6.0,303.0,992.2,0.0
2023-04-09T12:00,32.8,14,9.7,285.0,991.5,0.0
2023-04-09T13:00,33.1,15,11.0,281.0,990.6,0.0
2023-04-09T14:00,33.1,15,11.9,295.0,989.5,0.0
2023-04-09T15:00,32.9,15,10.1,305.0,988.7,0.0
2023-04-09T16:00,32.7,16,8.2,299.0,987.9,0.0
2023-04-09T17:00,31.6,17,4.5,331.0,987.3,0.0
2023-04-09T18:00,28.6,23,2.1,149.0,987.3,0.0
2023-04-09T19:00,28.3,19,7.3,160.0,987.3,0.0
2023-04-09T20:00,26.1,22,4.2,31.0,987.8,0.0
2023-04-09T21:00,25.6,26,9.4,4.0,988.5,0.0
2023-04-09T22:00,22.6,32,9.1,351.0,988.4,0.0
2023-04-09T23:00,23.3,29,11.5,346.0,988.5,0.0
2023-04-10T00:00,23.1,29,12.2,341.0,988.4,0.0
2023-04-10T01:00,20.8,35,9.4,328.0,987.5,0.0
2023-04-10T02:00,20.6,37,11.5,321.0,987.0,0.0
2023-04-10T03:00,22.5,31,5.6,255.0,986.8,0.0
2023-04-10T04:00,20.1,38,6.4,254.0,986.5,0.0
2023-04-10T05:00,20.2,39,6.9,261.0,987.5,0.0
2023-04-10T06:00,19.7,46,5.9,256.0,987.9,0.0
2023-04-10T07:00,21.9,42,3.3,264.0,988.9,0.0
2023-04-10T08:00,25.3,36,2.8,320.0,989.8,0.0
2023-04-10T09:00,28.5,30,3.4,302.0,990.4,0.0
2023-04-10T10:00,31.0,24,4.9,287.0,990.3,0.0
2023-04-10T11:00,32.5,19,9.8,294.0,990.1,0.0
2023-04-10T12:00,33.0,18,12.2,298.0,989.4,0.0
2023-04-10T13:00,33.3,18,13.0,298.0,988.6,0.0
2023-04-10T14:00,33.1,18,12.8,292.0,987.8,0.0
2023-04-10T15:00,33.3,17,12.4,287.0,987.0,0.0
2023-04-10T16:00,33.1,17,12.2,294.0,986.6,0.0
2023-04-10T17:00,32.1,20,7.6,301.0,986.2,0.0
2023-04-10T18:00,28.0,29,6.8,328.0,986.6,0.0
2023-04-10T19:00,27.3,25,9.0,331.0,986.9,0.0
2023-04-10T20:00,24.3,30,7.4,309.0,987.2,0.0
2023-04-10T21:00,24.3,29,6.8,270.0,987.6,0.0
2023-04-10T22:00,23.7,30,8.4,295.0,987.7,0.0
2023-04-10T23:00,23.3,32,8.9,302.0,987.5,0.0
2023-04-11T00:00,21.3,37,8.3,304.0,987.1,0.0
2023-04-11T01:00,20.7,38,7.3,303.0,986.4,0.0
2023-04-11T02:00,20.6,38,6.3,301.0,985.7,0.0
2023-04-11T03:00,20.7,37,5.9,313.0,985.5,0.0
2023-04-11T04:00,20.5,36,8.3,326.0,985.6,0.0
2023-04-11T05:00,19.4,45,6.7,306.0,986.4,0.0
2023-04-11T06:00,19.7,46,6.5,276.0,986.8,0.0
2023-04-11T07:00,22.0,43,8.3,265.0,987.9,0.0
2023-04-11T08:00,25.4,37,7.4,256.0,988.7,0.0
2023-04-11T09:00,29.0,29,8.4,277.0,989.7,0.0
2023-04-11T10:00,31.8,24,11.2,291.0,990.0,0.0
2023-04-11T11:00,33.4,19,14.3,298.0,989.7,0.0
2023-04-11T12:00,34.3,17,17.4,304.0,989.2,0.0
2023-04-11T13:00,34.9,18,17.8,302.0,988.4,0.0
2023-04-11T14:00,35.9,14,18.2,300.0,987.3,0.0
2023-04-11T15:00,35.7,13,21.7,312.0,986.4,0.0
2023-04-11T16:00,35.1,14,19.6,313.0,986.1,0.0
2023-04-11T17:00,33.9,17,12.8,322.0,985.9,0.0
2023-04-11T18:00,31.5,21,8.2,299.0,986.1,0.0
2023-04-11T19:00,29.6,22,7.9,309.0,986.0,0.0
2023-04-11T20:00,29.1,22,8.5,324.0,986.3,0.0
2023-04-11T21:00,28.4,22,11.6,344.0,987.1,0.0
2023-04-11T22:00,26.8,25,8.0,342.0,987.2,0.0
2023-04-11T23:00,24.7,29,5.1,309.0,987.0,0.0
2023-04-12T00:00,24.0,31,4.7,266.0,986.8,0.0
2023-04-12T01:00,23.7,32,6.4,308.0,986.8,0.0
2023-04-12T02:00,25.0,29,12.4,334.0,986.5,0.0
2023-04-12T03:00,25.6,28,17.0,343.0,986.0,0.0
2023-04-12T04:00,25.4,29,12.7,335.0,985.7,0.0
2023-04-12T05:00,23.1,40,10.2,328.0,986.4,0.0
2023-04-12T06:00,24.5,38,13.9,343.0,987.2,0.0
2023-04-12T07:00,26.0,37,12.2,341.0,987.6,0.0
2023-04-12T08:00,29.1,31,5.4,290.0,988.6,0.0
2023-04-12T09:00,31.7,26,7.6,295.0,989.4,0.0
2023-04-12T10:00,34.5,19,11.0,302.0,989.3,0.0
2023-04-12T11:00,35.5,18,16.3,288.0,988.8,0.0
2023-04-12T12:00,36.2,17,18.4,282.0,988.3,0.0
2023-04-12T13:00,36.3,16,18.0,286.0,987.3,0.0
2023-04-12T14:00,36.4,16,16.9,282.0,986.6,0.0
2023-04-12T15:00,35.7,16,17.2,280.0,985.7,0.0
2023-04-12T16:00,34.7,18,11.2,274.0,985.5,0.0
2023-04-12T17:00,33.6,20,7.3,250.0,985.0,0.0
2023-04-12T18:00,30.9,27,8.2,209.0,985.4,0.0
2023-04-12T19:00,29.1,28,9.5,205.0,985.6,0.0
2023-04-12T20:00,28.3,29,7.7,221.0,986.1,0.0
2023-04-12T21:00,27.4,29,5.4,266.0,986.5,0.0
2023-04-12T22:00,24.9,35,6.8,267.0,986.3,0.0
2023-04-12T23:00,25.2,34,8.2,241.0,986.3,0.0
2023-04-13T00:00,24.4,35,7.2,233.0,985.7,0.0
2023-04-13T01:00,23.3,38,4.8,283.0,985.3,0.0
2023-04-13T02:00,22.4,43,5.8,300.0,985.0,0.0
2023-04-13T03:00,22.4,42,6.4,322.0,984.6,0.0
2023-04-13T04:00,22.2,40,6.4,322.0,984.4,0.0
2023-04-13T05:00,22.2,46,5.9,317.0,985.0,0.0
2023-04-13T06:00,22.4,47,6.9,317.0,985.5,0.0
2023-04-13T07:00,24.8,43,6.8,295.0,986.4,0.0
2023-04-13T08:00,28.3,37,5.4,274.0,986.9,0.0
2023-04-13T09:00,31.4,31,5.9,281.0,987.6,0.0
2023-04-13T10:00,34.1,24,8.2,308.0,987.7,0.0
2023-04-13T11:00,35.5,19,12.7,313.0,987.3,0.0
2023-04-13T12:00,36.4,16,13.3,303.0,986.4,0.0
2023-04-13T13:00,37.2,13,13.2,292.0,985.5,0.0
2023-04-13T14:00,37.2,13,13.3,289.0,984.5,0.0
2023-04-13T15:00,37.0,12,12.7,295.0,983.8,0.0
2023-04-13T16:00,36.4,12,11.6,296.0,983.5,0.0
2023-04-13T17:00,35.4,16,6.5,276.0,983.0,0.0
2023-04-13T18:00,32.9,19,8.7,263.0,983.5,0.0
2023-04-13T19:00,30.9,20,10.1,297.0,983.9,0.0
2023-04-13T20:00,28.8,22,9.3,298.0,984.1,0.0
2023-04-13T21:00,27.7,25,9.5,295.0,984.7,0.0
2023-04-13T22:00,27.6,24,9.5,299.0,984.5,0.0
2023-04-13T23:00,27.1,25,13.2,325.0,984.4,0.0
2023-04-14T00:00,25.3,30,10.2,315.0,984.2,0.0
2023-04-14T01:00,23.0,37,6.5,273.0,983.6,0.0
2023-04-14T02:00,23.9,34,5.9,259.0,983.6,0.0
2023-04-14T03:00,23.2,35,4.7,261.0,983.5,0.0
2023-04-14T04:00,21.9,39,4.3,246.0,983.4,0.0
2023-04-14T05:00,21.8,44,4.8,297.0,983.9,0.0
2023-04-14T06:00,23.0,43,4.0,275.0,984.8,0.0
2023-04-14T07:00,25.7,41,5.7,288.0,985.7,0.0
2023-04-14T08:00,29.6,34,4.0,297.0,986.4,0.0
2023-04-14T09:00,32.6,28,6.3,329.0,987.0,0.0
2023-04-14T10:00,34.8,22,9.4,337.0,986.9,0.0
2023-04-14T11:00,36.2,17,12.5,314.0,986.5,0.0
2023-04-14T12:00,37.0,15,13.9,295.0,985.8,0.0
2023-04-14T13:00,37.3,14,14.2,291.0,985.2,0.0
2023-04-14T14:00,37.3,13,13.8,290.0,984.4,0.0
2023-04-14T15:00,37.0,13,10.4,290.0,983.6,0.0
2023-04-14T16:00,36.5,13,8.6,285.0,983.2,0.0
2023-04-14T17:00,35.7,16,3.3,283.0,982.3,0.0
2023-04-14T18:00,32.3,22,2.2,279.0,982.3,0.0
2023-04-14T19:00,30.2,24,6.8,3.0,982.5,0.0
2023-04-14T20:00,28.1,27,4.0,5.0,983.1,0.0
2023-04-14T21:00,26.6,29,1.8,323.0,983.7,0.0
2023-04-14T22:00,26.0,29,2.5,270.0,983.9,0.0
2023-04-14T23:00,24.5,31,4.3,265.0,983.4,0.0
2023-04-15T00:00,25.4,28,4.7,261.0,983.4,0.0
2023-04-15T01:00,24.7,30,9.2,329.0,983.0,0.0
2023-04-15T02:00,24.8,32,8.7,318.0,982.5,0.0
2023-04-15T03:00,23.4,33,10.3,234.0,982.6,0.0
2023-04-15T04:00,23.7,31,12.0,226.0,982.8,0.0
2023-04-15T05:00,22.0,41,9.4,268.0,983.3,0.0
2023-04-15T06:00,22.4,43,7.1,255.0,984.1,0.0
2023-04-15T07:00,25.4,39,7.1,246.0,985.0,0.0
2023-04-15T08:00,30.1,32,4.8,228.0,985.5,0.0
2023-04-15T09:00,34.6,22,3.6,233.0,986.0,0.0
2023-04-15T10:00,37.4,15,4.9,216.0,986.2,0.0
2023-04-15T11:00,38.7,11,5.5,259.0,986.2,0.0
2023-04-15T12:00,39.1,10,7.0,291.0,985.4,0.0
2023-04-15T13:00,39.1,9,8.9,317.0,984.6,0.0
2023-04-15T14:00,39.0,10,9.4,320.0,983.8,0.0
2023-04-15T15:00,38.9,10,5.9,308.0,983.0,0.0
2023-04-15T16:00,38.3,11,4.0,280.0,982.6,0.0
2023-04-15T17:00,36.9,17,1.1,288.0,981.6,0.0
2023-04-15T18:00,32.1,23,9.2,154.0,981.6,0.0
2023-04-15T19:00,29.5,24,11.7,146.0,982.0,0.0
2023-04-15T20:00,29.1,23,11.5,139.0,982.7,0.0
2023-04-15T21:00,28.7,21,7.6,98.0,983.2,0.0
2023-04-15T22:00,34.1,13,4.6,51.0,983.6,0.0
2023-04-15T23:00,26.0,26,2.4,207.0,983.6,0.0
2023-04-16T00:00,25.5,28,3.6,264.0,983.2,0.0
2023-04-16T01:00,25.6,27,8.1,249.0,982.5,0.0
2023-04-16T02:00,25.1,27,11.0,232.0,983.0,0.0
2023-04-16T03:00,27.5,22,2.1,239.0,982.3,0.0
2023-04-16T04:00,22.7,31,7.2,180.0,981.8,0.0
2023-04-16T05:00,23.2,42,3.3,186.0,982.5,0.0
2023-04-16T06:00,24.9,45,2.4,207.0,983.3,0.0
2023-04-16T07:00,27.3,39,2.0,225.0,984.1,0.0
2023-04-16T08:00,30.5,32,4.2,301.0,984.9,0.0
2023-04-16T09:00,32.8,29,8.4,263.0,986.0,0.0
2023-04-16T10:00,35.3,23,12.3,277.0,985.8,0.0
2023-04-16T11:00,37.4,20,13.7,284.0,985.1,0.0
2023-04-16T12:00,38.6,16,12.0,277.0,984.0,0.0
2023-04-16T13:00,38.8,14,10.1,272.0,983.0,0.0
2023-04-16T14:00,39.2,13,9.4,288.0,981.8,0.0
2023-04-16T15:00,38.9,14,11.4,305.0,981.2,0.0
2023-04-16T16:00,38.3,14,9.4,320.0,980.9,0.0
2023-04-16T17:00,37.2,16,5.7,198.0,980.6,0.0
2023-04-16T18:00,34.2,20,6.8,180.0,981.0,0.0
2023-04-16T19:00,32.1,20,8.5,234.0,981.8,0.0
2023-04-16T20:00,29.9,25,10.0,255.0,982.2,0.0
2023-04-16T21:00,29.2,26,9.4,252.0,982.5,0.0
2023-04-16T22:00,28.9,26,9.7,248.0,982.7,0.0
2023-04-16T23:00,27.9,29,8.9,249.0,982.5,0.0
2023-04-17T00:00,27.0,33,8.0,260.0,982.0,0.0
2023-04-17T01:00,26.0,37,9.1,304.0,981.6,0.0
2023-04-17T02:00,24.4,43,12.1,323.0,981.1,0.0
2023-04-17T03:00,28.4,31,7.8,304.0,981.1,0.0
2023-04-17T04:00,29.3,28,7.8,283.0,981.0,0.0
2023-04-17T05:00,25.4,41,8.5,234.0,981.7,0.0
2023-04-17T06:00,25.1,42,6.3,239.0,982.3,0.0
2023-04-17T07:00,27.3,39,5.4,262.0,983.2,0.0
2023-04-17T08:00,30.2,35,5.0,300.0,984.0,0.0
2023-04-17T09:00,33.6,28,5.9,313.0,984.6,0.0
2023-04-17T10:00,36.4,23,10.0,334.0,984.7,0.0
2023-04-17T11:00,38.2,18,10.8,330.0,984.6,0.0
2023-04-17T12:00,38.7,15,9.7,321.0,983.9,0.0
2023-04-17T13:00,39.1,14,8.8,305.0,983.3,0.0
2023-04-17T14:00,38.9,14,8.2,285.0,982.6,0.0
2023-04-17T15:00,38.6,14,8.3,275.0,981.9,0.0
2023-04-17T16:00,38.2,14,5.4,274.0,981.7,0.0
2023-04-17T17:00,37.2,15,4.0,350.0,981.6,0.0
2023-04-17T18:00,35.1,17,4.1,38.0,982.0,0.0
2023-04-17T19:00,31.7,21,4.7,67.0,982.3,0.0
2023-04-17T20:00,35.0,16,6.8,72.0,983.0,0.0
2023-04-17T21:00,35.1,15,7.4,119.0,983.3,0.0
2023-04-17T22:00,34.3,16,5.4,143.0,983.4,0.0
2023-04-17T23:00,28.0,24,6.2,201.0,983.1,0.0
2023-04-18T00:00,27.9,25,8.7,218.0,983.0,0.0
2023-04-18T01:00,26.2,30,6.6,257.0,982.8,0.0
2023-04-18T02:00,25.5,33,8.1,249.0,982.4,0.0
2023-04-18T03:00,26.0,32,9.5,233.0,982.4,0.0
2023-04-18T04:00,26.1,32,9.0,241.0,982.6,0.0
2023-04-18T05:00,25.9,35,7.8,283.0,983.4,0.0
2023-04-18T06:00,25.7,37,8.9,310.0,984.2,0.0
2023-04-18T07:00,28.4,33,6.2,280.0,984.8,0.0
2023-04-18T08:00,31.3,29,10.1,215.0,986.0,0.0
2023-04-18T09:00,34.8,23,8.4,250.0,986.6,0.0
2023-04-18T10:00,36.9,20,9.0,268.0,986.4,0.0
2023-04-18T11:00,38.4,17,9.6,283.0,985.9,0.0
2023-04-18T12:00,39.1,16,9.6,283.0,985.3,0.0
2023-04-18T13:00,39.0,16,10.4,290.0,984.7,0.0
2023-04-18T14:00,38.7,16,12.8,302.0,983.9,0.0
2023-04-18T15:00,38.8,16,14.3,295.0,983.2,0.0
2023-04-18T16:00,37.5,17,13.2,235.0,982.8,0.0
2023-04-18T17:00,38.1,14,5.9,281.0,981.8,0.0
2023-04-18T18:00,35.8,17,6.4,243.0,982.1,0.0
2023-04-18T19:00,34.6,17,4.7,270.0,982.4,0.0
2023-04-18T20:00,32.8,19,5.9,308.0,982.8,0.0
2023-04-18T21:00,32.5,20,5.2,282.0,983.4,0.0
2023-04-18T22:00,31.7,23,18.2,346.0,984.1,0.0
2023-04-18T23:00,30.9,24,16.5,350.0,984.2,0.0
2023-04-19T00:00,29.8,26,13.5,351.0,983.7,0.0
2023-04-19T01:00,27.4,30,8.0,342.0,982.8,0.0
2023-04-19T02:00,28.4,29,7.6,335.0,982.0,0.0
2023-04-19T03:00,26.5,34,11.5,309.0,981.3,0.0
2023-04-19T04:00,25.3,36,10.8,274.0,981.2,0.0
2023-04-19T05:00,25.7,47,18.8,331.0,983.1,0.0
2023-04-19T06:00,25.1,49,13.0,336.0,983.2,0.0
2023-04-19T07:00,26.8,45,10.8,345.0,983.7,0.0
2023-04-19T08:00,29.1,39,13.3,357.0,984.2,0.0
2023-04-19T09:00,31.8,32,14.1,4.0,984.2,0.0
2023-04-19T10:00,33.8,27,11.7,9.0,984.0,0.0
2023-04-19T11:00,35.1,25,6.2,7.0,983.5,0.0
2023-04-19T12:00,36.2,22,2.4,297.0,982.4,0.0
2023-04-19T13:00,37.3,19,7.0,235.0,981.6,0.0
2023-04-19T14:00,36.1,20,12.5,226.0,980.9,0.0
2023-04-19T15:00,35.9,19,12.3,238.0,980.1,0.0
2023-04-19T16:00,34.3,24,11.9,256.0,979.9,0.0
2023-04-19T17:00,27.8,43,17.1,319.0,979.9,0.0
2023-04-19T18:00,28.7,41,8.5,298.0,979.7,0.0
2023-04-19T19:00,28.3,44,6.4,47.0,979.3,0.0
2023-04-19T20:00,27.4,46,9.7,48.0,980.5,0.0
2023-04-19T21:00,26.3,51,5.9,349.0,980.5,0.0
2023-04-19T22:00,26.7,50,7.9,309.0,980.9,0.0
2023-04-19T23:00,25.1,55,8.7,246.0,980.3,0.0
2023-04-20T00:00,24.4,57,9.0,241.0,979.6,0.0
2023-04-20T01:00,24.3,56,9.6,236.0,978.9,0.0
2023-04-20T02:00,24.2,55,8.7,232.0,978.4,0.0
2023-04-20T03:00,23.4,56,8.4,227.0,978.0,0.0
2023-04-20T04:00,23.3,55,7.9,231.0,977.9,0.0
2023-04-20T05:00,24.4,65,7.8,338.0,979.1,0.0
2023-04-20T06:00,24.6,64,5.8,338.0,979.4,0.0
2023-04-20T07:00,25.7,58,4.4,351.0,980.0,0.0
2023-04-20T08:00,28.1,50,2.1,301.0,980.8,0.0
2023-04-20T09:00,30.9,36,9.0,286.0,981.2,0.0
2023-04-20T10:00,32.1,32,9.7,285.0,980.9,0.0
2023-04-20T11:00,33.2,29,11.2,270.0,980.2,0.0
2023-04-20T12:00,33.9,27,12.2,272.0,979.6,0.0
2023-04-20T13:00,34.1,26,12.6,268.0,978.9,0.0
2023-04-20T14:00,34.4,26,12.2,272.0,978.0,0.0
2023-04-20T15:00,34.7,24,14.1,273.0,977.0,0.0
2023-04-20T16:00,33.6,23,15.5,269.0,976.6,0.0
2023-04-20T17:00,24.9,59,7.5,305.0,977.9,0.0
2023-04-20T18:00,28.0,43,10.5,149.0,977.5,0.0
2023-04-20T19:00,27.6,43,14.0,151.0,977.2,0.0
2023-04-20T20:00,27.3,38,6.6,151.0,977.6,0.0
2023-04-20T21:00,25.9,45,5.7,125.0,978.0,0.0
2023-04-20T22:00,25.2,49,5.2,115.0,978.5,0.0
2023-04-20T23:00,26.2,45,1.9,248.0,978.7,0.0
2023-04-21T00:00,24.8,48,7.3,351.0,978.7,0.0
2023-04-21T01:00,23.0,56,9.0,90.0,978.1,0.0
2023-04-21T02:00,23.1,55,6.6,119.0,977.7,0.0
2023-04-21T03:00,22.4,56,7.4,141.0,977.4,0.0
2023-04-21T04:00,22.7,55,10.3,151.0,978.0,0.0
2023-04-21T05:00,22.8,61,9.5,61.0,978.5,0.0
2023-04-21T06:00,23.1,60,13.7,85.0,979.9,0.0
2023-04-21T07:00,24.9,53,12.7,75.0,980.8,0.0
2023-04-21T08:00,27.7,45,12.2,109.0,981.6,0.0
2023-04-21T09:00,29.9,39,15.3,124.0,982.3,0.0
2023-04-21T10:00,31.9,33,14.0,134.0,982.2,0.0
2023-04-21T11:00,33.6,24,7.6,161.0,981.8,0.0
2023-04-21T12:00,34.8,19,5.0,240.0,981.1,0.0
2023-04-21T13:00,35.2,17,9.4,270.0,980.1,0.0
2023-04-21T14:00,35.1,17,12.0,263.0,979.2,0.0
2023-04-21T15:00,34.8,18,12.2,270.0,978.3,0.0
2023-04-21T16:00,34.2,18,13.1,286.0,978.3,0.0
2023-04-21T17:00,34.0,15,11.9,299.0,978.2,0.0
2023-04-21T18:00,32.1,16,9.1,342.0,978.5,0.0
2023-04-21T19:00,30.2,18,7.6,355.0,979.1,0.0
2023-04-21T20:00,32.0,14,7.4,313.0,979.7,0.0
2023-04-21T21:00,27.2,26,10.4,44.0,980.6,0.0
2023-04-21T22:00,26.2,32,7.5,35.0,981.3,0.0
2023-04-21T23:00,26.4,27,13.6,11.0,981.7,0.0
2023-04-22T00:00,25.9,28,10.1,35.0,981.2,0.0
2023-04-22T01:00,25.4,30,7.6,85.0,980.4,0.0
2023-04-22T02:00,22.7,37,10.0,60.0,979.7,0.0
2023-04-22T03:00,22.0,39,9.2,79.0,979.2,0.0
2023-04-22T04:00,21.1,45,10.5,94.0,979.1,0.0
2023-04-22T05:00,20.8,59,6.6,131.0,979.7,0.0
2023-04-22T06:00,22.9,52,8.0,126.0,980.3,0.0
2023-04-22T07:00,25.6,45,7.5,125.0,981.5,0.0
2023-04-22T08:00,28.3,36,7.5,125.0,982.5,0.0
2023-04-22T09:00,30.8,28,10.0,142.0,983.0,0.0
2023-04-22T10:00,32.6,23,8.3,185.0,982.8,0.0
2023-04-22T11:00,33.7,16,5.4,274.0,982.6,0.0
2023-04-22T12:00,35.0,14,9.5,323.0,981.9,0.0
2023-04-22T13:00,35.1,13,14.7,332.0,980.9,0.0
2023-04-22T14:00,35.1,13,17.2,331.0,980.3,0.0
2023-04-22T15:00,34.7,13,13.4,329.0,979.6,0.0
2023-04-22T16:00,34.4,14,6.8,328.0,979.1,0.0
2023-04-22T17:00,34.0,12,11.3,338.0,979.3,0.0
2023-04-22T18:00,31.5,14,6.9,309.0,979.2,0.0
2023-04-22T19:00,28.3,16,7.8,283.0,979.4,0.0
2023-04-22T20:00,27.4,17,8.2,345.0,980.2,0.0
2023-04-22T21:00,27.6,17,12.5,12.0,980.7,0.0
2023-04-22T22:00,26.8,19,14.7,28.0,981.0,0.0
2023-04-22T23:00,25.2,22,10.0,26.0,981.1,0.0
2023-04-23T00:00,23.8,26,8.2,15.0,980.9,0.0
2023-04-23T01:00,23.2,28,9.5,9.0,980.5,0.0
2023-04-23T02:00,22.6,31,10.2,352.0,980.4,0.0
2023-04-23T03:00,21.8,34,7.8,347.0,980.5,0.0
2023-04-23T04:00,20.9,37,7.9,344.0,980.6,0.0
2023-04-23T05:00,22.1,38,8.7,312.0,980.4,0.0
2023-04-23T06:00,22.7,40,19.0,331.0,982.1,0.0
2023-04-23T07:00,25.2,35,13.9,31.0,982.4,0.0
2023-04-23T08:00,27.4,29,12.9,13.0,984.1,0.0
2023-04-23T09:00,28.7,24,17.7,4.0,984.7,0.0
2023-04-23T10:00,31.3,18,12.3,52.0,984.1,0.0
2023-04-23T11:00,32.5,16,15.5,86.0,983.4,0.0
2023-04-23T12:00,33.5,14,14.5,120.0,982.9,0.0
2023-04-23T13:00,33.9,14,15.1,115.0,982.3,0.0
2023-04-23T14:00,33.7,14,19.5,115.0,981.7,0.0
2023-04-23T15:00,33.1,15,18.3,122.0,981.3,0.0
2023-04-23T16:00,32.5,15,10.5,158.0,981.3,0.0
2023-04-23T17:00,29.9,20,5.0,330.0,982.2,0.0
2023-04-23T18:00,28.3,24,4.9,287.0,982.3,0.0
2023-04-23T19:00,26.6,28,17.3,268.0,982.7,0.0
2023-04-23T20:00,24.7,34,10.8,270.0,982.9,0.0
2023-04-23T21:00,23.7,35,7.5,253.0,983.3,0.0
2023-04-23T22:00,23.1,37,7.1,229.0,983.8,0.0
2023-04-23T23:00,21.6,42,8.3,265.0,983.8,0.0
2023-04-24T00:00,21.6,43,8.3,355.0,984.0,0.0
2023-04-24T01:00,21.1,44,6.8,3.0,983.6,0.0
2023-04-24T02:00,21.3,41,7.5,17.0,983.3,0.0
2023-04-24T03:00,20.7,43,7.5,17.0,983.3,0.0
2023-04-24T04:00,20.0,47,5.4,127.0,983.8,0.0
2023-04-24T05:00,20.0,49,6.8,108.0,984.0,0.0
2023-04-24T06:00,20.9,58,5.9,128.0,985.1,0.0
2023-04-24T07:00,23.7,41,2.4,207.0,986.2,0.0
2023-04-24T08:00,25.9,35,1.6,243.0,987.2,0.0
2023-04-24T09:00,27.7,32,3.4,108.0,987.9,0.0
2023-04-24T10:00,30.1,27,7.2,117.0,987.8,0.0
2023-04-24T11:00,31.6,22,10.6,125.0,987.6,0.0
2023-04-24T12:00,31.3,22,14.8,141.0,987.5,0.0
2023-04-24T13:00,31.6,21,13.8,129.0,987.0,0.0
2023-04-24T14:00,31.9,21,15.7,110.0,986.3,0.0
2023-04-24T15:00,30.7,23,15.5,118.0,985.7,0.0
2023-04-24T16:00,30.0,26,15.2,126.0,985.6,0.0
2023-04-24T17:00,29.9,25,11.3,127.0,985.1,0.0
2023-04-24T18:00,29.1,26,9.2,121.0,985.5,0.0
2023-04-24T19:00,27.4,31,15.1,115.0,986.1,0.0
2023-04-24T20:00,26.0,35,14.8,119.0,986.6,0.0
2023-04-24T21:00,25.2,38,14.8,113.0,987.1,0.0
2023-04-24T22:00,24.6,40,17.7,123.0,987.4,0.0
2023-04-24T23:00,23.8,43,15.8,133.0,987.3,0.0
2023-04-25T00:00,23.0,46,13.9,143.0,987.1,0.0
2023-04-25T01:00,22.3,49,13.4,144.0,986.7,0.0
2023-04-25T02:00,21.7,51,12.0,129.0,986.5,0.0
2023-04-25T03:00,21.1,54,13.3,123.0,986.4,0.0
2023-04-25T04:00,20.6,56,12.8,130.0,987.0,0.0
2023-04-25T05:00,20.6,54,12.7,133.0,987.5,0.0
2023-04-25T06:00,21.0,54,11.5,122.0,988.7,0.0
2023-04-25T07:00,22.7,50,10.2,113.0,989.3,0.0
2023-04-25T08:00,25.3,43,13.3,123.0,989.8,0.0
2023-04-25T09:00,27.9,35,16.8,137.0,990.2,0.0
2023-04-25T10:00,29.7,30,14.6,142.0,990.2,0.0
2023-04-25T11:00,31.2,26,10.7,138.0,989.7,0.0
2023-04-25T12:00,32.4,23,7.6,115.0,988.9,0.0
2023-04-25T13:00,32.9,22,7.5,73.0,987.9,0.0
2023-04-25T14:00,33.2,22,10.2,42.0,986.6,0.0
2023-04-25T15:00,33.2,22,11.4,28.0,985.6,0.0
2023-04-25T16:00,32.7,22,11.0,23.0,985.0,0.0
2023-04-25T17:00,33.0,21,10.1,35.0,984.9,0.0
2023-04-25T18:00,31.6,23,8.5,36.0,984.9,0.0
2023-04-25T19:00,28.8,30,8.5,54.0,985.0,0.0
2023-04-25T20:00,27.4,33,5.6,165.0,985.5,0.0
2023-04-25T21:00,27.6,32,5.2,168.0,985.9,0.0
2023-04-25T22:00,25.5,38,7.1,60.0,985.6,0.0
2023-04-25T23:00,24.7,42,8.0,80.0,985.6,0.0
2023-04-26T00:00,23.5,46,6.9,99.0,984.9,0.0
2023-04-26T01:00,22.7,49,6.5,124.0,984.3,0.0
2023-04-26T02:00,22.7,49,7.4,137.0,983.7,0.0
2023-04-26T03:00,22.2,50,7.1,156.0,983.5,0.0
2023-04-26T04:00,22.2,49,8.0,172.0,983.5,0.0
2023-04-26T05:00,22.1,53,8.3,180.0,984.3,0.0
2023-04-26T06:00,23.5,48,11.2,182.0,985.0,0.0
2023-04-26T07:00,26.4,41,11.9,178.0,986.0,0.0
2023-04-26T08:00,29.1,35,10.9,188.0,986.4,0.0
2023-04-26T09:00,31.6,29,11.1,205.0,986.8,0.0
2023-04-26T10:00,33.3,22,4.4,235.0,986.5,0.0
2023-04-26T11:00,34.1,20,3.9,338.0,986.2,0.0
2023-04-26T12:00,34.9,18,6.5,354.0,985.3,0.0
2023-04-26T13:00,35.4,17,8.0,355.0,984.3,0.0
2023-04-26T14:00,35.6,17,8.7,336.0,983.0,0.0
2023-04-26T15:00,35.1,17,8.2,322.0,982.0,0.0
2023-04-26T16:00,34.7,17,7.7,323.0,981.3,0.0
2023-04-26T17:00,34.4,18,10.5,4.0,981.2,0.0
2023-04-26T18:00,31.6,25,6.4,43.0,981.2,0.0
2023-04-26T19:00,29.4,26,7.4,76.0,981.8,0.0
2023-04-26T20:00,29.4,28,10.4,70.0,982.7,0.0
2023-04-26T21:00,28.0,31,7.8,103.0,982.9,0.0
2023-04-26T22:00,26.6,34,7.4,104.0,983.1,0.0
2023-04-26T23:00,26.4,36,9.7,90.0,983.2,0.0
2023-04-27T00:00,25.1,39,8.8,145.0,982.7,0.0
2023-04-27T01:00,24.4,39,8.5,152.0,982.4,0.0
2023-04-27T02:00,25.1,34,9.8,172.0,982.0,0.0
2023-04-27T03:00,24.5,34,10.1,184.0,982.0,0.0
2023-04-27T04:00,24.2,35,8.7,185.0,982.3,0.0
2023-04-27T05:00,23.6,44,7.6,188.0,982.4,0.0
2023-04-27T06:00,24.5,43,6.0,205.0,983.2,0.0
2023-04-27T07:00,27.0,39,6.8,245.0,984.2,0.0
2023-04-27T08:00,29.0,37,8.8,348.0,985.1,0.0
2023-04-27T09:00,29.6,32,17.2,26.0,986.1,0.0
2023-04-27T10:00,32.3,27,9.0,74.0,985.7,0.0
2023-04-27T11:00,34.6,21,4.2,149.0,984.9,0.0
2023-04-27T12:00,35.8,17,10.4,236.0,984.4,0.0
2023-04-27T13:00,35.4,18,14.4,248.0,984.1,0.0
2023-04-27T14:00,35.0,19,12.2,256.0,983.7,0.0
2023-04-27T15:00,32.5,26,17.2,74.0,983.8,0.0
2023-04-27T16:00,29.1,36,18.2,56.0,984.4,0.0
2023-04-27T17:00,35.8,14,9.8,234.0,980.9,0.0
2023-04-27T18:00,33.0,18,10.7,290.0,981.9,0.0
2023-04-27T19:00,29.3,28,4.7,176.0,983.8,0.0
2023-04-27T20:00,28.3,33,4.0,350.0,984.7,0.0
2023-04-27T21:00,27.2,33,6.8,65.0,984.6,0.0
2023-04-27T22:00,27.2,31,7.6,65.0,984.6,0.0
2023-04-27T23:00,25.9,34,9.4,67.0,984.1,0.0
2023-04-28T00:00,24.7,39,9.6,110.0,983.9,0.0
2023-04-28T01:00,24.6,38,7.1,120.0,983.4,0.0
2023-04-28T02:00,24.8,37,8.2,142.0,983.0,0.0
2023-04-28T03:00,24.1,39,6.5,124.0,983.1,0.0
2023-04-28T04:00,23.2,45,7.1,24.0,983.5,0.0
2023-04-28T05:00,22.4,56,4.3,24.0,984.6,0.0
2023-04-28T06:00,23.6,51,4.3,185.0,985.6,0.0
2023-04-28T07:00,25.3,46,2.2,90.0,986.1,0.0
2023-04-28T08:00,27.4,41,3.1,69.0,987.1,0.0
2023-04-28T09:00,28.3,39,8.9,122.0,987.5,0.0
2023-04-28T10:00,30.2,34,5.4,160.0,987.6,0.0
2023-04-28T11:00,32.2,28,6.4,164.0,986.8,0.0
2023-04-28T12:00,32.0,28,8.0,172.0,986.3,0.0
2023-04-28T13:00,33.3,24,8.4,211.0,985.6,0.0
2023-04-28T14:00,33.0,24,6.2,234.0,984.4,0.0
2023-04-28T15:00,33.4,23,4.4,279.0,983.0,0.0
2023-04-28T16:00,33.5,23,5.4,278.0,982.5,0.0
2023-04-28T17:00,32.2,25,8.4,10.0,983.0,0.0
2023-04-28T18:00,30.9,28,7.3,340.0,982.8,0.0
2023-04-28T19:00,29.4,29,8.8,341.0,982.7,0.0
2023-04-28T20:00,27.0,37,6.7,344.0,983.2,0.0
2023-04-28T21:00,25.6,42,5.0,240.0,983.7,0.0
2023-04-28T22:00,25.5,43,5.4,266.0,984.2,0.0
2023-04-28T23:00,24.4,46,5.5,247.0,983.7,0.0
2023-04-29T00:00,23.9,48,6.0,245.0,983.3,0.0
2023-04-29T01:00,23.0,53,5.8,248.0,982.6,0.0
2023-04-29T02:00,22.5,57,5.5,259.0,982.4,0.0
2023-04-29T03:00,21.8,60,5.1,266.0,982.3,0.0
2023-04-29T04:00,22.0,60,4.5,256.0,982.4,0.0
2023-04-29T05:00,24.2,54,8.7,228.0,983.2,0.0
2023-04-29T06:00,25.0,52,11.4,259.0,983.9,0.0
2023-04-29T07:00,24.8,52,18.9,291.0,985.1,0.0
2023-04-29T08:00,27.0,46,13.8,303.0,985.6,0.0
2023-04-29T09:00,28.6,41,13.2,317.0,985.8,0.0
2023-04-29T10:00,30.3,36,10.7,312.0,985.7,0.0
2023-04-29T11:00,31.8,32,8.9,302.0,985.2,0.0
2023-04-29T12:00,33.3,29,9.2,249.0,984.6,0.0
2023-04-29T13:00,29.5,39,6.3,246.0,984.3,0.6
2023-04-29T14:00,31.5,34,5.1,231.0,983.1,0.0
2023-04-29T15:00,30.5,35,6.6,283.0,982.4,0.0
2023-04-29T16:00,30.1,36,9.0,307.0,982.1,0.0
2023-04-29T17:00,27.0,51,5.9,223.0,982.2,0.0
2023-04-29T18:00,27.1,51,9.0,37.0,982.7,0.0
2023-04-29T19:00,25.7,55,5.1,39.0,982.6,0.0
2023-04-29T20:00,24.9,59,4.4,35.0,983.0,0.0
2023-04-29T21:00,24.0,63,4.8,117.0,983.6,0.0
2023-04-29T22:00,23.7,62,4.3,138.0,983.6,0.0
2023-04-29T23:00,23.3,61,5.2,164.0,983.4,0.0
2023-04-30T00:00,22.7,63,4.5,194.0,982.8,0.0
2023-04-30T01:00,22.5,64,4.8,207.0,982.2,0.0
2023-04-30T02:00,23.4,59,1.3,124.0,982.1,0.0
2023-04-30T03:00,22.0,68,5.4,86.0,982.1,0.0
2023-04-30T04:00,21.5,72,5.7,55.0,982.1,0.0
2023-04-30T05:00,22.4,74,2.2,351.0,982.7,0.0
2023-04-30T06:00,22.9,73,11.6,334.0,984.1,0.1
2023-04-30T07:00,23.6,67,5.0,21.0,984.5,0.0
2023-04-30T08:00,24.3,62,6.1,360.0,985.0,0.0
2023-04-30T09:00,26.6,51,11.1,13.0,985.4,0.0
2023-04-30T10:00,28.4,43,9.8,17.0,985.1,0.0
2023-04-30T11:00,28.3,42,5.0,30.0,984.1,0.0
2023-04-30T12:00,29.4,38,1.9,22.0,983.4,0.0
2023-04-30T13:00,30.0,37,1.0,315.0,982.4,0.0
2023-04-30T14:00,30.4,36,3.3,264.0,980.7,0.0
2023-04-30T15:00,30.0,36,12.0,316.0,980.1,0.0
2023-04-30T16:00,28.2,45,7.9,344.0,980.1,0.3
2023-04-30T17:00,24.4,60,20.2,1.0,981.1,0.0
2023-04-30T18:00,21.7,77,6.1,45.0,981.4,0.9
2023-04-30T19:00,22.3,77,10.0,41.0,982.2,0.1
2023-04-30T20:00,22.1,79,10.2,42.0,983.0,0.0
2023-04-30T21:00,21.5,80,13.5,74.0,983.6,0.0
2023-04-30T22:00,21.2,82,9.0,61.0,983.5,0.0
2023-04-30T23:00,21.2,85,10.3,78.0,983.1,0.0
2023-05-01T00:00,21.0,85,5.8,86.0,982.3,0.0
2023-05-01T01:00,20.7,86,6.4,47.0,981.8,0.0
2023-05-01T02:00,20.4,88,6.3,59.0,981.5,0.0
2023-05-01T03:00,20.2,89,8.6,68.0,981.5,0.0
2023-05-01T04:00,20.2,89,7.1,66.0,981.7,0.0
2023-05-01T05:00,19.8,92,10.4,14.0,982.4,0.0
2023-05-01T06:00,20.3,91,10.3,78.0,983.2,1.2
2023-05-01T07:00,20.3,92,8.8,102.0,983.7,0.8
2023-05-01T08:00,21.4,85,8.6,105.0,984.4,0.1
2023-05-01T09:00,22.7,78,10.6,125.0,984.7,0.0
2023-05-01T10:00,23.1,74,8.0,126.0,984.8,0.2
2023-05-01T11:00,23.8,69,7.2,117.0,984.3,0.1
2023-05-01T12:00,25.3,63,4.8,103.0,983.6,0.2
2023-05-01T13:00,26.6,57,4.3,66.0,982.9,0.2
2023-05-01T14:00,27.8,52,5.5,58.0,981.5,0.0
2023-05-01T15:00,27.6,50,6.0,25.0,980.8,0.0
2023-05-01T16:00,26.4,52,8.0,18.0,980.9,0.0
2023-05-01T17:00,20.1,88,12.8,74.0,982.1,1.6
2023-05-01T18:00,21.2,87,10.5,74.0,982.4,1.0
2023-05-01T19:00,20.7,89,10.9,84.0,983.1,0.0
2023-05-01T20:00,20.6,92,9.4,94.0,983.8,0.0
2023-05-01T21:00,20.4,93,8.4,97.0,984.4,0.0
2023-05-01T22:00,20.2,94,9.7,112.0,984.9,0.0
2023-05-01T23:00,20.2,93,9.9,123.0,984.8,0.0
2023-05-02T00:00,20.0,95,8.6,112.0,984.3,0.0
2023-05-02T01:00,19.9,95,8.2,113.0,983.7,0.0
2023-05-02T02:00,19.7,97,8.2,119.0,983.1,0.0
2023-05-02T03:00,19.5,98,8.1,103.0,983.0,0.0
2023-05-02T04:00,19.3,98,10.4,90.0,983.0,0.0
2023-05-02T05:00,20.0,97,12.5,102.0,983.8,0.0
2023-05-02T06:00,20.8,89,18.4,107.0,984.5,0.7
2023-05-02T07:00,21.5,86,14.6,123.0,985.0,0.1
2023-05-02T08:00,22.5,79,12.4,112.0,986.0,0.1
2023-05-02T09:00,23.5,74,9.3,118.0,986.5,0.3
2023-05-02T10:00,24.8,68,8.7,114.0,986.4,0.2
2023-05-02T11:00,26.3,62,6.9,96.0,986.0,0.1
2023-05-02T12:00,27.3,59,8.6,75.0,985.4,0.1
2023-05-02T13:00,28.0,55,8.8,81.0,984.5,0.1
2023-05-02T14:00,27.8,54,7.8,68.0,983.4,0.1
2023-05-02T15:00,24.2,71,18.1,43.0,983.0,3.3
2023-05-02T16:00,23.3,74,10.9,107.0,982.7,0.3
2023-05-02T17:00,23.5,75,14.8,91.0,983.0,0.0
2023-05-02T18:00,22.7,79,14.3,72.0,983.2,0.0
2023-05-02T19:00,21.8,85,12.3,87.0,984.1,0.0
2023-05-02T20:00,21.6,87,10.5,94.0,985.2,0.0
2023-05-02T21:00,21.3,88,8.9,111.0,986.0,0.0
2023-05-02T22:00,20.8,89,8.2,209.0,987.0,0.0
2023-05-02T23:00,20.9,88,5.1,94.0,985.9,0.0
2023-05-03T00:00,20.3,91,3.8,197.0,985.7,0.0
2023-05-03T01:00,20.1,92,3.4,108.0,984.9,0.0
2023-05-03T02:00,20.3,91,8.5,102.0,984.7,0.1
2023-05-03T03:00,19.9,94,6.3,103.0,984.9,0.3
2023-05-03T04:00,19.9,95,5.1,98.0,985.1,0.0
2023-05-03T05:00,20.5,95,1.8,270.0,985.6,0.1
2023-05-03T06:00,19.9,93,5.2,168.0,986.9,5.3
2023-05-03T07:00,20.4,90,7.2,37.0,987.0,0.5
2023-05-03T08:00,22.4,83,7.4,104.0,987.6,0.0
2023-05-03T09:00,23.1,76,14.8,94.0,988.8,0.2
2023-05-03T10:00,22.8,77,3.6,84.0,988.1,0.2
2023-05-03T11:00,25.1,67,7.1,336.0,987.9,0.0
2023-05-03T12:00,27.0,60,8.0,18.0,986.9,0.0
2023-05-03T13:00,28.2,54,9.2,26.0,986.0,0.0
2023-05-03T14:00,26.9,55,5.9,14.0,985.0,0.1
2023-05-03T15:00,27.2,55,8.6,22.0,983.9,0.0
2023-05-03T16:00,27.1,55,8.8,55.0,983.5,0.0
2023-05-03T17:00,21.5,85,11.2,50.0,984.3,0.0
2023-05-03T18:00,22.3,82,9.4,97.0,984.7,0.0
2023-05-03T19:00,21.7,86,8.0,108.0,984.7,0.0
2023-05-03T20:00,21.6,85,9.2,138.0,985.1,0.0
2023-05-03T21:00,20.9,88,4.9,144.0,985.7,0.0
2023-05-03T22:00,20.1,93,5.4,143.0,985.8,0.0
2023-05-03T23:00,20.0,94,4.8,153.0,985.7,0.0
2023-05-04T00:00,19.5,96,5.4,143.0,985.1,0.0
2023-05-04T01:00,19.3,97,5.1,98.0,984.9,0.0
2023-05-04T02:00,19.3,98,4.3,66.0,984.7,0.0
2023-05-04T03:00,18.9,99,6.2,54.0,984.6,0.0
2023-05-04T04:00,18.7,99,5.7,35.0,984.9,0.0
2023-05-04T05:00,18.8,98,4.7,90.0,985.8,0.0
2023-05-04T06:00,19.8,96,3.2,63.0,986.5,0.0
2023-05-04T07:00,21.3,88,3.4,72.0,987.5,0.0
2023-05-04T08:00,23.3,76,3.7,79.0,988.0,0.0
2023-05-04T09:00,24.9,70,5.0,69.0,988.1,0.0
2023-05-04T10:00,26.6,61,5.0,60.0,987.9,0.0
2023-05-04T11:00,28.0,55,5.4,70.0,987.4,0.0
2023-05-04T12:00,28.7,52,4.8,77.0,986.6,0.0
2023-05-04T13:00,29.3,49,3.1,54.0,985.7,0.0
2023-05-04T14:00,29.6,47,3.7,11.0,984.8,0.0
2023-05-04T15:00,29.7,45,4.0,355.0,983.8,0.0
2023-05-04T16:00,29.5,45,3.0,346.0,982.9,0.0
2023-05-04T17:00,28.8,52,2.3,141.0,982.8,0.0
2023-05-04T18:00,27.8,60,2.6,106.0,982.9,0.0
2023-05-04T19:00,25.8,65,6.2,100.0,983.2,0.0
2023-05-04T20:00,24.9,70,7.0,111.0,983.9,0.0
2023-05-04T21:00,23.8,76,7.8,103.0,984.4,0.0
2023-05-04T22:00,23.1,79,7.6,95.0,984.6,0.0
2023-05-04T23:00,22.5,82,6.4,106.0,984.6,0.0
2023-05-05T00:00,22.0,84,6.2,126.0,984.4,0.0
2023-05-05T01:00,21.5,86,7.4,141.0,983.9,0.0
2023-05-05T02:00,21.0,88,7.8,158.0,983.6,0.0
2023-05-05T03:00,20.6,89,7.1,156.0,983.5,0.0
2023-05-05T04:00,20.8,86,5.4,172.0,983.4,0.0
2023-05-05T05:00,22.4,74,9.3,196.0,983.6,0.0
2023-05-05T06:00,23.6,70,11.9,209.0,984.3,0.0
2023-05-05T07:00,25.7,65,10.4,226.0,985.4,0.0
2023-05-05T08:00,28.3,53,11.0,218.0,985.7,0.0
2023-05-05T09:00,30.1,44,13.5,312.0,986.6,0.1
2023-05-05T10:00,23.9,71,5.5,58.0,986.9,5.3
2023-05-05T11:00,26.1,62,4.1,38.0,986.4,0.0
2023-05-05T12:00,29.1,52,5.7,18.0,985.4,0.0
2023-05-05T13:00,29.3,49,3.7,349.0,984.9,0.0
2023-05-05T14:00,30.6,43,5.8,274.0,983.5,0.0
2023-05-05T15:00,30.8,38,12.0,309.0,982.5,0.0
2023-05-05T16:00,30.7,37,12.0,311.0,981.9,0.0
2023-05-05T17:00,29.9,37,12.1,240.0,981.0,0.0
2023-05-05T18:00,29.3,39,7.9,246.0,981.0,0.0
2023-05-05T19:00,27.0,43,7.7,259.0,981.1,0.0
2023-05-05T20:00,25.8,46,9.0,323.0,981.7,0.0
2023-05-05T21:00,24.7,54,8.7,7.0,982.1,0.0
2023-05-05T22:00,26.4,49,2.9,180.0,982.5,0.0
2023-05-05T23:00,23.2,57,4.2,239.0,982.1,0.0
2023-05-06T00:00,22.5,59,4.3,270.0,981.7,0.0
2023-05-06T01:00,22.0,60,4.0,243.0,981.1,0.0
2023-05-06T02:00,21.3,64,6.2,277.0,980.8,0.0
2023-05-06T03:00,20.9,64,5.1,262.0,980.9,0.0
2023-05-06T04:00,20.7,64,5.4,274.0,981.0,0.0
2023-05-06T05:00,21.9,65,7.1,285.0,981.6,0.0
2023-05-06T06:00,23.9,58,6.9,298.0,982.6,0.0
2023-05-06T07:00,25.9,54,6.8,295.0,983.4,0.0
2023-05-06T08:00,28.4,47,6.5,304.0,984.1,0.0
2023-05-06T09:00,30.7,37,6.7,324.0,984.4,0.0
2023-05-06T10:00,32.3,31,7.6,341.0,984.3,0.0
2023-05-06T11:00,33.4,30,5.6,320.0,983.9,0.0
2023-05-06T12:00,34.5,28,8.1,283.0,983.1,0.0
2023-05-06T13:00,35.4,25,13.2,281.0,982.0,0.0
2023-05-06T14:00,34.8,26,20.0,308.0,981.5,0.0
2023-05-06T15:00,34.3,26,21.7,302.0,980.7,0.0
2023-05-06T16:00,32.4,30,18.6,311.0,981.1,0.0
2023-05-06T17:00,28.0,50,7.7,191.0,980.0,0.0
2023-05-06T18:00,28.2,52,8.9,50.0,980.6,0.0
2023-05-06T19:00,26.1,55,4.0,175.0,980.3,0.0
2023-05-06T20:00,26.8,50,9.8,208.0,980.5,0.0
2023-05-06T21:00,24.9,58,7.9,286.0,980.9,0.0
2023-05-06T22:00,24.3,59,6.5,236.0,981.0,0.0
2023-05-06T23:00,24.2,57,7.9,240.0,980.8,0.0
2023-05-07T00:00,23.8,55,9.6,250.0,980.6,0.0
2023-05-07T01:00,23.5,53,10.1,253.0,980.2,0.0
2023-05-07T02:00,22.7,56,7.1,255.0,979.6,0.0
2023-05-07T03:00,22.4,56,6.9,242.0,979.5,0.0
2023-05-07T04:00,22.3,54,9.4,238.0,979.5,0.0
2023-05-07T05:00,22.0,54,8.9,227.0,980.4,0.0
2023-05-07T06:00,23.8,49,10.9,224.0,981.0,0.0
2023-05-07T07:00,26.8,44,9.2,225.0,982.0,0.0
2023-05-07T08:00,30.1,38,5.7,235.0,982.9,0.0
2023-05-07T09:00,32.8,31,6.4,243.0,983.5,0.0
2023-05-07T10:00,34.6,26,7.8,257.0,983.4,0.0
2023-05-07T11:00,35.8,23,9.0,270.0,983.1,0.0
2023-05-07T12:00,36.1,22,12.2,317.0,982.7,0.0
2023-05-07T13:00,34.8,26,15.4,16.0,982.0,0.0
2023-05-07T14:00,34.8,26,13.2,43.0,980.9,0.0
2023-05-07T15:00,35.1,25,10.6,55.0,980.2,0.0
2023-05-07T16:00,35.1,24,11.2,92.0,979.2,0.0
2023-05-07T17:00,29.8,38,9.7,92.0,978.8,0.0
2023-05-07T18:00,30.8,36,17.4,108.0,979.2,0.0
2023-05-07T19:00,29.8,35,10.3,126.0,979.1,0.0
2023-05-07T20:00,28.7,37,12.9,157.0,979.4,0.0
2023-05-07T21:00,27.4,40,14.8,166.0,980.0,0.0
2023-05-07T22:00,26.5,42,8.9,137.0,980.0,0.0
2023-05-07T23:00,25.7,45,10.1,176.0,980.2,0.0
2023-05-08T00:00,25.8,43,10.5,158.0,979.6,0.0
2023-05-08T01:00,24.5,47,7.1,135.0,978.7,0.0
2023-05-08T02:00,23.3,53,5.6,75.0,978.3,0.0
2023-05-08T03:00,21.9,62,6.2,54.0,978.6,0.0
2023-05-08T04:00,22.0,59,5.4,266.0,979.3,0.0
2023-05-08T05:00,24.2,60,22.2,138.0,980.0,0.0
2023-05-08T06:00,25.4,54,19.3,117.0,979.7,0.0
2023-05-08T07:00,26.1,53,13.0,132.0,980.9,0.0
2023-05-08T08:00,28.6,45,15.6,124.0,981.0,0.0
2023-05-08T09:00,31.5,35,20.8,143.0,981.8,0.0
2023-05-08T10:00,33.4,30,18.6,133.0,982.1,0.0
2023-05-08T11:00,34.6,27,19.5,141.0,982.1,0.0
2023-05-08T12:00,35.1,27,16.3,149.0,981.9,0.0
2023-05-08T13:00,35.4,27,13.4,149.0,981.1,0.0
2023-05-08T14:00,35.8,22,4.1,165.0,980.3,0.0
2023-05-08T15:00,36.5,17,1.8,307.0,979.6,0.0
2023-05-08T16:00,36.6,15,7.1,336.0,979.0,0.0
2023-05-08T17:00,32.6,30,17.6,91.0,979.3,0.0
2023-05-08T18:00,32.2,33,16.3,95.0,978.9,0.0
2023-05-08T19:00,29.3,41,17.0,95.0,979.5,0.0
2023-05-08T20:00,27.8,43,12.7,105.0,980.1,0.0
2023-05-08T21:00,26.9,46,11.1,103.0,980.9,0.0
2023-05-08T22:00,26.3,47,12.7,119.0,980.7,0.0
2023-05-08T23:00,25.5,49,10.0,159.0,980.9,0.0
2023-05-09T00:00,24.2,54,9.7,202.0,981.1,0.0
2023-05-09T01:00,23.8,55,10.0,330.0,981.6,0.0
2023-05-09T02:00,22.7,60,5.8,356.0,980.8,0.0
2023-05-09T03:00,21.4,67,5.8,94.0,980.4,0.0
2023-05-09T04:00,22.4,63,2.6,34.0,980.6,0.0
2023-05-09T05:00,21.5,72,5.4,307.0,981.7,0.0
2023-05-09T06:00,22.7,68,12.9,333.0,982.8,0.0
2023-05-09T07:00,24.6,59,9.5,349.0,984.0,0.0
2023-05-09T08:00,27.7,44,5.2,348.0,984.4,0.0
2023-05-09T09:00,31.5,30,8.0,352.0,984.9,0.0
2023-05-09T10:00,33.8,21,11.6,344.0,984.8,0.0
2023-05-09T11:00,35.3,18,11.6,338.0,984.6,0.0
2023-05-09T12:00,36.5,14,13.0,326.0,984.2,0.0
2023-05-09T13:00,37.1,13,17.8,313.0,983.8,0.0
2023-05-09T14:00,37.1,12,20.2,309.0,983.0,0.0
2023-05-09T15:00,36.8,13,21.1,303.0,982.4,0.0
2023-05-09T16:00,36.4,12,20.9,306.0,981.9,0.0
2023-05-09T17:00,36.2,13,11.3,307.0,981.3,0.0
2023-05-09T18:00,33.9,14,13.0,336.0,981.4,0.0
2023-05-09T19:00,30.8,19,10.2,321.0,981.8,0.0
2023-05-09T20:00,29.4,19,12.7,331.0,982.2,0.0
2023-05-09T21:00,29.0,19,19.2,355.0,982.6,0.0
2023-05-09T22:00,27.7,23,15.2,4.0,982.6,0.0
2023-05-09T23:00,26.3,27,11.2,356.0,982.6,0.0
2023-05-10T00:00,25.6,28,11.9,346.0,982.3,0.0
2023-05-10T01:00,24.0,32,7.1,319.0,981.8,0.0
2023-05-10T02:00,23.3,34,6.9,279.0,981.4,0.0
2023-05-10T03:00,22.6,35,9.4,270.0,981.3,0.0
2023-05-10T04:00,22.1,36,11.2,266.0,981.4,0.0
2023-05-10T05:00,21.9,40,10.5,266.0,982.3,0.0
2023-05-10T06:00,23.2,37,12.0,261.0,982.9,0.0
2023-05-10T07:00,25.6,34,11.3,261.0,983.6,0.0
2023-05-10T08:00,28.6,28,11.4,281.0,984.0,0.0
2023-05-10T09:00,31.6,22,12.7,278.0,984.5,0.0
2023-05-10T10:00,33.7,15,16.3,284.0,984.2,0.0
2023-05-10T11:00,34.8,12,19.8,295.0,983.9,0.0
2023-05-10T12:00,35.5,11,21.3,300.0,983.4,0.0
2023-05-10T13:00,36.1,10,21.7,302.0,982.7,0.0
2023-05-10T14:00,36.3,10,22.3,304.0,982.0,0.0
2023-05-10T15:00,36.5,10,21.9,306.0,981.2,0.0
2023-05-10T16:00,36.0,10,22.9,314.0,980.9,0.0
2023-05-10T17:00,36.4,11,22.0,310.0,980.4,0.0
2023-05-10T18:00,34.5,13,18.2,309.0,980.6,0.0
2023-05-10T19:00,32.4,15,13.9,307.0,980.9,0.0
2023-05-10T20:00,30.2,18,9.2,312.0,981.4,0.0
2023-05-10T21:00,27.3,23,7.2,333.0,981.7,0.0
2023-05-10T22:00,26.5,26,8.6,338.0,981.7,0.0
2023-05-10T23:00,28.5,24,3.7,299.0,981.8,0.0
2023-05-11T00:00,25.3,28,10.0,257.0,981.6,0.0
2023-05-11T01:00,24.8,27,8.0,288.0,981.4,0.0
2023-05-11T02:00,23.3,30,9.5,299.0,981.0,0.0
2023-05-11T03:00,22.6,31,11.2,303.0,981.0,0.0
2023-05-11T04:00,22.1,32,9.8,287.0,981.3,0.0
2023-05-11T05:00,22.6,37,8.0,297.0,982.4,0.0
2023-05-11T06:00,24.5,34,3.1,234.0,983.3,0.0
2023-05-11T07:00,27.6,30,8.9,230.0,984.3,0.0
2023-05-11T08:00,31.1,24,6.2,234.0,985.1,0.0
2023-05-11T09:00,33.6,20,3.7,299.0,985.7,0.0
2023-05-11T10:00,35.4,17,4.1,308.0,985.5,0.0
2023-05-11T11:00,37.0,13,6.6,292.0,985.2,0.0
2023-05-11T12:00,37.9,11,8.3,288.0,984.5,0.0
2023-05-11T13:00,38.6,9,9.3,286.0,983.9,0.0
2023-05-11T14:00,38.9,9,11.6,286.0,982.8,0.0
2023-05-11T15:00,38.7,9,13.9,301.0,982.2,0.0
2023-05-11T16:00,38.0,10,16.1,318.0,981.7,0.0
2023-05-11T17:00,37.5,13,9.4,252.0,981.3,0.0
2023-05-11T18:00,35.5,16,7.5,197.0,981.2,0.0
2023-05-11T19:00,31.9,20,7.5,215.0,981.3,0.0
2023-05-11T20:00,29.6,24,10.2,219.0,981.5,0.0
2023-05-11T21:00,32.4,19,4.1,322.0,982.1,0.0
2023-05-11T22:00,27.2,29,11.2,21.0,982.2,0.0
2023-05-11T23:00,28.6,26,2.3,219.0,982.0,0.0
2023-05-12T00:00,30.7,22,2.4,27.0,981.6,0.0
2023-05-12T01:00,28.8,26,5.8,30.0,980.9,0.0
2023-05-12T02:00,27.8,30,4.2,59.0,980.4,0.0
2023-05-12T03:00,24.0,35,6.4,223.0,980.4,0.0
2023-05-12T04:00,23.1,36,8.9,230.0,980.7,0.0
2023-05-12T05:00,24.9,34,8.3,214.0,981.4,0.0
2023-05-12T06:00,25.7,34,9.2,225.0,982.3,0.0
2023-05-12T07:00,28.5,30,8.9,220.0,983.2,0.0
2023-05-12T08:00,32.0,25,8.9,220.0,983.9,0.0
2023-05-12T09:00,35.6,18,8.9,230.0,984.2,0.0
2023-05-12T10:00,38.2,14,11.6,240.0,984.0,0.0
2023-05-12T11:00,39.8,12,14.0,241.0,983.5,0.0
2023-05-12T12:00,40.8,11,14.2,246.0,982.7,0.0
2023-05-12T13:00,41.5,10,14.6,261.0,981.8,0.0
2023-05-12T14:00,41.7,10,15.8,282.0,980.8,0.0
2023-05-12T15:00,41.7,10,13.8,298.0,980.0,0.0
2023-05-12T16:00,41.3,10,15.6,320.0,979.6,0.0
2023-05-12T17:00,40.8,10,6.6,29.0,979.1,0.0
2023-05-12T18:00,36.7,16,8.0,54.0,979.0,0.0
2023-05-12T19:00,34.4,23,16.0,67.0,980.2,0.0
2023-05-12T20:00,32.4,26,13.0,104.0,980.5,0.0
2023-05-12T21:00,31.0,28,11.5,70.0,981.0,0.0
2023-05-12T22:00,29.5,31,9.0,85.0,981.0,0.0
2023-05-12T23:00,28.3,33,7.5,125.0,981.2,0.0
2023-05-13T00:00,27.4,35,7.7,127.0,980.4,0.0
2023-05-13T01:00,27.4,35,9.4,133.0,979.5,0.0
2023-05-13T02:00,26.6,36,8.7,128.0,979.2,0.0
2023-05-13T03:00,25.6,39,8.0,117.0,979.1,0.0
2023-05-13T04:00,25.1,40,8.6,123.0,979.5,0.0
2023-05-13T05:00,26.2,37,9.9,123.0,980.6,0.0
2023-05-13T06:00,26.9,36,12.0,111.0,981.5,0.0
2023-05-13T07:00,29.1,33,11.4,103.0,982.5,0.0
2023-05-13T08:00,32.0,27,10.7,110.0,983.4,0.0
2023-05-13T09:00,34.8,23,11.3,107.0,983.8,0.0
2023-05-13T10:00,37.0,19,10.8,105.0,983.8,0.0
2023-05-13T11:00,39.0,17,10.6,108.0,983.4,0.0
2023-05-13T12:00,40.4,14,11.1,103.0,982.7,0.0
2023-05-13T13:00,41.1,13,12.6,95.0,981.4,0.0
2023-05-13T14:00,41.4,12,12.0,99.0,979.9,0.0
2023-05-13T15:00,41.5,12,10.5,112.0,979.2,0.0
2023-05-13T16:00,41.5,12,11.8,12.0,979.8,0.0
2023-05-13T17:00,40.6,12,13.7,23.0,978.4,0.0
2023-05-13T18:00,37.6,16,10.9,73.0,978.6,0.0
2023-05-13T19:00,34.7,20,9.5,151.0,978.9,0.0
2023-05-13T20:00,32.1,24,7.2,127.0,979.3,0.0
2023-05-13T21:00,31.1,27,9.7,105.0,979.9,0.0
2023-05-13T22:00,30.4,28,7.6,115.0,979.9,0.0
2023-05-13T23:00,29.5,31,8.0,98.0,979.6,0.0
2023-05-14T00:00,29.1,34,9.9,136.0,979.0,0.0
2023-05-14T01:00,28.8,35,10.3,168.0,978.2,0.0
2023-05-14T02:00,29.0,34,11.4,167.0,977.5,0.0
2023-05-14T03:00,28.4,33,11.7,169.0,977.1,0.0
2023-05-14T04:00,27.8,33,12.3,177.0,977.3,0.0
2023-05-14T05:00,26.5,47,9.3,77.0,977.9,0.0
2023-05-14T06:00,28.0,43,4.4,235.0,979.4,0.0
2023-05-14T07:00,29.9,39,9.8,28.0,980.3,0.0
2023-05-14T08:00,32.0,35,13.5,42.0,980.6,0.0
2023-05-14T09:00,35.2,28,13.0,62.0,980.5,0.0
2023-05-14T10:00,37.6,23,14.5,71.0,980.2,0.0
2023-05-14T11:00,39.2,20,16.3,76.0,979.4,0.0
2023-05-14T12:00,39.3,17,11.9,61.0,979.1,0.0
2023-05-14T13:00,40.5,14,7.2,307.0,978.2,0.0
2023-05-14T14:00,36.8,13,25.0,288.0,978.5,0.0
2023-05-14T15:00,37.3,20,14.2,324.0,977.5,0.0
2023-05-14T16:00,38.7,16,15.9,322.0,976.9,0.0
2023-05-14T17:00,34.4,25,21.5,10.0,976.2,0.0
2023-05-14T18:00,33.1,27,5.8,90.0,975.9,0.0
2023-05-14T19:00,31.1,30,6.1,220.0,976.2,0.0
2023-05-14T20:00,29.7,31,9.2,206.0,976.4,0.0
2023-05-14T21:00,30.6,26,8.8,251.0,977.0,0.0
2023-05-14T22:00,28.9,29,6.9,276.0,977.1,0.0
2023-05-14T23:00,28.4,32,9.0,299.0,977.1,0.0
2023-05-15T00:00,28.1,33,10.8,270.0,976.3,0.0
2023-05-15T01:00,27.6,33,7.9,273.0,975.4,0.0
2023-05-15T02:00,26.8,35,8.0,252.0,975.2,0.0
2023-05-15T03:00,26.2,36,8.3,268.0,975.3,0.0
2023-05-15T04:00,25.2,38,6.5,273.0,975.5,0.0
2023-05-15T05:00,25.8,42,6.4,297.0,977.6,0.0
2023-05-15T06:00,27.5,38,6.2,324.0,978.1,0.0
2023-05-15T07:00,30.1,33,4.5,29.0,979.0,0.0
2023-05-15T08:00,33.7,25,6.6,49.0,979.4,0.0
2023-05-15T09:00,36.6,19,7.8,34.0,979.9,0.0
2023-05-15T10:00,37.9,18,2.9,353.0,979.9,0.0
2023-05-15T11:00,39.3,16,5.8,266.0,979.8,0.0
2023-05-15T12:00,40.3,15,11.9,270.0,979.2,0.0
2023-05-15T13:00,40.0,14,12.4,292.0,978.5,0.0
2023-05-15T14:00,40.5,13,11.5,290.0,977.9,0.0
2023-05-15T15:00,39.6,14,14.0,293.0,977.4,0.0
2023-05-15T16:00,39.9,13,14.3,295.0,976.8,0.0
2023-05-15T17:00,39.3,14,5.8,330.0,976.0,0.0
2023-05-15T18:00,36.6,19,6.2,36.0,975.9,0.0
2023-05-15T19:00,34.8,21,7.9,39.0,976.5,0.0
2023-05-15T20:00,33.1,24,8.7,107.0,976.8,0.0
2023-05-15T21:00,32.0,25,13.4,175.0,977.2,0.0
2023-05-15T22:00,32.2,23,14.0,179.0,977.2,0.0
2023-05-15T23:00,29.5,28,7.5,305.0,977.6,0.0
2023-05-16T00:00,28.2,31,6.6,41.0,977.1,0.0
2023-05-16T01:00,27.1,34,5.9,284.0,976.9,0.0
2023-05-16T02:00,26.8,32,8.0,234.0,976.9,0.0
2023-05-16T03:00,27.1,27,12.7,262.0,977.2,0.0
2023-05-16T04:00,26.9,27,8.7,275.0,977.5,0.0
2023-05-16T05:00,28.3,37,19.0,289.0,980.0,0.0
2023-05-16T06:00,28.9,37,15.5,301.0,980.4,0.0
2023-05-16T07:00,30.5,34,11.8,308.0,980.6,0.0
2023-05-16T08:00,32.6,31,14.3,295.0,980.9,0.0
2023-05-16T09:00,34.8,27,17.8,291.0,981.4,0.0
2023-05-16T10:00,36.5,24,21.0,292.0,981.6,0.0
2023-05-16T11:00,37.7,23,20.2,292.0,981.1,0.0
2023-05-16T12:00,35.1,26,17.7,258.0,982.1,0.0
2023-05-16T13:00,34.6,27,26.2,227.0,981.0,0.0
2023-05-16T14:00,35.3,29,20.7,250.0,980.1,0.0
2023-05-16T15:00,36.7,26,15.9,267.0,979.3,0.0
2023-05-16T16:00,36.7,25,15.5,273.0,979.0,0.0
2023-05-16T17:00,38.6,17,7.9,254.0,978.4,0.0
2023-05-16T18:00,36.9,18,12.0,254.0,978.3,0.0
2023-05-16T19:00,34.1,24,12.5,231.0,978.9,0.0
2023-05-16T20:00,32.3,31,9.7,239.0,979.2,0.0
2023-05-16T21:00,32.1,29,14.5,276.0,980.1,0.0
2023-05-16T22:00,31.1,25,11.2,303.0,980.5,0.0
2023-05-16T23:00,29.4,24,7.6,289.0,980.3,0.0
2023-05-17T00:00,29.1,25,10.8,266.0,980.1,0.0
2023-05-17T01:00,27.0,27,10.8,307.0,979.1,0.0
2023-05-17T02:00,26.9,27,7.3,281.0,978.9,0.0
2023-05-17T03:00,26.9,27,9.4,268.0,979.2,0.0
2023-05-17T04:00,26.0,29,7.8,283.0,979.3,0.0
2023-05-17T05:00,26.9,36,10.2,293.0,979.2,0.0
2023-05-17T06:00,30.7,29,7.9,344.0,980.4,0.0
2023-05-17T07:00,31.4,29,14.4,248.0,981.5,0.0
2023-05-17T08:00,34.4,24,14.3,245.0,982.1,0.0
2023-05-17T09:00,36.5,21,18.9,284.0,983.2,0.0
2023-05-17T10:00,38.3,17,17.3,312.0,983.2,0.0
2023-05-17T11:00,39.8,15,14.0,318.0,982.9,0.0
2023-05-17T12:00,40.3,14,12.4,296.0,982.6,0.0
2023-05-17T13:00,40.8,14,15.8,282.0,981.6,0.0
2023-05-17T14:00,40.9,13,16.0,278.0,980.7,0.0
2023-05-17T15:00,40.2,14,15.2,275.0,980.0,0.0
2023-05-17T16:00,40.1,14,14.1,274.0,979.7,0.0
2023-05-17T17:00,32.7,34,20.6,207.0,979.4,0.0
2023-05-17T18:00,32.6,35,15.4,191.0,980.2,0.0
2023-05-17T19:00,32.4,29,20.2,184.0,980.3,0.0
2023-05-17T20:00,31.3,36,17.8,188.0,981.0,0.0
2023-05-17T21:00,31.3,33,14.6,190.0,981.7,0.0
2023-05-17T22:00,30.4,37,13.7,194.0,982.1,0.0
2023-05-17T23:00,29.5,39,10.1,207.0,982.0,0.0
2023-05-18T00:00,28.6,40,7.4,247.0,981.9,0.0
2023-05-18T01:00,28.1,41,8.4,260.0,981.5,0.0
2023-05-18T02:00,27.6,41,8.4,260.0,981.3,0.0
2023-05-18T03:00,27.5,41,8.6,255.0,981.0,0.0
2023-05-18T04:00,27.2,41,8.0,260.0,981.3,0.0
2023-05-18T05:00,23.9,62,17.1,352.0,985.8,0.0
2023-05-18T06:00,24.5,60,13.7,355.0,986.6,0.0
2023-05-18T07:00,25.1,59,12.4,352.0,986.9,0.0
2023-05-18T08:00,26.9,51,11.2,15.0,987.3,0.0
2023-05-18T09:00,29.5,43,9.4,2.0,987.5,0.0
2023-05-18T10:00,32.0,35,7.8,22.0,987.2,0.0
2023-05-18T11:00,34.6,28,5.2,56.0,986.8,0.0
2023-05-18T12:00,36.4,25,1.1,360.0,986.1,0.0
2023-05-18T13:00,37.5,23,6.8,295.0,985.0,0.0
2023-05-18T14:00,38.0,22,12.1,300.0,984.0,0.0
2023-05-18T15:00,37.8,21,15.9,298.0,983.2,0.0
2023-05-18T16:00,36.8,22,21.6,274.0,983.2,0.0
2023-05-18T17:00,35.4,29,19.9,315.0,983.5,0.0
2023-05-18T18:00,33.8,33,19.6,334.0,983.5,0.0
2023-05-18T19:00,32.6,35,17.7,333.0,983.7,0.0
2023-05-18T20:00,31.6,37,15.8,330.0,984.0,0.0
2023-05-18T21:00,30.6,38,16.4,331.0,984.3,0.0
2023-05-18T22:00,29.7,39,16.4,331.0,984.4,0.0
2023-05-18T23:00,29.0,41,15.2,329.0,983.9,0.0
2023-05-19T00:00,28.3,43,14.4,328.0,983.3,0.0
2023-05-19T01:00,27.8,44,13.7,330.0,982.3,0.0
2023-05-19T02:00,27.2,44,12.7,325.0,981.8,0.0
2023-05-19T03:00,26.5,46,9.7,301.0,981.6,0.0
2023-05-19T04:00,25.9,48,10.7,282.0,982.0,0.0
2023-05-19T05:00,26.1,55,9.2,291.0,982.5,0.0
2023-05-19T06:00,26.7,55,11.5,272.0,983.2,0.0
2023-05-19T07:00,28.3,51,12.1,282.0,983.8,0.0
2023-05-19T08:00,30.3,46,12.8,286.0,984.5,0.0
2023-05-19T09:00,32.3,41,14.2,286.0,984.5,0.0
2023-05-19T10:00,34.0,34,17.8,284.0,984.2,0.0
2023-05-19T11:00,35.4,27,19.3,284.0,983.9,0.0
2023-05-19T12:00,36.2,24,20.8,284.0,983.2,0.0
2023-05-19T13:00,37.0,23,20.4,284.0,982.3,0.0
2023-05-19T14:00,37.7,21,20.8,288.0,981.2,0.0
2023-05-19T15:00,37.9,19,21.6,296.0,980.3,0.0
2023-05-19T16:00,37.7,18,21.6,300.0,979.9,0.0
2023-05-19T17:00,37.3,19,20.5,301.0,979.6,0.0
2023-05-19T18:00,35.5,22,14.0,305.0,979.9,0.0
2023-05-19T19:00,32.3,28,7.4,313.0,980.0,0.0
2023-05-19T20:00,30.8,32,7.2,297.0,980.6,0.0
2023-05-19T21:00,30.0,33,9.4,293.0,981.1,0.0
2023-05-19T22:00,29.5,33,10.8,300.0,981.2,0.0
2023-05-19T23:00,29.1,33,11.1,324.0,981.0,0.0
2023-05-20T00:00,28.4,35,10.1,325.0,980.5,0.0
2023-05-20T01:00,27.4,37,7.4,299.0,979.6,0.0
2023-05-20T02:00,26.5,39,8.7,277.0,979.1,0.0
2023-05-20T03:00,25.8,41,9.6,283.0,978.9,0.0
2023-05-20T04:00,25.0,43,9.0,275.0,979.0,0.0
2023-05-20T05:00,24.8,50,8.2,247.0,979.7,0.0
2023-05-20T06:00,26.4,46,11.8,258.0,980.5,0.0
2023-05-20T07:00,28.8,43,10.4,256.0,981.3,0.0
2023-05-20T08:00,32.0,34,10.0,257.0,981.4,0.0
2023-05-20T09:00,34.5,30,11.9,270.0,981.8,0.0
2023-05-20T10:00,36.3,25,14.0,269.0,982.0,0.0
2023-05-20T11:00,37.4,22,17.3,271.0,981.7,0.0
2023-05-20T12:00,38.3,20,19.1,274.0,981.1,0.0
2023-05-20T13:00,39.1,18,21.5,284.0,980.4,0.0
2023-05-20T14:00,39.8,14,22.1,292.0,979.5,0.0
2023-05-20T15:00,40.0,13,24.1,308.0,978.8,0.0
2023-05-20T16:00,39.5,13,24.1,309.0,979.0,0.0
2023-05-20T17:00,39.1,15,17.6,313.0,978.6,0.0
2023-05-20T18:00,36.9,17,8.9,328.0,978.8,0.0
2023-05-20T19:00,32.4,24,10.7,310.0,978.6,0.0
2023-05-20T20:00,31.7,27,8.9,284.0,978.9,0.0
2023-05-20T21:00,30.9,29,8.5,258.0,979.1,0.0
2023-05-20T22:00,34.1,21,5.5,259.0,979.5,0.0
2023-05-20T23:00,33.1,22,3.3,276.0,979.6,0.0
2023-05-21T00:00,32.0,24,3.8,287.0,979.3,0.0
2023-05-21T01:00,30.7,26,3.1,225.0,978.7,0.0
2023-05-21T02:00,27.1,32,6.4,218.0,978.4,0.0
2023-05-21T03:00,26.8,32,6.5,251.0,978.3,0.0
2023-05-21T04:00,25.4,36,8.6,255.0,978.4,0.0
2023-05-21T05:00,26.7,38,7.2,357.0,979.1,0.0
2023-05-21T06:00,28.1,37,8.3,252.0,980.5,0.0
2023-05-21T07:00,30.8,33,2.5,352.0,981.1,0.0
2023-05-21T08:00,33.7,28,5.5,238.0,982.0,0.0
2023-05-21T09:00,36.2,24,3.4,252.0,982.3,0.0
2023-05-21T10:00,38.4,21,3.7,281.0,982.2,0.0
2023-05-21T11:00,40.2,17,7.5,305.0,982.1,0.0
2023-05-21T12:00,41.4,14,13.9,301.0,981.5,0.0
2023-05-21T13:00,42.0,13,18.7,295.0,980.8,0.0
2023-05-21T14:00,42.4,12,21.1,290.0,980.1,0.0
2023-05-21T15:00,42.2,11,22.9,289.0,979.5,0.0
2023-05-21T16:00,41.9,11,23.0,280.0,979.0,0.0
2023-05-21T17:00,41.8,9,15.8,333.0,979.0,0.0
2023-05-21T18:00,39.6,11,15.3,336.0,979.1,0.0
2023-05-21T19:00,37.1,13,11.5,311.0,979.4,0.0
2023-05-21T20:00,33.5,18,10.2,352.0,979.6,0.0
2023-05-21T21:00,31.6,22,9.6,103.0,979.9,0.0
2023-05-21T22:00,33.9,20,8.4,121.0,980.2,0.0
2023-05-21T23:00,31.4,22,9.8,186.0,980.1,0.0
2023-05-22T00:00,31.2,23,14.1,199.0,979.7,0.0
2023-05-22T01:00,30.5,23,10.9,224.0,979.5,0.0
2023-05-22T02:00,29.8,22,11.7,225.0,979.1,0.0
2023-05-22T03:00,31.4,20,18.4,235.0,979.1,0.0
2023-05-22T04:00,30.4,22,18.6,255.0,979.5,0.0
2023-05-22T05:00,33.5,24,22.3,273.0,979.9,0.0
2023-05-22T06:00,33.1,26,20.6,275.0,981.0,0.0
2023-05-22T07:00,34.3,27,16.5,286.0,981.9,0.0
2023-05-22T08:00,35.9,25,21.5,288.0,982.6,0.0
2023-05-22T09:00,37.6,23,24.8,287.0,982.9,0.0
2023-05-22T10:00,39.6,21,24.7,291.0,982.7,0.0
2023-05-22T11:00,41.1,19,23.4,295.0,982.5,0.0
2023-05-22T12:00,42.1,18,23.8,295.0,982.0,0.0
2023-05-22T13:00,41.2,16,26.3,271.0,981.8,0.0
2023-05-22T14:00,39.7,18,28.0,283.0,981.4,0.0
2023-05-22T15:00,40.2,17,25.6,290.0,980.8,0.0
2023-05-22T16:00,40.5,16,20.5,309.0,980.2,0.0
2023-05-22T17:00,41.6,13,13.0,298.0,978.8,0.0
2023-05-22T18:00,39.1,16,8.0,297.0,979.0,0.0
2023-05-22T19:00,36.5,18,10.9,314.0,979.1,0.0
2023-05-22T20:00,34.0,21,9.0,286.0,979.6,0.0
2023-05-22T21:00,33.8,22,12.0,237.0,980.7,0.0
2023-05-22T22:00,34.5,21,19.5,258.0,981.1,0.0
2023-05-22T23:00,34.3,21,15.8,249.0,981.1,0.0
2023-05-23T00:00,32.9,22,13.7,256.0,980.9,0.0
2023-05-23T01:00,31.7,24,15.3,262.0,980.5,0.0
2023-05-23T02:00,31.9,24,17.3,269.0,980.2,0.0
2023-05-23T03:00,32.4,23,20.3,277.0,980.4,0.0
2023-05-23T04:00,31.7,24,19.2,275.0,980.7,0.0
2023-05-23T05:00,32.4,25,22.9,277.0,981.1,0.0
2023-05-23T06:00,33.1,26,23.6,278.0,981.9,0.0
2023-05-23T07:00,34.4,27,20.6,264.0,982.3,0.0
2023-05-23T08:00,36.0,27,21.7,275.0,982.9,0.0
2023-05-23T09:00,37.8,27,19.4,285.0,983.4,0.0
2023-05-23T10:00,39.7,26,21.1,287.0,983.1,0.0
2023-05-23T11:00,41.4,23,20.6,286.0,982.6,0.0
2023-05-23T12:00,42.5,19,19.9,287.0,981.7,0.0
2023-05-23T13:00,43.6,15,19.6,284.0,980.3,0.0
2023-05-23T14:00,42.4,15,22.9,300.0,979.6,0.0
2023-05-23T15:00,41.8,14,28.0,316.0,979.3,0.0
2023-05-23T16:00,40.2,17,24.2,311.0,979.4,0.0
2023-05-23T17:00,31.6,41,11.3,202.0,981.1,0.0
2023-05-23T18:00,30.0,52,8.4,223.0,980.0,0.9
2023-05-23T19:00,31.8,43,19.7,220.0,979.4,0.1
2023-05-23T20:00,32.1,38,20.0,231.0,979.1,0.0
2023-05-23T21:00,32.1,36,16.9,241.0,979.7,0.0
2023-05-23T22:00,32.1,35,12.4,248.0,979.7,0.0
2023-05-23T23:00,31.5,37,9.7,266.0,980.0,0.0
2023-05-24T00:00,30.5,40,8.1,315.0,980.0,0.0
2023-05-24T01:00,29.1,45,6.4,322.0,979.8,0.0
2023-05-24T02:00,28.0,48,9.3,306.0,979.4,0.0
2023-05-24T03:00,27.9,48,8.3,272.0,979.4,0.0
2023-05-24T04:00,28.6,45,7.1,255.0,979.5,0.0
2023-05-24T05:00,27.6,54,11.8,348.0,980.8,0.0
2023-05-24T06:00,27.7,54,9.4,317.0,981.8,0.0
2023-05-24T07:00,29.2,50,8.3,2.0,983.0,0.0
2023-05-24T08:00,29.7,46,10.8,60.0,983.6,0.0
2023-05-24T09:00,31.2,41,12.6,59.0,983.6,0.0
2023-05-24T10:00,34.1,37,14.2,74.0,982.8,0.0
2023-05-24T11:00,36.4,32,12.6,87.0,982.2,0.0
2023-05-24T12:00,37.3,28,13.7,117.0,981.1,0.0
2023-05-24T13:00,37.7,26,13.6,148.0,979.9,0.0
2023-05-24T14:00,37.2,26,8.5,208.0,979.4,0.1
2023-05-24T15:00,36.3,27,5.6,165.0,979.3,0.0
2023-05-24T16:00,35.8,26,17.0,212.0,978.9,0.0
2023-05-24T17:00,30.1,55,5.6,230.0,979.5,0.0
2023-05-24T18:00,29.7,54,8.9,256.0,980.4,0.1
2023-05-24T19:00,28.7,57,11.0,238.0,980.9,0.0
2023-05-24T20:00,27.8,64,18.5,243.0,980.8,0.0
2023-05-24T21:00,27.2,67,16.4,255.0,981.9,0.0
2023-05-24T22:00,26.8,69,5.1,219.0,981.4,0.0
2023-05-24T23:00,26.3,77,2.2,279.0,980.8,0.0
2023-05-25T00:00,25.8,76,1.6,117.0,980.1,0.0
2023-05-25T01:00,25.6,77,4.3,95.0,980.0,0.0
2023-05-25T02:00,25.3,79,7.1,45.0,980.0,0.0
2023-05-25T03:00,24.9,79,3.0,166.0,979.2,0.0
2023-05-25T04:00,25.0,79,3.0,104.0,980.0,0.0
2023-05-25T05:00,23.4,75,7.6,45.0,980.8,0.0
2023-05-25T06:00,25.3,64,5.1,45.0,981.5,0.0
2023-05-25T07:00,26.8,58,8.1,77.0,981.6,0.0
2023-05-25T08:00,28.9,52,5.3,152.0,982.3,0.0
2023-05-25T09:00,29.8,48,19.5,232.0,984.0,0.1
2023-05-25T10:00,27.2,60,11.8,232.0,982.9,0.0
2023-05-25T11:00,30.6,46,12.2,242.0,982.7,0.0
2023-05-25T12:00,32.1,43,8.6,270.0,981.7,0.0
2023-05-25T13:00,33.1,41,7.6,289.0,980.5,0.0
2023-05-25T14:00,33.8,40,8.8,282.0,979.5,0.0
2023-05-25T15:00,33.9,39,12.6,283.0,979.0,0.0
2023-05-25T16:00,32.4,43,14.0,293.0,979.2,0.1
2023-05-25T17:00,29.1,48,6.8,267.0,979.3,0.0
2023-05-25T18:00,29.4,47,3.0,76.0,979.6,0.0
2023-05-25T19:00,27.9,57,11.7,45.0,980.4,0.0
2023-05-25T20:00,27.1,59,5.7,72.0,980.7,0.0
2023-05-25T21:00,26.5,61,8.0,198.0,982.0,0.0
2023-05-25T22:00,26.6,62,10.9,276.0,981.9,0.0
2023-05-25T23:00,25.8,67,2.3,219.0,981.0,0.0
2023-05-26T00:00,25.3,69,2.9,90.0,979.8,0.0
2023-05-26T01:00,24.9,72,4.0,95.0,979.1,0.0
2023-05-26T02:00,24.3,75,5.4,82.0,979.2,0.0
2023-05-26T03:00,23.4,79,6.1,135.0,979.6,0.0
2023-05-26T04:00,23.6,77,5.6,165.0,980.2,0.0
2023-05-26T05:00,22.7,82,3.6,127.0,980.8,0.0
2023-05-26T06:00,23.0,81,5.1,135.0,982.0,0.0
2023-05-26T07:00,24.2,76,6.8,148.0,983.6,0.0
2023-05-26T08:00,26.1,65,7.0,168.0,984.0,0.0
2023-05-26T09:00,28.2,55,5.8,180.0,984.5,0.0
2023-05-26T10:00,29.9,49,3.7,191.0,984.5,0.0
2023-05-26T11:00,31.4,43,0.8,243.0,984.0,0.0
2023-05-26T12:00,32.6,39,2.1,59.0,983.2,0.0
2023-05-26T13:00,33.6,36,5.0,60.0,982.2,0.0
2023-05-26T14:00,34.2,34,4.2,70.0,981.0,0.0
2023-05-26T15:00,34.5,33,3.6,53.0,980.6,0.0
2023-05-26T16:00,34.5,33,1.8,360.0,980.7,0.0
2023-05-26T17:00,32.9,35,6.8,148.0,980.4,0.0
2023-05-26T18:00,32.1,37,6.4,133.0,980.8,0.0
2023-05-26T19:00,30.3,42,7.7,131.0,980.9,0.0
2023-05-26T20:00,29.5,45,9.4,113.0,981.5,0.0
2023-05-26T21:00,28.4,48,5.0,90.0,982.1,0.0
2023-05-26T22:00,27.6,51,6.8,90.0,981.8,0.0
2023-05-26T23:00,27.1,55,7.7,143.0,981.0,0.0
2023-05-27T00:00,26.7,58,8.7,138.0,980.1,0.0
2023-05-27T01:00,26.4,61,6.7,144.0,979.2,0.0
2023-05-27T02:00,21.0,90,36.1,17.0,982.3,6.1
2023-05-27T03:00,22.2,83,16.2,103.0,981.1,1.9
2023-05-27T04:00,22.4,80,14.0,138.0,980.3,0.1
2023-05-27T05:00,21.4,90,31.6,30.0,981.3,0.0
2023-05-27T06:00,22.5,85,15.2,85.0,981.7,4.5
2023-05-27T07:00,22.1,84,15.5,36.0,984.4,4.0
2023-05-27T08:00,22.6,84,15.1,12.0,985.5,0.5
2023-05-27T09:00,22.4,91,15.1,72.0,984.6,1.5
2023-05-27T10:00,25.0,81,16.9,128.0,981.5,0.6
2023-05-27T11:00,30.3,49,14.4,176.0,981.6,0.0
2023-05-27T12:00,32.4,39,13.6,168.0,981.0,0.0
2023-05-27T13:00,33.2,37,13.7,182.0,980.4,0.0
2023-05-27T14:00,33.6,37,12.1,192.0,980.0,0.0
2023-05-27T15:00,33.8,36,9.2,211.0,979.8,0.0
2023-05-27T16:00,33.6,37,8.0,234.0,979.4,0.0
2023-05-27T17:00,31.7,47,8.5,332.0,980.4,0.0
2023-05-27T18:00,30.9,51,4.9,306.0,980.6,0.0
2023-05-27T19:00,29.3,58,5.2,282.0,980.7,0.0
2023-05-27T20:00,28.1,63,7.0,35.0,981.3,0.0
2023-05-27T21:00,27.2,61,9.5,81.0,981.9,0.0
2023-05-27T22:00,26.7,62,6.9,133.0,982.6,0.0
2023-05-27T23:00,26.4,64,7.9,137.0,982.1,0.0
2023-05-28T00:00,25.9,66,7.7,131.0,981.5,0.0
2023-05-28T01:00,25.4,69,6.8,122.0,981.0,0.0
2023-05-28T02:00,25.2,70,8.4,137.0,980.6,0.0
2023-05-28T03:00,25.0,71,8.7,142.0,980.7,0.0
2023-05-28T04:00,24.7,71,9.2,149.0,980.9,0.0
2023-05-28T05:00,24.3,79,6.0,57.0,981.0,0.0
2023-05-28T06:00,25.2,76,8.2,75.0,982.2,0.0
2023-05-28T07:00,27.1,68,18.1,167.0,983.9,0.0
2023-05-28T08:00,24.0,75,11.7,236.0,983.9,0.3
2023-05-28T09:00,27.2,65,3.2,297.0,983.7,0.0
2023-05-28T10:00,29.9,57,1.8,307.0,983.6,0.0
2023-05-28T11:00,31.5,53,2.3,72.0,983.5,0.0
2023-05-28T12:00,32.7,49,4.6,51.0,983.1,0.0
2023-05-28T13:00,33.6,46,5.0,60.0,982.4,0.0
2023-05-28T14:00,33.8,44,5.6,50.0,981.7,0.0
2023-05-28T15:00,33.6,44,6.9,43.0,981.1,0.0
2023-05-28T16:00,33.6,44,7.3,57.0,980.5,0.0
2023-05-28T17:00,26.2,70,6.2,54.0,980.2,0.0
2023-05-28T18:00,26.7,69,8.4,20.0,980.6,0.0
2023-05-28T19:00,25.8,70,9.7,141.0,981.5,0.0
2023-05-28T20:00,24.9,76,8.2,128.0,982.0,0.0
2023-05-28T21:00,24.1,82,7.4,157.0,982.8,0.0
2023-05-28T22:00,24.2,82,6.9,227.0,983.4,0.0
2023-05-28T23:00,24.5,80,5.7,215.0,983.8,0.0
2023-05-29T00:00,24.4,83,7.5,235.0,983.8,0.0
2023-05-29T01:00,24.4,84,5.4,270.0,983.5,0.0
2023-05-29T02:00,24.4,84,0.4,90.0,982.6,0.0
2023-05-29T03:00,23.5,90,3.3,49.0,982.4,0.0
2023-05-29T04:00,23.4,89,4.7,32.0,982.5,0.0
2023-05-29T05:00,22.5,88,8.9,50.0,983.9,0.0
2023-05-29T06:00,23.6,87,9.5,53.0,983.7,0.1
2023-05-29T07:00,25.5,80,9.8,96.0,984.7,0.0
2023-05-29T08:00,27.1,71,7.5,125.0,985.2,0.0
2023-05-29T09:00,29.3,63,5.3,152.0,985.7,0.0
2023-05-29T10:00,30.9,56,2.8,140.0,985.2,0.0
2023-05-29T11:00,32.7,49,6.1,118.0,984.5,0.0
2023-05-29T12:00,34.1,44,8.7,132.0,983.9,0.0
2023-05-29T13:00,28.4,65,20.0,198.0,983.7,0.9
2023-05-29T14:00,29.9,55,7.5,125.0,982.8,0.1
2023-05-29T15:00,31.1,53,7.0,215.0,982.7,0.1
2023-05-29T16:00,29.7,54,7.4,227.0,982.9,0.0
2023-05-29T17:00,29.0,60,9.7,45.0,983.0,0.0
2023-05-29T18:00,28.1,62,5.7,55.0,983.3,0.0
2023-05-29T19:00,26.6,70,5.6,27.0,983.2,0.0
2023-05-29T20:00,25.6,79,10.4,34.0,984.0,0.0
2023-05-29T21:00,25.1,79,8.7,38.0,984.6,0.0
2023-05-29T22:00,25.6,74,11.7,45.0,985.1,0.0
2023-05-29T23:00,25.4,73,11.7,45.0,985.2,0.0
2023-05-30T00:00,25.2,73,13.0,51.0,984.8,0.0
2023-05-30T01:00,24.5,75,10.8,60.0,984.3,0.0
2023-05-30T02:00,23.8,76,7.8,56.0,983.4,0.0
2023-05-30T03:00,23.2,79,4.6,51.0,983.6,0.0
2023-05-30T04:00,22.7,82,5.7,55.0,983.6,0.0
2023-05-30T05:00,23.2,84,9.9,10.0,984.2,0.0
2023-05-30T06:00,24.0,79,9.3,344.0,984.9,0.0
2023-05-30T07:00,25.2,71,13.2,334.0,985.8,0.0
2023-05-30T08:00,27.0,64,8.3,358.0,986.0,0.0
2023-05-30T09:00,29.1,57,5.6,40.0,986.1,0.0
2023-05-30T10:00,31.0,52,5.6,50.0,985.6,0.0
2023-05-30T11:00,32.4,46,0.4,90.0,984.9,0.0
2023-05-30T12:00,33.0,43,3.4,252.0,984.4,0.0
2023-05-30T13:00,33.7,42,3.3,257.0,983.3,0.0
2023-05-30T14:00,34.1,40,3.7,281.0,982.3,0.0
2023-05-30T15:00,34.0,39,4.9,306.0,981.4,0.0
2023-05-30T16:00,33.6,39,7.1,330.0,981.0,0.0
2023-05-30T17:00,27.2,66,15.2,216.0,982.1,0.0
2023-05-30T18:00,26.3,69,17.4,240.0,982.8,0.0
2023-05-30T19:00,25.3,72,9.6,257.0,983.4,0.0
2023-05-30T20:00,25.0,74,7.9,231.0,983.1,0.0
2023-05-30T21:00,24.6,78,8.7,322.0,983.5,0.1
2023-05-30T22:00,23.8,85,13.7,45.0,984.3,0.0
2023-05-30T23:00,23.3,84,2.6,164.0,982.8,0.0
2023-05-31T00:00,23.2,84,8.6,182.0,982.3,0.0
2023-05-31T01:00,23.1,85,6.2,187.0,981.8,0.0
2023-05-31T02:00,22.5,90,5.5,203.0,981.4,0.0
2023-05-31T03:00,22.3,91,4.0,90.0,981.1,0.0
2023-05-31T04:00,22.0,92,2.9,263.0,981.3,0.0
2023-05-31T05:00,21.6,91,5.1,315.0,981.8,0.0
2023-05-31T06:00,21.9,90,14.4,271.0,982.5,0.0
2023-05-31T07:00,23.0,84,20.0,262.0,983.0,0.0
2023-05-31T08:00,23.9,77,19.1,267.0,983.7,0.0
2023-05-31T09:00,25.4,70,11.2,268.0,984.1,0.1
2023-05-31T10:00,26.4,66,13.0,264.0,984.2,0.9
2023-05-31T11:00,27.9,60,12.4,253.0,983.8,0.0
2023-05-31T12:00,29.1,54,12.2,251.0,983.2,0.0
2023-05-31T13:00,29.9,51,11.5,266.0,982.7,0.1
2023-05-31T14:00,30.1,49,10.5,278.0,981.9,0.0
2023-05-31T15:00,30.9,44,13.9,260.0,981.5,0.0
2023-05-31T16:00,29.6,47,14.4,273.0,981.2,0.0
2023-05-31T17:00,26.2,72,24.8,311.0,982.9,1.8
2023-05-31T18:00,25.1,70,10.5,262.0,983.2,0.0
2023-05-31T19:00,24.3,72,5.9,281.0,983.7,0.0
2023-05-31T20:00,23.4,78,5.4,8.0,984.2,0.0
2023-05-31T21:00,22.8,82,4.7,23.0,984.0,0.0
2023-05-31T22:00,22.0,87,6.1,360.0,984.1,0.0
2023-05-31T23:00,21.8,85,6.0,327.0,983.5,0.0
2023-06-01T00:00,21.7,85,5.4,356.0,982.8,0.0
2023-06-01T01:00,21.1,90,5.5,349.0,982.0,0.0
2023-06-01T02:00,20.5,93,7.1,330.0,981.5,0.0
2023-06-01T03:00,20.3,94,5.5,337.0,981.6,0.0
2023-06-01T04:00,20.0,95,6.6,311.0,982.0,0.0
2023-06-01T05:00,19.9,94,,,982.7,0.0
2023-06-01T06:00,21.6,86,,,983.7,0.0
2023-06-01T07:00,23.4,78,,,984.1,0.0
2023-06-01T08:00,25.9,66,,,984.3,0.0
2023-06-01T09:00,28.1,52,,,984.2,0.0
2023-06-01T10:00,29.8,45,,,983.7,0.0
2023-06-01T11:00,31.2,41,,,983.5,0.0
2023-06-01T12:00,32.3,39,,,982.9,0.0
2023-06-01T13:00,33.2,38,,,982.0,0.0
2023-06-01T14:00,33.6,37,,,981.2,0.0
2023-06-01T15:00,31.4,42,,,980.9,0.4
2023-06-01T16:00,32.0,39,,,980.6,0.0
2023-06-01T17:00,29.7,50,,,981.3,0.0
2023-06-01T18:00,28.0,61,,,981.2,0.0
2023-06-01T19:00,26.7,68,,,981.7,0.0
2023-06-01T20:00,26.2,70,,180.0,981.9,0.0
2023-06-01T21:00,26.2,69,,,982.2,0.0
2023-06-01T22:00,25.9,68,,,981.2,0.0
2023-06-01T23:00,25.0,71,,,980.9,0.0
2023-06-02T00:00,24.3,72,,,980.4,0.0
2023-06-02T01:00,24.1,71,,,981.1,0.0
2023-06-02T02:00,22.9,76,,,980.4,0.4
2023-06-02T03:00,22.5,83,,,979.0,0.9
2023-06-02T04:00,22.0,86,,,980.6,0.0
2023-06-02T05:00,23.2,75,,,981.4,0.0
2023-06-02T06:00,23.8,74,,,982.5,0.0
2023-06-02T07:00,24.7,62,,180.0,982.9,0.0
2023-06-02T08:00,26.1,55,,,983.3,0.0
2023-06-02T09:00,27.9,47,,,983.9,0.0
2023-06-02T10:00,29.7,41,,,984.0,0.0
2023-06-02T11:00,31.1,38,,,983.4,0.0
2023-06-02T12:00,32.0,38,,,982.8,0.0
2023-06-02T13:00,32.6,37,,,981.9,0.0
2023-06-02T14:00,33.0,37,,,981.1,0.0
2023-06-02T15:00,32.9,37,,,980.5,0.0
2023-06-02T16:00,32.4,39,,,980.4,0.0
2023-06-02T17:00,30.6,46,,,981.0,0.0
2023-06-02T18:00,30.3,47,,,980.9,0.0
2023-06-02T19:00,28.5,55,,,981.2,0.0
2023-06-02T20:00,27.7,58,,,981.2,0.0
2023-06-02T21:00,27.0,58,,,981.5,0.0
2023-06-02T22:00,25.8,62,,,981.7,0.0
2023-06-02T23:00,24.5,69,,,981.3,0.0
2023-06-03T00:00,24.7,67,,,981.0,0.0
2023-06-03T01:00,23.7,70,,,980.5,0.0
2023-06-03T02:00,23.3,71,,,980.3,0.0
2023-06-03T03:00,23.0,72,,,980.3,0.0
2023-06-03T04:00,22.7,72,,,980.5,0.0
2023-06-03T05:00,23.7,70,,,981.1,0.0
2023-06-03T06:00,25.0,66,,,982.1,0.0
2023-06-03T07:00,26.5,61,,,982.9,0.0
2023-06-03T08:00,28.8,53,,,983.4,0.0
2023-06-03T09:00,30.7,46,,,983.8,0.0
2023-06-03T10:00,31.9,44,,,983.8,0.0
2023-06-03T11:00,33.0,41,,,983.4,0.0
2023-06-03T12:00,33.9,37,,,982.5,0.0
2023-06-03T13:00,34.5,35,,,981.7,0.0
2023-06-03T14:00,34.9,33,,,981.1,0.0
2023-06-03T15:00,34.8,33,,,980.7,0.0
2023-06-03T16:00,34.4,34,,,980.3,0.0
2023-06-03T17:00,34.7,34,,,980.4,0.0
2023-06-03T18:00,33.3,39,,,980.7,0.0
2023-06-03T19:00,31.2,45,,,980.9,0.0
2023-06-03T20:00,30.1,48,,,980.7,0.0
2023-06-03T21:00,28.8,51,,,981.1,0.0
2023-06-03T22:00,27.4,55,,,981.7,0.0
2023-06-03T23:00,26.9,61,,,981.4,0.0
2023-06-04T00:00,26.0,67,,,980.7,0.0
2023-06-04T01:00,24.6,74,,,980.3,0.0
2023-06-04T02:00,24.5,75,,,980.1,0.0
2023-06-04T03:00,24.3,75,,,980.2,0.0
2023-06-04T04:00,23.9,77,,,980.4,0.0
2023-06-04T05:00,25.1,72,,,982.6,0.0
2023-06-04T06:00,25.8,70,,,982.7,0.0
2023-06-04T07:00,27.2,64,,,983.1,0.0
2023-06-04T08:00,29.5,54,,,983.1,0.0
2023-06-04T09:00,31.6,46,,,983.2,0.0
2023-06-04T10:00,33.5,38,,,982.9,0.0
2023-06-04T11:00,34.8,34,,,982.5,0.0
2023-06-04T12:00,35.8,33,,,982.0,0.0
2023-06-04T13:00,36.2,32,,,981.2,0.0
2023-06-04T14:00,31.6,49,,,981.8,1.6
2023-06-04T15:00,33.5,41,,,980.5,0.0
2023-06-04T16:00,33.8,39,,,979.7,0.0
2023-06-04T17:00,30.7,59,,,980.2,0.0
2023-06-04T18:00,30.7,59,,,979.8,0.0
2023-06-04T19:00,29.8,63,,,979.9,0.0
2023-06-04T20:00,28.9,65,,,980.1,0.0
2023-06-04T21:00,27.8,65,,,980.5,0.0
2023-06-04T22:00,26.9,65,,,980.9,0.0
2023-06-04T23:00,26.4,67,,,980.7,0.0
2023-06-05T00:00,26.2,69,,,980.1,0.0
2023-06-05T01:00,25.8,71,,,979.5,0.0
2023-06-05T02:00,25.5,73,,,979.1,0.0
2023-06-05T03:00,25.3,75,,,979.1,0.0
2023-06-05T04:00,25.1,76,,,979.4,0.0
2023-06-05T05:00,25.9,73,,,979.3,0.0
2023-06-05T06:00,27.0,70,,,980.3,0.0
2023-06-05T07:00,28.6,62,,,981.0,0.0
2023-06-05T08:00,30.6,54,,,981.3,0.0
2023-06-05T09:00,32.9,44,,,981.6,0.0
2023-06-05T10:00,34.7,35,,,981.9,0.0
2023-06-05T11:00,35.9,31,,,981.6,0.0
2023-06-05T12:00,36.6,28,,,980.9,0.0
2023-06-05T13:00,36.9,28,,,980.0,0.0
2023-06-05T14:00,37.1,26,,,979.1,0.0
2023-06-05T15:00,36.9,27,,,978.7,0.0
2023-06-05T16:00,36.5,27,,,978.7,0.0
2023-06-05T17:00,36.6,27,,,977.8,0.0
2023-06-05T18:00,27.8,57,,,979.2,0.0
2023-06-05T19:00,28.0,57,,,979.9,0.1
2023-06-05T20:00,28.2,57,,,979.2,0.0
2023-06-05T21:00,27.5,59,,,979.6,0.0
2023-06-05T22:00,27.2,59,,,980.0,0.0
2023-06-05T23:00,27.3,55,,,979.6,0.0
2023-06-06T00:00,26.8,55,,,979.1,0.0
2023-06-06T01:00,26.4,55,,,978.7,0.0
2023-06-06T02:00,26.0,57,,,978.4,0.0
2023-06-06T03:00,25.7,58,,,978.5,0.0
2023-06-06T04:00,25.2,61,,,978.6,0.0
2023-06-06T05:00,24.1,70,,,979.9,0.0
2023-06-06T06:00,26.3,61,,,980.4,0.0
2023-06-06T07:00,28.3,55,,,981.3,0.0
2023-06-06T08:00,31.2,46,,,981.6,0.0
2023-06-06T09:00,34.2,36,,,981.9,0.0
2023-06-06T10:00,36.2,30,,,981.9,0.0
2023-06-06T11:00,37.5,25,,,981.2,0.0
2023-06-06T12:00,38.2,22,,,980.6,0.0
2023-06-06T13:00,38.8,20,,,979.7,0.0
2023-06-06T14:00,37.8,20,,,979.0,0.0
2023-06-06T15:00,37.4,21,,,978.3,0.0
2023-06-06T16:00,37.3,20,,,978.0,0.0
2023-06-06T17:00,35.2,32,,,978.0,0.0
2023-06-06T18:00,33.0,38,,,978.3,0.0
2023-06-06T19:00,32.5,39,,,978.5,0.0
2023-06-06T20:00,30.5,45,,,978.9,0.0
2023-06-06T21:00,29.1,52,,,979.0,0.0
2023-06-06T22:00,28.5,53,,,979.4,0.0
2023-06-06T23:00,27.7,55,,,979.3,0.0
2023-06-07T00:00,27.2,57,,,979.0,0.0
2023-06-07T01:00,26.7,54,,,978.9,0.0
2023-06-07T02:00,25.9,56,,,978.8,0.0
2023-06-07T03:00,25.4,57,,,978.9,0.0
2023-06-07T04:00,25.0,59,,,979.0,0.0
2023-06-07T05:00,25.7,58,,,979.4,0.0
2023-06-07T06:00,27.1,52,,,980.3,0.0
2023-06-07T07:00,29.3,46,,,981.1,0.0
2023-06-07T08:00,32.0,39,,,981.3,0.0
2023-06-07T09:00,34.4,33,,,981.2,0.0
2023-06-07T10:00,36.1,28,,,981.1,0.0
2023-06-07T11:00,37.4,24,,,980.7,0.0
2023-06-07T12:00,38.1,21,,,980.3,0.0
2023-06-07T13:00,38.2,20,,,979.7,0.0
2023-06-07T14:00,38.4,20,,,978.9,0.0
2023-06-07T15:00,37.3,22,,,978.3,0.0
2023-06-07T16:00,36.6,23,,,978.0,0.0
2023-06-07T17:00,37.5,21,,,977.8,0.0
2023-06-07T18:00,36.1,24,,,978.3,0.0
2023-06-07T19:00,33.9,28,,,978.3,0.0
2023-06-07T20:00,32.4,32,,,978.9,0.0
2023-06-07T21:00,30.8,36,,,979.4,0.0
2023-06-07T22:00,29.7,39,,,979.9,0.0
2023-06-07T23:00,29.1,40,,,979.8,0.0
2023-06-08T00:00,28.2,42,,,979.3,0.0
2023-06-08T01:00,26.9,46,,,978.8,0.0
2023-06-08T02:00,26.3,49,,,978.6,0.0
2023-06-08T03:00,25.7,50,,,978.6,0.0
2023-06-08T04:00,25.1,52,,,979.1,0.0
2023-06-08T05:00,25.8,55,,,979.9,0.0
2023-06-08T06:00,27.7,51,,,980.4,0.0
2023-06-08T07:00,29.6,49,,,981.0,0.0
2023-06-08T08:00,32.3,43,,,981.4,0.0
2023-06-08T09:00,34.8,35,,,981.4,0.0
2023-06-08T10:00,36.5,29,,,981.3,0.0
2023-06-08T11:00,38.0,25,,,980.7,0.0
2023-06-08T12:00,38.8,23,,,979.9,0.0
2023-06-08T13:00,39.3,22,,,979.2,0.0
2023-06-08T14:00,39.3,22,,,978.5,0.0
2023-06-08T15:00,38.9,22,,,978.0,0.0
2023-06-08T16:00,38.2,23,,,977.4,0.0
2023-06-08T17:00,37.4,23,,,977.2,0.0
2023-06-08T18:00,37.4,21,,,976.3,0.0
2023-06-08T19:00,34.9,25,,,976.5,0.0
2023-06-08T20:00,33.6,28,,,977.3,0.0
2023-06-08T21:00,31.7,31,,,977.5,0.0
2023-06-08T22:00,29.9,36,,,977.4,0.0
2023-06-08T23:00,29.4,37,,,977.1,0.0
2023-06-09T00:00,28.9,37,,,976.7,0.0
2023-06-09T01:00,28.4,39,,,976.4,0.0
2023-06-09T02:00,27.8,41,,,976.2,0.0
2023-06-09T03:00,27.0,45,,,976.1,0.0
2023-06-09T04:00,26.4,47,,,976.1,0.0
2023-06-09T05:00,26.0,49,,,976.4,0.0
2023-06-09T06:00,29.1,51,,,977.8,0.0
2023-06-09T07:00,31.5,44,,,978.0,0.0
2023-06-09T08:00,33.7,38,,,978.7,0.0
2023-06-09T09:00,36.0,33,,,978.8,0.0
2023-06-09T10:00,37.8,29,,,978.4,0.0
2023-06-09T11:00,39.1,27,,,977.7,0.0
2023-06-09T12:00,40.1,24,,,976.8,0.0
2023-06-09T13:00,40.8,22,,,976.0,0.0
2023-06-09T14:00,40.4,22,,,974.9,0.0
2023-06-09T15:00,40.7,22,,,973.9,0.0
2023-06-09T16:00,40.7,21,,,973.2,0.0
2023-06-09T17:00,39.7,21,,,973.0,0.0
2023-06-09T18:00,38.4,27,,,973.9,0.0
2023-06-09T19:00,36.0,32,,,974.3,0.0
2023-06-09T20:00,34.5,35,,,974.4,0.0
2023-06-09T21:00,33.3,38,,,974.8,0.0
2023-06-09T22:00,32.5,41,,,974.8,0.0
2023-06-09T23:00,32.1,41,,,974.5,0.0
2023-06-10T00:00,31.3,42,,,974.2,0.0
2023-06-10T01:00,30.7,43,,,973.7,0.0
2023-06-10T02:00,30.0,46,,,973.8,0.0
2023-06-10T03:00,29.3,48,,,973.9,0.0
2023-06-10T04:00,28.8,50,,,974.2,0.0
2023-06-10T05:00,30.7,48,,,975.1,0.0
2023-06-10T06:00,26.5,65,,,976.5,0.0
2023-06-10T07:00,30.1,52,,,976.6,0.0
2023-06-10T08:00,34.7,37,,,976.7,0.0
2023-06-10T09:00,36.5,34,,,976.8,0.0
2023-06-10T10:00,37.7,34,,,976.8,0.0
2023-06-10T11:00,39.5,29,,,976.3,0.0
2023-06-10T12:00,40.4,26,,,975.6,0.0
2023-06-10T13:00,39.8,26,,,975.3,0.0
2023-06-10T14:00,39.1,29,,,974.4,0.0
2023-06-10T15:00,39.4,26,,,973.7,0.0
2023-06-10T16:00,38.9,27,,,973.7,0.0
2023-06-10T17:00,39.1,23,,,973.0,0.0
2023-06-10T18:00,37.6,28,,,973.5,0.0
2023-06-10T19:00,36.1,32,,,973.9,0.0
2023-06-10T20:00,34.6,36,,,974.5,0.0
2023-06-10T21:00,32.7,42,,,975.1,0.0
2023-06-10T22:00,31.6,49,,,975.2,0.0
2023-06-10T23:00,31.0,53,,,975.0,0.0
2023-06-11T00:00,30.2,56,,,974.7,0.0
2023-06-11T01:00,29.5,59,,,974.3,0.0
2023-06-11T02:00,29.1,60,,,974.4,0.0
2023-06-11T03:00,28.8,61,,,974.4,0.0
2023-06-11T04:00,28.9,56,,,974.5,0.0
2023-06-11T05:00,28.2,65,,,975.4,0.0
2023-06-11T06:00,28.9,63,,,976.4,0.0
2023-06-11T07:00,30.5,58,,,976.9,0.0
2023-06-11T08:00,33.1,51,,,977.2,0.0
2023-06-11T09:00,34.8,43,,,977.3,0.0
2023-06-11T10:00,36.5,36,,,977.2,0.0
2023-06-11T11:00,37.8,33,,,976.6,0.0
2023-06-11T12:00,38.6,32,,,975.8,0.0
2023-06-11T13:00,39.0,31,,,974.9,0.0
2023-06-11T14:00,39.2,31,,,973.6,0.0
2023-06-11T15:00,39.1,31,,,973.0,0.0
2023-06-11T16:00,38.9,31,,,972.7,0.0
2023-06-11T17:00,37.2,33,,,973.4,0.0
2023-06-11T18:00,36.4,34,,,973.8,0.0
2023-06-11T19:00,35.1,37,,,974.1,0.0
2023-06-11T20:00,34.2,41,,,974.4,0.0
2023-06-11T21:00,33.3,45,,,975.0,0.0
2023-06-11T22:00,32.6,48,,,975.3,0.0
2023-06-11T23:00,32.0,51,,,974.9,0.0
2023-06-12T00:00,31.3,54,,,974.5,0.0
2023-06-12T01:00,30.5,57,,,974.1,0.0
2023-06-12T02:00,29.9,59,,,974.3,0.0
2023-06-12T03:00,29.4,62,,,974.3,0.0
2023-06-12T04:00,29.0,63,,,974.6,0.0
2023-06-12T05:00,29.0,65,,,974.8,0.0
2023-06-12T06:00,29.8,63,,,975.4,0.0
2023-06-12T07:00,31.5,58,,,975.8,0.0
2023-06-12T08:00,33.8,51,,,976.3,0.0
2023-06-12T09:00,35.8,44,,,976.4,0.0
2023-06-12T10:00,37.3,39,,,976.1,0.0
2023-06-12T11:00,38.4,35,,,975.8,0.0
2023-06-12T12:00,39.3,33,,,975.3,0.0
2023-06-12T13:00,40.4,29,,,974.5,0.0
2023-06-12T14:00,41.0,27,,,973.8,0.0
2023-06-12T15:00,40.9,26,,,973.1,0.0
2023-06-12T16:00,40.5,25,,,972.9,0.0
2023-06-12T17:00,38.1,31,,,972.9,0.0
2023-06-12T18:00,37.8,31,,,973.2,0.0
2023-06-12T19:00,36.5,34,,,973.3,0.0
2023-06-12T20:00,35.4,40,,,974.0,0.0
2023-06-12T21:00,34.7,44,,,974.4,0.0
2023-06-12T22:00,34.0,46,,,975.1,0.0
2023-06-12T23:00,33.3,47,,,975.2,0.0
2023-06-13T00:00,32.6,48,,,975.0,0.0
2023-06-13T01:00,31.8,50,,,974.7,0.0
2023-06-13T02:00,31.2,51,,,974.6,0.0
2023-06-13T03:00,30.4,53,,,974.7,0.0
2023-06-13T04:00,30.2,50,,,975.0,0.0
2023-06-13T05:00,30.6,60,,,974.9,0.0
2023-06-13T06:00,31.8,54,,,975.6,0.0
2023-06-13T07:00,33.6,46,,,976.3,0.0
2023-06-13T08:00,36.0,37,,,976.8,0.0
2023-06-13T09:00,37.1,34,,,977.1,0.0
2023-06-13T10:00,38.3,32,,,976.7,0.0
2023-06-13T11:00,39.8,29,,,976.2,0.0
2023-06-13T12:00,41.1,25,,,975.4,0.0
2023-06-13T13:00,41.5,23,,,974.2,0.0
2023-06-13T14:00,41.9,20,,,973.1,0.0
2023-06-13T15:00,41.6,18,,,972.2,0.0
2023-06-13T16:00,41.0,18,,,972.0,0.0
2023-06-13T17:00,41.1,20,,,971.5,0.0
2023-06-13T18:00,39.9,22,,,971.8,0.0
2023-06-13T19:00,37.7,26,,,972.5,0.0
2023-06-13T20:00,36.2,29,,,973.0,0.0
2023-06-13T21:00,35.3,29,,,973.9,0.0
2023-06-13T22:00,35.0,30,,,974.5,0.0
2023-06-13T23:00,34.5,32,,,974.8,0.0
2023-06-14T00:00,33.7,36,,,974.6,0.0
2023-06-14T01:00,33.0,39,,,974.5,0.0
2023-06-14T02:00,32.0,41,,,974.3,0.0
2023-06-14T03:00,31.4,41,,,974.5,0.0
2023-06-14T04:00,31.4,41,,,974.9,0.0
2023-06-14T05:00,30.7,49,,,975.2,0.0
2023-06-14T06:00,31.5,46,,,976.4,0.0
2023-06-14T07:00,33.1,42,,,977.0,0.0
2023-06-14T08:00,34.8,41,,,977.5,0.0
2023-06-14T09:00,36.6,40,,,977.6,0.0
2023-06-14T10:00,38.2,35,,,977.5,0.0
2023-06-14T11:00,39.2,31,,,977.3,0.0
2023-06-14T12:00,40.2,27,,,976.4,0.0
2023-06-14T13:00,40.5,26,,,975.5,0.0
2023-06-14T14:00,40.4,26,,,974.7,0.0
2023-06-14T15:00,40.2,25,,,974.2,0.0
2023-06-14T16:00,39.2,27,,,973.9,0.0
2023-06-14T17:00,38.0,31,,,973.6,0.0
2023-06-14T18:00,37.5,32,,,973.7,0.0
2023-06-14T19:00,37.2,32,,,974.2,0.0
2023-06-14T20:00,35.8,35,,,975.2,0.0
2023-06-14T21:00,35.0,37,,,976.0,0.0
2023-06-14T22:00,33.7,42,,,976.0,0.0
2023-06-14T23:00,32.9,44,,,976.0,0.0
2023-06-15T00:00,32.2,46,,,975.7,0.0
2023-06-15T01:00,31.6,48,,,975.2,0.0
2023-06-15T02:00,31.3,48,,,975.0,0.0
2023-06-15T03:00,31.2,47,,,975.0,0.0
2023-06-15T04:00,31.7,45,,,975.5,0.0
2023-06-15T05:00,31.0,52,,,975.6,0.0
2023-06-15T06:00,32.0,48,,,976.5,0.0
2023-06-15T07:00,33.3,43,,,977.5,0.0
2023-06-15T08:00,32.3,48,,,978.8,0.0
2023-06-15T09:00,33.5,45,,,979.5,0.0
2023-06-15T10:00,35.2,41,,,979.3,0.0
2023-06-15T11:00,36.3,38,,,978.8,0.0
2023-06-15T12:00,36.3,38,,,978.2,0.0
2023-06-15T13:00,37.0,36,,,977.3,0.0
2023-06-15T14:00,37.2,36,,,976.8,0.0
2023-06-15T15:00,37.4,36,,,976.1,0.0
2023-06-15T16:00,37.0,35,,,975.5,0.0
2023-06-15T17:00,34.3,43,,,976.6,0.0
2023-06-15T18:00,33.4,51,,,975.9,0.4
2023-06-15T19:00,32.1,58,,,976.1,0.0
2023-06-15T20:00,31.1,62,,,976.4,0.0
2023-06-15T21:00,30.5,64,,,976.9,0.0
2023-06-15T22:00,30.3,63,,,977.4,0.0
2023-06-15T23:00,30.3,56,,,977.3,0.0
2023-06-16T00:00,29.8,55,,,976.9,0.0
2023-06-16T01:00,29.4,56,,,976.5,0.0
2023-06-16T02:00,29.0,58,,,976.4,0.0
2023-06-16T03:00,28.6,60,,,976.4,0.0
2023-06-16T04:00,28.8,60,,,976.8,0.0
2023-06-16T05:00,27.4,66,,,977.0,0.0
2023-06-16T06:00,27.4,70,,,977.2,0.3
2023-06-16T07:00,30.2,58,,,977.7,0.0
2023-06-16T08:00,32.4,50,,,978.4,0.0
2023-06-16T09:00,33.9,45,,,978.4,0.0
2023-06-16T10:00,35.6,39,,,978.0,0.0
2023-06-16T11:00,36.8,36,,,977.4,0.0
2023-06-16T12:00,37.7,34,,,976.9,0.0
2023-06-16T13:00,38.7,32,,,976.2,0.0
2023-06-16T14:00,33.4,47,,,977.0,0.3
2023-06-16T15:00,30.4,64,,,976.2,0.6
2023-06-16T16:00,32.5,55,,,975.7,0.0
2023-06-16T17:00,35.5,42,,,975.4,0.0
2023-06-16T18:00,34.7,44,,,975.7,0.0
2023-06-16T19:00,33.3,48,,,976.1,0.0
2023-06-16T20:00,32.6,51,,,976.6,0.0
2023-06-16T21:00,32.3,52,,,977.1,0.0
2023-06-16T22:00,32.2,54,,,977.3,0.0
2023-06-16T23:00,31.5,57,,,977.1,0.0
2023-06-17T00:00,30.7,60,,,976.7,0.0
2023-06-17T01:00,30.2,61,,,976.1,0.0
2023-06-17T02:00,29.6,63,,,975.8,0.0
2023-06-17T03:00,29.2,65,,,975.9,0.0
2023-06-17T04:00,29.1,67,,,976.5,0.0
2023-06-17T05:00,26.3,82,,,976.6,0.0
2023-06-17T06:00,28.0,78,,,977.5,0.2
2023-06-17T07:00,29.4,70,,,978.1,0.1
2023-06-17T08:00,32.2,56,,,978.5,0.0
2023-06-17T09:00,34.5,45,,,978.9,0.0
2023-06-17T10:00,36.1,40,,,978.5,0.0
2023-06-17T11:00,37.3,37,,,978.1,0.0
2023-06-17T12:00,38.2,35,,,977.5,0.0
2023-06-17T13:00,38.7,33,,,976.5,0.0
2023-06-17T14:00,39.1,32,,,975.4,0.0
2023-06-17T15:00,39.3,31,,,974.7,0.0
2023-06-17T16:00,38.4,33,,,974.0,0.0
2023-06-17T17:00,33.8,49,,,974.4,0.0
2023-06-17T18:00,34.3,46,,,975.4,0.0
2023-06-17T19:00,33.8,47,,,975.4,0.0
2023-06-17T20:00,32.7,53,,,976.3,0.0
2023-06-17T21:00,30.6,65,,,977.1,0.0
2023-06-17T22:00,30.1,66,,,977.6,0.0
2023-06-17T23:00,29.2,71,,,978.0,0.0
2023-06-18T00:00,28.8,72,,,977.6,0.0
2023-06-18T01:00,28.8,70,,,976.9,0.0
2023-06-18T02:00,28.8,70,,,976.7,0.0
2023-06-18T03:00,28.9,70,,,976.8,0.0
2023-06-18T04:00,28.6,72,,,977.2,0.0
2023-06-18T05:00,28.4,83,,180.0,977.0,0.0
2023-06-18T06:00,29.6,76,,,977.7,0.0
2023-06-18T07:00,30.2,71,,,978.5,2.2
2023-06-18T08:00,30.5,71,,,978.6,1.3
2023-06-18T09:00,32.2,62,,,978.5,0.1
2023-06-18T10:00,33.8,55,,,978.4,0.0
2023-06-18T11:00,35.2,50,,,978.1,0.0
2023-06-18T12:00,36.5,45,,,977.2,0.0
2023-06-18T13:00,37.4,41,,,975.7,0.0
2023-06-18T14:00,37.9,38,,,974.5,0.0
2023-06-18T15:00,38.7,35,,,973.8,0.0
2023-06-18T16:00,34.4,48,,,974.0,0.4
2023-06-18T17:00,32.6,55,,,974.5,0.0
2023-06-18T18:00,32.6,55,,,974.7,0.0
2023-06-18T19:00,32.1,58,,,975.2,0.0
2023-06-18T20:00,31.6,60,,,975.8,0.0
2023-06-18T21:00,31.3,60,,,976.3,0.0
2023-06-18T22:00,30.7,59,,,976.7,0.0
2023-06-18T23:00,30.1,61,,,977.0,0.0
2023-06-19T00:00,29.5,64,,,976.9,0.0
2023-06-19T01:00,29.1,64,,,976.1,0.0
2023-06-19T02:00,28.8,65,,,975.6,0.0
2023-06-19T03:00,28.7,66,,,975.6,0.0
2023-06-19T04:00,28.7,66,,,975.6,0.0
2023-06-19T05:00,28.4,75,,,975.5,0.0
2023-06-19T06:00,28.9,73,,,976.4,0.3
2023-06-19T07:00,27.7,88,,,976.8,1.8
2023-06-19T08:00,27.6,88,,,977.4,1.1
2023-06-19T09:00,27.4,89,,,977.1,1.6
2023-06-19T10:00,27.6,89,,,976.6,1.2
2023-06-19T11:00,27.6,88,,,976.2,0.5
2023-06-19T12:00,28.6,78,,,975.8,0.1
2023-06-19T13:00,29.6,72,,,975.2,0.0
2023-06-19T14:00,30.5,67,,,974.6,0.0
2023-06-19T15:00,32.3,60,,,974.0,0.0
2023-06-19T16:00,32.2,58,,,973.5,0.0
2023-06-19T17:00,31.7,62,,,973.6,0.0
2023-06-19T18:00,32.1,61,,,973.8,0.0
2023-06-19T19:00,31.5,65,,,974.1,0.0
2023-06-19T20:00,31.1,67,,180.0,974.2,0.0
2023-06-19T21:00,30.6,69,,,974.5,0.0
2023-06-19T22:00,30.4,68,,,974.8,0.0
2023-06-19T23:00,30.4,67,,,974.8,0.0
2023-06-20T00:00,30.0,67,,,974.7,0.0
2023-06-20T01:00,29.1,69,,,974.3,0.0
2023-06-20T02:00,26.2,87,,,974.3,4.2
2023-06-20T03:00,26.8,85,,,973.7,0.0
2023-06-20T04:00,27.2,83,,,974.1,0.0
2023-06-20T05:00,27.0,81,,,974.7,8.2
2023-06-20T06:00,27.2,83,,,975.7,0.4
2023-06-20T07:00,26.1,87,,,976.6,2.6
2023-06-20T08:00,26.4,83,,,977.2,1.0
2023-06-20T09:00,28.7,73,,,977.6,0.1
2023-06-20T10:00,31.7,61,,,977.0,0.1
2023-06-20T11:00,33.6,55,,,976.6,0.0
2023-06-20T12:00,34.3,53,,,976.2,0.0
2023-06-20T13:00,34.6,51,,,975.1,0.0
2023-06-20T14:00,35.7,47,,,973.8,0.0
2023-06-20T15:00,36.5,43,,,973.3,0.0
2023-06-20T16:00,36.4,42,,,973.2,0.0
2023-06-20T17:00,34.1,52,,,974.3,0.0
2023-06-20T18:00,33.4,57,,,974.6,0.0
2023-06-20T19:00,31.8,70,,,975.0,0.0
2023-06-20T20:00,30.8,66,,,975.7,0.0
2023-06-20T21:00,29.8,68,,,976.2,0.0
2023-06-20T22:00,29.0,72,,,976.7,0.0
2023-06-20T23:00,28.6,74,,,976.6,0.0
2023-06-21T00:00,28.0,76,,,976.6,0.0
2023-06-21T01:00,27.7,78,,,976.2,0.0
2023-06-21T02:00,26.8,84,,,976.5,0.3
2023-06-21T03:00,26.8,85,,,976.1,0.0
2023-06-21T04:00,26.3,86,,,976.4,0.0
2023-06-21T05:00,28.1,78,,,976.6,0.0
2023-06-21T06:00,27.6,79,,,977.1,0.0
2023-06-21T07:00,25.9,91,,,978.0,6.3
2023-06-21T08:00,26.1,89,,,978.7,2.0
2023-06-21T09:00,26.4,89,,,978.7,3.2
2023-06-21T10:00,25.7,93,,,979.3,7.6
2023-06-21T11:00,27.1,86,,,978.2,0.6
2023-06-21T12:00,30.2,75,,,977.6,0.0
2023-06-21T13:00,31.7,70,,,976.6,0.0
2023-06-21T14:00,32.9,67,,,975.4,0.0
2023-06-21T15:00,33.7,64,,,974.6,0.0
2023-06-21T16:00,34.0,62,,,973.9,0.0
2023-06-21T17:00,35.6,53,,,974.0,0.0
2023-06-21T18:00,33.2,61,,,974.5,0.1
2023-06-21T19:00,30.6,73,,,974.9,0.2
2023-06-21T20:00,30.1,77,,,975.5,0.0
2023-06-21T21:00,30.3,73,,180.0,976.0,0.0
2023-06-21T22:00,30.0,76,,,976.2,0.0
2023-06-21T23:00,29.9,76,,,976.3,0.0
2023-06-22T00:00,29.7,77,,,976.1,0.0
2023-06-22T01:00,29.5,77,,,975.7,0.0
2023-06-22T02:00,29.3,76,,,975.5,0.0
2023-06-22T03:00,28.4,81,,,975.4,0.5
2023-06-22T04:00,28.2,85,,,976.2,0.0
2023-06-22T05:00,28.9,83,10.6,208.0,976.5,0.1
2023-06-22T06:00,27.3,88,13.6,127.0,978.3,1.3
2023-06-22T07:00,27.1,89,8.0,162.0,978.0,0.1
2023-06-22T08:00,30.1,79,4.7,176.0,978.3,0.0
2023-06-22T09:00,31.7,72,2.5,352.0,979.1,0.0
2023-06-22T10:00,32.4,68,2.5,45.0,978.8,0.1
2023-06-22T11:00,32.5,68,7.2,87.0,978.3,0.6
2023-06-22T12:00,32.6,68,9.4,88.0,977.5,0.0
2023-06-22T13:00,33.2,67,10.5,96.0,976.9,0.0
2023-06-22T14:00,34.0,64,0.5,315.0,975.9,0.0
2023-06-22T15:00,34.5,61,7.2,270.0,974.9,0.0
2023-06-22T16:00,33.9,62,11.2,230.0,975.0,0.0
2023-06-22T17:00,36.1,52,5.2,326.0,974.4,0.0
2023-06-22T18:00,34.9,60,4.3,312.0,974.4,0.0
2023-06-22T19:00,33.5,62,7.3,303.0,974.6,0.0
2023-06-22T20:00,32.3,67,6.4,322.0,975.1,0.0
2023-06-22T21:00,31.5,72,3.9,146.0,975.6,0.0
2023-06-22T22:00,31.3,71,10.8,178.0,976.0,0.0
2023-06-22T23:00,30.8,72,10.4,200.0,975.9,0.0
2023-06-23T00:00,30.2,74,9.8,197.0,975.9,0.0
2023-06-23T01:00,29.8,73,9.0,196.0,975.8,0.0
2023-06-23T02:00,29.7,73,5.9,194.0,975.3,0.0
2023-06-23T03:00,26.1,94,18.4,140.0,976.6,5.6
2023-06-23T04:00,27.2,87,8.0,172.0,975.9,0.2
2023-06-23T05:00,27.8,92,18.2,76.0,976.8,0.1
2023-06-23T06:00,27.5,91,11.9,166.0,976.6,0.1
2023-06-23T07:00,27.9,89,9.1,124.0,977.1,0.0
2023-06-23T08:00,29.0,84,10.0,131.0,977.9,0.0
2023-06-23T09:00,29.9,80,13.4,95.0,978.8,0.0
2023-06-23T10:00,30.9,74,9.7,105.0,978.3,0.0
2023-06-23T11:00,32.7,67,6.1,93.0,978.2,0.0
2023-06-23T12:00,33.9,63,11.7,101.0,977.8,0.0
2023-06-23T13:00,34.7,60,10.4,104.0,977.0,0.0
2023-06-23T14:00,34.9,60,4.5,104.0,975.9,0.0
2023-06-23T15:00,35.3,58,2.5,45.0,975.1,0.0
2023-06-23T16:00,35.4,57,4.0,95.0,974.8,0.0
2023-06-23T17:00,33.6,68,5.2,124.0,974.5,0.1
2023-06-23T18:00,32.6,78,2.0,225.0,974.6,0.0
2023-06-23T19:00,30.8,85,5.1,231.0,974.9,0.0
2023-06-23T20:00,30.7,83,7.9,240.0,975.4,0.0
2023-06-23T21:00,30.3,80,7.7,242.0,975.7,0.0
2023-06-23T22:00,29.9,80,4.7,266.0,976.2,0.0
2023-06-23T23:00,29.3,85,5.4,250.0,976.1,0.0
2023-06-24T00:00,29.1,84,2.5,135.0,975.8,0.0
2023-06-24T01:00,29.0,84,4.3,185.0,975.0,0.0
2023-06-24T02:00,28.4,88,4.0,170.0,974.7,0.0
2023-06-24T03:00,28.2,89,4.0,170.0,974.4,0.0
2023-06-24T04:00,27.7,90,17.7,92.0,976.0,0.7
2023-06-24T05:00,28.9,79,6.6,248.0,975.9,3.7
2023-06-24T06:00,27.9,83,10.8,2.0,977.3,6.3
2023-06-24T07:00,28.2,85,2.5,45.0,976.5,0.0
2023-06-24T08:00,29.0,81,9.4,40.0,977.4,0.0
2023-06-24T09:00,29.4,82,13.7,92.0,977.4,0.0
2023-06-24T10:00,30.8,75,10.3,102.0,977.0,0.0
2023-06-24T11:00,32.2,69,6.5,90.0,976.8,0.0
2023-06-24T12:00,32.7,67,4.3,66.0,976.5,0.0
2023-06-24T13:00,33.7,63,4.2,70.0,975.6,0.0
2023-06-24T14:00,34.3,62,3.6,84.0,974.9,0.0
2023-06-24T15:00,34.5,60,3.4,72.0,974.0,0.0
2023-06-24T16:00,34.5,61,4.0,80.0,973.3,0.0
2023-06-24T17:00,34.4,59,5.9,47.0,973.6,0.0
2023-06-24T18:00,33.5,63,8.7,60.0,974.5,0.0
2023-06-24T19:00,32.3,69,8.8,99.0,975.0,0.0
2023-06-24T20:00,31.5,73,9.7,112.0,975.5,0.0
2023-06-24T21:00,31.0,75,8.4,140.0,975.4,0.0
2023-06-24T22:00,30.5,77,10.3,126.0,975.5,0.0
2023-06-24T23:00,30.2,79,12.6,85.0,975.7,0.0
2023-06-25T00:00,29.6,83,7.5,107.0,975.1,0.0
2023-06-25T01:00,29.0,86,7.2,63.0,974.5,0.0
2023-06-25T02:00,28.6,89,15.2,95.0,975.0,0.0
2023-06-25T03:00,26.6,94,10.3,119.0,975.5,8.4
2023-06-25T04:00,26.7,96,11.5,129.0,974.9,0.6
2023-06-25T05:00,26.1,94,7.0,215.0,976.3,0.3
2023-06-25T06:00,26.2,95,5.9,11.0,977.6,0.7
2023-06-25T07:00,26.1,95,2.6,106.0,978.1,1.6
2023-06-25T08:00,26.5,93,1.6,297.0,978.1,1.0
2023-06-25T09:00,27.0,93,8.7,308.0,978.7,0.6
2023-06-25T10:00,27.7,88,5.8,60.0,978.5,0.2
2023-06-25T11:00,28.7,83,3.6,84.0,978.2,0.0
2023-06-25T12:00,29.8,77,6.5,87.0,978.1,0.1
2023-06-25T13:00,30.6,74,5.8,94.0,977.1,0.1
2023-06-25T14:00,31.3,69,3.3,96.0,976.3,0.0
2023-06-25T15:00,32.0,65,2.3,18.0,975.7,0.0
2023-06-25T16:00,32.3,63,4.3,24.0,975.1,0.0
2023-06-25T17:00,28.6,81,9.7,59.0,975.4,0.0
2023-06-25T18:00,27.9,85,9.8,54.0,975.7,0.0
2023-06-25T19:00,26.8,91,6.2,54.0,976.0,0.0
2023-06-25T20:00,26.3,94,4.5,61.0,976.8,0.0
2023-06-25T21:00,26.1,95,4.6,72.0,977.5,0.0
2023-06-25T22:00,26.0,96,4.1,105.0,978.2,0.0
2023-06-25T23:00,25.8,96,4.1,128.0,978.4,0.0
2023-06-26T00:00,25.6,97,3.6,96.0,978.2,0.0
2023-06-26T01:00,25.7,96,5.5,101.0,977.5,0.0
2023-06-26T02:00,25.5,97,6.6,103.0,976.8,0.0
2023-06-26T03:00,25.4,97,7.6,95.0,976.7,0.0
2023-06-26T04:00,25.1,97,5.9,104.0,976.9,0.0
2023-06-26T05:00,25.3,95,5.0,69.0,978.2,0.2
2023-06-26T06:00,25.7,93,6.6,68.0,978.1,0.0
2023-06-26T07:00,26.3,89,5.5,67.0,979.2,0.0
2023-06-26T08:00,26.8,86,4.8,63.0,979.2,0.0
2023-06-26T09:00,28.4,78,3.5,114.0,979.3,0.0
2023-06-26T10:00,30.2,70,5.5,101.0,979.2,0.1
2023-06-26T11:00,31.2,66,6.2,111.0,979.0,0.0
2023-06-26T12:00,32.2,63,5.5,113.0,978.4,0.0
2023-06-26T13:00,32.4,62,3.6,96.0,977.4,0.0
2023-06-26T14:00,32.7,61,5.4,70.0,976.1,0.0
2023-06-26T15:00,32.8,59,5.9,79.0,975.2,0.1
2023-06-26T16:00,32.8,60,6.7,74.0,974.8,0.0
2023-06-26T17:00,27.4,89,6.5,87.0,975.5,1.5
2023-06-26T18:00,27.6,88,5.6,40.0,975.4,0.3
2023-06-26T19:00,27.1,91,2.3,219.0,976.1,0.0
2023-06-26T20:00,27.0,92,2.1,149.0,976.9,0.0
2023-06-26T21:00,27.0,92,2.4,117.0,977.7,0.0
2023-06-26T22:00,26.5,94,2.9,30.0,978.2,0.6
2023-06-26T23:00,26.2,95,3.2,90.0,978.4,3.0
2023-06-27T00:00,26.0,94,4.0,243.0,977.5,0.4
2023-06-27T01:00,25.4,96,8.0,198.0,976.6,2.6
2023-06-27T02:00,25.3,96,3.6,233.0,976.2,0.8
2023-06-27T03:00,25.2,97,5.2,74.0,976.6,0.1
2023-06-27T04:00,25.4,96,3.6,6.0,976.4,0.1
2023-06-27T05:00,25.6,94,10.9,333.0,977.0,0.0
2023-06-27T06:00,25.7,94,6.8,18.0,977.1,1.9
2023-06-27T07:00,26.6,91,1.1,342.0,977.3,0.1
2023-06-27T08:00,27.7,88,1.6,297.0,977.3,0.0
2023-06-27T09:00,29.4,79,2.5,98.0,977.7,0.0
2023-06-27T10:00,30.8,75,2.0,135.0,977.9,0.0
2023-06-27T11:00,31.9,72,3.6,143.0,977.7,0.1
2023-06-27T12:00,32.7,68,6.4,142.0,977.0,0.1
2023-06-27T13:00,33.5,63,7.9,156.0,975.8,0.1
2023-06-27T14:00,33.6,62,8.2,157.0,974.8,0.0
2023-06-27T15:00,33.6,62,8.7,156.0,974.3,0.0
2023-06-27T16:00,32.7,66,8.0,85.0,974.4,0.0
2023-06-27T17:00,29.5,77,17.7,66.0,975.3,1.7
2023-06-27T18:00,29.2,77,10.6,80.0,975.5,0.1
2023-06-27T19:00,28.6,81,9.6,77.0,976.2,0.0
2023-06-27T20:00,28.0,83,10.1,90.0,976.6,0.0
2023-06-27T21:00,27.7,84,9.7,94.0,977.6,0.0
2023-06-27T22:00,27.4,86,10.1,92.0,978.4,0.0
2023-06-27T23:00,27.2,88,8.9,104.0,978.4,0.0
2023-06-28T00:00,26.9,90,8.5,102.0,978.1,0.0
2023-06-28T01:00,26.8,91,8.2,105.0,977.8,0.0
2023-06-28T02:00,26.7,91,7.0,102.0,977.2,0.0
2023-06-28T03:00,26.6,91,5.4,110.0,977.1,0.0
2023-06-28T04:00,26.5,92,4.9,107.0,977.4,0.0
2023-06-28T05:00,26.6,89,12.4,112.0,977.4,0.2
2023-06-28T06:00,26.1,90,13.5,261.0,978.9,6.1
2023-06-28T07:00,26.0,88,3.0,166.0,979.3,4.9
2023-06-28T08:00,27.1,86,4.8,77.0,979.8,0.1
2023-06-28T09:00,28.7,81,9.4,83.0,979.6,0.1
2023-06-28T10:00,31.0,71,13.3,103.0,979.5,0.1
2023-06-28T11:00,32.2,67,12.4,112.0,979.2,0.1
2023-06-28T12:00,33.0,66,13.2,116.0,978.3,0.1
2023-06-28T13:00,33.5,64,11.8,110.0,977.3,0.0
2023-06-28T14:00,34.0,61,10.9,99.0,976.4,0.0
2023-06-28T15:00,34.0,60,11.1,103.0,975.8,0.0
2023-06-28T16:00,32.3,67,12.1,100.0,975.5,0.5
2023-06-28T17:00,29.2,79,6.4,74.0,976.6,0.0
2023-06-28T18:00,29.5,81,7.6,71.0,976.7,0.0
2023-06-28T19:00,29.1,84,6.6,81.0,976.9,0.0
2023-06-28T20:00,28.7,87,3.4,72.0,977.6,0.0
2023-06-28T21:00,28.5,88,3.8,73.0,978.2,0.0
2023-06-28T22:00,28.3,88,5.4,82.0,979.0,0.0
2023-06-28T23:00,27.9,89,5.7,72.0,978.9,0.0
2023-06-29T00:00,27.5,89,6.4,74.0,978.5,0.0
2023-06-29T01:00,27.3,89,6.1,87.0,978.0,0.0
2023-06-29T02:00,27.2,89,6.6,81.0,977.6,0.0
2023-06-29T03:00,27.1,90,7.9,66.0,977.2,0.0
2023-06-29T04:00,27.0,91,7.0,69.0,977.4,0.0
2023-06-29T05:00,26.7,91,11.7,108.0,977.4,0.0
2023-06-29T06:00,25.8,93,12.5,102.0,978.2,2.5
2023-06-29T07:00,26.6,90,5.3,28.0,978.9,0.8
2023-06-29T08:00,26.2,90,15.0,24.0,979.7,6.9
2023-06-29T09:00,26.2,89,13.8,47.0,979.1,0.4
2023-06-29T10:00,28.8,79,15.2,68.0,979.0,0.3
2023-06-29T11:00,29.8,76,15.0,73.0,978.4,0.3
2023-06-29T12:00,30.8,70,16.9,79.0,977.7,0.1
2023-06-29T13:00,32.0,65,15.5,89.0,976.6,0.0
2023-06-29T14:00,32.4,64,13.1,81.0,975.6,0.0
2023-06-29T15:00,32.3,65,11.6,68.0,974.9,0.0
2023-06-29T16:00,32.1,64,12.9,63.0,974.2,0.2
2023-06-29T17:00,30.6,74,9.1,108.0,974.8,0.1
2023-06-29T18:00,29.6,79,2.2,360.0,975.2,0.0
2023-06-29T19:00,28.8,83,5.9,133.0,975.5,0.1
2023-06-29T20:00,28.2,88,5.8,120.0,975.5,0.0
2023-06-29T21:00,27.7,90,4.2,121.0,976.2,0.0
2023-06-29T22:00,27.4,92,6.1,130.0,976.7,0.0
2023-06-29T23:00,27.1,92,5.1,141.0,976.4,0.0
2023-06-30T00:00,26.2,93,13.4,126.0,977.2,3.1
2023-06-30T01:00,26.1,93,4.7,122.0,976.6,0.1
2023-06-30T02:00,25.8,95,7.4,14.0,976.2,1.8
2023-06-30T03:00,25.3,96,5.4,352.0,976.0,2.4
2023-06-30T04:00,25.4,95,4.6,342.0,976.3,0.1
2023-06-30T05:00,26.8,91,7.2,37.0,976.0,0.0
2023-06-30T06:00,27.3,89,8.6,2.0,976.4,0.0
2023-06-30T07:00,27.4,88,11.4,11.0,976.3,0.0
2023-06-30T08:00,28.5,82,11.8,23.0,977.0,0.1
2023-06-30T09:00,30.1,73,13.0,48.0,976.8,0.0
2023-06-30T10:00,31.8,66,12.9,67.0,976.9,0.0
2023-06-30T11:00,32.8,62,10.9,81.0,976.8,0.0
2023-06-30T12:00,33.5,60,9.0,92.0,976.4,0.0
2023-06-30T13:00,33.8,59,6.1,90.0,975.2,0.0
2023-06-30T14:00,33.9,60,3.4,72.0,974.1,0.1
2023-06-30T15:00,33.8,60,3.3,77.0,973.2,0.0
2023-06-30T16:00,31.5,70,10.5,117.0,973.1,3.1
2023-06-30T17:00,28.3,83,12.3,85.0,974.4,0.0
2023-06-30T18:00,28.2,84,9.8,82.0,974.0,1.9
2023-06-30T19:00,27.8,86,9.1,99.0,974.5,0.0
2023-06-30T20:00,27.5,87,7.9,106.0,975.0,0.0
2023-06-30T21:00,27.2,89,5.8,112.0,975.7,0.0
2023-06-30T22:00,27.0,90,6.8,108.0,976.0,0.0
2023-06-30T23:00,26.8,90,6.5,90.0,976.1,0.0
2023-07-01T00:00,26.6,90,5.7,72.0,976.1,0.0
2023-07-01T01:00,26.3,90,5.3,62.0,975.9,0.0
2023-07-01T02:00,26.0,91,5.0,60.0,975.6,0.0
2023-07-01T03:00,25.8,92,7.6,25.0,975.5,0.0
2023-07-01T04:00,25.5,92,10.5,27.0,975.5,0.0
2023-07-01T05:00,24.8,92,23.2,13.0,976.0,0.0
2023-07-01T06:00,24.6,92,12.4,30.0,975.6,0.2
2023-07-01T07:00,26.4,85,13.8,41.0,976.2,0.0
2023-07-01T08:00,28.8,76,11.2,48.0,976.9,0.0
2023-07-01T09:00,30.4,69,9.9,46.0,977.2,0.0
2023-07-01T10:00,31.7,65,8.4,20.0,977.6,0.1
2023-07-01T11:00,32.7,62,7.4,23.0,977.2,0.0
2023-07-01T12:00,33.5,59,8.7,48.0,976.6,0.1
2023-07-01T13:00,33.5,60,11.0,79.0,975.8,0.2
2023-07-01T14:00,33.7,59,11.8,78.0,974.9,0.0
2023-07-01T15:00,32.8,61,10.8,86.0,975.0,1.1
2023-07-01T16:00,32.9,60,8.8,78.0,974.6,0.1
2023-07-01T17:00,30.7,74,13.2,137.0,975.1,0.0
2023-07-01T18:00,30.0,76,12.6,93.0,975.6,0.1
2023-07-01T19:00,29.3,80,8.4,70.0,976.5,0.0
2023-07-01T20:00,28.6,83,8.4,97.0,976.9,0.0
2023-07-01T21:00,28.3,85,9.2,111.0,977.7,0.0
2023-07-01T22:00,27.9,87,9.3,126.0,978.4,0.0
2023-07-01T23:00,27.7,88,9.6,124.0,978.5,0.0
2023-07-02T00:00,27.4,89,9.5,119.0,978.4,0.0
2023-07-02T01:00,27.1,90,7.6,121.0,977.8,0.0
2023-07-02T02:00,26.8,91,8.1,122.0,977.3,0.0
2023-07-02T03:00,26.4,93,3.3,84.0,977.4,0.0
2023-07-02T04:00,25.9,93,1.8,127.0,977.6,0.5
2023-07-02T05:00,26.5,94,6.4,16.0,976.9,0.1
2023-07-02T06:00,26.9,90,8.0,27.0,977.5,0.0
2023-07-02T07:00,27.9,85,6.2,36.0,978.2,0.0
2023-07-02T08:00,29.3,79,4.1,38.0,978.5,0.0
2023-07-02T09:00,30.7,73,2.6,16.0,978.8,0.0
2023-07-02T10:00,32.1,66,5.5,328.0,978.7,0.1
2023-07-02T11:00,33.1,61,9.2,315.0,978.0,0.1
2023-07-02T12:00,33.9,57,10.3,324.0,977.3,0.0
2023-07-02T13:00,34.3,55,10.5,329.0,976.3,0.1
2023-07-02T14:00,35.0,53,8.6,327.0,975.3,0.0
2023-07-02T15:00,35.3,51,8.5,332.0,974.7,0.0
2023-07-02T16:00,35.2,51,7.8,338.0,974.2,0.0
2023-07-02T17:00,34.2,57,8.0,355.0,975.0,0.0
2023-07-02T18:00,33.5,62,3.9,34.0,975.2,0.0
2023-07-02T19:00,31.7,69,5.1,94.0,975.7,0.0
2023-07-02T20:00,30.9,72,8.4,110.0,976.3,0.0
2023-07-02T21:00,30.2,73,9.1,108.0,976.8,0.0
2023-07-02T22:00,29.6,75,8.9,130.0,977.5,0.0
2023-07-02T23:00,29.1,77,10.2,132.0,977.6,0.0
2023-07-03T00:00,28.7,79,11.2,135.0,977.6,0.0
2023-07-03T01:00,28.4,80,11.0,142.0,977.5,0.0
2023-07-03T02:00,28.1,80,10.3,151.0,977.3,0.0
2023-07-03T03:00,27.8,82,8.8,168.0,977.4,0.0
2023-07-03T04:00,27.6,83,8.0,172.0,977.6,0.0
2023-07-03T05:00,27.1,89,6.0,253.0,977.0,0.0
2023-07-03T06:00,27.9,86,6.1,220.0,977.1,0.0
2023-07-03T07:00,29.5,79,8.6,255.0,977.8,0.0
2023-07-03T08:00,30.2,76,10.8,26.0,978.3,0.1
2023-07-03T09:00,31.4,71,4.2,70.0,978.4,0.0
2023-07-03T10:00,32.5,68,3.1,69.0,978.4,0.0
2023-07-03T11:00,33.8,62,4.6,321.0,977.8,0.1
2023-07-03T12:00,34.7,58,7.8,326.0,977.4,0.1
2023-07-03T13:00,35.3,55,8.7,336.0,976.2,0.0
2023-07-03T14:00,35.8,53,7.8,338.0,975.2,0.0
2023-07-03T15:00,36.1,51,7.6,329.0,974.4,0.0
2023-07-03T16:00,36.2,49,7.7,311.0,973.9,0.0
2023-07-03T17:00,36.6,50,4.3,5.0,973.5,0.0
2023-07-03T18:00,35.0,60,0.0,270.0,974.2,0.2
2023-07-03T19:00,30.1,77,20.7,7.0,975.3,2.8
2023-07-03T20:00,28.6,84,11.3,121.0,975.3,0.3
2023-07-03T21:00,27.9,85,15.8,125.0,976.1,0.9
2023-07-03T22:00,28.5,81,11.5,148.0,976.0,0.0
2023-07-03T23:00,28.3,82,11.4,152.0,976.0,0.0
2023-07-04T00:00,27.8,83,1.0,315.0,976.5,1.0
2023-07-04T01:00,26.7,87,15.7,164.0,975.6,1.4
2023-07-04T02:00,26.8,86,14.2,159.0,975.2,0.0
2023-07-04T03:00,26.5,88,9.4,140.0,974.4,0.0
2023-07-04T04:00,26.1,93,15.9,84.0,975.1,0.0
2023-07-04T05:00,28.9,84,7.2,108.0,974.6,0.0
2023-07-04T06:00,27.6,88,12.4,98.0,975.5,0.1
2023-07-04T07:00,27.4,84,16.6,90.0,976.2,0.0
2023-07-04T08:00,29.6,75,10.6,100.0,975.9,0.0
2023-07-04T09:00,31.8,67,11.1,126.0,976.2,0.0
2023-07-04T10:00,33.4,63,11.0,139.0,976.4,0.0
2023-07-04T11:00,34.7,59,9.4,130.0,976.1,0.0
2023-07-04T12:00,35.6,56,8.3,124.0,975.6,0.0
2023-07-04T13:00,36.3,53,6.1,118.0,974.7,0.0
2023-07-04T14:00,36.7,51,6.8,115.0,973.4,0.0
2023-07-04T15:00,36.7,50,6.2,111.0,972.3,0.0
2023-07-04T16:00,36.1,51,4.7,94.0,971.8,0.0
2023-07-04T17:00,31.5,72,1.1,72.0,973.5,0.0
2023-07-04T18:00,31.8,70,6.5,109.0,973.7,0.0
2023-07-04T19:00,30.8,75,10.3,126.0,973.7,0.0
2023-07-04T20:00,29.8,81,10.9,117.0,974.4,0.0
2023-07-04T21:00,29.0,83,12.7,105.0,975.4,0.0
2023-07-04T22:00,28.4,84,11.9,104.0,976.0,0.0
2023-07-04T23:00,28.1,85,10.7,110.0,976.1,0.0
2023-07-05T00:00,27.9,86,10.7,110.0,975.6,0.0
2023-07-05T01:00,27.8,86,11.5,110.0,975.3,0.0
2023-07-05T02:00,27.7,88,12.9,117.0,974.9,0.0
2023-07-05T03:00,27.6,89,13.9,127.0,974.5,0.0
2023-07-05T04:00,27.3,90,12.8,128.0,974.3,0.0
2023-07-05T05:00,27.5,91,13.7,85.0,974.6,0.0
2023-07-05T06:00,25.7,96,16.3,8.0,975.6,1.4
2023-07-05T07:00,24.4,96,8.0,350.0,976.5,9.8
2023-07-05T08:00,25.4,94,3.3,6.0,976.6,1.3
2023-07-05T09:00,27.7,85,10.4,56.0,976.2,0.3
2023-07-05T10:00,29.7,77,13.1,69.0,976.3,0.1
2023-07-05T11:00,31.4,71,12.0,74.0,976.4,0.1
2023-07-05T12:00,31.7,70,11.0,79.0,975.6,0.0
2023-07-05T13:00,32.2,67,9.4,86.0,974.5,0.0
2023-07-05T14:00,32.9,63,7.4,76.0,973.7,0.0
2023-07-05T15:00,33.6,60,8.0,54.0,973.3,0.0
2023-07-05T16:00,33.3,61,10.7,57.0,972.2,0.0
2023-07-05T17:00,29.8,80,11.4,77.0,974.0,0.0
2023-07-05T18:00,30.3,76,10.1,73.0,974.5,0.0
2023-07-05T19:00,29.8,78,8.8,81.0,975.0,0.0
2023-07-05T20:00,29.2,81,9.4,92.0,975.5,0.0
2023-07-05T21:00,28.8,82,10.3,102.0,976.1,0.0
2023-07-05T22:00,28.4,82,12.2,104.0,976.4,0.0
2023-07-05T23:00,28.1,84,12.4,107.0,976.8,0.0
2023-07-06T00:00,27.8,85,11.7,108.0,976.7,0.0
2023-07-06T01:00,27.4,87,11.5,104.0,976.7,0.0
2023-07-06T02:00,27.0,89,10.2,98.0,976.7,0.0
2023-07-06T03:00,26.7,91,10.4,92.0,976.3,0.0
2023-07-06T04:00,26.4,92,11.6,85.0,976.1,0.0
2023-07-06T05:00,25.6,93,14.7,107.0,976.1,0.0
2023-07-06T06:00,25.3,90,10.9,96.0,976.8,3.3
2023-07-06T07:00,26.4,86,11.5,92.0,977.3,0.2
2023-07-06T08:00,27.2,80,10.2,108.0,978.0,0.2
2023-07-06T09:00,29.0,74,10.6,108.0,978.5,0.1
2023-07-06T10:00,29.7,73,9.9,109.0,978.5,0.1
2023-07-06T11:00,31.0,69,9.2,116.0,978.2,0.0
2023-07-06T12:00,32.3,62,10.9,99.0,977.6,0.0
2023-07-06T13:00,33.1,59,9.5,101.0,977.0,0.0
2023-07-06T14:00,33.0,59,10.0,103.0,976.3,0.1
2023-07-06T15:00,33.0,58,8.4,110.0,975.4,0.3
2023-07-06T16:00,33.1,59,8.4,83.0,974.6,0.3
2023-07-06T17:00,30.1,72,12.1,63.0,975.6,0.2
2023-07-06T18:00,29.7,73,12.3,69.0,976.2,0.0
2023-07-06T19:00,29.3,74,10.1,86.0,976.8,0.0
2023-07-06T20:00,29.0,76,8.9,104.0,977.2,0.0
2023-07-06T21:00,28.7,77,7.9,120.0,977.7,0.0
2023-07-06T22:00,28.4,79,7.4,133.0,978.3,0.0
2023-07-06T23:00,28.4,79,7.1,114.0,978.4,0.0
2023-07-07T00:00,28.1,81,6.9,81.0,978.3,0.0
2023-07-07T01:00,27.8,83,6.6,81.0,977.9,0.0
2023-07-07T02:00,27.6,84,7.3,70.0,977.3,0.0
2023-07-07T03:00,25.9,93,4.0,80.0,977.4,1.6
2023-07-07T04:00,26.0,91,6.9,96.0,976.8,0.6
2023-07-07T05:00,26.0,93,6.2,111.0,977.5,0.1
2023-07-07T06:00,25.2,95,15.8,63.0,978.4,0.4
2023-07-07T07:00,24.9,95,3.1,111.0,978.5,1.1
2023-07-07T08:00,27.1,85,9.0,106.0,979.1,0.2
2023-07-07T09:00,29.1,79,12.1,113.0,979.4,0.0
2023-07-07T10:00,29.6,78,10.9,107.0,979.2,0.1
2023-07-07T11:00,30.9,72,13.6,112.0,979.0,0.1
2023-07-07T12:00,31.5,70,12.7,115.0,978.6,0.1
2023-07-07T13:00,31.9,68,7.0,111.0,977.3,0.1
2023-07-07T14:00,32.8,65,9.4,92.0,976.2,0.1
2023-07-07T15:00,33.3,60,9.6,77.0,975.0,0.0
2023-07-07T16:00,32.8,62,13.1,81.0,974.8,0.0
2023-07-07T17:00,29.1,83,6.5,109.0,975.9,0.3
2023-07-07T18:00,27.5,89,8.2,142.0,976.7,5.1
2023-07-07T19:00,27.8,90,8.4,121.0,977.3,0.1
2023-07-07T20:00,27.7,91,3.5,114.0,977.9,0.0
2023-07-07T21:00,27.6,92,4.0,95.0,978.4,0.0
2023-07-07T22:00,27.6,93,5.2,106.0,979.1,0.0
2023-07-07T23:00,27.5,93,7.7,101.0,979.2,0.0
2023-07-08T00:00,27.4,95,8.3,95.0,978.7,0.0
2023-07-08T01:00,27.1,96,7.6,82.0,978.0,0.0
2023-07-08T02:00,26.9,96,8.2,75.0,977.4,0.0
2023-07-08T03:00,26.1,97,7.8,112.0,978.1,6.4
2023-07-08T04:00,26.1,96,5.5,122.0,977.9,4.2
2023-07-08T05:00,26.2,93,7.4,157.0,978.0,1.1
2023-07-08T06:00,26.7,94,7.4,141.0,978.2,0.3
2023-07-08T07:00,27.0,96,10.5,117.0,978.9,0.5
2023-07-08T08:00,27.9,90,14.8,116.0,978.6,0.6
2023-07-08T09:00,28.6,84,14.5,113.0,978.7,2.0
2023-07-08T10:00,29.6,80,14.5,120.0,978.9,0.3
2023-07-08T11:00,27.1,86,21.9,107.0,978.9,10.7
2023-07-08T12:00,26.6,93,11.3,107.0,978.1,1.7
2023-07-08T13:00,27.6,88,11.6,120.0,977.2,0.5
2023-07-08T14:00,27.9,87,13.4,114.0,976.2,0.4
2023-07-08T15:00,29.6,79,13.9,127.0,976.0,0.2
2023-07-08T16:00,29.1,79,14.3,102.0,976.0,1.3
2023-07-08T17:00,26.9,92,12.2,104.0,976.3,1.0
2023-07-08T18:00,27.0,93,12.7,105.0,976.4,2.4
2023-07-08T19:00,26.8,94,10.5,106.0,977.0,0.7
2023-07-08T20:00,26.6,94,12.1,107.0,977.3,0.1
2023-07-08T21:00,26.3,95,11.0,113.0,977.9,0.0
2023-07-08T22:00,26.3,95,8.5,102.0,978.0,0.0
2023-07-08T23:00,26.1,97,10.1,84.0,977.7,0.0
2023-07-09T00:00,25.9,96,14.8,86.0,977.4,0.7
2023-07-09T01:00,25.6,96,15.7,101.0,976.5,0.1
2023-07-09T02:00,25.6,96,14.0,113.0,976.4,0.0
2023-07-09T03:00,25.4,96,12.1,117.0,976.0,0.1
2023-07-09T04:00,25.1,98,8.1,111.0,976.2,0.5
2023-07-09T05:00,25.6,94,8.5,126.0,976.1,0.7
2023-07-09T06:00,25.5,97,8.1,122.0,976.6,10.6
2023-07-09T07:00,25.5,97,11.9,119.0,976.9,3.2
2023-07-09T08:00,26.1,93,13.8,129.0,977.5,0.6
2023-07-09T09:00,25.9,95,14.7,115.0,978.3,4.3
2023-07-09T10:00,26.1,94,15.0,107.0,978.7,4.8
2023-07-09T11:00,26.5,90,16.5,122.0,978.2,2.5
2023-07-09T12:00,27.8,85,15.8,137.0,977.6,0.2
2023-07-09T13:00,28.5,82,14.4,127.0,976.8,0.1
2023-07-09T14:00,30.8,74,12.4,120.0,976.3,0.1
2023-07-09T15:00,30.8,76,10.8,120.0,975.6,0.1
2023-07-09T16:00,29.8,78,10.9,117.0,975.5,0.4
2023-07-09T17:00,28.5,86,7.2,93.0,976.3,0.0
2023-07-09T18:00,28.1,92,8.7,85.0,976.8,0.6
2023-07-09T19:00,27.5,94,10.4,104.0,977.1,0.1
2023-07-09T20:00,27.2,95,6.2,111.0,977.2,0.0
2023-07-09T21:00,27.1,95,8.0,117.0,977.7,0.0
2023-07-09T22:00,27.0,96,8.1,135.0,977.7,0.0
2023-07-09T23:00,26.9,97,8.4,133.0,977.8,0.0
2023-07-10T00:00,26.8,97,8.2,131.0,977.7,0.0
2023-07-10T01:00,26.5,97,7.4,129.0,977.2,0.0
2023-07-10T02:00,26.3,98,7.4,129.0,976.8,0.6
2023-07-10T03:00,26.2,97,6.4,137.0,976.7,2.9
2023-07-10T04:00,25.8,96,6.5,161.0,977.3,5.0
2023-07-10T05:00,26.0,97,2.5,188.0,977.2,4.0
2023-07-10T06:00,26.0,97,4.0,5.0,977.5,11.5
2023-07-10T07:00,26.3,95,4.7,81.0,977.6,0.2
2023-07-10T08:00,27.1,92,4.8,63.0,977.9,0.5
2023-07-10T09:00,28.0,88,9.2,101.0,978.0,0.3
2023-07-10T10:00,29.1,83,5.2,115.0,978.1,0.2
2023-07-10T11:00,30.9,74,3.8,107.0,977.8,0.1
2023-07-10T12:00,29.5,77,11.6,83.0,977.3,0.3
2023-07-10T13:00,30.6,77,2.9,210.0,977.0,0.3
2023-07-10T14:00,29.6,80,8.3,214.0,976.0,3.1
2023-07-10T15:00,30.1,80,4.7,261.0,975.4,0.2
2023-07-10T16:00,31.0,77,4.6,18.0,974.9,0.1
2023-07-10T17:00,28.1,89,13.0,346.0,976.1,4.0
2023-07-10T18:00,27.4,93,10.5,31.0,976.6,0.7
2023-07-10T19:00,26.9,93,8.5,62.0,976.9,0.1
2023-07-10T20:00,26.5,95,7.6,93.0,977.1,0.0
2023-07-10T21:00,26.1,97,3.6,84.0,977.1,0.0
2023-07-10T22:00,26.1,97,3.8,73.0,977.3,0.0
2023-07-10T23:00,26.0,98,3.7,101.0,977.4,0.0
2023-07-11T00:00,25.6,99,4.0,80.0,977.2,0.0
2023-07-11T01:00,26.0,98,2.9,120.0,977.0,0.0
2023-07-11T02:00,25.9,96,2.4,297.0,976.5,0.1
2023-07-11T03:00,25.7,97,5.6,310.0,976.4,0.1
2023-07-11T04:00,25.2,99,8.6,345.0,976.6,1.7
2023-07-11T05:00,25.6,97,11.6,26.0,976.9,0.9
2023-07-11T06:00,25.9,95,10.3,54.0,977.2,0.0
2023-07-11T07:00,26.2,93,10.2,58.0,977.6,0.0
2023-07-11T08:00,27.1,88,7.6,45.0,978.0,0.0
2023-07-11T09:00,28.5,82,6.5,34.0,978.4,0.0
2023-07-11T10:00,30.0,75,6.7,16.0,978.3,0.1
2023-07-11T11:00,31.2,71,8.3,18.0,977.9,0.0
2023-07-11T12:00,32.0,67,7.2,27.0,977.5,0.0
2023-07-11T13:00,32.5,65,5.3,28.0,976.8,0.0
2023-07-11T14:00,32.9,62,4.1,15.0,975.6,0.0
2023-07-11T15:00,33.3,60,4.7,9.0,974.9,0.0
2023-07-11T16:00,33.1,60,3.5,24.0,974.6,0.0
2023-07-11T17:00,29.5,83,7.6,93.0,975.8,0.0
2023-07-11T18:00,29.3,83,8.9,63.0,975.9,0.0
2023-07-11T19:00,28.6,87,6.8,87.0,976.2,0.0
2023-07-11T20:00,28.1,90,4.7,113.0,976.6,0.0
2023-07-11T21:00,27.8,92,6.5,109.0,977.3,0.0
2023-07-11T22:00,27.5,93,7.6,115.0,977.8,0.0
2023-07-11T23:00,27.2,94,7.2,117.0,977.8,0.0
2023-07-12T00:00,27.0,95,4.9,107.0,977.3,0.0
2023-07-12T01:00,26.6,97,4.8,103.0,976.6,0.0
2023-07-12T02:00,26.4,98,4.7,94.0,976.4,0.0
2023-07-12T03:00,26.2,99,4.7,86.0,976.2,0.0
2023-07-12T04:00,26.1,99,6.5,84.0,976.3,0.0
2023-07-12T05:00,25.7,99,12.2,92.0,976.6,0.0
2023-07-12T06:00,25.7,99,7.1,24.0,976.7,0.3
2023-07-12T07:00,26.7,94,9.7,90.0,977.5,0.1
2023-07-12T08:00,28.0,85,5.2,56.0,977.6,0.0
2023-07-12T09:00,29.7,79,8.1,77.0,978.0,0.0
2023-07-12T10:00,30.8,75,6.7,74.0,977.8,0.0
2023-07-12T11:00,31.6,73,7.4,67.0,977.0,0.1
2023-07-12T12:00,32.4,70,9.1,97.0,976.6,0.1
2023-07-12T13:00,33.1,67,9.0,106.0,975.7,0.1
2023-07-12T14:00,33.5,65,7.9,120.0,974.8,0.1
2023-07-12T15:00,33.5,63,8.4,121.0,974.5,0.0
2023-07-12T16:00,29.0,85,15.0,60.0,974.8,5.5
2023-07-12T17:00,30.7,78,12.6,59.0,975.2,0.1
2023-07-12T18:00,27.6,90,10.1,63.0,976.2,0.8
2023-07-12T19:00,26.9,94,10.7,168.0,976.5,2.3
2023-07-12T20:00,26.9,92,5.1,129.0,976.4,0.1
2023-07-12T21:00,26.9,93,9.5,119.0,977.2,0.0
2023-07-12T22:00,26.9,95,10.0,120.0,977.6,0.0
2023-07-12T23:00,26.7,95,6.9,118.0,977.8,0.0
2023-07-13T00:00,26.5,95,5.8,120.0,977.5,0.0
2023-07-13T01:00,26.3,97,5.8,120.0,976.5,0.0
2023-07-13T02:00,26.1,98,4.4,120.0,975.7,0.0
2023-07-13T03:00,26.0,98,4.4,99.0,976.3,0.2
2023-07-13T04:00,26.0,95,9.8,92.0,976.4,0.8
2023-07-13T05:00,26.7,95,,,976.2,0.2
2023-07-13T06:00,26.9,91,,,976.7,0.0
2023-07-13T07:00,27.6,89,,,977.2,0.0
2023-07-13T08:00,28.8,84,,,977.8,0.0
2023-07-13T09:00,29.8,79,,,978.1,0.0
2023-07-13T10:00,30.9,74,,,978.1,0.1
2023-07-13T11:00,32.1,69,,,977.8,0.1
2023-07-13T12:00,32.9,65,,,977.0,0.1
2023-07-13T13:00,32.8,66,,,976.4,0.3
2023-07-13T14:00,33.0,67,,,975.6,0.0
2023-07-13T15:00,33.2,66,,,975.0,0.0
2023-07-13T16:00,32.2,70,,,975.0,0.3
2023-07-13T17:00,31.1,71,,,975.8,3.1
2023-07-13T18:00,30.5,74,,,976.0,0.0
2023-07-13T19:00,29.4,79,,,976.4,0.0
2023-07-13T20:00,28.6,84,,,977.1,0.0
2023-07-13T21:00,27.9,88,,,977.6,0.0
2023-07-13T22:00,27.4,91,,,978.2,0.0
2023-07-13T23:00,27.1,92,,,978.4,0.0
2023-07-14T00:00,26.8,92,,,978.4,0.0
2023-07-14T01:00,26.6,93,,,978.0,0.0
2023-07-14T02:00,26.4,95,,,977.1,0.0
2023-07-14T03:00,26.2,96,,,977.3,0.0
2023-07-14T04:00,25.9,97,,,977.9,0.0
2023-07-14T05:00,25.7,93,,,978.1,0.0
2023-07-14T06:00,26.1,93,,,978.3,0.2
2023-07-14T07:00,27.0,87,,,978.8,0.0
2023-07-14T08:00,28.1,80,,,979.1,0.0
2023-07-14T09:00,29.5,76,,,979.4,0.0
2023-07-14T10:00,31.0,71,,,979.4,0.0
2023-07-14T11:00,32.0,68,,,978.9,0.1
2023-07-14T12:00,32.6,65,,,978.2,0.1
2023-07-14T13:00,33.3,61,,,977.4,0.0
2023-07-14T14:00,33.8,59,,,976.2,0.0
2023-07-14T15:00,33.7,59,,180.0,975.4,0.0
2023-07-14T16:00,33.7,60,,,974.8,0.0
2023-07-14T17:00,28.0,91,,,975.6,0.0
2023-07-14T18:00,26.2,95,,,976.8,10.2
2023-07-14T19:00,26.2,93,,,977.4,8.8
2023-07-14T20:00,26.5,92,,,977.2,1.0
2023-07-14T21:00,26.7,91,,,978.0,0.4
2023-07-14T22:00,26.5,92,,,978.1,0.2
2023-07-14T23:00,26.4,92,,,978.5,0.1
2023-07-15T00:00,26.2,95,,,978.1,0.0
2023-07-15T01:00,26.2,95,,,977.1,0.0
2023-07-15T02:00,26.0,95,,,976.7,0.0
2023-07-15T03:00,26.3,94,,,976.4,0.0
2023-07-15T04:00,26.1,95,,,976.8,0.3
2023-07-15T05:00,27.0,95,,,977.2,0.6
2023-07-15T06:00,27.5,93,,,977.8,0.2
2023-07-15T07:00,27.6,92,,,978.3,0.5
2023-07-15T08:00,28.6,86,,,978.5,0.1
2023-07-15T09:00,30.0,80,,,978.7,0.0
2023-07-15T10:00,31.2,74,,,978.6,0.0
2023-07-15T11:00,32.3,71,,,978.2,0.0
2023-07-15T12:00,32.9,69,,,977.6,0.0
2023-07-15T13:00,33.1,67,,,976.5,0.1
2023-07-15T14:00,33.3,66,,,974.9,0.0
2023-07-15T15:00,33.2,66,,,974.1,0.0
2023-07-15T16:00,28.5,85,,180.0,975.4,8.4
2023-07-15T17:00,28.2,88,,,976.2,0.2
2023-07-15T18:00,28.1,90,,,976.4,0.7
2023-07-15T19:00,27.6,94,,,977.1,0.3
2023-07-15T20:00,26.8,96,,,977.5,1.1
2023-07-15T21:00,26.9,97,,,978.2,0.3
2023-07-15T22:00,26.2,96,,,979.1,4.3
2023-07-15T23:00,26.1,96,,,978.8,0.6
2023-07-16T00:00,26.0,96,,,978.1,1.3
2023-07-16T01:00,25.5,97,,,977.3,5.9
2023-07-16T02:00,25.4,96,,,977.4,1.9
2023-07-16T03:00,25.2,97,,,977.4,5.6
2023-07-16T04:00,25.2,98,,,977.6,0.3
2023-07-16T05:00,26.2,96,,,977.6,0.1
2023-07-16T06:00,26.1,97,,,977.6,1.1
2023-07-16T07:00,25.8,97,,,978.1,0.5
2023-07-16T08:00,26.6,94,,,979.0,0.7
2023-07-16T09:00,27.9,86,,,979.1,1.6
2023-07-16T10:00,29.7,76,,,978.8,0.0
2023-07-16T11:00,30.8,72,,,978.2,0.1
2023-07-16T12:00,32.1,66,,,977.8,0.1
2023-07-16T13:00,32.4,67,,,976.9,0.2
2023-07-16T14:00,32.7,67,,,975.8,0.1
2023-07-16T15:00,32.9,66,,,975.2,0.0
2023-07-16T16:00,32.9,66,,,974.8,0.0
2023-07-16T17:00,30.3,79,,,975.6,0.9
2023-07-16T18:00,30.6,78,,,976.3,0.7
2023-07-16T19:00,29.2,88,,,976.6,0.8
2023-07-16T20:00,28.9,90,,,976.8,0.0
2023-07-16T21:00,28.2,92,,,977.6,0.0
2023-07-16T22:00,27.8,95,,,977.9,0.0
2023-07-16T23:00,27.9,95,,,977.9,0.0
2023-07-17T00:00,28.3,91,,,977.7,0.0
2023-07-17T01:00,28.2,91,,,977.2,0.0
2023-07-17T02:00,27.3,96,,,976.7,0.0
2023-07-17T03:00,26.9,93,,,976.5,0.0
2023-07-17T04:00,26.3,96,,,977.1,1.7
2023-07-17T05:00,27.3,98,,,976.7,1.3
2023-07-17T06:00,28.3,91,,,976.8,0.0
2023-07-17T07:00,29.0,87,,,977.7,0.0
2023-07-17T08:00,29.7,83,,,977.9,1.0
2023-07-17T09:00,30.1,80,,,978.1,0.3
2023-07-17T10:00,29.9,80,,,977.9,0.2
2023-07-17T11:00,27.4,91,,,978.0,5.0
2023-07-17T12:00,30.7,74,,,976.9,0.3
2023-07-17T13:00,32.1,69,,,976.0,0.1
2023-07-17T14:00,32.8,66,,,974.8,0.0
2023-07-17T15:00,33.1,65,,,973.8,0.0
2023-07-17T16:00,33.3,63,,,973.4,0.0
2023-07-17T17:00,30.1,80,,,974.0,0.0
2023-07-17T18:00,28.8,85,,,974.8,0.6
2023-07-17T19:00,28.3,87,,,975.4,0.9
2023-07-17T20:00,27.7,92,,,975.8,0.4
2023-07-17T21:00,27.4,92,,,976.4,0.0
2023-07-17T22:00,27.2,92,,,977.0,0.0
2023-07-17T23:00,27.1,92,,,977.0,0.0
2023-07-18T00:00,27.1,92,,,976.7,0.0
2023-07-18T01:00,27.1,93,,,976.0,0.0
2023-07-18T02:00,27.0,95,,,975.6,0.0
2023-07-18T03:00,26.1,98,,,975.9,2.5
2023-07-18T04:00,26.2,99,,,976.2,0.3
2023-07-18T05:00,25.4,94,,,976.3,6.1
2023-07-18T06:00,26.3,92,,,976.8,0.2
2023-07-18T07:00,27.0,90,,,977.3,0.0
2023-07-18T08:00,28.4,84,,,978.0,0.1
2023-07-18T09:00,29.3,80,,,978.3,0.2
2023-07-18T10:00,29.9,78,,,978.2,0.2
2023-07-18T11:00,31.5,72,,,977.4,0.1
2023-07-18T12:00,30.9,71,,,976.9,0.4
2023-07-18T13:00,31.5,73,,,976.0,1.1
2023-07-18T14:00,31.7,70,,,975.1,0.0
2023-07-18T15:00,29.6,80,,,974.6,1.9
2023-07-18T16:00,30.7,77,,,973.9,0.2
2023-07-18T17:00,28.3,87,,,974.6,0.0
2023-07-18T18:00,27.6,88,,,975.2,0.0
2023-07-18T19:00,27.1,90,,,975.7,0.0
2023-07-18T20:00,27.0,91,,,976.3,0.1
2023-07-18T21:00,27.0,92,,,976.8,0.0
2023-07-18T22:00,26.8,93,,,977.0,0.0
2023-07-18T23:00,26.8,94,,,977.0,0.0
2023-07-19T00:00,26.8,95,,,976.7,0.0
2023-07-19T01:00,26.7,96,,,976.5,0.0
2023-07-19T02:00,26.6,97,,,976.1,0.0
2023-07-19T03:00,26.4,97,,,975.8,0.0
2023-07-19T04:00,26.3,97,,,976.1,0.0
2023-07-19T05:00,27.1,97,,,976.5,0.0
2023-07-19T06:00,27.6,95,,,977.0,0.1
2023-07-19T07:00,28.3,91,,,977.4,0.3
2023-07-19T08:00,27.4,89,,,978.0,7.6
2023-07-19T09:00,28.8,82,,,978.2,0.1
2023-07-19T10:00,29.7,79,,,978.1,0.0
2023-07-19T11:00,30.6,77,,,977.3,0.1
2023-07-19T12:00,31.7,72,,,976.7,0.2
2023-07-19T13:00,32.3,68,,,975.7,0.0
2023-07-19T14:00,33.0,64,,,975.1,0.0
2023-07-19T15:00,32.9,65,,,974.3,0.0
2023-07-19T16:00,32.6,65,,,973.7,0.7
2023-07-19T17:00,29.9,83,,,975.2,0.1
2023-07-19T18:00,29.5,83,,,974.8,0.1
2023-07-19T19:00,28.6,88,,,974.9,0.0
2023-07-19T20:00,27.9,93,,,975.7,0.0
2023-07-19T21:00,27.6,95,,,976.1,0.0
2023-07-19T22:00,27.5,95,,,976.4,0.0
2023-07-19T23:00,27.3,95,,,976.3,0.0
2023-07-20T00:00,27.2,94,,,976.2,0.0
2023-07-20T01:00,27.1,94,,,975.9,0.0
2023-07-20T02:00,26.9,95,,,976.0,0.0
2023-07-20T03:00,27.1,94,,,976.0,0.0
2023-07-20T04:00,27.2,92,,,975.8,0.0
2023-07-20T05:00,28.4,84,,,976.6,0.0
2023-07-20T06:00,28.4,85,,,977.1,0.9
2023-07-20T07:00,28.5,86,,,977.5,0.7
2023-07-20T08:00,27.7,86,,,978.1,2.9
2023-07-20T09:00,30.2,78,,,977.9,0.1
2023-07-20T10:00,32.0,73,,,977.4,0.0
2023-07-20T11:00,33.0,68,,,976.8,0.0
2023-07-20T12:00,34.0,62,,,976.4,0.0
2023-07-20T13:00,34.7,59,,,975.6,0.0
2023-07-20T14:00,35.1,56,,,974.8,0.0
2023-07-20T15:00,35.2,55,,,973.8,0.0
2023-07-20T16:00,34.9,56,,,973.3,0.0
2023-07-20T17:00,32.5,73,,,973.7,0.0
2023-07-20T18:00,28.5,92,,,975.2,13.0
2023-07-20T19:00,27.7,91,,,975.1,2.6
2023-07-20T20:00,27.9,91,,,975.6,0.0
2023-07-20T21:00,27.6,92,,,976.9,0.7
2023-07-20T22:00,27.2,91,,,977.3,2.8
2023-07-20T23:00,27.4,91,,,977.2,0.0
2023-07-21T00:00,27.5,90,,,976.6,0.0
2023-07-21T01:00,27.6,90,,,976.1,0.0
2023-07-21T02:00,27.7,89,,,976.1,0.0
2023-07-21T03:00,27.8,88,,,976.6,0.0
2023-07-21T04:00,27.9,88,,,976.8,0.0
2023-07-21T05:00,26.5,91,,,977.4,0.0
2023-07-21T06:00,27.9,86,,180.0,978.0,0.0
2023-07-21T07:00,28.9,85,,,978.6,0.0
2023-07-21T08:00,30.6,79,,,978.9,0.0
2023-07-21T09:00,32.3,73,,,979.2,0.0
2023-07-21T10:00,33.7,68,,,978.8,0.0
2023-07-21T11:00,34.6,62,,,978.4,0.1
2023-07-21T12:00,34.9,59,,,978.0,0.0
2023-07-21T13:00,35.0,59,,,977.1,0.0
2023-07-21T14:00,35.3,56,,,975.8,0.0
2023-07-21T15:00,35.6,54,,,975.4,0.0
2023-07-21T16:00,35.1,55,,,975.7,0.0
2023-07-21T17:00,33.9,61,,,975.7,0.0
2023-07-21T18:00,32.8,70,,,976.3,0.0
2023-07-21T19:00,29.2,86,,,977.7,4.0
2023-07-21T20:00,28.9,84,,,977.9,0.1
2023-07-21T21:00,29.3,83,,,979.5,0.0
2023-07-21T22:00,29.6,85,,,979.9,0.0
2023-07-21T23:00,29.5,84,,,980.2,0.0
2023-07-22T00:00,28.7,87,,,979.5,0.0
2023-07-22T01:00,28.4,87,,,979.1,0.0
2023-07-22T02:00,28.5,83,,,979.1,0.0
2023-07-22T03:00,28.5,83,,,979.5,0.0
2023-07-22T04:00,28.3,86,,,979.4,0.0
2023-07-22T05:00,27.5,87,,,980.2,0.0
2023-07-22T06:00,27.2,92,,,980.9,1.4
2023-07-22T07:00,28.4,90,,,980.9,0.0
2023-07-22T08:00,30.7,82,,,981.5,0.0
2023-07-22T09:00,31.9,75,,,981.9,0.1
2023-07-22T10:00,29.9,80,,,982.6,4.2
2023-07-22T11:00,29.9,80,,,981.9,0.0
2023-07-22T12:00,32.3,74,,,981.1,0.1
2023-07-22T13:00,33.8,65,,,980.1,0.2
2023-07-22T14:00,34.2,61,,,978.8,0.0
2023-07-22T15:00,33.9,61,,,977.8,0.0
2023-07-22T16:00,33.8,62,,,977.3,0.0
2023-07-22T17:00,34.3,60,,,978.0,0.0
2023-07-22T18:00,33.1,64,,,978.0,0.0
2023-07-22T19:00,31.8,71,,,978.5,0.0
2023-07-22T20:00,31.1,73,,,979.3,0.0
2023-07-22T21:00,30.7,73,,,980.5,0.0
2023-07-22T22:00,30.3,74,,,981.0,0.0
2023-07-22T23:00,29.9,74,,,981.3,0.0
2023-07-23T00:00,29.5,75,,,981.2,0.0
2023-07-23T01:00,29.1,76,,,980.8,0.0
2023-07-23T02:00,28.8,77,,,980.6,0.0
2023-07-23T03:00,28.5,79,,,980.4,0.0
2023-07-23T04:00,28.3,81,,,980.7,0.0
2023-07-23T05:00,29.1,78,,,981.0,0.0
2023-07-23T06:00,29.4,78,,,981.3,0.0
2023-07-23T07:00,30.0,77,,,981.8,0.0
2023-07-23T08:00,30.8,74,,,982.0,0.0
2023-07-23T09:00,31.1,73,,,982.3,0.1
2023-07-23T10:00,31.8,71,,,982.2,0.1
2023-07-23T11:00,33.1,68,,,981.6,0.0
2023-07-23T12:00,33.5,65,,,980.6,0.2
2023-07-23T13:00,34.1,63,,,979.4,0.1
2023-07-23T14:00,34.2,62,,,978.4,0.0
2023-07-23T15:00,34.1,62,,,977.6,0.0
2023-07-23T16:00,33.5,64,,,976.8,0.0
2023-07-23T17:00,32.3,70,,,977.5,0.0
2023-07-23T18:00,31.6,72,,,977.5,0.0
2023-07-23T19:00,30.8,74,,,978.1,0.0
2023-07-23T20:00,30.1,78,,,978.4,0.1
2023-07-23T21:00,30.0,79,,,979.2,0.0
2023-07-23T22:00,29.9,77,,,979.4,0.0
2023-07-23T23:00,29.5,79,,,979.2,0.0
2023-07-24T00:00,29.1,81,,,979.4,0.0
2023-07-24T01:00,28.7,83,,,979.1,0.0
2023-07-24T02:00,28.4,85,,,978.9,0.0
2023-07-24T03:00,28.2,86,,,978.8,0.0
2023-07-24T04:00,27.9,87,,,978.7,0.0
2023-07-24T05:00,27.9,87,,,978.8,0.0
2023-07-24T06:00,28.3,88,,,979.2,0.0
2023-07-24T07:00,28.9,84,,,979.3,0.0
2023-07-24T08:00,30.2,78,,,980.0,0.0
2023-07-24T09:00,31.2,75,,,979.5,0.1
2023-07-24T10:00,32.0,72,,,979.1,0.2
2023-07-24T11:00,33.1,68,,,978.9,0.1
2023-07-24T12:00,33.7,65,,,977.9,0.1
2023-07-24T13:00,33.9,64,,,977.4,0.1
2023-07-24T14:00,34.1,63,,,976.3,0.0
2023-07-24T15:00,34.0,63,,,975.2,0.0
2023-07-24T16:00,33.8,63,,,974.5,0.0
2023-07-24T17:00,30.2,81,,,974.5,1.0
2023-07-24T18:00,28.0,90,,,975.8,4.4
2023-07-24T19:00,27.7,90,,,976.2,1.0
2023-07-24T20:00,27.7,93,,,977.0,0.1
2023-07-24T21:00,27.7,90,,,977.9,0.1
2023-07-24T22:00,27.5,91,,,978.7,0.6
2023-07-24T23:00,27.4,93,,,978.7,0.0
2023-07-25T00:00,27.2,94,,,978.6,1.5
2023-07-25T01:00,26.7,95,,,978.0,0.0
2023-07-25T02:00,25.6,94,,,978.4,5.9
2023-07-25T03:00,25.6,94,,,977.5,0.2
2023-07-25T04:00,25.6,94,,,977.4,0.2
2023-07-25T05:00,26.4,93,,,977.7,0.1
2023-07-25T06:00,26.6,91,,,978.0,3.6
2023-07-25T07:00,27.1,90,,,978.6,0.1
2023-07-25T08:00,27.7,88,,,979.2,0.0
2023-07-25T09:00,29.2,83,,,979.7,0.0
2023-07-25T10:00,30.8,77,,,979.5,0.0
2023-07-25T11:00,31.5,73,,,979.3,0.0
2023-07-25T12:00,32.8,70,,,978.6,0.0
2023-07-25T13:00,33.2,68,,,977.5,0.1
2023-07-25T14:00,33.8,65,,,976.5,0.1
2023-07-25T15:00,34.1,63,,,975.9,0.0
2023-07-25T16:00,34.1,63,,,975.5,0.0
2023-07-25T17:00,31.4,72,,,976.5,0.0
2023-07-25T18:00,30.2,78,,,976.9,0.0
2023-07-25T19:00,29.5,81,,,977.5,0.0
2023-07-25T20:00,29.2,83,,,978.3,0.0
2023-07-25T21:00,29.1,84,,,979.4,0.0
2023-07-25T22:00,28.6,86,,,980.1,0.0
2023-07-25T23:00,27.3,90,,,979.7,0.0
2023-07-26T00:00,26.3,94,,,979.6,0.9
2023-07-26T01:00,25.7,97,,,979.3,3.3
2023-07-26T02:00,26.1,95,,,979.3,0.4
2023-07-26T03:00,26.3,95,,,978.8,0.0
2023-07-26T04:00,26.0,97,,,978.8,0.0
2023-07-26T05:00,26.5,97,,,979.2,0.0
2023-07-26T06:00,26.2,95,,,980.1,4.9
2023-07-26T07:00,25.6,99,,,981.2,2.4
2023-07-26T08:00,25.6,95,,,981.5,3.7
2023-07-26T09:00,25.8,94,,,982.2,0.8
2023-07-26T10:00,26.4,90,,,982.1,0.4
2023-07-26T11:00,27.4,84,,,981.6,0.5
2023-07-26T12:00,28.5,80,,,981.0,0.3
2023-07-26T13:00,29.3,77,,,980.4,0.1
2023-07-26T14:00,29.3,77,,,979.2,0.0
2023-07-26T15:00,29.5,76,,,978.3,0.0
2023-07-26T16:00,29.7,76,,,977.6,0.0
2023-07-26T17:00,27.4,89,,,978.5,0.0
2023-07-26T18:00,27.3,91,,,978.5,0.3
2023-07-26T19:00,27.2,92,,,978.9,0.2
2023-07-26T20:00,26.8,95,,,979.4,0.1
2023-07-26T21:00,26.6,96,,,980.3,0.0
2023-07-26T22:00,26.6,96,,,980.7,0.0
2023-07-26T23:00,26.3,98,,,980.5,0.0
2023-07-27T00:00,26.5,97,,,980.4,0.0
2023-07-27T01:00,26.4,98,,,979.8,0.0
2023-07-27T02:00,26.4,98,,,979.2,0.1
2023-07-27T03:00,26.4,98,,,978.5,0.4
2023-07-27T04:00,26.3,98,,,978.9,0.1
2023-07-27T05:00,26.8,96,,,979.4,0.0
2023-07-27T06:00,27.3,95,,,979.5,0.0
2023-07-27T07:00,28.2,91,,,979.9,0.0
2023-07-27T08:00,28.8,85,,180.0,980.6,3.3
2023-07-27T09:00,28.1,87,,,981.1,5.3
2023-07-27T10:00,28.8,83,,,980.7,0.1
2023-07-27T11:00,29.9,80,,,980.0,0.0
2023-07-27T12:00,30.6,78,,,979.3,0.1
2023-07-27T13:00,31.4,74,,,978.5,0.1
2023-07-27T14:00,31.6,74,,,977.4,0.1
2023-07-27T15:00,31.7,72,,,976.6,0.0
2023-07-27T16:00,31.7,71,,,976.0,0.1
2023-07-27T17:00,30.4,74,,,976.7,0.1
2023-07-27T18:00,28.8,89,,,977.3,1.0
2023-07-27T19:00,28.4,89,,,977.1,0.2
2023-07-27T20:00,28.0,92,,,977.7,0.0
2023-07-27T21:00,27.9,93,,,978.7,0.0
2023-07-27T22:00,27.8,94,,,979.3,0.0
2023-07-27T23:00,27.5,95,,,979.0,0.0
2023-07-28T00:00,27.1,97,,,978.3,0.0
2023-07-28T01:00,27.1,96,,,977.6,0.0
2023-07-28T02:00,27.0,97,,,977.0,0.0
2023-07-28T03:00,27.0,97,,,976.4,0.0
2023-07-28T04:00,26.8,97,,180.0,976.1,0.0
2023-07-28T05:00,26.9,95,,,976.5,0.0
2023-07-28T06:00,26.6,94,,,977.5,4.8
2023-07-28T07:00,26.9,93,,,977.8,0.1
2023-07-28T08:00,27.3,91,,,977.9,0.1
2023-07-28T09:00,28.7,84,,,978.4,0.1
2023-07-28T10:00,29.8,78,,,978.3,0.2
2023-07-28T11:00,31.1,73,,,977.9,0.1
2023-07-28T12:00,32.2,69,,,977.1,0.1
2023-07-28T13:00,32.9,65,,,976.2,0.1
2023-07-28T14:00,32.7,65,,,975.0,0.1
2023-07-28T15:00,30.7,74,,,974.1,2.8
2023-07-28T16:00,29.6,79,,,974.0,3.9
2023-07-28T17:00,27.0,89,,,975.1,0.8
2023-07-28T18:00,26.7,92,,,975.7,3.8
2023-07-28T19:00,26.7,92,,,975.9,4.6
2023-07-28T20:00,26.7,94,,,976.4,1.7
2023-07-28T21:00,26.6,95,,,977.0,1.2
2023-07-28T22:00,26.3,94,,,977.0,1.5
2023-07-28T23:00,26.3,94,,,976.9,1.0
2023-07-29T00:00,26.4,95,,,976.4,0.5
2023-07-29T01:00,25.7,95,,,975.9,3.2
2023-07-29T02:00,25.9,95,,,974.5,0.3
2023-07-29T03:00,25.6,93,,,974.6,2.1
2023-07-29T04:00,25.6,95,,,975.0,1.3
2023-07-29T05:00,24.7,94,,,975.0,0.8
2023-07-29T06:00,25.2,94,,,975.9,0.1
2023-07-29T07:00,26.2,89,,,976.3,0.1
2023-07-29T08:00,27.3,84,,,976.8,0.0
2023-07-29T09:00,29.0,77,,,977.4,0.0
2023-07-29T10:00,29.8,74,,,977.7,0.1
2023-07-29T11:00,30.9,71,,,977.6,0.1
2023-07-29T12:00,31.1,69,,,977.0,0.1
2023-07-29T13:00,31.4,68,,,976.1,0.0
2023-07-29T14:00,28.5,78,,,975.6,2.0
2023-07-29T15:00,29.3,77,,,974.4,0.2
2023-07-29T16:00,30.4,74,,,973.8,0.0
2023-07-29T17:00,29.1,78,,,974.9,0.1
2023-07-29T18:00,29.2,78,,,974.8,0.1
2023-07-29T19:00,28.1,88,,,975.5,0.1
2023-07-29T20:00,27.8,88,,,976.2,0.0
2023-07-29T21:00,27.3,90,,,976.9,0.0
2023-07-29T22:00,27.1,90,,,977.2,0.0
2023-07-29T23:00,26.8,92,,,976.9,0.0
2023-07-30T00:00,26.5,93,,,976.2,0.0
2023-07-30T01:00,26.3,94,,,975.8,0.0
2023-07-30T02:00,26.1,94,,,975.8,0.0
2023-07-30T03:00,25.7,94,,,975.9,0.0
2023-07-30T04:00,25.0,93,,,976.1,1.3
2023-07-30T05:00,25.3,96,,,975.9,0.3
2023-07-30T06:00,25.8,94,,,976.3,0.1
2023-07-30T07:00,26.5,90,,,976.6,0.0
2023-07-30T08:00,27.9,83,,,976.9,0.0
2023-07-30T09:00,28.8,79,,,977.3,0.1
2023-07-30T10:00,30.1,73,,,977.2,0.2
2023-07-30T11:00,31.3,68,,,976.8,0.1
2023-07-30T12:00,32.3,64,,,976.0,0.1
2023-07-30T13:00,32.8,62,,,975.1,0.0
2023-07-30T14:00,33.0,60,,,974.0,0.0
2023-07-30T15:00,33.1,60,,,973.1,0.0
2023-07-30T16:00,32.9,61,,,972.7,0.0
2023-07-30T17:00,32.0,66,,,973.3,0.0
2023-07-30T18:00,30.7,75,,,973.4,0.0
2023-07-30T19:00,29.6,83,,,973.9,0.0
2023-07-30T20:00,28.8,85,,,974.5,0.1
2023-07-30T21:00,28.4,87,,,975.3,0.0
2023-07-30T22:00,28.3,86,,,975.7,0.0
2023-07-30T23:00,28.2,86,,,975.7,0.0
2023-07-31T00:00,27.8,86,,,975.7,0.0
2023-07-31T01:00,27.5,86,,,975.2,0.0
2023-07-31T02:00,26.5,88,,,975.1,0.0
2023-07-31T03:00,26.1,90,,,975.1,0.1
2023-07-31T04:00,26.0,93,,,975.2,0.0
2023-07-31T05:00,25.1,95,,,975.5,0.0
2023-07-31T06:00,25.5,95,,,975.8,0.3
2023-07-31T07:00,26.3,91,,,975.9,0.2
2023-07-31T08:00,27.6,88,,,976.1,0.0
2023-07-31T09:00,29.6,81,,,976.6,0.0
2023-07-31T10:00,31.3,73,,,976.5,0.1
2023-07-31T11:00,32.3,70,,,976.4,0.1
2023-07-31T12:00,33.1,66,,,975.9,0.0
2023-07-31T13:00,33.6,64,,,975.2,0.0
2023-07-31T14:00,33.5,63,,,974.2,0.0
2023-07-31T15:00,33.6,62,,,973.5,0.0
2023-07-31T16:00,33.3,61,,,973.1,0.0
2023-07-31T17:00,33.3,61,,,973.2,0.0
2023-07-31T18:00,32.0,66,,,973.0,0.0
2023-07-31T19:00,30.8,71,,,973.6,0.0
2023-07-31T20:00,29.6,76,,,974.1,0.0
2023-07-31T21:00,29.0,78,,,975.0,0.0
2023-07-31T22:00,28.7,81,,,975.0,0.0
2023-07-31T23:00,28.3,83,,,975.1,0.0
2023-08-01T00:00,28.1,84,,,975.0,0.0
2023-08-01T01:00,27.7,85,,,974.6,0.0
2023-08-01T02:00,27.3,87,,,974.2,0.0
2023-08-01T03:00,27.1,87,,,973.9,0.0
2023-08-01T04:00,26.9,87,,,974.1,0.0
2023-08-01T05:00,27.3,84,,,974.3,0.0
2023-08-01T06:00,27.7,83,,,974.8,0.0
2023-08-01T07:00,28.3,82,,,975.0,0.0
2023-08-01T08:00,29.6,78,,,975.3,0.0
2023-08-01T09:00,30.7,75,,,975.4,0.0
2023-08-01T10:00,32.0,72,,,975.1,0.1
2023-08-01T11:00,33.1,67,,,975.0,0.1
2023-08-01T12:00,33.9,62,,,974.7,0.0
2023-08-01T13:00,34.1,60,,,973.8,0.0
2023-08-01T14:00,34.6,56,,,972.7,0.0
2023-08-01T15:00,34.4,57,,,972.2,0.0
2023-08-01T16:00,33.9,59,,,971.9,0.0
2023-08-01T17:00,33.0,66,,,972.2,0.0
2023-08-01T18:00,31.2,75,,,972.8,0.0
2023-08-01T19:00,30.0,76,,,972.7,0.0
2023-08-01T20:00,29.7,77,,,973.3,0.0
2023-08-01T21:00,29.4,79,,,974.1,0.0
2023-08-01T22:00,29.4,80,,,974.2,0.0
2023-08-01T23:00,29.5,80,,,974.6,0.0
2023-08-02T00:00,29.3,78,,,974.6,0.0
2023-08-02T01:00,29.0,77,,,974.2,0.0
2023-08-02T02:00,28.5,82,,,973.7,0.0
2023-08-02T03:00,28.4,83,,,973.9,0.0
2023-08-02T04:00,28.3,82,,,974.3,0.0
2023-08-02T05:00,27.8,87,,,974.0,0.0
2023-08-02T06:00,28.5,84,,,974.5,0.0
2023-08-02T07:00,29.3,81,,,975.2,0.0
2023-08-02T08:00,30.4,76,,,975.5,0.0
2023-08-02T09:00,31.4,73,,,975.7,0.0
2023-08-02T10:00,32.6,70,,,976.2,0.0
2023-08-02T11:00,33.7,66,,,975.5,0.1
2023-08-02T12:00,34.7,62,,,974.8,0.0
2023-08-02T13:00,34.9,60,,,974.1,0.0
2023-08-02T14:00,35.1,59,,,973.2,0.0
2023-08-02T15:00,34.3,62,,,972.5,0.1
2023-08-02T16:00,31.9,72,,,973.0,0.2
2023-08-02T17:00,28.5,86,,,974.0,0.1
2023-08-02T18:00,28.6,86,,,973.7,0.0
2023-08-02T19:00,28.3,87,,,974.2,0.1
2023-08-02T20:00,28.2,90,,,974.8,0.0
2023-08-02T21:00,27.8,92,,,975.7,0.2
2023-08-02T22:00,27.5,92,,,975.6,0.6
2023-08-02T23:00,27.3,93,,,975.7,0.0
2023-08-03T00:00,27.1,92,,,975.6,0.0
2023-08-03T01:00,26.8,93,,,975.1,0.0
2023-08-03T02:00,26.8,94,,,974.6,0.0
2023-08-03T03:00,26.8,96,,,974.4,0.0
2023-08-03T04:00,26.8,93,,,974.1,0.0
2023-08-03T05:00,26.5,90,14.3,280.0,974.5,0.0
2023-08-03T06:00,27.2,86,17.0,283.0,974.9,0.0
2023-08-03T07:00,28.2,84,15.8,287.0,975.5,0.0
2023-08-03T08:00,29.3,79,17.7,294.0,976.1,0.0
2023-08-03T09:00,30.3,75,18.0,296.0,976.0,0.0
2023-08-03T10:00,31.4,71,17.1,295.0,976.2,0.0
2023-08-03T11:00,32.3,68,16.0,301.0,975.9,0.1
2023-08-03T12:00,33.1,66,14.8,304.0,975.3,0.1
2023-08-03T13:00,33.8,64,16.1,304.0,974.3,0.1
2023-08-03T14:00,34.1,62,16.6,304.0,973.4,0.0
2023-08-03T15:00,33.9,62,17.4,304.0,972.8,0.1
2023-08-03T16:00,33.7,64,14.7,301.0,972.4,0.3
2023-08-03T17:00,32.1,72,6.1,310.0,973.5,0.7
2023-08-03T18:00,28.0,90,8.3,272.0,974.5,8.0
2023-08-03T19:00,27.5,92,10.5,229.0,974.5,0.1
2023-08-03T20:00,27.7,92,7.0,215.0,975.0,0.0
2023-08-03T21:00,27.8,92,7.7,233.0,975.7,0.0
2023-08-03T22:00,27.8,90,8.3,236.0,976.1,0.0
2023-08-03T23:00,27.5,91,8.2,322.0,976.5,0.1
2023-08-04T00:00,27.1,92,8.0,350.0,976.2,0.1
2023-08-04T01:00,27.0,93,4.1,345.0,975.9,0.1
2023-08-04T02:00,26.8,93,3.1,45.0,975.7,0.0
2023-08-04T03:00,26.5,95,8.4,133.0,976.1,0.2
2023-08-04T04:00,26.0,97,6.1,130.0,976.1,0.6
2023-08-04T05:00,28.0,89,9.4,317.0,975.6,0.2
2023-08-04T06:00,28.0,90,3.3,41.0,976.4,1.5
2023-08-04T07:00,27.7,92,3.4,148.0,976.7,0.0
2023-08-04T08:00,27.8,90,5.8,158.0,977.3,0.3
2023-08-04T09:00,28.7,88,3.1,144.0,978.3,0.6
2023-08-04T10:00,29.3,84,2.7,23.0,978.3,1.1
2023-08-04T11:00,29.5,84,3.6,37.0,978.1,0.6
2023-08-04T12:00,29.9,83,3.2,27.0,977.7,0.4
2023-08-04T13:00,30.5,81,3.1,339.0,977.0,0.5
2023-08-04T14:00,31.0,78,4.6,342.0,976.2,0.4
2023-08-04T15:00,31.7,75,7.4,331.0,975.5,0.2
2023-08-04T16:00,31.7,74,8.7,343.0,975.3,0.2
2023-08-04T17:00,30.3,79,5.8,360.0,976.2,0.3
2023-08-04T18:00,30.3,79,2.1,121.0,976.3,0.1
2023-08-04T19:00,26.7,95,9.3,103.0,977.8,3.4
2023-08-04T20:00,27.2,92,1.5,166.0,978.7,0.5
2023-08-04T21:00,27.2,93,3.6,264.0,979.0,0.2
2023-08-04T22:00,27.0,94,4.0,270.0,978.8,0.0
2023-08-04T23:00,26.7,97,3.2,243.0,979.0,0.0
2023-08-05T00:00,26.5,98,2.5,172.0,978.6,0.0
2023-08-05T01:00,26.3,99,3.3,186.0,977.9,0.0
2023-08-05T02:00,26.4,98,3.2,207.0,977.7,0.0
2023-08-05T03:00,26.4,98,3.9,248.0,977.4,0.0
2023-08-05T04:00,26.4,97,5.1,274.0,977.5,0.0
2023-08-05T05:00,27.3,89,3.0,256.0,978.1,0.0
2023-08-05T06:00,27.3,92,4.7,189.0,978.6,0.6
2023-08-05T07:00,27.4,92,4.8,283.0,979.5,2.4
2023-08-05T08:00,28.0,90,5.9,169.0,980.0,0.2
2023-08-05T09:00,28.2,88,11.0,199.0,980.7,0.6
2023-08-05T10:00,29.3,82,7.2,233.0,980.5,0.2
2023-08-05T11:00,30.9,77,7.3,281.0,979.9,0.5
2023-08-05T12:00,32.0,74,8.1,302.0,979.0,0.1
2023-08-05T13:00,32.9,68,10.3,306.0,978.0,0.1
2023-08-05T14:00,33.6,63,12.1,307.0,977.1,0.0
2023-08-05T15:00,33.7,64,12.9,306.0,976.0,0.0
2023-08-05T16:00,33.5,64,12.7,313.0,975.3,0.0
2023-08-05T17:00,32.3,69,8.1,302.0,976.5,0.0
2023-08-05T18:00,31.5,77,4.4,279.0,976.8,0.0
2023-08-05T19:00,30.1,82,5.0,270.0,977.5,0.0
2023-08-05T20:00,29.8,82,5.8,270.0,978.1,0.0
2023-08-05T21:00,29.0,88,6.1,267.0,978.6,0.0
2023-08-05T22:00,29.0,86,3.6,225.0,978.8,0.0
2023-08-05T23:00,28.9,84,8.9,227.0,978.6,0.1
2023-08-06T00:00,28.7,83,8.3,236.0,977.9,0.0
2023-08-06T01:00,28.2,82,8.7,240.0,977.1,0.0
2023-08-06T02:00,27.9,80,9.4,247.0,976.5,0.0
2023-08-06T03:00,28.0,79,11.8,250.0,976.3,0.0
2023-08-06T04:00,27.9,79,13.1,262.0,976.3,0.0
2023-08-06T05:00,28.3,78,13.9,287.0,976.7,0.0
2023-08-06T06:00,28.2,76,15.3,289.0,977.0,0.0
2023-08-06T07:00,28.9,75,14.3,288.0,977.3,0.0
2023-08-06T08:00,29.8,72,17.4,283.0,977.5,0.0
2023-08-06T09:00,30.9,70,18.2,278.0,977.6,0.0
2023-08-06T10:00,32.2,66,18.5,277.0,977.5,0.0
2023-08-06T11:00,33.4,62,19.0,280.0,977.0,0.0
2023-08-06T12:00,34.0,59,19.1,281.0,975.9,0.0
2023-08-06T13:00,34.6,57,19.4,285.0,974.8,0.0
2023-08-06T14:00,34.8,57,18.6,280.0,973.6,0.0
2023-08-06T15:00,34.7,56,19.8,273.0,972.6,0.0
2023-08-06T16:00,33.1,63,18.4,270.0,972.2,0.5
2023-08-06T17:00,32.4,67,10.9,264.0,973.3,0.0
2023-08-06T18:00,30.7,75,7.1,336.0,973.7,0.1
2023-08-06T19:00,26.0,91,5.2,25.0,974.3,1.2
2023-08-06T20:00,26.7,91,0.5,135.0,974.8,0.1
2023-08-06T21:00,27.0,92,4.3,180.0,975.2,0.0
2023-08-06T22:00,27.2,89,8.9,201.0,974.9,0.0
2023-08-06T23:00,27.9,82,13.2,248.0,974.5,0.0
2023-08-07T00:00,27.9,77,13.9,253.0,974.1,0.0
2023-08-07T01:00,27.4,77,13.1,254.0,973.5,0.0
2023-08-07T02:00,27.2,77,12.8,260.0,973.5,0.0
2023-08-07T03:00,27.2,76,14.8,256.0,973.4,0.0
2023-08-07T04:00,27.2,76,17.6,255.0,973.4,0.0
2023-08-07T05:00,27.5,74,18.6,260.0,973.0,0.0
2023-08-07T06:00,27.6,75,19.2,262.0,973.5,0.0
2023-08-07T07:00,28.2,74,19.5,265.0,974.0,0.0
2023-08-07T08:00,29.1,72,21.6,270.0,974.9,0.0
2023-08-07T09:00,30.2,69,22.0,270.0,975.0,0.0
2023-08-07T10:00,31.4,66,20.9,273.0,975.0,0.0
2023-08-07T11:00,32.4,62,19.8,280.0,974.6,0.0
2023-08-07T12:00,32.8,60,17.0,276.0,974.0,0.0
2023-08-07T13:00,33.5,57,16.2,274.0,973.0,0.1
2023-08-07T14:00,34.0,55,16.6,265.0,972.1,0.0
2023-08-07T15:00,34.2,54,18.1,263.0,971.4,0.0
2023-08-07T16:00,34.0,55,16.2,273.0,971.0,0.0
2023-08-07T17:00,32.4,61,13.9,280.0,971.8,0.0
2023-08-07T18:00,31.1,66,11.2,291.0,972.2,0.0
2023-08-07T19:00,29.9,70,8.4,277.0,972.7,0.0
2023-08-07T20:00,29.3,71,11.1,257.0,973.2,0.0
2023-08-07T21:00,29.3,68,16.2,257.0,974.0,0.0
2023-08-07T22:00,28.8,71,14.6,254.0,974.4,0.0
2023-08-07T23:00,28.7,71,15.8,249.0,974.3,0.0
2023-08-08T00:00,28.6,70,16.9,250.0,974.1,0.0
2023-08-08T01:00,28.2,70,18.0,254.0,973.5,0.0
2023-08-08T02:00,27.6,71,19.0,260.0,973.4,0.0
2023-08-08T03:00,27.2,73,19.2,264.0,973.3,0.0
2023-08-08T04:00,26.9,74,19.6,263.0,973.6,0.0
2023-08-08T05:00,27.5,74,22.0,267.0,973.6,0.0
2023-08-08T06:00,27.5,76,22.4,265.0,974.0,0.0
2023-08-08T07:00,28.1,76,22.8,265.0,974.6,0.0
2023-08-08T08:00,29.0,74,24.5,268.0,975.0,0.0
2023-08-08T09:00,30.0,72,24.5,268.0,975.1,0.0
2023-08-08T10:00,31.3,67,23.1,272.0,975.4,0.0
2023-08-08T11:00,32.5,64,21.3,276.0,975.1,0.0
2023-08-08T12:00,33.3,60,19.2,278.0,974.8,0.0
2023-08-08T13:00,33.8,57,17.9,279.0,974.7,0.0
2023-08-08T14:00,34.4,54,17.1,278.0,974.2,0.0
2023-08-08T15:00,34.0,56,18.0,273.0,973.9,0.0
2023-08-08T16:00,33.8,57,16.6,275.0,973.8,0.0
2023-08-08T17:00,32.6,62,12.1,282.0,974.5,0.0
2023-08-08T18:00,31.7,66,9.7,268.0,974.8,0.0
2023-08-08T19:00,30.8,68,8.9,238.0,975.3,0.0
2023-08-08T20:00,30.3,68,9.7,231.0,975.8,0.0
2023-08-08T21:00,30.4,66,13.5,245.0,976.6,0.0
2023-08-08T22:00,30.0,65,15.2,239.0,977.2,0.0
2023-08-08T23:00,29.4,65,16.0,239.0,977.2,0.0
2023-08-09T00:00,29.0,66,17.1,248.0,976.9,0.0
2023-08-09T01:00,28.5,68,15.3,255.0,976.7,0.0
2023-08-09T02:00,28.1,70,15.9,265.0,976.6,0.0
2023-08-09T03:00,27.7,71,16.9,269.0,976.7,0.0
2023-08-09T04:00,27.4,72,16.6,270.0,977.0,0.0
2023-08-09T05:00,27.7,73,18.4,267.0,977.1,0.0
2023-08-09T06:00,27.8,74,18.7,271.0,978.2,0.0
2023-08-09T07:00,28.4,75,17.3,274.0,978.9,0.0
2023-08-09T08:00,29.2,73,19.5,273.0,979.3,0.0
2023-08-09T09:00,30.3,70,20.2,274.0,979.6,0.0
2023-08-09T10:00,31.8,66,19.9,275.0,979.7,0.0
2023-08-09T11:00,33.1,60,17.7,282.0,979.7,0.0
2023-08-09T12:00,33.5,57,13.8,285.0,979.3,0.0
2023-08-09T13:00,34.0,55,11.7,288.0,978.7,0.0
2023-08-09T14:00,34.4,54,11.7,288.0,977.6,0.0
2023-08-09T15:00,34.5,53,11.8,282.0,977.0,0.0
2023-08-09T16:00,34.5,52,11.6,275.0,976.7,0.0
2023-08-09T17:00,33.2,59,11.2,249.0,977.7,0.0
2023-08-09T18:00,32.2,62,8.1,257.0,977.8,0.0
2023-08-09T19:00,31.4,63,7.3,250.0,978.4,0.0
2023-08-09T20:00,30.6,66,7.3,261.0,978.6,0.0
2023-08-09T21:00,30.3,67,8.7,253.0,979.3,0.0
2023-08-09T22:00,29.5,69,11.1,245.0,979.5,0.0
2023-08-09T23:00,29.2,65,14.3,245.0,979.5,0.0
2023-08-10T00:00,28.9,65,14.2,249.0,979.3,0.0
2023-08-10T01:00,28.4,69,14.1,251.0,978.8,0.0
2023-08-10T02:00,28.0,72,13.0,264.0,978.6,0.0
2023-08-10T03:00,27.6,74,10.5,262.0,979.0,0.0
2023-08-10T04:00,27.3,77,13.0,270.0,978.8,0.0
2023-08-10T05:00,28.0,75,13.8,263.0,978.9,0.0
2023-08-10T06:00,28.1,76,14.5,264.0,979.6,0.0
2023-08-10T07:00,28.9,74,15.1,269.0,980.3,0.0
2023-08-10T08:00,29.9,70,17.3,271.0,980.5,0.0
2023-08-10T09:00,31.0,67,17.5,278.0,981.0,0.0
2023-08-10T10:00,32.1,63,16.6,288.0,981.2,0.0
2023-08-10T11:00,33.2,58,14.0,296.0,981.0,0.0
2023-08-10T12:00,33.7,56,10.8,291.0,980.5,0.0
2023-08-10T13:00,34.0,54,9.5,281.0,979.9,0.0
2023-08-10T14:00,33.9,53,8.6,272.0,979.1,0.0
2023-08-10T15:00,33.9,53,8.3,272.0,978.6,0.0
2023-08-10T16:00,33.7,53,9.8,264.0,978.2,0.0
2023-08-10T17:00,31.5,66,9.4,203.0,979.1,0.0
2023-08-10T18:00,28.7,78,9.7,202.0,979.6,1.2
2023-08-10T19:00,27.8,86,11.3,163.0,979.6,0.5
2023-08-10T20:00,27.5,84,11.0,157.0,980.2,0.0
2023-08-10T21:00,27.6,83,7.8,158.0,980.6,0.0
2023-08-10T22:00,27.8,83,6.7,164.0,980.7,0.0
2023-08-10T23:00,27.8,83,6.2,170.0,980.7,0.0
2023-08-11T00:00,27.6,84,9.7,184.0,980.4,0.0
2023-08-11T01:00,27.4,85,9.1,187.0,979.9,0.0
2023-08-11T02:00,27.2,84,7.8,214.0,979.6,0.0
2023-08-11T03:00,27.3,82,8.7,246.0,979.4,0.0
2023-08-11T04:00,27.5,77,10.8,266.0,979.8,0.0
2023-08-11T05:00,27.9,73,11.3,263.0,979.9,0.0
2023-08-11T06:00,28.3,68,13.4,275.0,980.8,0.0
2023-08-11T07:00,29.1,68,12.0,279.0,981.2,0.0
2023-08-11T08:00,30.4,65,13.5,279.0,981.4,0.0
2023-08-11T09:00,31.6,62,14.8,274.0,981.6,0.0
2023-08-11T10:00,32.9,58,15.7,279.0,981.3,0.0
2023-08-11T11:00,33.9,53,13.9,291.0,980.5,0.0
2023-08-11T12:00,34.4,50,12.6,283.0,980.1,0.1
2023-08-11T13:00,34.6,49,13.9,280.0,979.2,0.1
2023-08-11T14:00,34.6,49,13.6,281.0,978.1,0.1
2023-08-11T15:00,34.4,50,14.0,282.0,977.3,0.1
2023-08-11T16:00,34.0,51,13.8,277.0,977.0,0.0
2023-08-11T17:00,33.5,58,4.2,250.0,978.1,0.0
2023-08-11T18:00,30.4,78,4.6,225.0,978.5,1.1
2023-08-11T19:00,29.8,81,5.3,242.0,978.4,0.1
2023-08-11T20:00,30.3,71,7.5,235.0,978.7,0.0
2023-08-11T21:00,30.1,69,7.9,240.0,979.3,0.0
2023-08-11T22:00,29.6,70,9.5,245.0,979.1,0.0
2023-08-11T23:00,29.4,69,11.8,247.0,978.8,0.0
2023-08-12T00:00,29.2,68,13.2,253.0,978.4,0.0
2023-08-12T01:00,28.9,66,14.2,254.0,978.2,0.0
2023-08-12T02:00,28.7,63,15.7,259.0,978.1,0.0
2023-08-12T03:00,28.5,62,16.6,266.0,978.1,0.0
2023-08-12T04:00,28.2,62,15.9,265.0,978.2,0.0
2023-08-12T05:00,28.3,60,15.4,259.0,978.4,0.0
2023-08-12T06:00,28.2,62,15.7,261.0,978.8,0.0
2023-08-12T07:00,28.9,64,15.3,255.0,979.1,0.0
2023-08-12T08:00,30.1,62,18.1,257.0,979.4,0.0
2023-08-12T09:00,31.5,59,19.7,261.0,979.8,0.0
2023-08-12T10:00,32.9,55,20.7,263.0,979.8,0.0
2023-08-12T11:00,33.9,51,19.1,272.0,979.1,0.0
2023-08-12T12:00,34.8,48,16.7,276.0,978.3,0.0
2023-08-12T13:00,35.3,45,16.2,274.0,977.1,0.0
2023-08-12T14:00,35.3,44,18.0,271.0,976.0,0.0
2023-08-12T15:00,35.3,43,17.4,263.0,975.4,0.0
2023-08-12T16:00,34.8,46,16.7,251.0,974.8,0.0
2023-08-12T17:00,33.5,52,13.4,256.0,975.7,0.0
2023-08-12T18:00,32.4,54,13.7,247.0,975.5,0.0
2023-08-12T19:00,31.8,53,16.1,250.0,975.7,0.0
2023-08-12T20:00,31.3,54,14.2,249.0,976.0,0.0
2023-08-12T21:00,30.7,56,14.0,241.0,976.6,0.0
2023-08-12T22:00,30.3,57,15.0,243.0,976.7,0.0
2023-08-12T23:00,29.9,60,16.3,242.0,976.6,0.0
2023-08-13T00:00,29.5,63,15.8,246.0,976.1,0.0
2023-08-13T01:00,29.2,63,16.3,252.0,975.3,0.0
2023-08-13T02:00,28.8,64,17.3,258.0,974.9,0.0
2023-08-13T03:00,28.3,66,17.5,261.0,974.8,0.0
2023-08-13T04:00,27.9,68,17.5,261.0,974.9,0.0
2023-08-13T05:00,27.7,70,17.4,264.0,975.2,0.0
2023-08-13T06:00,27.6,72,17.0,264.0,975.5,0.0
2023-08-13T07:00,28.4,72,16.3,262.0,975.9,0.0
2023-08-13T08:00,29.7,68,18.8,263.0,976.2,0.0
2023-08-13T09:00,31.2,64,18.4,264.0,976.8,0.0
2023-08-13T10:00,32.6,59,17.3,268.0,976.9,0.0
2023-08-13T11:00,33.9,55,14.8,267.0,976.4,0.0
2023-08-13T12:00,34.5,51,13.1,262.0,975.8,0.1
2023-08-13T13:00,35.2,48,11.4,257.0,975.2,0.1
2023-08-13T14:00,35.6,47,11.4,257.0,974.2,0.2
2023-08-13T15:00,35.2,47,11.3,248.0,973.9,0.2
2023-08-13T16:00,34.8,49,11.6,248.0,973.8,0.1
2023-08-13T17:00,32.6,59,11.5,194.0,974.9,0.0
2023-08-13T18:00,31.8,62,9.7,182.0,975.2,0.0
2023-08-13T19:00,31.0,64,10.4,182.0,975.7,0.0
2023-08-13T20:00,30.4,65,13.0,177.0,976.4,0.0
2023-08-13T21:00,30.0,64,14.3,192.0,977.1,0.0
2023-08-13T22:00,29.7,63,15.1,205.0,977.4,0.0
2023-08-13T23:00,29.6,63,14.4,212.0,977.5,0.0
2023-08-14T00:00,29.4,63,13.2,227.0,977.6,0.0
2023-08-14T01:00,28.9,65,11.5,231.0,977.0,0.0
2023-08-14T02:00,28.3,68,9.2,222.0,976.8,0.0
2023-08-14T03:00,27.7,71,7.3,200.0,976.9,0.0
2023-08-14T04:00,27.3,73,8.2,195.0,977.6,0.0
2023-08-14T05:00,26.8,75,6.9,189.0,978.7,0.0
2023-08-14T06:00,27.3,75,8.0,188.0,979.4,0.0
2023-08-14T07:00,28.1,74,7.2,177.0,980.3,0.0
2023-08-14T08:00,29.2,69,7.2,180.0,980.7,0.0
2023-08-14T09:00,30.0,65,5.9,191.0,981.1,0.0
2023-08-14T10:00,30.7,62,4.9,163.0,981.2,0.0
2023-08-14T11:00,32.0,58,8.6,147.0,981.0,0.0
2023-08-14T12:00,32.8,54,11.5,148.0,980.5,0.0
2023-08-14T13:00,33.1,53,12.5,147.0,979.8,0.0
2023-08-14T14:00,33.3,52,13.1,148.0,978.9,0.0
2023-08-14T15:00,33.5,51,12.4,154.0,978.2,0.0
2023-08-14T16:00,33.0,53,11.0,157.0,978.0,0.0
2023-08-14T17:00,31.5,60,7.9,137.0,978.3,0.0
2023-08-14T18:00,30.2,67,9.5,101.0,978.9,0.0
2023-08-14T19:00,28.7,76,12.6,103.0,979.5,0.0
2023-08-14T20:00,28.2,80,10.2,122.0,980.1,0.0
2023-08-14T21:00,27.9,82,10.5,128.0,980.7,0.0
2023-08-14T22:00,27.6,83,10.9,134.0,980.8,0.0
2023-08-14T23:00,27.2,85,9.7,138.0,980.7,0.0
2023-08-15T00:00,26.8,87,7.0,145.0,980.4,0.0
2023-08-15T01:00,26.5,89,6.7,144.0,980.1,0.0
2023-08-15T02:00,26.3,89,7.1,139.0,979.3,0.0
2023-08-15T03:00,26.0,90,6.1,140.0,979.0,0.0
2023-08-15T04:00,25.8,91,5.6,140.0,979.4,0.0
2023-08-15T05:00,26.2,94,7.2,87.0,980.0,0.0
2023-08-15T06:00,26.9,91,4.9,126.0,980.5,0.0
2023-08-15T07:00,27.4,87,4.0,175.0,981.0,0.1
2023-08-15T08:00,28.8,76,4.9,216.0,981.1,0.0
2023-08-15T09:00,30.9,67,4.7,247.0,981.7,0.0
2023-08-15T10:00,32.2,61,5.8,292.0,981.5,0.0
2023-08-15T11:00,33.2,58,7.9,330.0,981.2,0.0
2023-08-15T12:00,34.0,55,7.3,340.0,980.4,0.0
2023-08-15T13:00,34.3,54,6.0,343.0,979.7,0.0
2023-08-15T14:00,34.6,52,5.2,348.0,978.6,0.0
2023-08-15T15:00,34.7,52,4.6,315.0,977.8,0.0
2023-08-15T16:00,34.7,52,7.1,315.0,977.3,0.0
2023-08-15T17:00,32.2,59,6.6,351.0,978.9,0.0
2023-08-15T18:00,31.3,67,9.7,4.0,979.0,0.0
2023-08-15T19:00,30.0,73,4.7,9.0,979.3,0.0
2023-08-15T20:00,29.6,78,1.8,127.0,979.6,0.0
2023-08-15T21:00,28.7,82,2.4,153.0,980.2,0.0
2023-08-15T22:00,28.1,87,3.3,193.0,980.4,0.0
2023-08-15T23:00,27.6,87,2.9,180.0,980.4,0.0
2023-08-16T00:00,27.3,87,3.3,174.0,980.3,0.0
2023-08-16T01:00,27.0,87,3.2,207.0,979.9,0.0
2023-08-16T02:00,26.9,85,4.1,225.0,979.5,0.0
2023-08-16T03:00,26.8,84,5.3,242.0,979.4,0.0
2023-08-16T04:00,26.8,83,5.8,248.0,979.6,0.0
2023-08-16T05:00,25.6,89,10.5,232.0,980.0,0.0
2023-08-16T06:00,26.5,89,8.5,242.0,980.5,0.1
2023-08-16T07:00,28.0,83,8.0,252.0,980.9,0.0
2023-08-16T08:00,30.0,72,11.2,266.0,981.2,0.0
2023-08-16T09:00,32.0,63,13.1,278.0,981.4,0.0
2023-08-16T10:00,33.7,55,12.4,300.0,981.3,0.0
2023-08-16T11:00,34.4,52,11.5,311.0,980.8,0.0
2023-08-16T12:00,35.2,51,11.3,307.0,980.0,0.0
2023-08-16T13:00,35.7,49,13.4,306.0,979.0,0.0
2023-08-16T14:00,36.0,48,15.1,308.0,978.1,0.0
2023-08-16T15:00,35.9,47,15.5,306.0,977.0,0.0
2023-08-16T16:00,35.4,47,16.8,312.0,976.5,0.0
2023-08-16T17:00,34.4,50,15.1,322.0,977.6,0.0
2023-08-16T18:00,33.2,55,10.7,320.0,977.4,0.0
2023-08-16T19:00,31.8,60,7.2,323.0,977.9,0.0
2023-08-16T20:00,30.3,72,7.1,285.0,978.1,0.0
2023-08-16T21:00,30.0,69,5.1,231.0,978.9,0.0
2023-08-16T22:00,29.8,68,5.4,217.0,978.9,0.0
2023-08-16T23:00,29.2,70,5.9,227.0,978.9,0.0
2023-08-17T00:00,29.0,71,6.3,239.0,978.7,0.0
2023-08-17T01:00,28.6,72,6.4,254.0,978.2,0.0
2023-08-17T02:00,28.1,73,6.2,263.0,978.0,0.0
2023-08-17T03:00,27.8,73,7.0,258.0,978.1,0.0
2023-08-17T04:00,27.8,71,11.3,263.0,978.4,0.0
2023-08-17T05:00,28.6,68,14.4,273.0,978.7,0.0
2023-08-17T06:00,29.0,67,15.8,271.0,979.5,0.0
2023-08-17T07:00,29.9,64,16.2,271.0,980.2,0.0
2023-08-17T08:00,31.3,58,19.7,278.0,980.5,0.0
2023-08-17T09:00,33.0,54,20.2,286.0,980.7,0.0
2023-08-17T10:00,34.3,49,20.3,295.0,980.7,0.0
2023-08-17T11:00,35.1,46,19.3,294.0,980.2,0.0
2023-08-17T12:00,35.7,44,18.4,293.0,979.7,0.0
2023-08-17T13:00,36.0,42,18.9,291.0,978.7,0.0
2023-08-17T14:00,36.0,42,18.9,291.0,977.7,0.0
2023-08-17T15:00,36.0,42,18.4,293.0,976.7,0.0
2023-08-17T16:00,35.6,43,18.0,296.0,976.6,0.0
2023-08-17T17:00,34.6,50,12.2,298.0,977.3,0.0
2023-08-17T18:00,33.6,54,8.0,278.0,977.7,0.0
2023-08-17T19:00,32.3,58,6.6,248.0,978.2,0.0
2023-08-17T20:00,31.6,60,6.3,246.0,978.5,0.0
2023-08-17T21:00,30.8,65,6.0,245.0,979.0,0.0
2023-08-17T22:00,30.3,66,5.4,222.0,979.2,0.0
2023-08-17T23:00,30.1,66,5.9,218.0,979.1,0.0
2023-08-18T00:00,29.8,67,8.2,218.0,978.8,0.0
2023-08-18T01:00,29.3,68,6.9,223.0,978.3,0.0
2023-08-18T02:00,29.1,67,9.3,234.0,977.9,0.0
2023-08-18T03:00,29.2,63,12.7,245.0,977.7,0.0
2023-08-18T04:00,28.6,65,9.4,268.0,978.0,0.0
2023-08-18T05:00,28.3,65,10.1,266.0,979.0,0.0
2023-08-18T06:00,28.4,66,11.3,279.0,979.5,0.0
2023-08-18T07:00,29.3,64,12.4,280.0,979.9,0.0
2023-08-18T08:00,30.9,60,15.1,288.0,980.5,0.0
2023-08-18T09:00,32.6,55,14.7,301.0,981.0,0.0
2023-08-18T10:00,34.0,51,13.3,308.0,981.0,0.0
2023-08-18T11:00,35.1,48,11.7,315.0,980.4,0.0
2023-08-18T12:00,35.9,45,10.4,326.0,979.4,0.0
2023-08-18T13:00,35.8,44,7.8,326.0,978.7,0.0
2023-08-18T14:00,36.0,44,10.2,315.0,978.0,0.0
2023-08-18T15:00,36.1,44,9.4,320.0,977.2,0.0
2023-08-18T16:00,35.8,45,8.7,336.0,977.0,0.1
2023-08-18T17:00,34.7,50,11.5,14.0,977.0,0.0
2023-08-18T18:00,33.3,61,8.2,49.0,977.8,0.0
2023-08-18T19:00,31.5,70,13.8,84.0,978.2,0.0
2023-08-18T20:00,30.1,75,9.4,97.0,978.8,0.0
2023-08-18T21:00,29.6,77,6.6,103.0,979.3,0.0
2023-08-18T22:00,29.2,79,4.8,117.0,979.8,0.0
2023-08-18T23:00,28.9,80,5.1,135.0,979.6,0.0
2023-08-19T00:00,28.5,83,3.8,139.0,979.4,0.0
2023-08-19T01:00,28.2,84,4.2,121.0,979.1,0.0
2023-08-19T02:00,28.0,86,4.3,114.0,978.7,0.0
2023-08-19T03:00,27.8,87,5.4,94.0,978.7,0.0
2023-08-19T04:00,27.6,89,6.8,87.0,978.9,0.0
2023-08-19T05:00,27.9,87,3.8,107.0,979.0,0.0
2023-08-19T06:00,27.2,87,19.1,32.0,980.2,2.5
2023-08-19T07:00,26.2,91,11.9,104.0,980.7,3.9
2023-08-19T08:00,26.9,89,7.0,111.0,980.8,0.1
2023-08-19T09:00,28.7,84,5.4,160.0,981.1,0.1
2023-08-19T10:00,31.1,75,7.9,133.0,981.1,0.0
2023-08-19T11:00,32.0,73,10.4,134.0,980.6,0.0
2023-08-19T12:00,33.0,65,12.8,122.0,980.1,0.0
2023-08-19T13:00,32.7,66,10.8,127.0,979.7,0.7
2023-08-19T14:00,33.8,61,8.3,108.0,978.4,0.0
2023-08-19T15:00,34.1,59,7.4,113.0,977.4,0.0
2023-08-19T16:00,33.7,60,8.2,119.0,977.3,0.0
2023-08-19T17:00,33.9,55,9.1,108.0,977.7,0.1
2023-08-19T18:00,32.9,61,7.0,102.0,978.4,0.0
2023-08-19T19:00,31.8,67,4.7,94.0,978.6,0.0
2023-08-19T20:00,31.1,70,6.1,87.0,979.0,0.0
2023-08-19T21:00,30.6,73,8.7,85.0,979.8,0.0
2023-08-19T22:00,30.3,74,9.1,99.0,980.1,0.0
2023-08-19T23:00,30.0,76,8.4,100.0,980.2,0.0
2023-08-20T00:00,29.6,78,9.3,103.0,980.0,0.0
2023-08-20T01:00,29.2,80,8.6,105.0,979.8,0.0
2023-08-20T02:00,28.7,81,7.6,109.0,979.5,0.0
2023-08-20T03:00,28.4,82,8.2,105.0,979.4,0.0
2023-08-20T04:00,28.2,83,7.8,103.0,979.8,0.0
2023-08-20T05:00,27.8,91,8.2,52.0,980.1,0.0
2023-08-20T06:00,28.3,91,7.9,60.0,980.6,0.0
2023-08-20T07:00,29.6,85,8.3,95.0,981.0,0.0
2023-08-20T08:00,31.1,76,13.4,114.0,981.1,0.0
2023-08-20T09:00,32.8,66,17.3,126.0,981.3,0.0
2023-08-20T10:00,33.9,58,18.0,127.0,981.5,0.0
2023-08-20T11:00,34.9,53,17.1,120.0,981.0,0.0
2023-08-20T12:00,35.3,51,16.6,114.0,980.7,0.0
2023-08-20T13:00,35.5,51,15.5,115.0,980.0,0.1
2023-08-20T14:00,35.8,50,13.2,112.0,978.8,0.0
2023-08-20T15:00,35.8,50,11.8,113.0,977.8,0.0
2023-08-20T16:00,35.5,50,10.6,114.0,977.2,0.0
2023-08-20T17:00,34.4,54,6.8,115.0,978.2,0.0
2023-08-20T18:00,33.5,59,5.1,94.0,978.3,0.0
2023-08-20T19:00,32.4,64,5.8,90.0,979.0,0.0
2023-08-20T20:00,31.8,67,6.8,87.0,979.2,0.0
2023-08-20T21:00,31.2,71,6.5,90.0,979.5,0.0
2023-08-20T22:00,30.5,75,7.6,85.0,979.8,0.0
2023-08-20T23:00,29.9,78,10.9,82.0,979.7,0.0
2023-08-21T00:00,29.3,81,10.1,96.0,979.5,0.0
2023-08-21T01:00,28.9,83,9.8,107.0,979.1,0.0
2023-08-21T02:00,28.6,85,8.4,121.0,978.8,0.0
2023-08-21T03:00,28.3,87,7.7,127.0,978.7,0.0
2023-08-21T04:00,28.0,88,5.0,120.0,978.8,0.0
2023-08-21T05:00,28.6,86,4.3,132.0,978.8,0.0
2023-08-21T06:00,29.0,85,5.3,152.0,979.5,0.0
2023-08-21T07:00,30.3,79,4.5,166.0,979.9,0.0
2023-08-21T08:00,32.0,71,5.2,168.0,980.1,0.0
2023-08-21T09:00,33.4,65,7.9,180.0,980.3,0.0
2023-08-21T10:00,34.3,59,6.5,186.0,980.1,0.0
2023-08-21T11:00,34.7,57,2.6,34.0,979.5,0.1
2023-08-21T12:00,34.5,58,6.6,68.0,978.9,0.5
2023-08-21T13:00,35.1,57,6.5,96.0,978.2,0.1
2023-08-21T14:00,35.8,56,1.8,101.0,977.2,0.0
2023-08-21T15:00,36.3,53,0.8,333.0,976.1,0.0
2023-08-21T16:00,36.1,52,2.4,297.0,975.8,0.0
2023-08-21T17:00,36.2,49,3.0,346.0,976.6,0.0
2023-08-21T18:00,34.3,57,7.3,70.0,977.0,0.1
2023-08-21T19:00,31.7,71,14.7,107.0,977.7,0.0
2023-08-21T20:00,31.0,73,12.0,129.0,978.1,0.0
2023-08-21T21:00,30.9,73,10.2,122.0,978.7,0.0
2023-08-21T22:00,30.3,74,14.6,140.0,979.1,0.0
2023-08-21T23:00,30.2,74,12.4,154.0,979.0,0.0
2023-08-22T00:00,29.9,75,12.3,165.0,978.4,0.0
2023-08-22T01:00,29.5,77,11.1,167.0,977.6,0.0
2023-08-22T02:00,29.4,77,7.3,147.0,977.1,0.0
2023-08-22T03:00,27.5,92,10.1,94.0,977.3,3.6
2023-08-22T04:00,27.4,91,11.5,131.0,977.0,0.2
2023-08-22T05:00,29.1,86,8.1,167.0,976.5,0.0
2023-08-22T06:00,28.8,90,1.3,56.0,977.4,2.5
2023-08-22T07:00,29.3,89,2.2,99.0,977.1,0.0
2023-08-22T08:00,30.2,83,4.9,54.0,977.7,0.0
2023-08-22T09:00,31.6,77,5.7,72.0,977.9,0.0
2023-08-22T10:00,32.9,72,4.3,90.0,977.9,0.0
2023-08-22T11:00,34.0,68,4.4,99.0,977.7,0.0
2023-08-22T12:00,34.7,65,6.6,81.0,976.9,0.0
2023-08-22T13:00,35.4,62,5.3,62.0,976.1,0.0
2023-08-22T14:00,35.1,62,8.7,60.0,974.8,0.0
2023-08-22T15:00,34.8,65,8.6,90.0,974.2,0.1
2023-08-22T16:00,32.0,75,18.0,183.0,974.7,0.6
2023-08-22T17:00,29.1,83,5.5,148.0,975.3,0.1
2023-08-22T18:00,29.7,82,13.0,186.0,975.6,0.0
2023-08-22T19:00,28.5,85,14.0,224.0,976.3,3.7
2023-08-22T20:00,28.1,84,14.0,226.0,976.3,0.0
2023-08-22T21:00,28.3,84,8.9,223.0,977.4,0.0
2023-08-22T22:00,27.9,89,4.6,219.0,977.3,1.2
2023-08-22T23:00,27.6,89,7.6,155.0,977.0,0.6
2023-08-23T00:00,26.6,95,10.8,150.0,977.8,4.9
2023-08-23T01:00,26.8,95,9.0,157.0,976.5,0.4
2023-08-23T02:00,26.7,95,6.9,137.0,975.6,0.2
2023-08-23T03:00,26.7,95,8.5,168.0,974.9,0.2
2023-08-23T04:00,26.8,93,10.0,159.0,975.3,0.1
2023-08-23T05:00,28.0,86,20.9,255.0,975.2,0.6
2023-08-23T06:00,28.0,84,18.9,256.0,975.7,0.2
2023-08-23T07:00,28.0,83,17.1,252.0,976.3,0.1
2023-08-23T08:00,28.0,87,6.2,280.0,977.1,1.8
2023-08-23T09:00,28.0,88,7.0,249.0,977.1,1.5
2023-08-23T10:00,28.6,87,1.1,18.0,977.0,1.7
2023-08-23T11:00,29.1,87,2.9,90.0,977.3,0.7
2023-08-23T12:00,29.9,81,2.3,162.0,976.8,0.3
2023-08-23T13:00,29.6,82,4.1,105.0,976.4,0.4
2023-08-23T14:00,29.2,84,6.2,111.0,975.5,0.4
2023-08-23T15:00,28.3,90,8.8,109.0,974.9,0.6
2023-08-23T16:00,28.1,92,7.2,127.0,974.5,0.5
2023-08-23T17:00,28.0,86,0.7,270.0,976.1,0.2
2023-08-23T18:00,27.9,87,2.1,211.0,975.9,0.4
2023-08-23T19:00,27.4,92,5.4,200.0,975.7,0.0
2023-08-23T20:00,26.8,96,2.8,130.0,976.2,0.1
2023-08-23T21:00,26.7,98,8.0,95.0,976.7,0.1
2023-08-23T22:00,26.1,97,12.4,120.0,976.6,0.0
2023-08-23T23:00,25.6,97,10.5,112.0,976.8,0.1
2023-08-24T00:00,25.2,97,7.5,125.0,976.3,0.0
2023-08-24T01:00,24.9,97,8.5,118.0,975.5,0.0
2023-08-24T02:00,24.8,97,5.4,138.0,974.9,0.0
2023-08-24T03:00,24.9,98,4.5,119.0,975.1,0.0
2023-08-24T04:00,25.0,98,3.1,201.0,975.3,0.0
2023-08-24T05:00,26.7,78,13.7,284.0,975.4,0.0
2023-08-24T06:00,26.8,77,12.6,283.0,976.0,0.0
2023-08-24T07:00,27.6,76,10.2,278.0,976.5,0.0
2023-08-24T08:00,28.8,71,14.8,276.0,976.6,0.0
2023-08-24T09:00,30.1,67,17.0,276.0,977.0,0.0
2023-08-24T10:00,31.1,64,15.3,279.0,976.8,0.0
2023-08-24T11:00,32.2,59,13.6,281.0,976.3,0.0
2023-08-24T12:00,32.6,58,14.1,266.0,975.3,0.0
2023-08-24T13:00,32.9,57,14.4,257.0,974.9,0.0
2023-08-24T14:00,33.1,55,15.0,260.0,974.1,0.0
2023-08-24T15:00,33.3,55,16.1,260.0,973.3,0.0
2023-08-24T16:00,32.7,56,16.4,255.0,972.9,0.0
2023-08-24T17:00,31.4,62,12.3,263.0,974.5,0.0
2023-08-24T18:00,30.3,67,8.3,265.0,974.4,0.0
2023-08-24T19:00,29.2,72,6.0,253.0,974.4,0.0
2023-08-24T20:00,28.4,75,6.7,234.0,974.9,0.0
2023-08-24T21:00,28.2,73,10.7,250.0,975.8,0.0
2023-08-24T22:00,28.1,69,13.7,247.0,976.2,0.0
2023-08-24T23:00,27.6,69,14.3,252.0,976.1,0.0
2023-08-25T00:00,27.3,69,14.5,256.0,975.6,0.0
2023-08-25T01:00,26.7,71,12.8,254.0,974.9,0.0
2023-08-25T02:00,26.2,73,11.9,256.0,974.8,0.0
2023-08-25T03:00,25.9,74,11.3,263.0,974.6,0.0
2023-08-25T04:00,25.7,76,11.3,261.0,974.8,0.0
2023-08-25T05:00,26.8,74,16.2,282.0,974.4,0.0
2023-08-25T06:00,27.2,73,15.9,275.0,975.1,0.0
2023-08-25T07:00,28.2,71,13.7,273.0,975.8,0.0
2023-08-25T08:00,29.5,65,16.6,275.0,976.3,0.0
2023-08-25T09:00,30.5,62,16.7,277.0,976.5,0.0
2023-08-25T10:00,31.5,60,16.2,282.0,976.4,0.0
2023-08-25T11:00,32.8,55,16.1,294.0,976.2,0.0
2023-08-25T12:00,33.4,54,13.4,276.0,975.7,0.0
2023-08-25T13:00,33.4,54,12.6,265.0,975.1,0.0
2023-08-25T14:00,33.6,53,13.4,262.0,974.4,0.0
2023-08-25T15:00,33.9,51,14.3,260.0,974.0,0.0
2023-08-25T16:00,33.6,53,14.6,260.0,974.1,0.0
2023-08-25T17:00,32.9,57,10.8,255.0,975.1,0.0
2023-08-25T18:00,31.6,61,9.9,237.0,975.2,0.0
2023-08-25T19:00,30.6,62,9.0,233.0,975.7,0.0
2023-08-25T20:00,30.5,62,10.5,232.0,976.1,0.0
2023-08-25T21:00,30.2,63,11.4,246.0,976.8,0.0
2023-08-25T22:00,29.6,63,11.6,248.0,977.1,0.0
2023-08-25T23:00,28.9,62,15.8,246.0,977.2,0.0
2023-08-26T00:00,28.5,62,16.9,250.0,977.2,0.0
2023-08-26T01:00,28.0,64,16.9,254.0,976.8,0.0
2023-08-26T02:00,28.0,64,14.1,264.0,976.7,0.0
2023-08-26T03:00,27.9,65,14.1,267.0,976.5,0.0
2023-08-26T04:00,27.3,68,12.0,279.0,976.9,0.0
2023-08-26T05:00,27.4,69,13.3,267.0,976.8,0.0
2023-08-26T06:00,27.8,68,15.0,260.0,977.5,0.0
2023-08-26T07:00,28.6,67,13.3,268.0,978.2,0.0
2023-08-26T08:00,29.8,64,16.3,278.0,978.2,0.0
2023-08-26T09:00,31.2,60,18.9,278.0,978.6,0.0
2023-08-26T10:00,32.4,55,18.6,279.0,978.5,0.0
2023-08-26T11:00,33.1,52,16.3,278.0,978.2,0.0
2023-08-26T12:00,33.7,49,14.0,270.0,977.8,0.0
2023-08-26T13:00,34.0,48,13.7,273.0,977.2,0.0
2023-08-26T14:00,34.3,47,13.8,276.0,976.6,0.0
2023-08-26T15:00,34.3,47,13.3,273.0,976.1,0.0
2023-08-26T16:00,33.8,47,14.8,274.0,975.7,0.0
2023-08-26T17:00,32.6,54,12.0,263.0,976.1,0.0
2023-08-26T18:00,31.3,60,9.4,274.0,976.5,0.0
2023-08-26T19:00,30.2,64,6.9,276.0,976.9,0.0
2023-08-26T20:00,29.4,67,7.2,264.0,977.4,0.0
2023-08-26T21:00,29.0,68,7.3,259.0,978.1,0.0
2023-08-26T22:00,28.8,66,9.0,241.0,978.3,0.0
2023-08-26T23:00,28.7,64,11.1,241.0,978.6,0.0
2023-08-27T00:00,28.6,62,14.8,247.0,978.5,0.0
2023-08-27T01:00,28.3,60,16.7,256.0,978.0,0.0
2023-08-27T02:00,27.9,61,16.1,260.0,977.7,0.0
2023-08-27T03:00,27.4,62,15.7,261.0,977.4,0.0
2023-08-27T04:00,27.1,63,15.6,263.0,977.4,0.0
2023-08-27T05:00,27.3,62,17.0,264.0,977.6,0.0
2023-08-27T06:00,27.6,62,18.4,264.0,978.1,0.0
2023-08-27T07:00,28.3,62,17.0,265.0,978.2,0.0
2023-08-27T08:00,29.6,59,20.5,268.0,978.5,0.0
2023-08-27T09:00,31.0,56,22.7,274.0,978.9,0.0
2023-08-27T10:00,32.3,52,23.2,276.0,978.7,0.0
2023-08-27T11:00,33.5,48,21.1,279.0,978.3,0.0
2023-08-27T12:00,34.1,46,19.0,280.0,977.5,0.0
2023-08-27T13:00,34.5,45,17.8,277.0,976.9,0.0
2023-08-27T14:00,34.7,45,17.6,269.0,975.9,0.0
2023-08-27T15:00,34.8,43,18.4,267.0,975.1,0.0
2023-08-27T16:00,32.7,49,15.5,295.0,975.2,0.0
2023-08-27T17:00,32.2,53,13.0,275.0,975.2,0.1
2023-08-27T18:00,31.1,58,9.2,249.0,975.7,0.0
2023-08-27T19:00,30.2,57,11.0,238.0,976.0,0.0
2023-08-27T20:00,30.1,56,14.1,267.0,976.9,0.0
2023-08-27T21:00,29.5,57,14.9,263.0,977.5,0.0
2023-08-27T22:00,28.9,59,16.2,257.0,977.6,0.0
2023-08-27T23:00,28.1,63,14.8,257.0,977.6,0.0
2023-08-28T00:00,28.0,64,13.4,256.0,977.2,0.0
2023-08-28T01:00,27.7,65,13.0,256.0,976.6,0.0
2023-08-28T02:00,27.5,63,12.4,260.0,976.3,0.0
2023-08-28T03:00,27.2,62,13.0,264.0,976.3,0.0
2023-08-28T04:00,26.9,62,13.8,261.0,976.4,0.0
2023-08-28T05:00,27.6,62,19.1,269.0,976.4,0.0
2023-08-28T06:00,27.5,64,18.1,265.0,977.1,0.0
2023-08-28T07:00,28.2,65,17.8,263.0,978.0,0.0
2023-08-28T08:00,29.4,61,22.0,270.0,978.4,0.0
2023-08-28T09:00,30.7,57,22.0,275.0,978.5,0.0
2023-08-28T10:00,32.3,53,22.5,283.0,978.6,0.0
2023-08-28T11:00,33.5,50,21.0,283.0,978.4,0.0
2023-08-28T12:00,34.3,49,19.4,281.0,978.0,0.0
2023-08-28T13:00,34.8,49,17.3,301.0,977.4,0.0
2023-08-28T14:00,30.6,62,15.0,249.0,976.6,2.2
2023-08-28T15:00,31.0,62,6.2,260.0,976.0,0.0
2023-08-28T16:00,32.3,58,12.6,272.0,975.7,0.0
2023-08-28T17:00,31.3,59,9.0,241.0,976.4,0.0
2023-08-28T18:00,29.6,69,10.5,218.0,976.6,0.0
2023-08-28T19:00,28.5,73,9.5,209.0,976.9,0.0
2023-08-28T20:00,27.7,77,8.7,222.0,977.5,0.0
2023-08-28T21:00,27.0,78,9.1,236.0,977.9,0.0
2023-08-28T22:00,26.5,77,9.3,234.0,978.2,0.0
2023-08-28T23:00,26.3,77,9.0,241.0,978.4,0.0
2023-08-29T00:00,26.0,77,8.2,241.0,978.3,0.0
2023-08-29T01:00,25.8,76,8.4,245.0,978.0,0.0
2023-08-29T02:00,25.9,75,8.9,256.0,978.3,0.0
2023-08-29T03:00,26.0,74,10.9,261.0,978.5,0.0
2023-08-29T04:00,26.0,72,11.5,268.0,978.8,0.0
2023-08-29T05:00,26.8,69,11.7,288.0,979.2,0.0
2023-08-29T06:00,27.1,69,12.4,296.0,979.9,0.0
2023-08-29T07:00,28.2,67,13.6,292.0,980.8,0.0
2023-08-29T08:00,29.8,62,17.7,297.0,981.1,0.0
2023-08-29T09:00,31.2,59,19.1,292.0,981.4,0.0
2023-08-29T10:00,32.6,56,19.3,297.0,981.1,0.0
2023-08-29T11:00,33.8,51,18.2,304.0,980.8,0.0
2023-08-29T12:00,34.6,47,15.4,303.0,979.8,0.0
2023-08-29T13:00,34.9,45,13.6,292.0,979.0,0.0
2023-08-29T14:00,35.0,45,13.0,275.0,978.4,0.0
2023-08-29T15:00,34.9,45,13.8,263.0,977.7,0.0
2023-08-29T16:00,34.8,45,13.4,264.0,977.5,0.0
2023-08-29T17:00,33.9,47,10.1,266.0,978.4,0.0
2023-08-29T18:00,32.5,50,6.5,267.0,978.7,0.0
2023-08-29T19:00,31.8,49,9.1,263.0,979.1,0.0
2023-08-29T20:00,31.0,49,9.6,283.0,979.8,0.0
2023-08-29T21:00,29.8,56,7.1,300.0,980.2,0.0
2023-08-29T22:00,28.7,63,5.5,259.0,980.3,0.0
2023-08-29T23:00,28.3,62,9.1,236.0,980.4,0.0
2023-08-30T00:00,28.1,62,10.0,244.0,980.1,0.0
2023-08-30T01:00,27.4,65,9.2,259.0,979.8,0.0
2023-08-30T02:00,26.9,68,11.3,263.0,979.8,0.0
2023-08-30T03:00,26.7,68,11.7,261.0,980.0,0.0
2023-08-30T04:00,26.6,68,11.6,265.0,980.3,0.0
2023-08-30T05:00,27.2,69,11.3,287.0,980.7,0.0
2023-08-30T06:00,27.6,69,11.3,277.0,981.3,0.0
2023-08-30T07:00,28.8,67,10.1,268.0,982.1,0.0
2023-08-30T08:00,30.3,62,13.0,273.0,982.5,0.0
2023-08-30T09:00,31.8,58,13.6,282.0,982.8,0.0
2023-08-30T10:00,33.3,54,14.5,293.0,982.6,0.0
2023-08-30T11:00,34.5,48,15.5,298.0,982.4,0.0
2023-08-30T12:00,35.5,43,14.5,300.0,981.7,0.0
2023-08-30T13:00,36.1,40,14.0,299.0,981.0,0.0
2023-08-30T14:00,36.4,39,14.5,300.0,980.1,0.0
2023-08-30T15:00,36.3,37,14.5,297.0,979.4,0.0
2023-08-30T16:00,35.9,37,14.2,291.0,979.3,0.0
2023-08-30T17:00,34.0,44,12.8,308.0,980.1,0.0
2023-08-30T18:00,32.4,49,9.7,309.0,980.3,0.0
2023-08-30T19:00,31.0,54,7.9,300.0,980.7,0.0
2023-08-30T20:00,30.2,58,8.6,285.0,981.2,0.0
2023-08-30T21:00,29.3,62,7.1,294.0,981.5,0.0
2023-08-30T22:00,27.9,70,7.6,315.0,981.3,0.0
2023-08-30T23:00,27.7,72,6.4,297.0,981.4,0.0
2023-08-31T00:00,27.3,73,4.7,261.0,981.0,0.0
2023-08-31T01:00,26.6,75,4.0,243.0,980.6,0.0
2023-08-31T02:00,26.4,75,6.1,242.0,980.4,0.0
2023-08-31T03:00,26.0,76,6.0,253.0,980.3,0.0
2023-08-31T04:00,25.7,78,5.9,259.0,980.7,0.0
2023-08-31T05:00,26.4,79,6.2,263.0,981.4,0.0
2023-08-31T06:00,27.3,76,8.0,265.0,982.2,0.0
2023-08-31T07:00,29.0,72,7.3,259.0,982.8,0.0
2023-08-31T08:00,31.1,64,6.9,276.0,983.2,0.0
2023-08-31T09:00,33.0,55,8.1,291.0,983.7,0.0
2023-08-31T10:00,34.6,45,13.5,304.0,983.6,0.0
2023-08-31T11:00,35.1,43,14.4,307.0,983.1,0.0
2023-08-31T12:00,35.7,42,13.5,304.0,982.7,0.0
2023-08-31T13:00,36.3,40,12.9,300.0,981.7,0.0
2023-08-31T14:00,36.4,41,13.7,297.0,980.9,0.0
2023-08-31T15:00,36.4,39,14.2,291.0,980.3,0.0
2023-08-31T16:00,36.1,40,13.8,290.0,980.2,0.0
2023-08-31T17:00,34.7,44,11.9,331.0,980.6,0.0
2023-08-31T18:00,33.3,48,8.0,333.0,980.7,0.0
2023-08-31T19:00,31.5,55,5.6,320.0,981.1,0.0
2023-08-31T20:00,30.6,59,5.8,300.0,981.5,0.0
2023-08-31T21:00,30.0,61,6.2,324.0,981.7,0.0
2023-08-31T22:00,29.0,69,7.6,341.0,981.8,0.0
2023-08-31T23:00,29.6,68,5.8,330.0,981.8,0.0
2023-09-01T00:00,28.4,73,5.6,297.0,981.2,0.0
2023-09-01T01:00,27.6,77,5.4,266.0,980.7,0.0
2023-09-01T02:00,27.5,73,4.6,252.0,980.5,0.0
2023-09-01T03:00,26.9,75,4.8,243.0,980.5,0.0
2023-09-01T04:00,26.7,75,6.3,239.0,980.7,0.0
2023-09-01T05:00,27.5,74,8.0,262.0,981.4,0.0
2023-09-01T06:00,28.2,72,9.8,262.0,982.0,0.0
2023-09-01T07:00,29.4,70,8.7,265.0,982.8,0.0
2023-09-01T08:00,31.7,61,9.4,274.0,983.4,0.0
2023-09-01T09:00,33.7,53,10.8,285.0,983.6,0.0
2023-09-01T10:00,35.3,45,13.5,295.0,983.3,0.0
2023-09-01T11:00,36.2,40,15.6,299.0,982.9,0.0
2023-09-01T12:00,36.9,37,15.8,294.0,982.4,0.0
2023-09-01T13:00,37.3,36,16.4,285.0,981.6,0.0
2023-09-01T14:00,37.1,37,18.6,280.0,980.5,0.0
2023-09-01T15:00,36.9,37,19.3,284.0,980.0,0.0
2023-09-01T16:00,36.4,37,16.6,283.0,979.4,0.0
2023-09-01T17:00,35.3,39,14.7,306.0,980.3,0.0
2023-09-01T18:00,34.0,42,10.6,325.0,980.5,0.0
2023-09-01T19:00,32.9,44,9.5,323.0,980.4,0.0
2023-09-01T20:00,31.6,47,8.9,297.0,980.9,0.0
2023-09-01T21:00,30.7,49,8.3,288.0,981.0,0.0
2023-09-01T22:00,29.9,51,8.0,280.0,980.8,0.0
2023-09-01T23:00,29.0,55,7.6,273.0,980.4,0.0
2023-09-02T00:00,28.1,58,7.0,282.0,980.0,0.0
2023-09-02T01:00,27.7,59,7.9,273.0,979.7,0.0
2023-09-02T02:00,27.4,59,9.4,266.0,979.4,0.0
2023-09-02T03:00,27.3,58,13.7,252.0,979.5,0.0
2023-09-02T04:00,27.3,58,11.8,258.0,979.8,0.0
2023-09-02T05:00,27.7,60,10.8,266.0,980.4,0.0
2023-09-02T06:00,27.9,61,11.9,273.0,981.3,0.0
2023-09-02T07:00,29.2,61,11.5,272.0,981.9,0.0
2023-09-02T08:00,31.4,54,12.4,280.0,982.2,0.0
2023-09-02T09:00,33.5,50,15.0,281.0,982.5,0.0
2023-09-02T10:00,34.9,42,20.0,284.0,982.6,0.0
2023-09-02T11:00,36.0,38,22.1,289.0,982.1,0.0
2023-09-02T12:00,36.7,36,23.4,293.0,981.3,0.0
2023-09-02T13:00,37.1,35,22.6,295.0,980.5,0.0
2023-09-02T14:00,37.2,34,22.3,293.0,979.3,0.0
2023-09-02T15:00,37.1,34,21.9,293.0,978.2,0.0
2023-09-02T16:00,36.8,34,20.4,302.0,977.5,0.0
2023-09-02T17:00,35.2,42,18.3,290.0,978.3,0.0
2023-09-02T18:00,33.9,46,14.6,286.0,978.5,0.0
2023-09-02T19:00,32.5,51,8.2,299.0,978.8,0.0
2023-09-02T20:00,30.8,60,6.4,317.0,979.3,0.0
2023-09-02T21:00,29.9,64,7.7,323.0,979.9,0.0
2023-09-02T22:00,29.3,67,7.1,285.0,979.8,0.0
2023-09-02T23:00,29.1,65,4.9,253.0,979.9,0.0
2023-09-03T00:00,28.3,68,5.5,281.0,979.5,0.0
2023-09-03T01:00,28.0,68,5.4,278.0,979.2,0.0
2023-09-03T02:00,27.6,69,6.5,276.0,978.8,0.0
2023-09-03T03:00,27.0,71,7.2,273.0,978.3,0.0
2023-09-03T04:00,26.4,73,8.7,263.0,978.4,0.0
2023-09-03T05:00,26.3,74,10.7,258.0,979.4,0.0
2023-09-03T06:00,26.6,74,12.7,262.0,979.9,0.0
2023-09-03T07:00,28.0,71,13.4,256.0,980.6,0.0
2023-09-03T08:00,30.2,61,15.3,261.0,980.8,0.0
2023-09-03T09:00,32.1,46,18.4,269.0,981.1,0.0
2023-09-03T10:00,33.5,38,19.7,278.0,981.1,0.0
2023-09-03T11:00,34.9,36,21.1,287.0,981.0,0.0
2023-09-03T12:00,35.7,37,22.0,291.0,980.3,0.0
2023-09-03T13:00,36.3,36,22.0,288.0,979.5,0.0
2023-09-03T14:00,36.6,34,21.7,289.0,978.5,0.0
2023-09-03T15:00,36.7,33,21.1,290.0,977.4,0.0
2023-09-03T16:00,36.5,34,19.5,295.0,977.0,0.0
2023-09-03T17:00,35.3,37,17.1,314.0,977.6,0.0
2023-09-03T18:00,33.8,40,13.9,329.0,977.7,0.0
2023-09-03T19:00,32.4,45,11.4,342.0,978.1,0.0
2023-09-03T20:00,31.2,49,7.5,325.0,978.4,0.0
2023-09-03T21:00,29.6,56,7.0,305.0,978.7,0.0
2023-09-03T22:00,29.4,56,5.8,266.0,978.9,0.0
2023-09-03T23:00,28.6,59,5.9,281.0,979.0,0.0
2023-09-04T00:00,27.7,62,5.4,262.0,978.8,0.0
2023-09-04T01:00,27.1,65,5.6,255.0,978.5,0.0
2023-09-04T02:00,26.6,67,5.8,263.0,978.4,0.0
2023-09-04T03:00,26.3,68,6.6,261.0,978.4,0.0
2023-09-04T04:00,26.0,69,6.7,254.0,978.3,0.0
2023-09-04T05:00,25.6,71,8.8,251.0,978.2,0.0
2023-09-04T06:00,26.0,70,9.8,262.0,979.2,0.0
2023-09-04T07:00,27.8,67,10.6,260.0,980.0,0.0
2023-09-04T08:00,30.1,57,11.5,266.0,980.1,0.0
2023-09-04T09:00,32.3,48,13.7,273.0,980.6,0.0
2023-09-04T10:00,34.1,42,15.1,282.0,980.4,0.0
2023-09-04T11:00,35.5,37,16.4,296.0,979.8,0.0
2023-09-04T12:00,36.5,34,17.2,307.0,978.9,0.0
2023-09-04T13:00,37.2,32,18.1,313.0,978.1,0.0
2023-09-04T14:00,37.3,32,18.6,316.0,977.2,0.0
2023-09-04T15:00,37.1,32,18.1,319.0,976.3,0.0
2023-09-04T16:00,36.7,33,17.4,320.0,975.9,0.0
2023-09-04T17:00,35.2,37,17.1,325.0,976.8,0.0
2023-09-04T18:00,33.8,41,13.5,331.0,977.4,0.0
2023-09-04T19:00,32.6,47,11.1,335.0,978.0,0.0
2023-09-04T20:00,31.5,51,10.1,2.0,979.0,0.0
2023-09-04T21:00,30.9,53,11.1,13.0,979.7,0.0
2023-09-04T22:00,29.9,57,8.2,23.0,979.6,0.0
2023-09-04T23:00,28.8,63,10.5,68.0,979.8,0.0
2023-09-05T00:00,28.0,73,8.8,71.0,979.5,0.0
2023-09-05T01:00,27.5,78,9.0,67.0,979.3,0.0
2023-09-05T02:00,27.2,81,9.5,79.0,978.9,0.0
2023-09-05T03:00,26.9,82,9.7,88.0,978.9,0.0
2023-09-05T04:00,26.5,84,5.4,98.0,979.3,0.0
2023-09-05T05:00,26.7,86,5.7,35.0,979.7,0.0
2023-09-05T06:00,27.7,81,4.7,356.0,980.2,0.0
2023-09-05T07:00,29.0,76,5.1,356.0,980.9,0.0
2023-09-05T08:00,30.7,70,5.8,7.0,981.2,0.0
2023-09-05T09:00,32.4,65,6.8,25.0,981.4,0.0
2023-09-05T10:00,33.7,62,8.0,36.0,981.3,0.1
2023-09-05T11:00,34.4,58,9.2,42.0,980.7,0.1
2023-09-05T12:00,35.5,50,10.3,36.0,979.9,0.0
2023-09-05T13:00,35.8,49,11.2,40.0,978.8,0.0
2023-09-05T14:00,36.2,47,12.5,46.0,977.8,0.0
2023-09-05T15:00,33.1,55,9.1,81.0,978.0,0.0
2023-09-05T16:00,29.3,73,4.7,94.0,978.5,5.8
2023-09-05T17:00,34.1,48,12.2,71.0,977.9,0.1
2023-09-05T18:00,32.7,54,10.8,75.0,978.8,0.0
2023-09-05T19:00,31.4,59,7.6,85.0,979.2,0.0
2023-09-05T20:00,30.5,64,5.5,79.0,979.8,0.0
2023-09-05T21:00,29.8,67,7.3,99.0,980.5,0.0
2023-09-05T22:00,29.4,69,7.6,115.0,980.6,0.0
2023-09-05T23:00,28.9,73,5.2,115.0,980.6,0.0
2023-09-06T00:00,28.1,81,5.0,90.0,980.6,0.0
2023-09-06T01:00,27.7,82,3.1,54.0,980.1,0.0
2023-09-06T02:00,27.2,83,4.3,95.0,979.9,0.0
2023-09-06T03:00,27.1,83,6.3,114.0,980.2,0.0
2023-09-06T04:00,26.7,86,5.5,113.0,980.6,0.0
2023-09-06T05:00,24.3,96,21.4,119.0,982.3,0.0
2023-09-06T06:00,25.7,91,6.6,299.0,982.1,0.8
2023-09-06T07:00,26.1,91,3.5,294.0,982.4,0.6
2023-09-06T08:00,28.1,81,3.2,360.0,982.6,0.2
2023-09-06T09:00,30.7,67,5.5,11.0,982.9,0.0
2023-09-06T10:00,33.0,55,6.6,49.0,982.8,0.0
2023-09-06T11:00,34.5,47,7.1,75.0,982.2,0.0
2023-09-06T12:00,35.5,43,7.2,90.0,981.5,0.0
2023-09-06T13:00,36.2,42,8.8,109.0,980.6,0.0
2023-09-06T14:00,36.2,43,9.7,121.0,979.5,0.0
2023-09-06T15:00,35.2,44,9.1,124.0,978.8,0.1
2023-09-06T16:00,34.9,44,3.6,143.0,978.3,0.0
2023-09-06T17:00,35.4,40,4.3,318.0,978.6,0.0
2023-09-06T18:00,34.9,42,4.1,45.0,979.2,0.0
2023-09-06T19:00,32.9,49,6.9,129.0,979.7,0.0
2023-09-06T20:00,32.0,54,10.0,154.0,980.4,0.0
2023-09-06T21:00,30.9,61,5.6,207.0,980.6,0.0
2023-09-06T22:00,30.1,65,5.7,235.0,980.7,0.0
2023-09-06T23:00,29.5,68,6.0,205.0,980.6,0.0
2023-09-07T00:00,29.0,69,6.6,221.0,980.3,0.0
2023-09-07T01:00,28.6,71,7.2,233.0,979.8,0.0
2023-09-07T02:00,28.2,73,7.1,229.0,979.5,0.0
2023-09-07T03:00,27.7,75,6.2,234.0,979.7,0.0
2023-09-07T04:00,27.2,79,5.0,240.0,979.9,0.0
2023-09-07T05:00,27.0,78,4.4,279.0,980.9,0.0
2023-09-07T06:00,28.2,72,5.0,300.0,981.2,0.0
2023-09-07T07:00,30.2,65,6.2,339.0,981.5,0.0
2023-09-07T08:00,32.6,54,7.6,8.0,982.2,0.0
2023-09-07T09:00,34.3,48,5.8,68.0,982.2,0.0
2023-09-07T10:00,35.4,44,6.0,115.0,981.9,0.0
2023-09-07T11:00,36.4,40,5.1,129.0,981.3,0.0
2023-09-07T12:00,37.4,36,5.1,129.0,980.4,0.0
2023-09-07T13:00,38.0,34,5.6,130.0,979.5,0.0
2023-09-07T14:00,38.4,32,8.2,128.0,978.3,0.0
2023-09-07T15:00,37.8,32,9.6,124.0,977.5,0.0
2023-09-07T16:00,37.1,34,3.6,84.0,977.2,0.0
2023-09-07T17:00,31.1,66,5.5,349.0,978.0,0.0
2023-09-07T18:00,31.6,62,4.2,250.0,978.6,0.0
2023-09-07T19:00,30.7,68,4.7,274.0,978.9,0.0
2023-09-07T20:00,30.0,75,1.6,243.0,979.4,0.0
2023-09-07T21:00,29.9,76,1.5,194.0,980.3,0.0
2023-09-07T22:00,29.7,74,5.1,135.0,980.6,0.0
2023-09-07T23:00,29.4,71,9.5,119.0,980.7,0.0
2023-09-08T00:00,29.0,70,6.9,141.0,980.2,0.0
2023-09-08T01:00,28.8,71,5.5,157.0,979.7,0.0
2023-09-08T02:00,28.3,75,5.0,150.0,979.3,0.0
2023-09-08T03:00,28.0,78,5.2,115.0,979.2,0.0
2023-09-08T04:00,28.1,78,3.6,96.0,979.5,0.0
2023-09-08T05:00,25.5,89,3.6,186.0,980.4,0.0
2023-09-08T06:00,26.4,86,3.6,143.0,980.9,0.1
2023-09-08T07:00,27.6,83,0.4,270.0,981.5,0.0
2023-09-08T08:00,29.6,71,4.7,86.0,981.6,0.0
2023-09-08T09:00,31.8,60,7.4,113.0,982.2,0.0
2023-09-08T10:00,33.6,51,9.7,121.0,982.3,0.0
2023-09-08T11:00,34.7,46,11.0,109.0,981.8,0.0
2023-09-08T12:00,35.4,44,10.1,92.0,980.9,0.0
2023-09-08T13:00,36.1,42,10.4,88.0,979.9,0.0
2023-09-08T14:00,36.6,41,10.7,78.0,978.6,0.0
2023-09-08T15:00,32.6,56,20.3,96.0,978.3,1.0
2023-09-08T16:00,33.2,54,11.9,93.0,978.1,0.1
2023-09-08T17:00,31.4,60,17.2,110.0,978.5,0.0
2023-09-08T18:00,29.9,69,14.1,122.0,979.1,0.0
2023-09-08T19:00,29.4,74,16.4,116.0,979.9,0.0
2023-09-08T20:00,28.4,76,16.4,119.0,980.4,0.0
2023-09-08T21:00,27.9,81,14.1,128.0,981.2,0.0
2023-09-08T22:00,27.5,84,13.2,112.0,981.1,0.0
2023-09-08T23:00,26.9,88,9.4,86.0,980.8,0.1
2023-09-09T00:00,26.8,89,6.9,81.0,980.1,0.0
2023-09-09T01:00,26.8,90,4.5,76.0,979.8,0.0
2023-09-09T02:00,26.6,91,8.0,98.0,979.4,0.0
2023-09-09T03:00,26.5,91,7.1,66.0,979.3,0.0
2023-09-09T04:00,26.4,91,10.2,67.0,979.4,0.0
2023-09-09T05:00,25.4,91,10.8,88.0,980.2,0.9
2023-09-09T06:00,25.9,92,8.1,69.0,980.5,0.3
2023-09-09T07:00,26.7,88,9.2,69.0,980.8,0.2
2023-09-09T08:00,27.4,85,14.1,96.0,981.1,0.2
2023-09-09T09:00,27.7,82,12.2,92.0,981.4,0.1
2023-09-09T10:00,28.8,76,18.1,95.0,981.4,0.1
2023-09-09T11:00,29.9,71,19.3,76.0,980.7,0.2
2023-09-09T12:00,32.0,60,23.3,68.0,980.1,0.1
2023-09-09T13:00,32.4,57,25.1,78.0,979.0,0.0
2023-09-09T14:00,32.1,57,25.4,69.0,977.9,0.0
2023-09-09T15:00,31.0,60,22.4,62.0,977.5,0.0
2023-09-09T16:00,30.9,62,19.6,58.0,977.4,0.0
2023-09-09T17:00,26.9,85,17.5,81.0,978.8,0.0
2023-09-09T18:00,26.6,84,14.2,74.0,978.8,0.1
2023-09-09T19:00,26.3,85,12.0,83.0,979.0,0.0
2023-09-09T20:00,26.5,81,10.7,57.0,979.2,0.3
2023-09-09T21:00,26.2,82,11.0,38.0,979.4,0.0
2023-09-09T22:00,25.9,82,12.2,56.0,979.0,0.0
2023-09-09T23:00,25.7,86,10.0,52.0,978.9,0.0
2023-09-10T00:00,25.4,90,11.2,57.0,978.6,0.0
2023-09-10T01:00,24.9,95,11.0,52.0,978.1,2.7
2023-09-10T02:00,24.7,94,13.0,34.0,977.1,0.4
2023-09-10T03:00,24.8,95,12.0,46.0,977.0,0.1
2023-09-10T04:00,25.0,94,11.5,49.0,977.1,0.1
2023-09-10T05:00,24.2,97,17.6,55.0,977.1,0.1
2023-09-10T06:00,24.2,96,17.3,47.0,977.7,9.6
2023-09-10T07:00,24.4,95,13.8,57.0,978.1,5.5
2023-09-10T08:00,24.9,93,10.8,69.0,978.5,5.9
2023-09-10T09:00,25.4,90,13.4,82.0,978.9,0.7
2023-09-10T10:00,27.2,82,14.4,86.0,979.0,0.3
2023-09-10T11:00,28.2,78,16.1,80.0,978.4,0.3
2023-09-10T12:00,28.8,78,14.3,80.0,977.7,0.1
2023-09-10T13:00,30.0,72,13.4,63.0,976.4,0.1
2023-09-10T14:00,26.4,88,16.5,67.0,976.2,7.4
2023-09-10T15:00,27.6,84,15.1,57.0,975.8,1.8
2023-09-10T16:00,28.4,79,17.0,73.0,975.3,0.1
2023-09-10T17:00,27.7,81,13.5,65.0,976.4,0.1
2023-09-10T18:00,26.9,85,10.8,75.0,977.1,0.0
2023-09-10T19:00,26.3,89,8.8,81.0,977.6,0.0
2023-09-10T20:00,25.8,91,7.8,77.0,977.9,0.0
2023-09-10T21:00,25.4,94,6.9,62.0,978.2,0.0
2023-09-10T22:00,25.0,96,6.6,61.0,978.2,0.0
2023-09-10T23:00,24.8,97,9.2,69.0,978.2,0.0
2023-09-11T00:00,24.6,97,8.9,69.0,977.9,0.0
2023-09-11T01:00,24.6,97,7.4,67.0,977.8,0.0
2023-09-11T02:00,24.6,96,6.9,62.0,977.4,0.0
2023-09-11T03:00,24.4,97,6.0,57.0,977.1,0.0
2023-09-11T04:00,24.3,98,3.9,56.0,977.1,0.0
2023-09-11T05:00,23.9,93,10.4,76.0,977.5,0.0
2023-09-11T06:00,24.2,92,5.6,63.0,978.1,0.0
2023-09-11T07:00,25.1,89,4.7,32.0,978.7,0.0
2023-09-11T08:00,26.5,83,6.3,66.0,979.3,0.0
2023-09-11T09:00,28.6,74,10.3,65.0,979.5,0.0
2023-09-11T10:00,29.6,72,11.3,53.0,979.7,0.0
2023-09-11T11:00,30.5,70,12.5,51.0,979.0,0.2
2023-09-11T12:00,31.6,63,13.4,54.0,977.9,0.0
2023-09-11T13:00,32.1,60,16.4,64.0,977.3,0.1
2023-09-11T14:00,30.7,68,19.8,74.0,976.4,0.6
2023-09-11T15:00,30.5,71,12.1,63.0,975.5,0.1
2023-09-11T16:00,30.7,68,15.3,56.0,975.4,0.0
2023-09-11T17:00,30.4,69,8.5,62.0,976.7,0.0
2023-09-11T18:00,29.5,70,7.9,74.0,977.3,0.0
2023-09-11T19:00,28.5,75,10.1,92.0,977.7,0.0
2023-09-11T20:00,27.8,77,12.6,88.0,978.4,0.0
2023-09-11T21:00,26.8,82,10.5,96.0,978.9,0.0
2023-09-11T22:00,26.2,87,9.1,108.0,979.0,0.0
2023-09-11T23:00,25.9,90,9.3,118.0,979.0,0.0
2023-09-12T00:00,25.6,91,8.9,122.0,978.5,0.0
2023-09-12T01:00,25.2,93,6.7,126.0,978.1,0.0
2023-09-12T02:00,24.9,95,4.4,125.0,977.7,0.0
2023-09-12T03:00,24.6,97,3.5,114.0,977.7,0.0
2023-09-12T04:00,24.4,98,3.3,139.0,978.3,0.0
2023-09-12T05:00,25.1,98,4.3,85.0,978.1,0.0
2023-09-12T06:00,25.8,94,5.4,86.0,978.9,0.0
2023-09-12T07:00,26.9,89,1.5,76.0,979.4,0.0
2023-09-12T08:00,28.5,81,2.2,99.0,979.9,0.0
2023-09-12T09:00,30.2,71,3.3,96.0,980.1,0.0
2023-09-12T10:00,31.6,62,6.2,80.0,980.1,0.0
2023-09-12T11:00,32.3,58,9.6,56.0,979.5,0.0
2023-09-12T12:00,32.7,56,9.5,53.0,979.1,0.0
2023-09-12T13:00,33.1,55,8.4,47.0,978.2,0.0
2023-09-12T14:00,33.4,55,7.1,49.0,977.3,0.0
2023-09-12T15:00,33.4,55,5.2,56.0,976.6,0.0
2023-09-12T16:00,33.2,55,3.7,79.0,976.1,0.0
2023-09-12T17:00,29.9,76,8.2,139.0,977.4,0.0
2023-09-12T18:00,29.1,79,5.0,180.0,977.4,0.0
2023-09-12T19:00,28.5,83,2.8,220.0,977.5,0.0
2023-09-12T20:00,28.0,86,2.8,220.0,978.2,0.0
2023-09-12T21:00,27.7,87,3.2,207.0,978.5,0.0
2023-09-12T22:00,27.6,87,6.8,180.0,978.8,0.0
2023-09-12T23:00,27.6,85,8.1,193.0,979.0,0.0
2023-09-13T00:00,27.3,85,7.0,192.0,978.7,0.0
2023-09-13T01:00,27.0,85,6.6,193.0,978.2,0.0
2023-09-13T02:00,26.6,87,4.7,184.0,978.2,0.0
2023-09-13T03:00,26.5,87,6.5,177.0,978.2,0.0
2023-09-13T04:00,26.4,88,7.6,185.0,978.4,0.0
2023-09-13T05:00,26.9,93,4.7,261.0,978.6,0.0
2023-09-13T06:00,27.6,90,6.2,201.0,978.6,0.0
2023-09-13T07:00,28.4,88,10.3,25.0,979.9,0.2
2023-09-13T08:00,29.5,83,4.4,55.0,980.2,0.0
2023-09-13T09:00,30.6,79,5.6,63.0,980.5,0.1
2023-09-13T10:00,31.8,72,4.4,55.0,980.3,0.0
2023-09-13T11:00,32.4,69,5.4,98.0,979.9,0.1
2023-09-13T12:00,32.9,66,5.1,98.0,979.3,0.1
2023-09-13T13:00,33.4,63,4.7,99.0,978.2,0.0
2023-09-13T14:00,33.7,61,4.7,90.0,977.2,0.0
2023-09-13T15:00,33.6,60,4.0,80.0,976.4,0.0
2023-09-13T16:00,33.4,60,3.3,77.0,976.1,0.0
2023-09-13T17:00,33.7,63,4.9,73.0,976.7,0.0
2023-09-13T18:00,32.1,72,4.7,90.0,977.0,0.0
2023-09-13T19:00,28.4,86,16.3,275.0,978.3,6.8
2023-09-13T20:00,27.7,89,5.4,172.0,978.5,0.1
2023-09-13T21:00,27.7,92,2.7,113.0,978.9,0.0
2023-09-13T22:00,27.6,92,3.7,119.0,979.0,0.0
2023-09-13T23:00,27.7,93,5.8,60.0,979.5,0.0
2023-09-14T00:00,27.5,92,5.2,106.0,979.1,0.0
2023-09-14T01:00,27.3,93,4.0,117.0,978.7,0.0
2023-09-14T02:00,27.0,94,4.1,135.0,978.7,0.0
2023-09-14T03:00,27.1,93,6.0,134.0,978.8,0.0
2023-09-14T04:00,27.1,92,5.8,146.0,978.8,0.0
2023-09-14T05:00,26.9,89,2.5,82.0,980.0,0.0
2023-09-14T06:00,27.1,89,9.7,45.0,980.2,0.0
2023-09-14T07:00,28.1,86,6.5,84.0,981.2,0.0
2023-09-14T08:00,29.1,81,13.4,82.0,981.7,0.0
2023-09-14T09:00,30.9,74,11.5,88.0,982.1,0.0
2023-09-14T10:00,32.3,69,10.6,108.0,981.9,0.0
2023-09-14T11:00,33.1,66,9.9,109.0,981.7,0.1
2023-09-14T12:00,33.7,63,9.3,118.0,980.9,0.0
2023-09-14T13:00,34.1,59,9.0,119.0,979.7,0.0
2023-09-14T14:00,33.2,61,7.4,129.0,978.9,0.1
2023-09-14T15:00,32.7,64,9.0,106.0,978.3,0.3
2023-09-14T16:00,30.4,78,10.5,96.0,978.2,0.1
2023-09-14T17:00,29.7,79,5.4,94.0,977.6,0.0
2023-09-14T18:00,27.4,90,6.6,119.0,978.7,4.8
2023-09-14T19:00,27.4,91,4.7,203.0,978.5,0.1
2023-09-14T20:00,27.5,91,5.2,106.0,979.1,0.0
2023-09-14T21:00,27.2,91,5.8,150.0,980.9,0.0
2023-09-14T22:00,27.0,86,6.5,183.0,980.9,0.0
2023-09-14T23:00,26.7,88,7.4,141.0,980.8,0.0
2023-09-15T00:00,26.5,90,5.1,188.0,980.8,0.0
2023-09-15T01:00,26.2,92,6.5,199.0,980.1,0.0
2023-09-15T02:00,26.0,94,9.2,154.0,979.4,0.0
2023-09-15T03:00,25.6,96,6.1,152.0,979.4,0.0
2023-09-15T04:00,25.5,97,1.8,349.0,979.7,0.0
2023-09-15T05:00,26.3,97,12.0,49.0,981.3,0.0
2023-09-15T06:00,26.6,96,9.5,37.0,981.8,1.6
2023-09-15T07:00,26.6,95,5.4,98.0,982.1,1.9
2023-09-15T08:00,26.5,96,7.5,125.0,982.2,1.1
2023-09-15T09:00,27.2,94,7.2,143.0,983.1,0.6
2023-09-15T10:00,27.4,91,6.8,198.0,983.8,0.4
2023-09-15T11:00,28.4,86,8.2,131.0,983.1,0.1
2023-09-15T12:00,29.7,81,8.9,117.0,982.6,0.0
2023-09-15T13:00,31.0,76,9.3,106.0,981.4,0.0
2023-09-15T14:00,31.6,73,6.5,90.0,979.8,0.0
2023-09-15T15:00,32.0,70,5.4,90.0,978.5,0.0
2023-09-15T16:00,31.9,70,5.6,75.0,977.9,0.0
2023-09-15T17:00,31.4,74,3.3,49.0,978.6,0.0
2023-09-15T18:00,29.8,81,3.6,354.0,979.2,0.0
2023-09-15T19:00,28.9,86,4.5,331.0,980.2,0.0
2023-09-15T20:00,28.2,90,5.4,20.0,981.1,0.0
2023-09-15T21:00,27.8,90,5.9,52.0,981.5,0.0
2023-09-15T22:00,27.5,91,5.5,67.0,981.6,0.0
2023-09-15T23:00,27.3,92,8.2,75.0,981.3,0.0
2023-09-16T00:00,27.2,92,9.0,67.0,980.8,0.0
2023-09-16T01:00,26.9,93,7.9,51.0,980.2,0.0
2023-09-16T02:00,26.7,94,7.6,45.0,979.9,0.0
2023-09-16T03:00,26.6,93,7.9,47.0,979.5,0.0
2023-09-16T04:00,26.4,93,6.4,52.0,979.7,0.0
2023-09-16T05:00,27.0,89,10.9,63.0,980.1,0.0
2023-09-16T06:00,27.4,87,10.5,74.0,980.7,0.0
2023-09-16T07:00,28.2,85,9.4,67.0,981.5,0.0
2023-09-16T08:00,29.5,80,12.0,69.0,981.7,0.0
2023-09-16T09:00,30.8,72,14.8,89.0,981.9,0.0
2023-09-16T10:00,31.5,70,20.2,93.0,981.8,0.0
2023-09-16T11:00,31.0,68,23.8,94.0,981.1,1.1
2023-09-16T12:00,30.9,71,21.6,91.0,980.5,0.4
2023-09-16T13:00,30.9,70,21.6,90.0,979.5,0.2
2023-09-16T14:00,31.1,68,18.9,98.0,978.6,0.1
2023-09-16T15:00,30.2,72,17.6,101.0,978.0,0.3
2023-09-16T16:00,29.7,74,13.7,88.0,978.1,0.0
2023-09-16T17:00,26.7,93,11.1,77.0,978.9,0.0
2023-09-16T18:00,27.3,92,11.8,70.0,979.2,1.3
2023-09-16T19:00,27.3,93,14.2,83.0,979.4,1.0
2023-09-16T20:00,27.1,93,14.4,87.0,980.2,2.6
2023-09-16T21:00,26.9,93,17.0,86.0,980.1,0.7
2023-09-16T22:00,26.9,92,15.9,85.0,980.1,0.1
2023-09-16T23:00,26.7,92,12.8,79.0,979.8,0.0
2023-09-17T00:00,26.5,93,13.6,78.0,979.1,0.0
2023-09-17T01:00,26.3,93,13.7,87.0,978.9,0.0
2023-09-17T02:00,26.1,94,13.7,88.0,978.6,0.0
2023-09-17T03:00,26.0,95,13.2,79.0,978.5,0.0
2023-09-17T04:00,25.9,95,13.0,87.0,978.5,0.0
2023-09-17T05:00,25.3,94,18.7,91.0,978.4,0.0
2023-09-17T06:00,25.2,94,17.0,96.0,979.3,0.1
2023-09-17T07:00,26.2,90,18.3,100.0,979.8,0.1
2023-09-17T08:00,27.6,86,20.9,105.0,979.5,0.1
2023-09-17T09:00,28.3,83,22.1,102.0,980.1,0.3
2023-09-17T10:00,29.4,77,20.9,93.0,979.6,0.1
2023-09-17T11:00,30.7,71,21.6,88.0,978.9,0.1
2023-09-17T12:00,31.7,69,22.3,91.0,978.5,0.1
2023-09-17T13:00,29.5,75,20.8,76.0,977.8,1.4
2023-09-17T14:00,27.5,82,14.7,79.0,977.0,1.5
2023-09-17T15:00,28.2,83,15.7,99.0,976.2,0.2
2023-09-17T16:00,28.1,80,19.1,90.0,976.6,0.2
2023-09-17T17:00,26.2,90,10.1,96.0,976.3,0.2
2023-09-17T18:00,26.7,90,12.2,90.0,977.1,0.4
2023-09-17T19:00,25.3,93,11.9,104.0,978.1,1.5
2023-09-17T20:00,26.1,91,16.6,108.0,978.3,0.2
2023-09-17T21:00,26.3,92,15.8,111.0,978.6,0.0
2023-09-17T22:00,26.2,93,15.3,114.0,978.9,0.0
2023-09-17T23:00,26.0,93,14.7,118.0,978.7,0.0
2023-09-18T00:00,25.8,92,14.4,122.0,978.6,0.0
2023-09-18T01:00,25.5,91,14.1,122.0,978.4,0.0
2023-09-18T02:00,25.2,91,14.3,118.0,978.2,0.0
2023-09-18T03:00,24.9,92,13.3,109.0,978.5,0.0
2023-09-18T04:00,24.7,90,12.3,105.0,978.5,0.0
2023-09-18T05:00,25.1,92,15.3,98.0,978.7,0.0
2023-09-18T06:00,25.3,89,13.1,99.0,979.3,0.0
2023-09-18T07:00,26.2,86,14.1,103.0,979.8,0.0
2023-09-18T08:00,27.8,77,18.9,114.0,980.1,0.0
2023-09-18T09:00,29.1,71,22.6,124.0,980.3,0.0
2023-09-18T10:00,30.4,65,22.0,125.0,980.6,0.0
2023-09-18T11:00,30.8,64,20.6,126.0,980.4,0.0
2023-09-18T12:00,31.5,63,20.6,133.0,979.7,0.0
2023-09-18T13:00,31.7,63,20.9,138.0,978.8,0.0
2023-09-18T14:00,31.6,63,19.9,139.0,977.7,0.0
2023-09-18T15:00,31.5,62,16.0,134.0,976.6,0.0
2023-09-18T16:00,31.5,61,12.8,122.0,976.6,0.0
2023-09-18T17:00,30.1,70,6.6,112.0,978.3,0.0
2023-09-18T18:00,29.0,74,7.8,112.0,979.0,0.0
2023-09-18T19:00,28.0,80,8.8,125.0,979.6,0.0
2023-09-18T20:00,27.3,85,7.4,129.0,980.8,0.1
2023-09-18T21:00,25.8,89,6.9,137.0,981.3,1.6
2023-09-18T22:00,25.6,92,9.5,115.0,981.8,0.2
2023-09-18T23:00,25.2,93,8.4,121.0,981.7,0.2
2023-09-19T00:00,25.1,94,10.6,114.0,981.7,0.0
2023-09-19T01:00,24.9,94,10.2,113.0,981.3,0.0
2023-09-19T02:00,24.7,94,9.2,111.0,981.0,0.0
2023-09-19T03:00,24.6,95,7.1,114.0,980.9,0.1
2023-09-19T04:00,24.6,95,7.2,108.0,980.8,0.0
2023-09-19T05:00,25.2,90,10.0,105.0,981.0,0.0
2023-09-19T06:00,25.8,88,9.1,108.0,981.7,0.0
2023-09-19T07:00,26.8,88,10.1,117.0,982.3,0.0
2023-09-19T08:00,28.3,82,10.5,121.0,982.8,0.0
2023-09-19T09:00,30.0,76,11.4,125.0,983.3,0.0
2023-09-19T10:00,31.3,66,11.0,142.0,983.1,0.1
2023-09-19T11:00,32.2,60,13.0,152.0,982.8,0.0
2023-09-19T12:00,32.8,57,12.6,153.0,982.3,0.0
2023-09-19T13:00,33.0,57,11.4,152.0,981.5,0.0
2023-09-19T14:00,33.1,56,10.8,154.0,980.6,0.0
2023-09-19T15:00,32.7,57,10.0,159.0,979.9,0.0
2023-09-19T16:00,32.4,58,6.6,158.0,979.3,0.0
2023-09-19T17:00,31.1,68,5.6,105.0,980.5,0.0
2023-09-19T18:00,29.5,74,6.5,96.0,980.8,0.0
2023-09-19T19:00,28.5,78,5.1,94.0,981.4,0.0
2023-09-19T20:00,28.1,78,5.9,101.0,982.3,0.0
2023-09-19T21:00,27.9,77,7.2,96.0,982.7,0.0
2023-09-19T22:00,27.5,81,6.4,106.0,982.9,0.0
2023-09-19T23:00,26.9,85,4.9,107.0,983.1,0.0
2023-09-20T00:00,26.3,89,4.7,113.0,983.0,0.0
2023-09-20T01:00,26.1,91,4.8,117.0,982.8,0.0
2023-09-20T02:00,26.0,91,5.2,124.0,982.8,0.0
2023-09-20T03:00,25.8,93,7.1,131.0,982.8,0.0
2023-09-20T04:00,25.5,94,5.7,125.0,982.7,0.0
2023-09-20T05:00,27.3,83,7.2,117.0,982.8,0.0
2023-09-20T06:00,27.7,82,4.0,117.0,983.2,0.0
2023-09-20T07:00,28.8,80,3.4,122.0,983.4,0.0
2023-09-20T08:00,30.2,72,2.3,141.0,984.0,0.0
2023-09-20T09:00,31.5,65,4.1,165.0,984.2,0.0
2023-09-20T10:00,32.5,62,5.4,188.0,984.0,0.0
2023-09-20T11:00,32.8,60,4.9,197.0,983.6,0.1
2023-09-20T12:00,32.9,61,4.0,207.0,982.6,0.0
2023-09-20T13:00,33.1,61,3.7,209.0,981.4,0.0
2023-09-20T14:00,31.8,65,7.0,235.0,980.5,0.6
2023-09-20T15:00,31.4,65,2.3,252.0,979.8,0.2
2023-09-20T16:00,31.2,67,4.1,255.0,979.2,0.0
2023-09-20T17:00,31.9,67,5.1,274.0,979.5,0.0
2023-09-20T18:00,29.9,77,6.0,335.0,980.0,0.0
2023-09-20T19:00,29.3,78,6.2,324.0,980.5,0.0
2023-09-20T20:00,28.9,80,5.6,333.0,981.2,0.0
2023-09-20T21:00,28.8,78,4.0,360.0,981.7,0.0
2023-09-20T22:00,28.3,79,3.9,56.0,982.0,0.0
2023-09-20T23:00,28.0,81,4.6,72.0,982.0,0.0
2023-09-21T00:00,27.5,83,7.0,78.0,981.9,0.0
2023-09-21T01:00,27.0,88,7.3,81.0,981.8,0.0
2023-09-21T02:00,26.7,89,6.7,74.0,981.4,0.0
2023-09-21T03:00,26.3,91,5.3,62.0,981.6,0.0
2023-09-21T04:00,26.0,92,4.4,81.0,981.4,0.0
2023-09-21T05:00,27.6,87,2.3,108.0,981.5,0.0
2023-09-21T06:00,27.8,89,3.0,166.0,981.8,0.0
2023-09-21T07:00,28.7,86,4.3,204.0,982.2,0.0
2023-09-21T08:00,30.4,79,4.2,149.0,983.1,0.0
2023-09-21T09:00,29.9,80,5.1,129.0,983.4,0.4
2023-09-21T10:00,30.8,76,3.4,122.0,983.5,0.0
2023-09-21T11:00,31.7,73,1.1,288.0,983.1,0.1
2023-09-21T12:00,32.6,67,2.9,300.0,982.2,0.1
2023-09-21T13:00,33.2,62,5.0,300.0,981.1,0.0
2023-09-21T14:00,33.5,59,5.4,307.0,979.9,0.0
2023-09-21T15:00,33.2,59,7.4,317.0,979.0,0.0
2023-09-21T16:00,32.2,60,11.2,291.0,979.0,0.1
2023-09-21T17:00,28.8,79,18.7,272.0,980.1,0.0
2023-09-21T18:00,26.9,90,6.3,246.0,979.6,1.0
2023-09-21T19:00,26.4,92,3.3,229.0,980.6,0.9
2023-09-21T20:00,26.8,90,7.9,246.0,981.2,0.0
2023-09-21T21:00,26.8,89,6.8,238.0,981.4,0.0
2023-09-21T22:00,26.6,91,3.4,252.0,981.8,0.0
2023-09-21T23:00,26.6,90,5.8,263.0,981.8,0.0
2023-09-22T00:00,26.6,89,8.3,275.0,981.5,0.0
2023-09-22T01:00,26.4,90,6.7,286.0,981.1,0.0
2023-09-22T02:00,25.7,95,7.2,297.0,980.8,0.0
2023-09-22T03:00,25.7,95,8.7,60.0,981.1,0.0
2023-09-22T04:00,25.3,96,8.6,57.0,981.5,0.0
2023-09-22T05:00,26.3,94,5.6,15.0,981.3,0.0
2023-09-22T06:00,27.1,90,7.2,357.0,982.1,0.0
2023-09-22T07:00,28.3,84,8.5,28.0,982.7,0.0
2023-09-22T08:00,29.3,81,8.9,40.0,983.3,0.0
2023-09-22T09:00,30.6,78,9.4,47.0,983.4,0.0
2023-09-22T10:00,31.5,74,9.0,37.0,983.4,0.1
2023-09-22T11:00,32.3,66,8.5,28.0,982.9,0.1
2023-09-22T12:00,33.1,61,8.3,18.0,982.3,0.0
2023-09-22T13:00,33.2,61,7.8,13.0,981.6,0.0
2023-09-22T14:00,33.3,61,7.6,5.0,980.6,0.0
2023-09-22T15:00,33.0,62,6.6,338.0,979.7,0.1
2023-09-22T16:00,31.8,65,6.0,65.0,979.6,0.0
2023-09-22T17:00,32.7,61,3.6,276.0,979.6,0.0
2023-09-22T18:00,31.1,66,3.9,202.0,980.2,0.0
2023-09-22T19:00,30.1,71,6.0,155.0,980.6,0.0
2023-09-22T20:00,29.1,78,8.4,137.0,981.4,0.0
2023-09-22T21:00,28.5,81,7.9,137.0,982.0,0.0
2023-09-22T22:00,28.2,81,6.3,156.0,981.8,0.0
2023-09-22T23:00,27.4,86,5.4,160.0,981.9,0.0
2023-09-23T00:00,27.0,89,7.1,139.0,981.8,0.0
2023-09-23T01:00,26.4,93,9.0,113.0,981.5,0.0
2023-09-23T02:00,26.1,95,9.1,108.0,981.4,0.0
2023-09-23T03:00,25.9,97,11.1,54.0,981.1,0.0
2023-09-23T04:00,25.6,97,7.9,87.0,981.0,0.0
2023-09-23T05:00,25.8,98,10.8,90.0,981.3,0.0
2023-09-23T06:00,26.2,95,5.8,68.0,982.0,0.0
2023-09-23T07:00,27.0,92,2.6,74.0,983.4,0.0
2023-09-23T08:00,28.1,86,4.0,170.0,984.2,0.0
2023-09-23T09:00,29.5,80,6.0,147.0,984.6,0.1
2023-09-23T10:00,30.9,72,8.3,124.0,984.4,0.0
2023-09-23T11:00,31.7,70,6.2,126.0,984.0,0.2
2023-09-23T12:00,32.3,68,4.8,117.0,983.3,0.2
2023-09-23T13:00,32.8,64,3.3,96.0,982.3,0.0
2023-09-23T14:00,32.5,63,2.3,342.0,981.2,0.1
2023-09-23T15:00,31.8,62,10.0,322.0,980.8,0.7
2023-09-23T16:00,30.9,70,12.0,319.0,980.6,0.1
2023-09-23T17:00,30.6,71,4.5,14.0,981.0,0.0
2023-09-23T18:00,29.2,79,3.3,347.0,980.9,0.0
2023-09-23T19:00,29.2,76,2.8,320.0,981.4,0.0
2023-09-23T20:00,27.5,87,0.7,360.0,982.3,0.0
2023-09-23T21:00,26.9,90,1.5,14.0,982.7,0.0
2023-09-23T22:00,26.5,91,2.9,60.0,982.9,0.0
2023-09-23T23:00,26.2,93,1.8,79.0,982.5,0.0
2023-09-24T00:00,25.9,94,0.5,135.0,982.2,0.0
2023-09-24T01:00,25.6,95,1.3,146.0,981.9,0.0
2023-09-24T02:00,25.5,96,3.3,139.0,981.5,0.0
2023-09-24T03:00,25.3,96,1.9,112.0,981.5,0.0
2023-09-24T04:00,25.3,96,1.5,14.0,981.5,0.0
2023-09-24T05:00,25.6,96,4.7,58.0,982.4,0.0
2023-09-24T06:00,25.6,96,3.0,76.0,982.9,0.0
2023-09-24T07:00,26.7,93,5.2,245.0,983.6,0.0
2023-09-24T08:00,26.8,85,7.8,248.0,984.0,0.2
2023-09-24T09:00,25.9,84,14.8,257.0,984.4,0.1
2023-09-24T10:00,28.9,74,5.0,249.0,983.9,0.1
2023-09-24T11:00,30.6,68,9.4,270.0,983.6,0.0
2023-09-24T12:00,31.9,61,9.5,279.0,982.6,0.0
2023-09-24T13:00,32.6,57,8.9,291.0,981.6,0.0
2023-09-24T14:00,32.8,54,9.5,299.0,980.6,0.5
2023-09-24T15:00,32.6,56,14.3,317.0,979.8,0.0
2023-09-24T16:00,32.2,57,13.8,319.0,979.1,0.0
2023-09-24T17:00,29.7,67,6.9,351.0,979.9,0.0
2023-09-24T18:00,28.4,74,5.6,345.0,980.2,0.0
2023-09-24T19:00,27.6,79,6.2,350.0,980.5,0.0
2023-09-24T20:00,26.7,85,6.6,9.0,981.1,0.0
2023-09-24T21:00,26.2,88,6.1,62.0,981.9,0.0
2023-09-24T22:00,25.9,88,5.4,110.0,982.1,0.0
2023-09-24T23:00,26.3,85,4.4,125.0,982.0,0.0
2023-09-25T00:00,26.4,84,4.6,129.0,981.7,0.0
2023-09-25T01:00,25.9,87,3.3,131.0,981.5,0.0
2023-09-25T02:00,25.2,91,2.9,120.0,981.5,0.0
2023-09-25T03:00,24.8,92,2.9,83.0,981.5,0.0
2023-09-25T04:00,24.6,93,3.0,76.0,981.7,0.0
2023-09-25T05:00,24.8,94,4.3,90.0,982.0,0.0
2023-09-25T06:00,25.3,91,6.5,84.0,982.6,0.0
2023-09-25T07:00,26.4,87,7.3,99.0,983.3,0.0
2023-09-25T08:00,28.0,81,7.2,108.0,983.7,0.0
2023-09-25T09:00,29.7,74,7.3,123.0,983.9,0.0
2023-09-25T10:00,31.2,66,6.3,156.0,983.7,0.0
2023-09-25T11:00,32.1,60,4.6,198.0,983.6,0.0
2023-09-25T12:00,32.6,56,4.3,246.0,983.1,0.0
2023-09-25T13:00,32.9,54,4.6,288.0,982.1,0.0
2023-09-25T14:00,32.9,52,5.6,310.0,981.3,0.0
2023-09-25T15:00,32.8,52,5.4,323.0,980.5,0.0
2023-09-25T16:00,32.4,54,6.7,324.0,980.2,0.0
2023-09-25T17:00,31.4,65,4.8,347.0,980.8,0.0
2023-09-25T18:00,29.6,74,7.3,327.0,980.9,0.2
2023-09-25T19:00,28.3,83,6.2,339.0,981.5,0.0
2023-09-25T20:00,27.9,83,6.7,324.0,982.2,0.0
2023-09-25T21:00,27.4,85,6.6,319.0,982.9,0.0
2023-09-25T22:00,27.3,83,6.1,320.0,983.1,0.0
2023-09-25T23:00,26.4,87,4.2,20.0,983.0,0.0
2023-09-26T00:00,26.2,86,4.2,20.0,982.7,0.0
2023-09-26T01:00,25.9,88,4.6,51.0,982.4,0.0
2023-09-26T02:00,25.7,90,5.3,62.0,982.1,0.0
2023-09-26T03:00,25.4,92,6.2,126.0,982.3,0.0
2023-09-26T04:00,24.9,94,4.5,151.0,982.4,0.0
2023-09-26T05:00,25.8,88,7.0,125.0,982.9,0.0
2023-09-26T06:00,26.0,89,6.1,140.0,983.7,0.0
2023-09-26T07:00,26.6,87,7.1,139.0,984.3,0.0
2023-09-26T08:00,28.5,79,5.2,155.0,985.0,0.0
2023-09-26T09:00,30.2,69,3.9,158.0,985.3,0.0
2023-09-26T10:00,31.2,63,3.1,159.0,985.2,0.1
2023-09-26T11:00,32.0,58,0.0,270.0,984.8,0.0
2023-09-26T12:00,32.6,55,2.2,351.0,984.0,0.0
2023-09-26T13:00,32.8,53,4.3,360.0,983.2,0.0
2023-09-26T14:00,32.9,51,5.1,356.0,982.5,0.0
2023-09-26T15:00,32.9,51,7.2,360.0,981.9,0.0
2023-09-26T16:00,32.4,52,9.0,2.0,981.5,0.0
2023-09-26T17:00,32.0,59,6.1,3.0,981.4,0.0
2023-09-26T18:00,29.7,70,9.4,320.0,982.0,0.1
2023-09-26T19:00,29.2,72,5.6,315.0,982.5,0.0
2023-09-26T20:00,28.4,72,6.9,321.0,983.2,0.0
2023-09-26T21:00,27.5,73,7.7,323.0,983.7,0.0
2023-09-26T22:00,26.6,74,6.9,332.0,983.8,0.0
2023-09-26T23:00,25.9,77,6.9,332.0,983.5,0.0
2023-09-27T00:00,25.4,79,6.4,333.0,983.3,0.0
2023-09-27T01:00,24.9,82,6.6,331.0,983.0,0.0
2023-09-27T02:00,24.3,85,6.2,339.0,982.8,0.0
2023-09-27T03:00,23.8,87,6.0,343.0,982.9,0.0
2023-09-27T04:00,23.3,89,6.8,342.0,983.1,0.0
2023-09-27T05:00,23.9,89,6.5,326.0,983.7,0.0
2023-09-27T06:00,24.5,87,7.4,321.0,984.4,0.0
2023-09-27T07:00,26.0,82,8.5,324.0,984.7,0.0
2023-09-27T08:00,28.1,74,8.6,327.0,985.4,0.0
2023-09-27T09:00,29.9,66,9.0,331.0,985.6,0.0
2023-09-27T10:00,31.1,58,10.6,325.0,985.1,0.0
2023-09-27T11:00,32.0,53,11.5,321.0,984.5,0.0
2023-09-27T12:00,32.7,48,12.5,321.0,983.3,0.0
2023-09-27T13:00,33.3,44,13.3,322.0,982.4,0.0
2023-09-27T14:00,33.3,42,13.6,320.0,981.8,0.0
2023-09-27T15:00,33.1,42,13.0,321.0,981.2,0.0
2023-09-27T16:00,32.4,43,11.0,311.0,981.0,0.0
2023-09-27T17:00,30.1,50,7.3,327.0,981.1,0.0
2023-09-27T18:00,27.3,57,9.2,321.0,981.2,0.0
2023-09-27T19:00,26.6,58,9.7,321.0,981.5,0.0
2023-09-27T20:00,26.1,59,9.4,317.0,982.3,0.0
2023-09-27T21:00,25.8,62,8.7,318.0,982.6,0.0
2023-09-27T22:00,25.4,65,8.4,317.0,982.5,0.0
2023-09-27T23:00,24.9,66,8.4,317.0,982.2,0.0
2023-09-28T00:00,24.1,69,8.4,313.0,981.8,0.0
2023-09-28T01:00,23.0,74,8.1,315.0,981.6,0.0
2023-09-28T02:00,22.5,77,7.9,313.0,981.5,0.0
2023-09-28T03:00,21.8,80,8.1,315.0,981.5,0.0
2023-09-28T04:00,21.6,81,8.7,308.0,981.7,0.0
2023-09-28T05:00,20.6,87,8.7,308.0,982.7,0.0
2023-09-28T06:00,21.4,84,7.2,307.0,983.4,0.0
2023-09-28T07:00,23.3,78,9.2,301.0,983.9,0.0
2023-09-28T08:00,26.0,70,7.4,313.0,984.8,0.0
2023-09-28T09:00,28.7,60,7.7,307.0,985.4,0.0
2023-09-28T10:00,30.6,52,7.9,309.0,985.2,0.0
2023-09-28T11:00,31.7,47,8.0,324.0,984.9,0.0
2023-09-28T12:00,32.5,43,8.3,326.0,984.0,0.0
2023-09-28T13:00,33.0,40,9.6,326.0,983.0,0.0
2023-09-28T14:00,33.1,39,11.1,324.0,982.0,0.0
2023-09-28T15:00,32.8,39,11.8,333.0,981.2,0.0
2023-09-28T16:00,32.2,41,8.3,326.0,980.9,0.0
2023-09-28T17:00,29.6,53,7.4,14.0,980.7,0.0
2023-09-28T18:00,26.6,60,11.1,13.0,980.4,0.0
2023-09-28T19:00,25.6,64,9.7,358.0,981.0,0.0
2023-09-28T20:00,25.5,65,9.8,336.0,981.6,0.0
2023-09-28T21:00,25.4,61,7.9,330.0,982.3,0.0
2023-09-28T22:00,24.6,59,7.9,321.0,982.2,0.0
2023-09-28T23:00,23.7,62,8.4,310.0,982.2,0.0
2023-09-29T00:00,22.7,66,8.1,315.0,981.6,0.0
2023-09-29T01:00,21.6,73,9.2,312.0,981.1,0.0
2023-09-29T02:00,22.0,70,8.7,322.0,980.9,0.0
2023-09-29T03:00,21.1,74,9.4,328.0,980.9,0.0
2023-09-29T04:00,20.4,77,9.7,321.0,981.1,0.0
2023-09-29T05:00,20.9,81,9.3,332.0,982.3,0.0
2023-09-29T06:00,21.5,80,7.9,321.0,982.7,0.0
2023-09-29T07:00,23.3,76,8.2,308.0,983.6,0.0
2023-09-29T08:00,26.0,68,5.5,302.0,984.8,0.0
2023-09-29T09:00,28.5,61,5.7,305.0,985.1,0.0
2023-09-29T10:00,30.5,53,4.8,312.0,985.1,0.0
2023-09-29T11:00,31.9,43,7.1,311.0,984.5,0.0
2023-09-29T12:00,32.6,39,7.9,317.0,983.7,0.0
2023-09-29T13:00,33.0,37,7.3,327.0,982.7,0.0
2023-09-29T14:00,33.2,36,6.4,333.0,981.9,0.0
2023-09-29T15:00,33.1,37,7.1,345.0,981.1,0.0
2023-09-29T16:00,32.5,39,5.8,338.0,980.7,0.0
2023-09-29T17:00,30.6,57,5.7,342.0,980.6,0.0
2023-09-29T18:00,28.0,64,7.5,343.0,980.8,0.0
2023-09-29T19:00,27.3,68,8.3,342.0,981.4,0.0
2023-09-29T20:00,26.5,71,8.4,320.0,982.1,0.0
2023-09-29T21:00,26.1,70,8.2,299.0,982.5,0.0
2023-09-29T22:00,25.5,67,6.8,295.0,982.8,0.0
2023-09-29T23:00,24.5,68,5.9,313.0,982.9,0.0
2023-09-30T00:00,23.9,71,6.0,327.0,982.5,0.0
2023-09-30T01:00,23.5,73,6.3,347.0,982.1,0.0
2023-09-30T02:00,23.0,75,6.5,354.0,981.6,0.0
2023-09-30T03:00,23.2,73,7.1,24.0,981.3,0.0
2023-09-30T04:00,22.8,75,6.6,22.0,981.1,0.0
2023-09-30T05:00,22.9,80,7.0,21.0,981.8,0.0
2023-09-30T06:00,23.5,78,6.0,335.0,982.5,0.0
2023-09-30T07:00,24.6,75,12.2,298.0,983.4,0.0
2023-09-30T08:00,26.7,70,8.5,298.0,984.2,0.0
2023-09-30T09:00,29.2,62,7.3,303.0,984.6,0.0
2023-09-30T10:00,31.2,56,8.2,308.0,984.7,0.0
2023-09-30T11:00,32.8,48,8.3,326.0,984.4,0.0
2023-09-30T12:00,33.8,43,9.9,327.0,983.5,0.0
2023-09-30T13:00,34.5,35,12.6,323.0,982.5,0.0
2023-09-30T14:00,34.8,31,14.5,325.0,981.4,0.0
2023-09-30T15:00,34.5,32,15.3,330.0,980.7,0.0
2023-09-30T16:00,33.5,36,11.9,331.0,980.4,0.0
2023-09-30T17:00,30.6,40,9.7,356.0,980.7,0.0
2023-09-30T18:00,28.1,48,10.5,333.0,980.8,0.0
2023-09-30T19:00,27.6,48,12.0,319.0,981.3,0.0
2023-09-30T20:00,27.2,49,12.2,317.0,981.8,0.0
2023-09-30T21:00,26.9,51,11.5,316.0,982.3,0.0
2023-09-30T22:00,26.5,54,10.7,318.0,982.6,0.0
2023-09-30T23:00,25.9,57,9.7,321.0,982.3,0.0
2023-10-01T00:00,25.1,60,8.9,328.0,982.0,0.0
2023-10-01T01:00,23.8,67,7.4,346.0,981.6,0.0
2023-10-01T02:00,22.6,73,7.6,360.0,981.0,0.0
2023-10-01T03:00,21.4,79,7.2,360.0,980.7,0.0
2023-10-01T04:00,21.3,79,7.4,346.0,980.9,0.0
2023-10-01T05:00,22.3,86,7.6,341.0,981.8,0.0
2023-10-01T06:00,22.6,85,9.7,321.0,982.7,0.0
2023-10-01T07:00,24.3,79,9.8,336.0,983.3,0.0
2023-10-01T08:00,26.5,72,8.9,346.0,984.0,0.0
2023-10-01T09:00,28.3,67,8.5,12.0,984.4,0.0
2023-10-01T10:00,30.2,61,7.3,351.0,984.2,0.0
2023-10-01T11:00,32.1,51,7.5,343.0,983.8,0.0
2023-10-01T12:00,33.5,40,10.2,328.0,982.8,0.0
2023-10-01T13:00,34.4,31,14.8,317.0,981.7,0.0
2023-10-01T14:00,34.6,27,17.1,316.0,980.8,0.0
2023-10-01T15:00,34.4,24,17.6,316.0,979.9,0.0
2023-10-01T16:00,33.3,28,14.3,317.0,979.5,0.0
2023-10-01T17:00,31.0,33,10.1,325.0,980.2,0.0
2023-10-01T18:00,28.6,39,10.2,321.0,980.6,0.0
2023-10-01T19:00,27.5,40,11.2,320.0,981.0,0.0
2023-10-01T20:00,26.4,40,10.5,319.0,981.3,0.0
2023-10-01T21:00,25.4,39,10.5,319.0,981.9,0.0
2023-10-01T22:00,24.5,40,9.9,327.0,981.8,0.0
2023-10-01T23:00,23.7,43,8.9,346.0,981.7,0.0
2023-10-02T00:00,23.6,42,8.6,360.0,981.5,0.0
2023-10-02T01:00,22.5,47,9.1,351.0,981.6,0.0
2023-10-02T02:00,21.5,52,8.7,355.0,981.2,0.0
2023-10-02T03:00,20.9,56,7.9,3.0,980.9,0.0
2023-10-02T04:00,20.3,59,7.3,11.0,980.7,0.0
2023-10-02T05:00,20.2,75,7.7,11.0,981.5,0.0
2023-10-02T06:00,21.0,72,8.7,322.0,982.3,0.0
2023-10-02T07:00,22.8,67,11.7,315.0,982.9,0.0
2023-10-02T08:00,25.7,60,9.4,317.0,983.9,0.0
2023-10-02T09:00,28.3,51,9.0,323.0,984.7,0.0
2023-10-02T10:00,30.8,43,9.0,331.0,985.1,0.0
2023-10-02T11:00,32.4,34,11.3,323.0,984.7,0.0
2023-10-02T12:00,33.2,32,13.3,322.0,983.9,0.0
2023-10-02T13:00,33.7,29,15.4,323.0,982.8,0.0
2023-10-02T14:00,33.8,26,17.4,320.0,981.8,0.0
2023-10-02T15:00,33.3,23,18.8,317.0,981.5,0.0
2023-10-02T16:00,32.4,24,16.6,309.0,981.6,0.0
2023-10-02T17:00,30.9,28,13.0,314.0,982.2,0.0
2023-10-02T18:00,28.3,33,10.8,330.0,982.7,0.0
2023-10-02T19:00,26.6,36,10.2,342.0,983.3,0.0
2023-10-02T20:00,25.7,36,9.0,344.0,983.5,0.0
2023-10-02T21:00,24.7,35,8.8,348.0,983.8,0.0
2023-10-02T22:00,24.5,33,8.7,353.0,983.6,0.0
2023-10-02T23:00,24.5,30,8.8,348.0,983.3,0.0
2023-10-03T00:00,23.4,34,9.2,339.0,982.8,0.0
2023-10-03T01:00,21.9,39,9.8,343.0,982.4,0.0
2023-10-03T02:00,21.4,43,12.1,333.0,982.4,0.0
2023-10-03T03:00,20.4,47,9.8,332.0,982.1,0.0
2023-10-03T04:00,20.0,49,7.5,305.0,982.2,0.0
2023-10-03T05:00,20.6,53,6.7,286.0,983.0,0.0
2023-10-03T06:00,20.6,54,9.1,279.0,983.9,0.0
2023-10-03T07:00,22.2,53,12.1,280.0,984.6,0.0
2023-10-03T08:00,25.1,50,11.4,283.0,985.2,0.0
2023-10-03T09:00,28.1,42,14.4,283.0,985.9,0.0
2023-10-03T10:00,30.5,36,16.9,290.0,985.7,0.0
2023-10-03T11:00,32.2,32,18.3,302.0,985.2,0.0
2023-10-03T12:00,33.2,29,19.9,312.0,984.1,0.0
2023-10-03T13:00,33.8,25,21.4,314.0,982.8,0.0
2023-10-03T14:00,33.9,22,22.2,313.0,981.9,0.0
2023-10-03T15:00,33.3,25,21.4,318.0,981.4,0.0
2023-10-03T16:00,32.4,29,17.6,316.0,981.3,0.0
2023-10-03T17:00,30.5,31,12.5,314.0,981.8,0.0
2023-10-03T18:00,27.7,37,10.7,315.0,982.3,0.0
2023-10-03T19:00,26.3,40,9.4,320.0,982.8,0.0
2023-10-03T20:00,25.2,43,9.7,318.0,983.5,0.0
2023-10-03T21:00,24.0,48,9.4,320.0,984.0,0.0
2023-10-03T22:00,23.3,52,9.7,321.0,984.1,0.0
2023-10-03T23:00,23.0,54,10.0,319.0,984.0,0.0
2023-10-04T00:00,21.7,61,9.5,323.0,983.7,0.0
2023-10-04T01:00,20.7,66,10.2,315.0,983.2,0.0
2023-10-04T02:00,20.1,69,10.2,318.0,982.6,0.0
2023-10-04T03:00,19.7,71,9.4,320.0,982.2,0.0
2023-10-04T04:00,18.9,76,9.7,312.0,982.2,0.0
2023-10-04T05:00,19.0,80,8.2,311.0,982.9,0.0
2023-10-04T06:00,19.9,77,8.3,304.0,983.6,0.0
2023-10-04T07:00,22.0,70,11.8,297.0,984.6,0.0
2023-10-04T08:00,25.0,62,10.9,297.0,985.2,0.0
2023-10-04T09:00,27.8,55,13.0,298.0,985.4,0.0
2023-10-04T10:00,30.4,46,14.9,302.0,985.3,0.0
2023-10-04T11:00,32.2,35,17.4,310.0,985.1,0.0
2023-10-04T12:00,33.4,30,18.6,317.0,984.4,0.0
2023-10-04T13:00,33.9,30,18.8,324.0,983.5,0.0
2023-10-04T14:00,33.9,32,18.9,329.0,982.6,0.0
2023-10-04T15:00,33.6,32,18.5,333.0,982.1,0.0
2023-10-04T16:00,33.0,32,14.6,327.0,982.1,0.0
2023-10-04T17:00,31.2,38,10.2,318.0,981.9,0.0
2023-10-04T18:00,28.7,45,9.9,314.0,982.3,0.0
2023-10-04T19:00,27.9,46,10.5,311.0,983.0,0.0
2023-10-04T20:00,26.9,48,9.7,312.0,983.5,0.0
2023-10-04T21:00,25.4,54,9.2,315.0,984.0,0.0
2023-10-04T22:00,23.9,60,9.7,315.0,984.0,0.0
2023-10-04T23:00,22.7,66,9.2,318.0,983.8,0.0
2023-10-05T00:00,22.1,69,8.7,312.0,983.6,0.0
2023-10-05T01:00,21.8,69,7.9,309.0,983.3,0.0
2023-10-05T02:00,20.7,73,10.0,300.0,982.5,0.0
2023-10-05T03:00,20.2,74,10.3,299.0,982.2,0.0
2023-10-05T04:00,21.3,68,9.2,312.0,982.3,0.0
2023-10-05T05:00,19.9,76,7.9,273.0,982.8,0.0
2023-10-05T06:00,20.7,72,9.4,266.0,983.6,0.0
2023-10-05T07:00,22.4,67,12.7,262.0,984.2,0.0
2023-10-05T08:00,25.3,59,10.4,270.0,984.9,0.0
2023-10-05T09:00,28.2,49,12.5,282.0,985.7,0.0
2023-10-05T10:00,30.5,42,14.2,291.0,985.4,0.0
2023-10-05T11:00,32.1,38,14.9,302.0,984.8,0.0
2023-10-05T12:00,33.2,34,16.1,310.0,983.7,0.0
2023-10-05T13:00,33.9,30,16.3,313.0,982.7,0.0
2023-10-05T14:00,34.3,27,16.3,311.0,981.8,0.0
2023-10-05T15:00,34.0,26,16.4,308.0,981.1,0.0
2023-10-05T16:00,33.2,27,14.9,307.0,980.9,0.0
2023-10-05T17:00,30.8,34,8.7,318.0,981.1,0.0
2023-10-05T18:00,28.2,40,9.4,320.0,981.1,0.0
2023-10-05T19:00,26.8,45,9.1,326.0,981.7,0.0
2023-10-05T20:00,25.5,49,8.6,327.0,982.1,0.0
2023-10-05T21:00,24.2,53,9.7,338.0,982.1,0.0
2023-10-05T22:00,22.9,59,10.4,2.0,982.0,0.0
2023-10-05T23:00,21.9,66,12.2,14.0,981.6,0.0
2023-10-06T00:00,24.7,55,5.2,286.0,981.7,0.0
2023-10-06T01:00,21.6,64,5.4,250.0,981.2,0.0
2023-10-06T02:00,19.9,69,6.9,242.0,980.6,0.0
2023-10-06T03:00,20.2,65,5.2,236.0,980.6,0.0
2023-10-06T04:00,20.0,63,7.9,240.0,980.8,0.0
2023-10-06T05:00,20.5,69,8.9,256.0,981.7,0.0
2023-10-06T06:00,21.2,63,11.6,254.0,982.4,0.0
2023-10-06T07:00,23.1,57,12.8,259.0,983.1,0.0
2023-10-06T08:00,25.9,52,8.3,270.0,983.6,0.0
2023-10-06T09:00,28.9,44,7.2,276.0,983.9,0.0
2023-10-06T10:00,31.2,39,7.3,279.0,983.7,0.0
2023-10-06T11:00,33.0,34,9.9,280.0,983.4,0.0
2023-10-06T12:00,34.2,31,11.7,288.0,982.2,0.0
2023-10-06T13:00,35.0,30,13.0,294.0,981.2,0.0
2023-10-06T14:00,35.3,28,13.7,300.0,980.3,0.0
2023-10-06T15:00,35.2,28,12.5,303.0,980.0,0.0
2023-10-06T16:00,34.5,30,10.3,306.0,980.1,0.0
2023-10-06T17:00,31.0,45,6.9,6.0,980.6,0.0
2023-10-06T18:00,28.3,52,7.5,35.0,981.1,0.0
2023-10-06T19:00,26.6,62,9.4,47.0,981.4,0.0
2023-10-06T20:00,25.4,66,10.9,56.0,981.5,0.0
2023-10-06T21:00,25.3,66,9.7,59.0,981.9,0.0
2023-10-06T22:00,27.5,56,3.3,139.0,982.3,0.0
2023-10-06T23:00,27.3,55,1.9,158.0,982.2,0.0
2023-10-07T00:00,26.7,56,4.8,63.0,981.7,0.0
2023-10-07T01:00,24.1,69,6.8,58.0,981.3,0.0
2023-10-07T02:00,22.1,76,5.7,198.0,981.2,0.0
2023-10-07T03:00,21.7,75,7.4,231.0,981.3,0.0
2023-10-07T04:00,22.1,73,5.4,262.0,981.4,0.0
2023-10-07T05:00,21.6,80,5.4,262.0,982.6,0.0
2023-10-07T06:00,22.6,74,7.0,249.0,983.2,0.0
2023-10-07T07:00,24.6,67,9.3,254.0,983.9,0.0
2023-10-07T08:00,27.3,58,8.6,268.0,984.6,0.0
2023-10-07T09:00,29.7,49,10.2,278.0,985.0,0.0
2023-10-07T10:00,31.7,46,11.5,290.0,984.8,0.0
2023-10-07T11:00,33.1,44,12.1,297.0,984.4,0.0
2023-10-07T12:00,34.0,44,12.6,301.0,983.5,0.0
2023-10-07T13:00,34.6,44,12.6,301.0,982.4,0.0
2023-10-07T14:00,35.0,44,13.4,297.0,981.8,0.0
2023-10-07T15:00,35.0,44,14.4,292.0,981.6,0.0
2023-10-07T16:00,34.7,44,13.2,292.0,981.7,0.0
2023-10-07T17:00,32.2,48,5.8,300.0,982.5,0.0
2023-10-07T18:00,29.6,58,8.4,350.0,982.9,0.0
2023-10-07T19:00,28.6,65,7.4,23.0,983.3,0.0
2023-10-07T20:00,27.5,71,8.1,32.0,983.8,0.0
2023-10-07T21:00,26.9,74,9.2,51.0,983.9,0.0
2023-10-07T22:00,26.8,73,8.3,56.0,983.8,0.0
2023-10-07T23:00,26.7,73,2.6,196.0,983.7,0.0
2023-10-08T00:00,28.7,63,1.0,225.0,983.6,0.0
2023-10-08T01:00,28.0,66,3.6,307.0,982.9,0.0
2023-10-08T02:00,24.8,81,6.1,273.0,982.4,0.0
2023-10-08T03:00,24.6,81,6.6,248.0,982.4,0.0
2023-10-08T04:00,24.1,82,8.1,238.0,982.6,0.0
2023-10-08T05:00,24.5,85,11.0,251.0,983.1,0.0
2023-10-08T06:00,24.9,70,12.1,258.0,983.9,0.0
2023-10-08T07:00,25.7,61,12.7,262.0,984.4,0.0
2023-10-08T08:00,27.8,54,11.5,268.0,985.1,0.0
2023-10-08T09:00,30.0,49,12.3,275.0,985.5,0.0
2023-10-08T10:00,32.1,44,12.9,283.0,985.6,0.0
2023-10-08T11:00,33.7,41,13.2,287.0,985.2,0.0
2023-10-08T12:00,34.7,38,14.5,293.0,984.3,0.0
2023-10-08T13:00,35.2,38,14.0,293.0,983.5,0.0
2023-10-08T14:00,35.3,39,14.1,289.0,982.6,0.0
2023-10-08T15:00,35.2,39,14.9,285.0,982.3,0.0
2023-10-08T16:00,34.7,40,14.5,284.0,982.4,0.0
2023-10-08T17:00,33.4,47,5.5,302.0,982.3,0.0
2023-10-08T18:00,31.6,51,6.4,333.0,982.7,0.0
2023-10-08T19:00,29.5,64,8.1,339.0,983.5,0.0
2023-10-08T20:00,28.8,68,6.4,317.0,984.0,0.0
2023-10-08T21:00,27.8,72,4.7,261.0,984.4,0.0
2023-10-08T22:00,28.7,66,2.9,263.0,984.3,0.0
2023-10-08T23:00,29.0,64,2.5,278.0,983.9,0.0
2023-10-09T00:00,28.4,65,2.9,270.0,983.6,0.0
2023-10-09T01:00,25.7,74,4.4,235.0,983.1,0.0
2023-10-09T02:00,25.6,68,7.6,245.0,982.9,0.0
2023-10-09T03:00,25.0,68,6.8,252.0,983.0,0.0
2023-10-09T04:00,24.6,69,7.8,236.0,982.9,0.0
2023-10-09T05:00,24.7,76,6.9,242.0,983.8,0.0
2023-10-09T06:00,24.7,74,10.6,246.0,984.7,0.0
2023-10-09T07:00,25.9,68,13.2,248.0,985.7,0.0
2023-10-09T08:00,28.2,58,12.2,251.0,986.4,0.0
2023-10-09T09:00,30.7,50,12.8,259.0,987.1,0.0
2023-10-09T10:00,32.8,44,14.1,266.0,987.1,0.0
2023-10-09T11:00,34.1,42,13.7,268.0,986.7,0.0
2023-10-09T12:00,35.1,35,15.5,275.0,985.7,0.0
2023-10-09T13:00,35.1,34,16.7,276.0,984.9,0.0
2023-10-09T14:00,35.2,33,15.5,270.0,983.9,0.0
2023-10-09T15:00,35.1,33,13.8,263.0,983.4,0.0
2023-10-09T16:00,34.8,33,10.9,253.0,983.2,0.0
2023-10-09T17:00,32.5,50,6.6,283.0,982.9,0.0
2023-10-09T18:00,29.8,52,8.0,350.0,982.9,0.0
2023-10-09T19:00,29.2,53,8.2,29.0,983.8,0.0
2023-10-09T20:00,27.7,54,7.4,43.0,984.1,0.0
2023-10-09T21:00,26.9,57,6.1,93.0,984.4,0.0
2023-10-09T22:00,26.5,56,5.8,150.0,984.2,0.0
2023-10-09T23:00,26.3,56,7.1,139.0,983.9,0.0
2023-10-10T00:00,25.0,59,6.9,174.0,983.5,0.0
2023-10-10T01:00,25.4,57,8.0,188.0,983.4,0.0
2023-10-10T02:00,25.1,59,8.0,198.0,983.2,0.0
2023-10-10T03:00,24.9,59,7.9,231.0,983.1,0.0
2023-10-10T04:00,24.6,57,8.4,230.0,983.2,0.0
2023-10-10T05:00,24.7,60,9.6,250.0,984.5,0.0
2023-10-10T06:00,24.4,59,11.3,253.0,985.4,0.0
2023-10-10T07:00,25.5,58,13.0,284.0,986.5,0.0
2023-10-10T08:00,27.4,54,11.8,290.0,987.5,0.0
2023-10-10T09:00,29.7,48,12.1,297.0,988.2,0.0
2023-10-10T10:00,31.3,45,13.1,307.0,988.1,0.0
2023-10-10T11:00,32.5,43,13.0,316.0,987.6,0.0
2023-10-10T12:00,33.5,42,11.7,315.0,986.8,0.0
2023-10-10T13:00,33.4,43,9.8,278.0,985.9,0.0
2023-10-10T14:00,32.3,46,11.9,241.0,985.4,2.5
2023-10-10T15:00,32.6,44,7.5,287.0,984.6,0.0
2023-10-10T16:00,32.7,43,8.9,284.0,984.5,0.0
2023-10-10T17:00,32.5,38,11.1,347.0,984.4,0.0
2023-10-10T18:00,30.6,48,11.9,358.0,984.8,0.0
2023-10-10T19:00,29.5,54,9.8,354.0,985.3,0.0
2023-10-10T20:00,27.6,63,6.8,357.0,985.5,0.0
2023-10-10T21:00,25.7,76,9.4,360.0,985.5,0.0
2023-10-10T22:00,25.5,76,7.1,330.0,985.3,0.0
2023-10-10T23:00,24.6,80,6.4,297.0,985.4,0.0
2023-10-11T00:00,24.0,77,7.6,295.0,985.3,0.0
2023-10-11T01:00,23.3,74,7.7,298.0,985.1,0.0
2023-10-11T02:00,22.6,76,8.0,297.0,984.7,0.0
2023-10-11T03:00,21.9,80,7.4,293.0,984.6,0.0
2023-10-11T04:00,21.2,84,7.7,281.0,984.9,0.0
2023-10-11T05:00,21.5,88,8.0,288.0,985.5,0.0
2023-10-11T06:00,21.7,87,10.3,282.0,986.2,0.0
2023-10-11T07:00,23.2,81,11.7,279.0,987.2,0.0
2023-10-11T08:00,25.6,72,10.5,286.0,987.9,0.0
2023-10-11T09:00,28.2,62,11.3,297.0,988.5,0.0
2023-10-11T10:00,30.3,51,13.0,304.0,988.4,0.0
2023-10-11T11:00,31.8,44,13.5,304.0,987.9,0.0
2023-10-11T12:00,32.9,36,13.5,304.0,987.0,0.0
2023-10-11T13:00,33.5,31,13.8,303.0,986.0,0.0
2023-10-11T14:00,33.7,29,14.3,298.0,985.4,0.0
2023-10-11T15:00,33.4,28,15.5,295.0,984.9,0.0
2023-10-11T16:00,32.6,29,14.4,292.0,985.0,0.0
2023-10-11T17:00,29.7,32,8.9,333.0,985.5,0.0
2023-10-11T18:00,27.4,40,8.9,346.0,985.7,0.0
2023-10-11T19:00,26.3,43,9.0,344.0,986.1,0.0
2023-10-11T20:00,24.8,48,7.0,339.0,986.5,0.0
2023-10-11T21:00,23.3,54,8.5,348.0,986.8,0.0
2023-10-11T22:00,22.1,61,10.6,342.0,986.8,0.0
2023-10-11T23:00,21.4,63,10.4,340.0,986.3,0.0
2023-10-12T00:00,20.7,64,9.8,343.0,986.0,0.0
2023-10-12T01:00,20.3,66,8.3,304.0,985.8,0.0
2023-10-12T02:00,20.0,66,5.1,266.0,985.6,0.0
2023-10-12T03:00,19.3,69,5.8,263.0,985.7,0.0
2023-10-12T04:00,18.9,71,5.9,256.0,985.9,0.0
2023-10-12T05:00,19.2,78,6.1,267.0,986.6,0.0
2023-10-12T06:00,19.3,78,6.8,267.0,987.1,0.0
2023-10-12T07:00,21.3,70,10.2,262.0,988.1,0.0
2023-10-12T08:00,24.7,60,6.8,273.0,989.0,0.0
2023-10-12T09:00,27.8,49,7.1,285.0,989.7,0.0
2023-10-12T10:00,29.9,41,8.0,297.0,989.8,0.0
2023-10-12T11:00,31.4,36,9.6,290.0,989.3,0.0
2023-10-12T12:00,32.4,33,12.0,286.0,988.4,0.0
2023-10-12T13:00,33.0,32,13.7,288.0,987.6,0.0
2023-10-12T14:00,33.2,32,14.3,295.0,987.1,0.0
2023-10-12T15:00,33.1,31,14.2,300.0,986.6,0.0
2023-10-12T16:00,32.4,33,13.2,305.0,986.7,0.0
2023-10-12T17:00,30.3,39,7.2,357.0,987.1,0.0
2023-10-12T18:00,28.2,47,8.7,17.0,987.3,0.0
2023-10-12T19:00,27.1,52,9.5,25.0,987.5,0.0
2023-10-12T20:00,26.1,55,8.2,15.0,988.0,0.0
2023-10-12T21:00,25.2,59,7.8,13.0,988.3,0.0
2023-10-12T22:00,23.9,65,7.9,16.0,988.1,0.0
2023-10-12T23:00,23.3,68,8.7,7.0,987.9,0.0
2023-10-13T00:00,22.9,69,8.1,347.0,987.7,0.0
2023-10-13T01:00,24.4,62,5.1,321.0,987.4,0.0
2023-10-13T02:00,22.4,70,5.3,298.0,986.9,0.0
2023-10-13T03:00,21.4,75,6.1,310.0,986.9,0.0
2023-10-13T04:00,20.3,81,5.2,254.0,987.0,0.0
2023-10-13T05:00,20.8,81,4.3,246.0,988.0,0.0
2023-10-13T06:00,20.9,81,5.1,274.0,988.8,0.0
2023-10-13T07:00,23.0,73,7.9,267.0,989.5,0.0
2023-10-13T08:00,26.3,62,5.8,270.0,990.3,0.0
2023-10-13T09:00,29.1,52,6.2,277.0,990.9,0.0
2023-10-13T10:00,31.6,41,6.5,276.0,990.9,0.0
2023-10-13T11:00,33.3,34,8.3,275.0,990.2,0.0
2023-10-13T12:00,34.2,32,9.7,285.0,989.3,0.0
2023-10-13T13:00,34.5,31,11.4,298.0,988.1,0.0
2023-10-13T14:00,34.7,31,12.4,300.0,987.1,0.0
2023-10-13T15:00,34.4,31,13.4,297.0,986.6,0.0
2023-10-13T16:00,33.9,32,11.4,294.0,986.5,0.0
2023-10-13T17:00,31.4,41,7.3,351.0,986.1,0.0
2023-10-13T18:00,29.8,44,9.7,31.0,986.9,0.0
2023-10-13T19:00,28.5,49,8.6,22.0,987.2,0.0
2023-10-13T20:00,26.8,57,6.8,32.0,987.8,0.0
2023-10-13T21:00,25.2,65,10.2,51.0,987.9,0.0
2023-10-13T22:00,25.1,64,9.2,48.0,987.8,0.0
2023-10-13T23:00,26.3,57,3.6,143.0,987.9,0.0
2023-10-14T00:00,26.1,57,3.6,96.0,987.7,0.0
2023-10-14T01:00,23.1,71,8.6,68.0,986.7,0.0
2023-10-14T02:00,22.4,74,7.3,99.0,986.3,0.0
2023-10-14T03:00,22.0,76,7.3,123.0,986.1,0.0
2023-10-14T04:00,21.6,78,7.2,153.0,986.5,0.0
2023-10-14T05:00,23.4,77,3.0,76.0,987.3,0.0
2023-10-14T06:00,22.5,83,2.3,231.0,987.7,0.0
2023-10-14T07:00,24.4,75,4.5,256.0,988.6,0.0
2023-10-14T08:00,27.5,64,2.5,270.0,989.5,0.0
2023-10-14T09:00,30.5,52,2.6,236.0,990.0,0.0
2023-10-14T10:00,32.8,42,4.7,261.0,990.0,0.0
2023-10-14T11:00,34.4,33,11.5,284.0,989.4,0.0
2023-10-14T12:00,34.7,28,16.1,290.0,988.0,0.0
2023-10-14T13:00,35.0,26,15.9,295.0,987.1,0.0
2023-10-14T14:00,34.9,25,14.5,297.0,986.4,0.0
2023-10-14T15:00,34.3,26,15.5,298.0,986.0,0.0
2023-10-14T16:00,33.6,28,13.1,291.0,986.2,0.0
2023-10-14T17:00,31.6,33,7.2,297.0,986.1,0.0
2023-10-14T18:00,28.6,42,9.2,339.0,985.9,0.0
2023-10-14T19:00,27.8,47,6.9,28.0,986.5,0.0
2023-10-14T20:00,25.9,59,10.8,30.0,986.9,0.0
2023-10-14T21:00,28.4,47,5.0,60.0,987.4,0.0
2023-10-14T22:00,27.0,51,5.8,94.0,986.9,0.0
2023-10-14T23:00,24.9,58,7.9,93.0,986.5,0.0
2023-10-15T00:00,25.1,58,7.0,78.0,985.9,0.0
2023-10-15T01:00,22.9,68,7.4,151.0,985.0,0.0
2023-10-15T02:00,22.3,68,8.2,157.0,984.2,0.0
2023-10-15T03:00,24.5,57,3.8,163.0,984.4,0.0
2023-10-15T04:00,24.4,58,1.3,304.0,984.6,0.0
2023-10-15T05:00,23.8,67,2.9,330.0,985.1,0.0
2023-10-15T06:00,22.4,74,5.4,278.0,985.4,0.0
2023-10-15T07:00,23.6,71,8.6,270.0,986.6,0.0
2023-10-15T08:00,26.4,63,4.2,290.0,987.3,0.0
2023-10-15T09:00,29.2,54,5.5,293.0,987.8,0.0
2023-10-15T10:00,31.1,49,9.2,321.0,987.7,0.0
2023-10-15T11:00,32.1,43,9.1,351.0,987.3,0.0
2023-10-15T12:00,33.1,36,5.5,328.0,986.1,0.0
2023-10-15T13:00,33.7,33,7.8,283.0,985.1,0.0
2023-10-15T14:00,32.6,35,8.6,270.0,984.2,0.0
2023-10-15T15:00,33.0,34,10.8,272.0,983.6,0.0
2023-10-15T16:00,32.1,37,10.4,284.0,983.9,0.0
2023-10-15T17:00,30.6,48,3.4,58.0,984.0,0.0
2023-10-15T18:00,27.8,51,6.5,3.0,984.5,0.1
2023-10-15T19:00,26.7,56,15.6,52.0,984.8,0.0
2023-10-15T20:00,25.2,59,8.7,83.0,985.3,0.0
2023-10-15T21:00,24.2,64,6.5,90.0,985.8,0.0
2023-10-15T22:00,25.0,61,5.4,132.0,986.0,0.0
2023-10-15T23:00,23.7,67,5.4,4.0,985.4,0.0
2023-10-16T00:00,22.7,70,5.6,27.0,985.0,0.0
2023-10-16T01:00,21.6,75,6.5,84.0,984.8,0.0
2023-10-16T02:00,21.6,74,5.9,76.0,984.1,0.0
2023-10-16T03:00,21.0,77,5.2,106.0,984.2,0.0
2023-10-16T04:00,20.8,78,6.0,123.0,984.5,0.0
2023-10-16T05:00,22.7,74,5.4,48.0,985.0,0.0
2023-10-16T06:00,22.2,72,19.3,61.0,985.9,0.0
2023-10-16T07:00,22.6,70,11.9,104.0,986.6,0.0
2023-10-16T08:00,25.2,63,8.0,162.0,987.9,0.0
2023-10-16T09:00,28.7,54,10.4,180.0,988.9,0.0
2023-10-16T10:00,24.0,65,27.6,20.0,989.6,0.0
2023-10-16T11:00,25.7,61,20.6,47.0,989.4,0.0
2023-10-16T12:00,27.0,56,12.6,66.0,987.9,0.0
2023-10-16T13:00,28.5,51,12.3,93.0,986.7,0.0
2023-10-16T14:00,28.9,51,18.1,95.0,985.8,0.0
2023-10-16T15:00,29.0,49,15.2,94.0,985.3,0.0
2023-10-16T16:00,27.8,54,4.7,171.0,986.8,0.0
2023-10-16T17:00,25.5,54,18.9,55.0,986.5,5.2
2023-10-16T18:00,24.6,59,16.1,74.0,987.2,0.0
2023-10-16T19:00,24.0,64,13.1,111.0,987.8,0.0
2023-10-16T20:00,23.6,67,12.5,139.0,988.5,0.0
2023-10-16T21:00,23.4,66,7.9,129.0,988.4,0.0
2023-10-16T22:00,23.0,71,0.8,297.0,988.5,0.0
2023-10-16T23:00,19.8,87,18.1,277.0,990.2,4.7
2023-10-17T00:00,20.3,89,13.5,136.0,988.6,2.1
2023-10-17T01:00,20.5,76,11.5,136.0,987.9,0.1
2023-10-17T02:00,20.2,75,10.8,159.0,987.6,0.0
2023-10-17T03:00,20.2,74,9.6,124.0,987.6,0.0
2023-10-17T04:00,19.6,80,7.9,106.0,988.1,0.0
2023-10-17T05:00,18.7,84,4.8,132.0,989.3,0.0
2023-10-17T06:00,19.2,83,8.8,145.0,990.1,0.0
2023-10-17T07:00,20.0,81,1.3,304.0,991.0,0.0
2023-10-17T08:00,21.8,74,3.7,281.0,992.5,0.0
2023-10-17T09:00,23.7,67,4.7,356.0,993.0,0.0
2023-10-17T10:00,25.1,59,8.0,18.0,992.6,0.0
2023-10-17T11:00,26.6,54,6.9,47.0,992.0,0.0
2023-10-17T12:00,28.0,48,5.1,82.0,990.9,0.0
2023-10-17T13:00,28.7,46,4.8,77.0,989.7,0.0
2023-10-17T14:00,28.3,47,5.1,8.0,989.5,0.0
2023-10-17T15:00,26.7,51,7.9,360.0,989.3,0.2
2023-10-17T16:00,25.4,64,7.1,225.0,989.4,0.8
2023-10-17T17:00,23.1,70,4.9,17.0,990.2,0.1
2023-10-17T18:00,22.5,72,5.6,15.0,990.4,0.0
2023-10-17T19:00,21.4,76,5.8,7.0,990.7,0.0
2023-10-17T20:00,20.4,83,6.1,360.0,991.0,0.0
2023-10-17T21:00,19.3,90,7.6,355.0,991.1,0.0
2023-10-17T22:00,18.7,92,7.6,352.0,990.9,0.0
2023-10-17T23:00,18.2,92,8.1,339.0,990.4,0.0
2023-10-18T00:00,17.8,93,7.6,341.0,989.9,0.0
2023-10-18T01:00,17.6,93,6.1,332.0,989.8,0.0
2023-10-18T02:00,17.6,93,6.8,328.0,989.7,0.0
2023-10-18T03:00,17.3,92,7.5,325.0,989.6,0.0
2023-10-18T04:00,17.1,89,7.9,321.0,989.7,0.0
2023-10-18T05:00,18.2,88,9.7,318.0,990.4,0.0
2023-10-18T06:00,18.4,87,9.2,309.0,991.0,0.0
2023-10-18T07:00,19.6,82,10.6,288.0,991.6,0.0
2023-10-18T08:00,21.8,73,11.0,293.0,992.6,0.0
2023-10-18T09:00,24.1,64,12.9,300.0,993.0,0.0
2023-10-18T10:00,26.1,53,14.0,305.0,993.0,0.0
2023-10-18T11:00,27.5,45,14.7,306.0,992.4,0.0
2023-10-18T12:00,28.4,42,14.4,307.0,991.4,0.0
2023-10-18T13:00,28.8,41,13.7,305.0,990.5,0.0
2023-10-18T14:00,29.0,41,13.4,306.0,989.6,0.0
2023-10-18T15:00,28.8,39,13.1,307.0,989.1,0.0
2023-10-18T16:00,28.1,39,13.0,309.0,989.2,0.0
2023-10-18T17:00,25.9,44,9.4,310.0,989.5,0.0
2023-10-18T18:00,24.0,51,10.2,309.0,989.9,0.0
2023-10-18T19:00,22.9,56,10.2,309.0,990.5,0.0
2023-10-18T20:00,22.0,59,9.9,303.0,990.6,0.0
2023-10-18T21:00,21.3,61,10.4,304.0,990.7,0.0
2023-10-18T22:00,20.6,63,9.7,309.0,990.4,0.0
2023-10-18T23:00,19.8,66,8.7,315.0,990.0,0.0
2023-10-19T00:00,19.1,69,7.4,309.0,989.8,0.0
2023-10-19T01:00,18.4,73,6.9,298.0,989.3,0.0
2023-10-19T02:00,17.9,75,7.5,287.0,989.0,0.0
2023-10-19T03:00,17.4,77,8.3,272.0,988.9,0.0
2023-10-19T04:00,17.0,79,9.4,272.0,989.0,0.0
2023-10-19T05:00,17.2,83,8.9,291.0,990.1,0.0
2023-10-19T06:00,17.4,82,8.7,294.0,990.8,0.0
2023-10-19T07:00,18.5,78,10.0,296.0,991.4,0.0
2023-10-19T08:00,20.8,70,7.8,304.0,992.3,0.0
2023-10-19T09:00,23.1,62,8.1,315.0,992.9,0.0
2023-10-19T10:00,25.0,54,9.7,318.0,992.8,0.0
2023-10-19T11:00,26.4,48,9.2,309.0,992.2,0.0
2023-10-19T12:00,27.6,43,10.0,300.0,991.5,0.0
2023-10-19T13:00,28.3,40,11.6,296.0,990.2,0.0
2023-10-19T14:00,28.6,39,12.7,295.0,989.5,0.0
2023-10-19T15:00,28.4,39,13.2,296.0,988.9,0.0
2023-10-19T16:00,27.7,40,12.2,294.0,988.6,0.0
2023-10-19T17:00,24.8,53,7.3,303.0,989.0,0.0
2023-10-19T18:00,22.9,58,8.0,306.0,989.4,0.0
2023-10-19T19:00,21.6,65,8.8,325.0,989.7,0.0
2023-10-19T20:00,20.5,70,9.4,328.0,990.2,0.0
2023-10-19T21:00,19.9,72,8.7,322.0,990.3,0.0
2023-10-19T22:00,19.3,74,8.9,313.0,990.3,0.0
2023-10-19T23:00,19.2,75,7.1,311.0,990.2,0.0
2023-10-20T00:00,18.6,77,6.6,319.0,989.9,0.0
2023-10-20T01:00,17.9,81,7.7,332.0,989.7,0.0
2023-10-20T02:00,17.4,84,8.4,329.0,989.3,0.0
2023-10-20T03:00,17.9,81,5.9,317.0,989.4,0.0
2023-10-20T04:00,17.1,85,5.2,286.0,989.8,0.0
2023-10-20T05:00,17.0,89,7.2,323.0,990.6,0.0
2023-10-20T06:00,17.3,89,4.9,287.0,991.2,0.0
2023-10-20T07:00,19.2,81,6.6,261.0,992.1,0.0
2023-10-20T08:00,21.9,69,5.4,270.0,992.9,0.0
2023-10-20T09:00,24.4,59,4.7,293.0,993.4,0.0
2023-10-20T10:00,26.2,51,5.6,315.0,993.1,0.0
2023-10-20T11:00,27.3,46,6.6,311.0,992.5,0.0
2023-10-20T12:00,28.2,42,7.2,307.0,991.5,0.0
2023-10-20T13:00,28.8,39,8.4,301.0,990.5,0.0
2023-10-20T14:00,29.1,37,9.2,301.0,989.7,0.0
2023-10-20T15:00,29.1,36,8.6,303.0,989.1,0.0
2023-10-20T16:00,28.3,38,8.9,302.0,988.9,0.0
2023-10-20T17:00,25.7,49,6.4,344.0,989.4,0.0
2023-10-20T18:00,23.7,57,7.2,342.0,989.8,0.0
2023-10-20T19:00,22.4,65,8.7,355.0,990.5,0.0
2023-10-20T20:00,21.3,70,8.8,351.0,990.6,0.0
2023-10-20T21:00,20.3,75,8.9,328.0,990.6,0.0
2023-10-20T22:00,19.6,78,9.9,327.0,990.4,0.0
2023-10-20T23:00,18.9,81,9.7,315.0,990.1,0.0
2023-10-21T00:00,18.4,83,9.7,315.0,990.0,0.0
2023-10-21T01:00,17.8,85,9.2,309.0,989.8,0.0
2023-10-21T02:00,17.5,87,7.2,297.0,989.5,0.0
2023-10-21T03:00,16.9,90,7.0,282.0,989.5,0.0
2023-10-21T04:00,16.7,90,5.8,270.0,989.7,0.0
2023-10-21T05:00,17.5,89,4.3,275.0,990.4,0.0
2023-10-21T06:00,17.6,90,6.1,267.0,991.0,0.0
2023-10-21T07:00,19.3,83,9.0,265.0,992.1,0.0
2023-10-21T08:00,22.3,72,6.5,276.0,993.2,0.0
2023-10-21T09:00,24.9,62,5.9,284.0,993.5,0.0
2023-10-21T10:00,26.9,53,4.9,287.0,993.3,0.0
2023-10-21T11:00,28.2,45,3.8,311.0,992.7,0.0
2023-10-21T12:00,29.0,40,4.9,324.0,991.8,0.0
2023-10-21T13:00,29.5,38,6.0,327.0,990.8,0.0
2023-10-21T14:00,29.7,36,6.1,332.0,990.1,0.0
2023-10-21T15:00,29.6,36,5.7,325.0,989.7,0.0
2023-10-21T16:00,29.0,38,7.1,311.0,990.0,0.0
2023-10-21T17:00,26.2,49,7.8,347.0,989.7,0.0
2023-10-21T18:00,24.5,47,7.7,349.0,990.6,0.0
2023-10-21T19:00,23.4,48,7.6,8.0,990.9,0.0
2023-10-21T20:00,21.7,55,9.7,15.0,991.0,0.0
2023-10-21T21:00,21.0,61,8.3,18.0,991.2,0.0
2023-10-21T22:00,19.9,69,9.8,6.0,991.4,0.0
2023-10-21T23:00,19.5,72,7.1,24.0,991.3,0.0
2023-10-22T00:00,18.4,77,10.3,29.0,991.0,0.0
2023-10-22T01:00,18.5,75,9.4,50.0,990.8,0.0
2023-10-22T02:00,19.2,71,7.4,76.0,990.4,0.0
2023-10-22T03:00,17.5,79,8.2,128.0,990.2,0.0
2023-10-22T04:00,17.3,79,8.2,142.0,990.3,0.0
2023-10-22T05:00,17.2,84,4.7,266.0,991.6,0.0
2023-10-22T06:00,17.1,86,4.5,284.0,992.1,0.0
2023-10-22T07:00,19.1,78,3.8,287.0,992.8,0.0
2023-10-22T08:00,22.3,68,2.4,333.0,993.8,0.0
2023-10-22T09:00,25.1,58,1.8,37.0,994.2,0.0
2023-10-22T10:00,27.3,48,2.6,56.0,994.0,0.0
2023-10-22T11:00,28.7,40,2.9,60.0,993.3,0.0
2023-10-22T12:00,29.6,37,4.3,24.0,992.2,0.0
2023-10-22T13:00,30.3,35,6.1,3.0,991.3,0.0
2023-10-22T14:00,30.4,36,8.8,341.0,990.6,0.0
2023-10-22T15:00,30.2,36,9.2,339.0,989.9,0.0
2023-10-22T16:00,29.4,38,10.8,345.0,989.9,0.0
2023-10-22T17:00,26.5,47,6.2,339.0,989.9,0.0
2023-10-22T18:00,25.4,50,9.0,358.0,990.2,0.0
2023-10-22T19:00,24.1,58,6.9,9.0,990.9,0.0
2023-10-22T20:00,22.9,64,6.8,360.0,991.0,0.0
2023-10-22T21:00,21.8,70,6.8,342.0,991.3,0.0
2023-10-22T22:00,21.3,74,5.8,338.0,991.3,0.0
2023-10-22T23:00,20.4,79,6.9,351.0,991.2,0.0
2023-10-23T00:00,19.7,83,7.7,11.0,990.6,0.0
2023-10-23T01:00,19.0,86,9.1,7.0,990.3,0.0
2023-10-23T02:00,18.5,88,8.0,350.0,990.0,0.0
2023-10-23T03:00,18.0,90,8.1,339.0,989.8,0.0
2023-10-23T04:00,17.6,91,7.6,329.0,989.9,0.0
2023-10-23T05:00,17.9,91,5.0,291.0,990.5,0.0
2023-10-23T06:00,18.2,90,5.1,274.0,991.3,0.0
2023-10-23T07:00,19.7,84,8.6,268.0,992.0,0.0
2023-10-23T08:00,22.3,73,7.6,273.0,992.7,0.0
2023-10-23T09:00,24.9,63,7.8,292.0,992.8,0.0
2023-10-23T10:00,27.1,50,11.2,318.0,992.5,0.0
2023-10-23T11:00,28.2,44,11.4,325.0,991.6,0.0
2023-10-23T12:00,29.0,41,11.0,322.0,990.3,0.0
2023-10-23T13:00,29.5,40,10.9,314.0,989.1,0.0
2023-10-23T14:00,29.7,38,11.0,311.0,988.4,0.0
2023-10-23T15:00,29.5,37,10.7,315.0,987.9,0.0
2023-10-23T16:00,28.9,37,9.4,320.0,987.9,0.0
2023-10-23T17:00,26.1,46,6.9,317.0,987.8,0.0
2023-10-23T18:00,24.0,54,8.5,332.0,988.4,0.0
2023-10-23T19:00,23.1,59,7.9,344.0,988.9,0.0
2023-10-23T20:00,22.4,63,7.9,336.0,989.4,0.0
2023-10-23T21:00,22.0,65,6.9,309.0,989.4,0.0
2023-10-23T22:00,21.8,66,8.0,297.0,989.5,0.0
2023-10-23T23:00,21.0,69,7.1,300.0,989.2,0.0
2023-10-24T00:00,19.9,76,7.2,307.0,988.7,0.0
2023-10-24T01:00,19.2,79,6.6,315.0,988.5,0.0
2023-10-24T02:00,18.2,84,7.9,313.0,988.1,0.0
2023-10-24T03:00,17.9,85,6.8,288.0,987.9,0.0
2023-10-24T04:00,17.7,86,6.1,273.0,987.9,0.0
2023-10-24T05:00,17.7,90,5.3,298.0,988.9,0.0
2023-10-24T06:00,17.9,89,5.6,285.0,989.2,0.0
2023-10-24T07:00,19.2,83,8.0,275.0,990.0,0.0
2023-10-24T08:00,22.0,72,6.8,273.0,991.1,0.0
2023-10-24T09:00,24.9,61,7.3,279.0,991.6,0.0
2023-10-24T10:00,27.3,51,7.9,294.0,991.3,0.0
2023-10-24T11:00,28.8,43,10.0,308.0,990.8,0.0
2023-10-24T12:00,29.7,40,11.0,311.0,989.8,0.0
2023-10-24T13:00,30.3,36,10.7,312.0,988.9,0.0
2023-10-24T14:00,30.5,34,10.7,310.0,988.3,0.0
2023-10-24T15:00,30.4,32,10.2,312.0,988.2,0.0
2023-10-24T16:00,29.7,33,8.9,320.0,988.2,0.0
2023-10-24T17:00,26.6,44,6.6,331.0,988.5,0.0
2023-10-24T18:00,24.7,44,8.0,350.0,989.0,0.0
2023-10-24T19:00,23.8,48,8.4,340.0,989.4,0.0
2023-10-24T20:00,22.7,52,7.9,330.0,989.5,0.0
2023-10-24T21:00,21.5,58,8.5,324.0,989.5,0.0
2023-10-24T22:00,20.8,61,7.4,299.0,989.5,0.0
2023-10-24T23:00,20.2,64,6.8,295.0,989.2,0.0
2023-10-25T00:00,19.4,69,6.8,295.0,988.9,0.0
2023-10-25T01:00,19.0,73,7.1,294.0,988.7,0.0
2023-10-25T02:00,18.6,77,7.4,293.0,988.6,0.0
2023-10-25T03:00,17.9,80,6.3,294.0,988.4,0.0
2023-10-25T04:00,17.5,82,6.0,287.0,988.7,0.0
2023-10-25T05:00,17.1,83,6.3,294.0,989.0,0.0
2023-10-25T06:00,18.1,85,5.8,300.0,990.1,0.0
2023-10-25T07:00,19.5,79,8.2,285.0,991.1,0.0
2023-10-25T08:00,22.1,70,6.4,286.0,992.1,0.0
2023-10-25T09:00,24.8,61,6.7,306.0,992.8,0.0
2023-10-25T10:00,27.1,54,8.7,315.0,992.7,0.0
2023-10-25T11:00,29.0,42,11.2,315.0,992.3,0.0
2023-10-25T12:00,29.9,37,12.8,310.0,991.2,0.0
2023-10-25T13:00,30.5,33,14.1,310.0,990.2,0.0
2023-10-25T14:00,30.6,29,14.6,310.0,989.5,0.0
2023-10-25T15:00,30.2,29,14.5,312.0,989.0,0.0
2023-10-25T16:00,29.3,31,12.0,314.0,989.0,0.0
2023-10-25T17:00,26.5,39,7.4,313.0,989.0,0.0
2023-10-25T18:00,24.4,50,7.4,317.0,989.7,0.0
2023-10-25T19:00,23.2,56,7.4,317.0,990.0,0.0
2023-10-25T20:00,21.7,62,7.9,309.0,990.2,0.0
2023-10-25T21:00,20.6,67,9.5,307.0,990.2,0.0
2023-10-25T22:00,20.1,68,9.4,310.0,989.7,0.0
2023-10-25T23:00,19.8,69,7.4,309.0,989.6,0.0
2023-10-26T00:00,19.2,72,6.9,309.0,989.3,0.0
2023-10-26T01:00,18.2,77,7.5,305.0,989.0,0.0
2023-10-26T02:00,17.9,79,5.9,281.0,988.7,0.0
2023-10-26T03:00,17.8,79,6.5,267.0,988.4,0.0
2023-10-26T04:00,17.3,81,8.3,268.0,988.5,0.0
2023-10-26T05:00,16.9,83,9.4,293.0,988.6,0.0
2023-10-26T06:00,17.5,83,9.9,289.0,989.6,0.0
2023-10-26T07:00,18.8,78,12.4,292.0,990.4,0.0
2023-10-26T08:00,21.5,68,10.3,299.0,991.5,0.0
2023-10-26T09:00,24.4,59,9.7,309.0,992.3,0.0
2023-10-26T10:00,26.8,51,10.9,314.0,992.3,0.0
2023-10-26T11:00,28.6,42,12.2,315.0,991.8,0.0
2023-10-26T12:00,29.6,36,12.0,316.0,990.6,0.0
2023-10-26T13:00,30.2,32,11.5,314.0,989.5,0.0
2023-10-26T14:00,30.5,29,10.7,315.0,989.0,0.0
2023-10-26T15:00,30.3,27,10.0,308.0,988.5,0.0
2023-10-26T16:00,29.4,30,8.5,298.0,988.5,0.0
2023-10-26T17:00,26.3,38,8.9,313.0,988.5,0.0
2023-10-26T18:00,24.1,46,9.0,307.0,988.8,0.0
2023-10-26T19:00,22.5,54,9.0,307.0,989.2,0.0
2023-10-26T20:00,21.3,59,9.1,304.0,989.4,0.0
2023-10-26T21:00,20.4,61,10.5,301.0,989.5,0.0
2023-10-26T22:00,20.3,59,9.2,309.0,989.4,0.0
2023-10-26T23:00,19.7,61,8.9,310.0,989.2,0.0
2023-10-27T00:00,19.2,61,9.1,304.0,988.7,0.0
2023-10-27T01:00,18.6,61,8.6,303.0,988.2,0.0
2023-10-27T02:00,17.8,63,8.2,308.0,987.7,0.0
2023-10-27T03:00,17.1,66,7.3,303.0,987.6,0.0
2023-10-27T04:00,16.9,67,6.8,302.0,987.6,0.0
2023-10-27T05:00,16.6,67,8.1,291.0,987.8,0.0
2023-10-27T06:00,16.8,76,9.2,281.0,988.8,0.0
2023-10-27T07:00,18.0,71,12.1,280.0,989.6,0.0
2023-10-27T08:00,21.3,62,9.6,283.0,990.7,0.0
2023-10-27T09:00,24.5,52,8.1,291.0,991.2,0.0
2023-10-27T10:00,27.2,44,8.4,301.0,991.1,0.0
2023-10-27T11:00,29.2,32,8.7,300.0,990.4,0.0
2023-10-27T12:00,29.9,29,9.2,301.0,989.5,0.0
2023-10-27T13:00,30.3,27,9.5,307.0,988.7,0.0
2023-10-27T14:00,30.4,27,9.2,315.0,988.0,0.0
2023-10-27T15:00,30.1,27,10.1,325.0,987.7,0.0
2023-10-27T16:00,29.2,31,7.1,315.0,987.8,0.0
2023-10-27T17:00,25.4,44,11.5,321.0,987.7,0.0
2023-10-27T18:00,23.5,51,9.8,17.0,987.8,0.0
2023-10-27T19:00,22.8,54,9.0,2.0,988.6,0.0
2023-10-27T20:00,21.9,57,9.3,332.0,988.9,0.0
2023-10-27T21:00,21.1,58,9.9,316.0,989.2,0.0
2023-10-27T22:00,20.7,57,10.4,314.0,989.2,0.0
2023-10-27T23:00,22.3,50,9.7,315.0,989.1,0.0
2023-10-28T00:00,23.3,45,8.0,324.0,988.8,0.0
2023-10-28T01:00,22.5,49,7.2,323.0,988.3,0.0
2023-10-28T02:00,21.5,52,6.9,43.0,987.5,0.0
2023-10-28T03:00,21.0,54,3.2,27.0,987.2,0.0
2023-10-28T04:00,20.7,54,1.0,135.0,987.5,0.0
2023-10-28T05:00,20.3,55,2.9,270.0,987.8,0.0
2023-10-28T06:00,18.6,67,3.3,257.0,988.9,0.0
2023-10-28T07:00,19.1,68,3.5,246.0,989.8,0.0
2023-10-28T08:00,21.8,62,4.7,247.0,990.6,0.0
2023-10-28T09:00,24.7,52,4.5,241.0,991.5,0.0
2023-10-28T10:00,27.0,45,4.7,238.0,991.5,0.0
2023-10-28T11:00,28.6,38,4.4,235.0,991.0,0.0
2023-10-28T12:00,29.6,34,4.7,270.0,990.2,0.0
2023-10-28T13:00,29.9,32,6.0,295.0,989.1,0.0
2023-10-28T14:00,30.0,30,6.6,311.0,988.4,0.0
2023-10-28T15:00,29.6,31,7.9,330.0,987.9,0.0
2023-10-28T16:00,28.6,39,5.4,323.0,987.9,0.0
2023-10-28T17:00,26.5,47,8.7,322.0,988.0,0.0
2023-10-28T18:00,23.8,51,10.7,57.0,988.8,0.0
2023-10-28T19:00,25.1,44,7.6,71.0,989.4,0.0
2023-10-28T20:00,26.0,41,5.4,94.0,989.7,0.0
2023-10-28T21:00,23.9,49,8.1,122.0,989.8,0.0
2023-10-28T22:00,22.6,54,9.1,146.0,989.5,0.0
2023-10-28T23:00,21.4,57,10.2,135.0,989.1,0.0
2023-10-29T00:00,21.6,57,9.2,132.0,988.7,0.0
2023-10-29T01:00,20.3,62,4.8,167.0,988.3,0.0
2023-10-29T02:00,18.8,66,5.8,240.0,988.1,0.0
2023-10-29T03:00,18.3,69,6.4,254.0,987.9,0.0
2023-10-29T04:00,17.8,73,6.1,270.0,987.7,0.0
2023-10-29T05:00,18.2,72,4.6,288.0,987.9,0.0
2023-10-29T06:00,20.1,63,3.0,76.0,989.2,0.0
2023-10-29T07:00,19.8,68,2.9,90.0,989.9,0.0
2023-10-29T08:00,22.4,62,4.4,99.0,990.8,0.0
2023-10-29T09:00,25.8,52,4.2,110.0,991.4,0.0
2023-10-29T10:00,28.2,43,3.9,112.0,991.4,0.0
2023-10-29T11:00,29.7,39,2.7,113.0,990.9,0.0
2023-10-29T12:00,30.6,36,1.4,90.0,990.0,0.0
2023-10-29T13:00,31.2,33,1.4,360.0,988.9,0.0
2023-10-29T14:00,31.4,32,3.1,339.0,988.3,0.0
2023-10-29T15:00,31.2,32,4.3,318.0,987.7,0.0
2023-10-29T16:00,30.0,41,3.3,311.0,987.7,0.0
2023-10-29T17:00,27.4,48,6.2,306.0,987.9,0.0
2023-10-29T18:00,25.0,55,6.3,59.0,988.8,0.0
2023-10-29T19:00,23.8,60,8.2,75.0,988.9,0.0
2023-10-29T20:00,22.5,67,8.0,82.0,989.2,0.0
2023-10-29T21:00,21.9,70,8.0,98.0,989.5,0.0
2023-10-29T22:00,20.6,77,8.3,108.0,989.4,0.0
2023-10-29T23:00,20.0,79,8.0,117.0,989.4,0.0
2023-10-30T00:00,19.4,81,9.4,113.0,988.9,0.0
2023-10-30T01:00,18.9,84,9.3,118.0,988.8,0.0
2023-10-30T02:00,18.5,87,6.7,126.0,988.5,0.0
2023-10-30T03:00,17.9,90,7.1,120.0,988.4,0.0
2023-10-30T04:00,17.7,90,7.0,125.0,988.6,0.0
2023-10-30T05:00,17.6,90,6.2,111.0,988.9,0.0
2023-10-30T06:00,18.4,93,5.8,97.0,989.7,0.0
2023-10-30T07:00,20.2,86,6.9,96.0,990.7,0.0
2023-10-30T08:00,23.1,74,4.5,119.0,991.7,0.0
2023-10-30T09:00,26.0,63,4.8,132.0,992.0,0.0
2023-10-30T10:00,28.4,53,4.9,126.0,991.9,0.0
2023-10-30T11:00,29.9,47,3.2,117.0,991.5,0.0
2023-10-30T12:00,30.9,43,1.0,45.0,990.4,0.0
2023-10-30T13:00,31.5,38,3.2,333.0,989.3,0.0
2023-10-30T14:00,31.7,35,6.0,327.0,988.7,0.0
2023-10-30T15:00,31.3,36,8.8,325.0,988.3,0.0
2023-10-30T16:00,30.3,41,7.4,317.0,988.2,0.0
2023-10-30T17:00,27.2,53,9.3,332.0,988.4,0.0
2023-10-30T18:00,24.6,59,8.4,20.0,989.2,0.0
2023-10-30T19:00,23.3,64,7.7,28.0,989.6,0.0
2023-10-30T20:00,22.6,64,7.7,41.0,990.3,0.0
2023-10-30T21:00,22.0,68,7.7,53.0,990.5,0.0
2023-10-30T22:00,20.9,78,9.8,73.0,990.5,0.0
2023-10-30T23:00,20.8,80,5.4,90.0,990.7,0.0
2023-10-31T00:00,19.8,86,2.8,140.0,990.5,0.0
2023-10-31T01:00,19.9,85,4.8,132.0,990.3,0.0
2023-10-31T02:00,19.0,90,8.1,111.0,989.7,0.0
2023-10-31T03:00,18.6,91,2.6,106.0,989.5,0.0
2023-10-31T04:00,18.5,90,1.6,207.0,989.8,0.0
2023-10-31T05:00,18.7,90,3.2,207.0,990.1,0.0
2023-10-31T06:00,19.2,90,5.2,164.0,991.5,0.0
2023-10-31T07:00,20.7,84,5.9,142.0,992.3,0.0
2023-10-31T08:00,23.5,74,4.7,122.0,993.2,0.0
2023-10-31T09:00,26.0,65,5.5,101.0,993.8,0.0
2023-10-31T10:00,28.1,56,5.8,97.0,993.5,0.0
2023-10-31T11:00,29.5,49,4.4,99.0,992.8,0.0
2023-10-31T12:00,30.3,45,2.9,90.0,991.7,0.0
2023-10-31T13:00,30.8,41,2.4,63.0,990.8,0.0
2023-10-31T14:00,31.1,37,2.8,40.0,990.0,0.0
2023-10-31T15:00,30.9,36,2.6,16.0,989.8,0.0
2023-10-31T16:00,30.0,40,1.8,360.0,989.7,0.0
2023-10-31T17:00,26.5,56,1.0,45.0,989.7,0.0
2023-10-31T18:00,25.2,62,6.6,77.0,990.6,0.0
2023-10-31T19:00,24.2,69,6.1,87.0,991.0,0.0
2023-10-31T20:00,23.3,73,8.0,98.0,991.5,0.0
2023-10-31T21:00,22.3,77,8.4,100.0,991.8,0.0
2023-10-31T22:00,21.4,80,8.5,102.0,992.0,0.0
2023-10-31T23:00,20.9,81,8.5,102.0,991.9,0.0
2023-11-01T00:00,20.5,83,6.9,99.0,991.8,0.0
2023-11-01T01:00,20.3,84,6.9,99.0,991.6,0.0
2023-11-01T02:00,20.1,83,7.2,96.0,991.2,0.0
2023-11-01T03:00,19.5,85,5.0,120.0,991.1,0.0
2023-11-01T04:00,18.8,89,3.8,139.0,991.1,0.0
2023-11-01T05:00,19.1,86,3.6,135.0,991.3,0.0
2023-11-01T06:00,20.2,81,4.2,110.0,992.7,0.0
2023-11-01T07:00,20.2,82,1.3,56.0,993.6,0.0
2023-11-01T08:00,22.6,74,0.7,90.0,994.6,0.0
2023-11-01T09:00,25.3,63,1.3,124.0,995.1,0.0
2023-11-01T10:00,27.4,54,2.3,129.0,994.4,0.0
2023-11-01T11:00,28.9,48,2.0,45.0,993.3,0.0
2023-11-01T12:00,29.8,44,4.4,9.0,992.2,0.0
2023-11-01T13:00,30.3,41,5.8,356.0,991.2,0.0
2023-11-01T14:00,30.5,39,6.2,350.0,990.4,0.0
2023-11-01T15:00,30.2,39,6.6,338.0,990.1,0.0
2023-11-01T16:00,29.4,42,5.9,322.0,990.2,0.0
2023-11-01T17:00,26.5,52,6.6,338.0,990.3,0.0
2023-11-01T18:00,25.8,55,5.2,12.0,990.2,0.0
2023-11-01T19:00,24.0,64,4.0,27.0,990.7,0.0
2023-11-01T20:00,23.0,69,5.5,58.0,990.9,0.0
2023-11-01T21:00,22.0,74,7.3,81.0,991.1,0.0
2023-11-01T22:00,21.1,78,7.6,98.0,991.1,0.0
2023-11-01T23:00,20.4,82,9.0,106.0,991.0,0.0
2023-11-02T00:00,20.0,84,10.0,111.0,990.6,0.0
2023-11-02T01:00,20.0,83,9.1,108.0,990.2,0.0
2023-11-02T02:00,21.7,74,5.8,97.0,990.0,0.0
2023-11-02T03:00,21.3,75,3.6,84.0,989.6,0.0
2023-11-02T04:00,21.7,72,1.8,349.0,989.5,0.0
2023-11-02T05:00,19.0,84,4.5,299.0,989.7,0.0
2023-11-02T06:00,19.1,85,5.8,292.0,991.1,0.0
2023-11-02T07:00,19.8,82,9.3,283.0,991.7,0.0
2023-11-02T08:00,22.6,73,6.2,280.0,992.3,0.0
2023-11-02T09:00,25.5,61,5.9,281.0,992.9,0.0
2023-11-02T10:00,27.7,53,5.4,274.0,992.6,0.0
2023-11-02T11:00,29.0,47,6.0,287.0,992.0,0.0
2023-11-02T12:00,29.7,44,7.8,304.0,990.9,0.0
2023-11-02T13:00,30.1,42,8.9,317.0,990.1,0.0
2023-11-02T14:00,30.3,40,9.5,323.0,989.1,0.0
2023-11-02T15:00,30.2,38,10.2,328.0,988.5,0.0
2023-11-02T16:00,29.6,39,8.5,332.0,988.3,0.0
2023-11-02T17:00,26.3,51,8.9,328.0,988.0,0.0
2023-11-02T18:00,24.6,64,7.2,354.0,988.7,0.0
2023-11-02T19:00,23.4,71,7.4,14.0,988.8,0.0
2023-11-02T20:00,22.6,75,6.8,342.0,989.2,0.0
2023-11-02T21:00,21.6,78,8.1,328.0,989.2,0.0
2023-11-02T22:00,21.3,78,6.9,351.0,988.8,0.0
2023-11-02T23:00,21.2,77,6.8,357.0,988.3,0.0
2023-11-03T00:00,19.8,84,8.4,320.0,987.7,0.0
2023-11-03T01:00,19.5,86,7.8,326.0,987.3,0.0
2023-11-03T02:00,18.6,90,7.9,309.0,986.8,0.0
2023-11-03T03:00,18.6,90,7.6,301.0,986.7,0.0
2023-11-03T04:00,18.2,92,8.7,287.0,986.7,0.0
2023-11-03T05:00,17.8,93,8.8,282.0,987.0,0.0
2023-11-03T06:00,17.9,97,6.3,294.0,988.1,0.0
2023-11-03T07:00,18.9,93,8.1,302.0,988.8,0.0
2023-11-03T08:00,21.6,80,6.5,304.0,989.8,0.0
2023-11-03T09:00,24.4,68,6.4,308.0,990.3,0.0
2023-11-03T10:00,26.8,57,7.8,292.0,990.0,0.0
2023-11-03T11:00,28.3,49,10.5,286.0,989.3,0.0
2023-11-03T12:00,27.1,52,16.0,284.0,989.2,1.1
2023-11-03T13:00,27.8,45,9.7,301.0,987.8,0.0
2023-11-03T14:00,28.5,44,8.7,308.0,986.6,0.0
2023-11-03T15:00,28.4,44,9.2,321.0,986.3,0.0
2023-11-03T16:00,27.7,48,8.4,317.0,986.1,0.0
2023-11-03T17:00,25.1,59,10.4,326.0,986.3,0.0
2023-11-03T18:00,22.7,66,9.7,329.0,987.2,0.0
2023-11-03T19:00,22.2,66,11.2,320.0,987.5,0.0
2023-11-03T20:00,21.3,70,11.2,320.0,987.6,0.0
2023-11-03T21:00,20.8,70,11.2,318.0,987.9,0.0
2023-11-03T22:00,20.2,70,10.0,322.0,988.1,0.0
2023-11-03T23:00,18.7,77,7.9,16.0,988.4,0.0
2023-11-04T00:00,17.6,81,8.7,17.0,987.9,0.0
2023-11-04T01:00,17.0,83,9.0,23.0,987.4,0.0
2023-11-04T02:00,16.7,83,7.6,3.0,987.0,0.0
2023-11-04T03:00,17.2,79,5.8,338.0,986.9,0.0
2023-11-04T04:00,16.6,82,4.3,318.0,986.6,0.0
2023-11-04T05:00,15.9,85,7.6,278.0,986.8,0.0
2023-11-04T06:00,17.6,91,3.3,257.0,988.2,0.0
2023-11-04T07:00,18.8,86,6.2,260.0,989.0,0.0
2023-11-04T08:00,21.4,75,5.4,274.0,989.7,0.0
2023-11-04T09:00,23.8,66,4.7,293.0,990.5,0.0
2023-11-04T10:00,25.9,59,3.8,311.0,990.1,0.0
2023-11-04T11:00,27.6,51,5.2,326.0,989.6,0.0
2023-11-04T12:00,28.7,46,7.4,331.0,988.6,0.0
2023-11-04T13:00,29.4,42,9.7,329.0,987.9,0.0
2023-11-04T14:00,29.6,41,12.2,315.0,987.2,0.0
2023-11-04T15:00,29.4,37,16.2,307.0,986.7,0.0
2023-11-04T16:00,28.5,37,12.7,305.0,986.9,0.0
2023-11-04T17:00,25.9,45,11.2,318.0,986.9,0.0
2023-11-04T18:00,23.6,65,11.2,320.0,987.3,0.0
2023-11-04T19:00,22.6,70,10.3,331.0,987.8,0.0
2023-11-04T20:00,21.8,75,9.9,314.0,988.6,0.0
2023-11-04T21:00,23.9,62,7.0,348.0,988.7,0.0
2023-11-04T22:00,21.1,72,6.9,351.0,988.6,0.0
2023-11-04T23:00,19.6,77,6.9,6.0,988.4,0.0
2023-11-05T00:00,19.2,78,7.2,354.0,988.1,0.0
2023-11-05T01:00,20.0,73,9.5,323.0,988.1,0.0
2023-11-05T02:00,17.5,84,10.3,306.0,987.8,0.0
2023-11-05T03:00,17.3,86,6.0,295.0,987.9,0.0
2023-11-05T04:00,16.9,88,8.3,275.0,988.2,0.0
2023-11-05T05:00,16.8,89,8.7,277.0,988.7,0.0
2023-11-05T06:00,17.8,96,7.2,288.0,989.7,0.0
2023-11-05T07:00,18.8,94,7.2,297.0,990.3,0.0
2023-11-05T08:00,21.3,84,4.9,306.0,991.0,0.0
2023-11-05T09:00,24.7,69,4.1,315.0,991.8,0.0
2023-11-05T10:00,27.4,45,4.7,302.0,991.6,0.0
2023-11-05T11:00,28.7,34,6.9,298.0,991.1,0.0
2023-11-05T12:00,29.3,32,8.0,306.0,990.2,0.0
2023-11-05T13:00,29.6,32,8.7,318.0,989.6,0.0
2023-11-05T14:00,29.6,32,8.9,328.0,988.9,0.0
2023-11-05T15:00,29.4,32,8.3,326.0,988.7,0.0
2023-11-05T16:00,28.0,39,5.2,335.0,988.5,0.0
2023-11-05T17:00,24.4,52,10.0,339.0,988.5,0.0
2023-11-05T18:00,22.0,62,9.6,20.0,989.1,0.0
2023-11-05T19:00,21.2,64,9.2,26.0,989.5,0.0
2023-11-05T20:00,21.3,59,8.0,27.0,989.8,0.0
2023-11-05T21:00,21.0,57,7.4,43.0,989.9,0.0
2023-11-05T22:00,22.1,51,3.3,6.0,990.4,0.0
2023-11-05T23:00,22.1,50,4.3,95.0,990.5,0.0
2023-11-06T00:00,18.3,64,3.4,212.0,990.1,0.0
2023-11-06T01:00,16.8,72,5.9,218.0,990.3,0.0
2023-11-06T02:00,19.6,59,4.8,207.0,990.2,0.0
2023-11-06T03:00,19.3,60,3.6,225.0,990.1,0.0
2023-11-06T04:00,19.1,61,3.3,283.0,990.2,0.0
2023-11-06T05:00,15.2,81,2.7,337.0,990.1,0.0
2023-11-06T06:00,15.8,90,4.1,45.0,991.4,0.0
2023-11-06T07:00,17.7,84,3.6,45.0,992.1,0.0
2023-11-06T08:00,21.2,72,3.8,73.0,993.0,0.0
2023-11-06T09:00,24.4,60,2.5,90.0,993.4,0.0
2023-11-06T10:00,26.8,48,3.8,107.0,993.4,0.0
2023-11-06T11:00,28.1,40,2.6,124.0,992.9,0.0
2023-11-06T12:00,28.8,37,1.3,124.0,991.8,0.0
2023-11-06T13:00,29.3,34,0.8,333.0,991.0,0.0
2023-11-06T14:00,29.5,32,3.3,319.0,990.3,0.0
2023-11-06T15:00,29.3,30,5.1,315.0,989.8,0.0
2023-11-06T16:00,27.7,43,3.6,315.0,989.6,0.0
2023-11-06T17:00,23.6,54,6.4,313.0,989.3,0.0
2023-11-06T18:00,23.3,60,3.6,45.0,990.1,0.0
2023-11-06T19:00,22.8,61,6.6,81.0,990.7,0.0
2023-11-06T20:00,20.3,70,9.4,92.0,991.0,0.0
2023-11-06T21:00,19.6,73,6.8,90.0,991.0,0.0
2023-11-06T22:00,18.2,79,10.7,78.0,991.1,0.0
2023-11-06T23:00,18.3,78,10.5,68.0,990.9,0.0
2023-11-07T00:00,17.4,82,10.6,62.0,990.5,0.0
2023-11-07T01:00,17.6,81,9.9,57.0,990.2,0.0
2023-11-07T02:00,17.4,81,10.2,51.0,989.9,0.0
2023-11-07T03:00,18.0,77,7.2,63.0,989.7,0.0
2023-11-07T04:00,16.4,84,5.0,60.0,989.7,0.0
2023-11-07T05:00,18.3,74,1.9,292.0,989.9,0.0
2023-11-07T06:00,16.3,89,1.1,162.0,990.6,0.0
2023-11-07T07:00,18.6,81,3.9,202.0,991.4,0.0
2023-11-07T08:00,21.9,72,5.3,208.0,992.4,0.0
2023-11-07T09:00,25.0,60,6.5,199.0,992.9,0.0
2023-11-07T10:00,27.2,50,7.7,208.0,992.9,0.0
2023-11-07T11:00,28.6,41,7.1,225.0,992.1,0.0
2023-11-07T12:00,29.5,35,6.5,251.0,990.9,0.0
2023-11-07T13:00,30.1,32,6.8,273.0,990.1,0.0
2023-11-07T14:00,30.1,32,7.0,291.0,989.4,0.0
2023-11-07T15:00,29.7,33,7.9,313.0,989.0,0.0
2023-11-07T16:00,28.1,45,5.1,315.0,988.9,0.0
2023-11-07T17:00,24.3,57,9.7,315.0,988.8,0.0
2023-11-07T18:00,22.8,66,6.8,25.0,989.0,0.0
2023-11-07T19:00,22.0,67,6.9,43.0,989.3,0.0
2023-11-07T20:00,20.9,69,6.9,62.0,989.4,0.0
2023-11-07T21:00,20.4,70,3.7,79.0,989.3,0.0
2023-11-07T22:00,19.9,73,3.8,73.0,989.3,0.0
2023-11-07T23:00,19.0,78,3.9,34.0,988.9,0.0
2023-11-08T00:00,20.5,70,7.9,313.0,988.8,0.0
2023-11-08T01:00,19.9,72,7.1,330.0,988.9,0.0
2023-11-08T02:00,19.1,76,6.3,347.0,988.4,0.0
2023-11-08T03:00,17.2,86,6.8,342.0,988.3,0.0
2023-11-08T04:00,16.8,89,7.2,354.0,988.2,0.0
2023-11-08T05:00,18.1,80,7.1,345.0,988.4,0.0
2023-11-08T06:00,18.4,82,6.9,9.0,989.2,0.0
2023-11-08T07:00,18.2,90,4.4,9.0,989.7,0.0
2023-11-08T08:00,20.9,76,2.6,344.0,990.7,0.0
2023-11-08T09:00,23.7,66,3.5,336.0,991.6,0.0
2023-11-08T10:00,25.8,58,4.7,337.0,991.4,0.0
2023-11-08T11:00,27.3,51,5.4,323.0,990.9,0.0
2023-11-08T12:00,28.5,45,6.6,315.0,989.9,0.0
2023-11-08T13:00,29.2,40,8.9,313.0,989.1,0.0
2023-11-08T14:00,29.5,38,9.5,307.0,988.4,0.0
2023-11-08T15:00,29.2,37,8.8,305.0,988.0,0.0
2023-11-08T16:00,27.6,48,6.0,303.0,988.0,0.0
2023-11-08T17:00,24.3,58,8.9,317.0,988.3,0.0
2023-11-08T18:00,24.2,59,11.5,309.0,988.7,0.0
2023-11-08T19:00,22.8,58,10.9,314.0,989.2,0.0
2023-11-08T20:00,22.6,60,12.0,309.0,989.8,0.0
2023-11-08T21:00,21.7,66,11.2,318.0,989.8,0.0
2023-11-08T22:00,20.3,73,11.8,329.0,989.6,0.0
2023-11-08T23:00,19.7,77,13.1,323.0,989.1,0.0
2023-11-09T00:00,22.6,61,10.5,338.0,988.5,0.0
2023-11-09T01:00,20.4,70,8.7,5.0,988.0,0.0
2023-11-09T02:00,17.6,85,9.1,353.0,987.5,0.0
2023-11-09T03:00,17.1,87,9.4,313.0,987.4,0.0
2023-11-09T04:00,17.4,86,8.4,310.0,987.7,0.0
2023-11-09T05:00,17.2,85,7.4,284.0,988.0,0.0
2023-11-09T06:00,16.9,90,5.8,274.0,988.9,0.0
2023-11-09T07:00,18.0,85,8.3,272.0,989.8,0.0
2023-11-09T08:00,20.8,74,5.8,270.0,990.5,0.0
2023-11-09T09:00,23.8,66,4.7,270.0,991.4,0.0
2023-11-09T10:00,26.2,55,5.4,262.0,991.3,0.0
2023-11-09T11:00,27.6,50,7.0,258.0,991.0,0.0
2023-11-09T12:00,28.6,47,8.0,265.0,990.1,0.0
2023-11-09T13:00,29.1,43,8.4,280.0,989.2,0.0
2023-11-09T14:00,29.2,40,9.7,285.0,988.6,0.0
2023-11-09T15:00,29.0,38,10.3,295.0,988.3,0.0
2023-11-09T16:00,27.5,47,6.8,302.0,988.2,0.0
2023-11-09T17:00,24.2,55,7.2,273.0,988.4,0.0
2023-11-09T18:00,24.0,59,0.0,270.0,988.8,0.0
2023-11-09T19:00,23.0,64,2.3,231.0,989.3,0.0
2023-11-09T20:00,24.7,52,3.4,238.0,990.1,0.0
2023-11-09T21:00,20.9,69,5.8,263.0,990.1,0.0
2023-11-09T22:00,20.0,73,8.0,275.0,990.2,0.0
2023-11-09T23:00,19.4,76,1.8,53.0,989.9,0.0
2023-11-10T00:00,18.6,79,6.6,77.0,989.5,0.0
2023-11-10T01:00,18.5,78,1.5,14.0,989.6,0.0
2023-11-10T02:00,19.0,76,3.1,54.0,989.3,0.0
2023-11-10T03:00,19.7,71,6.1,357.0,988.9,0.0
2023-11-10T04:00,17.7,80,9.8,54.0,988.6,0.0
2023-11-10T05:00,17.4,81,2.3,321.0,989.9,0.2
2023-11-10T06:00,18.3,88,11.7,99.0,990.3,0.0
2023-11-10T07:00,19.3,83,8.2,128.0,991.1,0.0
2023-11-10T08:00,20.6,79,8.7,132.0,992.2,0.0
2023-11-10T09:00,22.9,71,9.6,124.0,993.4,0.0
2023-11-10T10:00,24.2,62,14.3,108.0,993.0,0.0
2023-11-10T11:00,26.4,52,12.0,111.0,992.9,0.0
2023-11-10T12:00,24.2,60,3.4,212.0,992.5,0.0
2023-11-10T13:00,23.6,63,11.7,99.0,991.5,0.0
2023-11-10T14:00,24.8,61,5.8,68.0,991.1,0.0
2023-11-10T15:00,24.2,62,13.7,55.0,990.5,0.0
2023-11-10T16:00,23.6,64,14.3,43.0,990.5,0.0
2023-11-10T17:00,22.2,71,16.7,25.0,990.5,0.0
2023-11-10T18:00,19.4,88,19.6,43.0,991.9,0.0
2023-11-10T19:00,18.7,88,13.5,46.0,992.5,0.2
2023-11-10T20:00,17.8,90,6.0,343.0,993.7,1.5
2023-11-10T21:00,17.8,88,10.4,70.0,993.3,1.0
2023-11-10T22:00,16.8,93,5.1,86.0,992.5,0.0
2023-11-10T23:00,16.1,94,6.6,61.0,992.2,0.0
2023-11-11T00:00,15.7,96,7.9,47.0,991.6,0.0
2023-11-11T01:00,16.6,92,8.4,353.0,991.5,0.0
2023-11-11T02:00,15.3,97,9.7,329.0,991.1,0.0
2023-11-11T03:00,15.2,97,9.8,324.0,991.1,0.0
2023-11-11T04:00,14.9,97,7.1,319.0,991.3,0.0
2023-11-11T05:00,14.9,96,6.6,315.0,991.9,0.0
2023-11-11T06:00,15.8,94,8.5,306.0,992.6,0.0
2023-11-11T07:00,16.3,93,11.2,312.0,993.4,0.0
2023-11-11T08:00,17.8,88,10.4,316.0,994.3,0.0
2023-11-11T09:00,19.9,78,10.8,323.0,995.1,0.0
2023-11-11T10:00,22.0,67,11.5,328.0,995.3,0.0
2023-11-11T11:00,23.6,57,11.3,333.0,994.7,0.0
2023-11-11T12:00,24.6,52,10.9,333.0,993.8,0.0
2023-11-11T13:00,25.1,48,10.3,335.0,992.8,0.0
2023-11-11T14:00,25.3,47,10.3,335.0,992.3,0.0
2023-11-11T15:00,25.0,48,10.8,334.0,991.9,0.0
2023-11-11T16:00,24.2,52,10.0,339.0,992.2,0.0
2023-11-11T17:00,20.9,67,8.2,322.0,992.2,0.0
2023-11-11T18:00,20.3,71,8.4,320.0,993.0,0.0
2023-11-11T19:00,19.4,73,7.7,319.0,993.3,0.0
2023-11-11T20:00,18.5,74,7.4,317.0,993.9,0.0
2023-11-11T21:00,17.7,76,7.9,313.0,994.3,0.0
2023-11-11T22:00,17.0,79,8.2,311.0,994.2,0.0
2023-11-11T23:00,16.4,82,7.9,309.0,993.9,0.0
2023-11-12T00:00,15.9,85,7.7,307.0,993.4,0.0
2023-11-12T01:00,15.2,88,6.9,309.0,993.0,0.0
2023-11-12T02:00,14.7,90,6.6,311.0,992.8,0.0
2023-11-12T03:00,14.4,91,6.9,309.0,992.5,0.0
2023-11-12T04:00,14.2,92,7.7,307.0,992.5,0.0
2023-11-12T05:00,13.9,92,8.6,303.0,992.8,0.0
2023-11-12T06:00,14.2,93,8.5,298.0,993.8,0.0
2023-11-12T07:00,14.9,90,10.8,296.0,994.5,0.0
2023-11-12T08:00,17.1,81,9.2,296.0,995.0,0.0
2023-11-12T09:00,19.5,72,8.9,297.0,995.3,0.0
2023-11-12T10:00,21.7,64,10.2,302.0,995.2,0.0
2023-11-12T11:00,23.4,55,11.6,300.0,994.5,0.0
2023-11-12T12:00,24.4,50,11.0,302.0,993.4,0.0
2023-11-12T13:00,25.0,48,11.1,306.0,992.5,0.0
2023-11-12T14:00,25.1,48,10.2,309.0,991.8,0.0
2023-11-12T15:00,25.0,47,10.9,314.0,991.6,0.0
2023-11-12T16:00,24.0,53,8.2,308.0,991.5,0.0
2023-11-12T17:00,20.9,66,7.6,301.0,991.6,0.0
2023-11-12T18:00,20.5,67,9.0,299.0,992.3,0.0
2023-11-12T19:00,19.2,72,8.3,304.0,992.5,0.0
2023-11-12T20:00,17.9,78,8.4,310.0,993.0,0.0
2023-11-12T21:00,17.3,80,8.2,311.0,993.1,0.0
2023-11-12T22:00,16.9,81,7.9,309.0,993.1,0.0
2023-11-12T23:00,16.4,83,7.6,301.0,993.2,0.0
2023-11-13T00:00,15.9,84,7.7,298.0,992.9,0.0
2023-11-13T01:00,15.3,86,7.6,301.0,992.6,0.0
2023-11-13T02:00,14.5,89,6.9,309.0,992.2,0.0
2023-11-13T03:00,13.7,92,7.5,305.0,992.0,0.0
2023-11-13T04:00,13.4,92,7.1,311.0,991.8,0.0
2023-11-13T05:00,13.2,92,6.9,317.0,992.2,0.0
2023-11-13T06:00,13.5,94,6.9,317.0,993.2,0.0
2023-11-13T07:00,14.6,90,7.9,313.0,993.9,0.0
2023-11-13T08:00,17.2,81,5.6,315.0,994.8,0.0
2023-11-13T09:00,20.0,71,4.8,333.0,995.7,0.0
2023-11-13T10:00,22.5,62,4.0,350.0,995.7,0.0
2023-11-13T11:00,24.1,52,3.3,354.0,995.1,0.0
2023-11-13T12:00,25.0,48,3.7,331.0,994.1,0.0
2023-11-13T13:00,25.5,46,4.2,329.0,993.1,0.0
2023-11-13T14:00,25.6,45,4.2,329.0,992.3,0.0
2023-11-13T15:00,25.2,46,5.0,339.0,991.9,0.0
2023-11-13T16:00,24.2,52,3.5,336.0,991.8,0.0
2023-11-13T17:00,22.5,57,8.7,336.0,991.8,0.0
2023-11-13T18:00,20.4,72,9.2,334.0,992.1,0.0
2023-11-13T19:00,19.5,77,9.2,334.0,992.5,0.0
2023-11-13T20:00,18.5,80,10.3,324.0,993.0,0.0
2023-11-13T21:00,18.0,81,9.1,326.0,993.3,0.0
2023-11-13T22:00,16.9,85,9.2,321.0,993.1,0.0
2023-11-13T23:00,16.2,87,7.3,340.0,992.7,0.0
2023-11-14T00:00,15.9,87,7.3,340.0,992.2,0.0
2023-11-14T01:00,16.0,85,6.8,357.0,992.0,0.0
2023-11-14T02:00,15.6,86,6.5,354.0,991.5,0.0
2023-11-14T03:00,15.7,83,7.6,341.0,991.4,0.0
2023-11-14T04:00,15.3,84,8.2,331.0,991.2,0.0
2023-11-14T05:00,14.1,89,9.2,321.0,991.4,0.0
2023-11-14T06:00,14.3,91,9.5,323.0,992.9,0.0
2023-11-14T07:00,15.8,84,7.1,319.0,993.6,0.0
2023-11-14T08:00,18.0,76,6.0,287.0,994.6,0.0
2023-11-14T09:00,20.3,68,5.2,286.0,995.4,0.0
2023-11-14T10:00,22.5,62,5.0,300.0,995.4,0.0
2023-11-14T11:00,24.0,52,5.3,298.0,994.8,0.0
2023-11-14T12:00,24.8,45,6.9,298.0,993.6,0.0
2023-11-14T13:00,25.1,43,8.4,301.0,992.4,0.0
2023-11-14T14:00,25.2,43,8.5,306.0,991.8,0.0
2023-11-14T15:00,25.0,44,9.2,312.0,991.1,0.0
2023-11-14T16:00,23.9,50,7.1,315.0,991.1,0.0
2023-11-14T17:00,20.4,64,11.3,323.0,991.0,0.0
2023-11-14T18:00,19.0,71,10.6,325.0,991.5,0.0
2023-11-14T19:00,18.2,76,8.9,333.0,991.9,0.0
2023-11-14T20:00,17.5,76,9.1,326.0,992.2,0.0
2023-11-14T21:00,16.6,78,10.5,311.0,992.5,0.0
2023-11-14T22:00,16.0,79,10.6,305.0,992.6,0.0
2023-11-14T23:00,15.8,79,8.7,312.0,992.6,0.0
2023-11-15T00:00,15.1,82,8.4,313.0,992.3,0.0
2023-11-15T01:00,14.3,87,8.4,313.0,992.0,0.0
2023-11-15T02:00,14.0,87,8.1,315.0,991.7,0.0
2023-11-15T03:00,13.7,88,8.2,308.0,991.5,0.0
2023-11-15T04:00,13.5,89,8.8,305.0,991.3,0.0
2023-11-15T05:00,13.1,91,8.5,298.0,991.5,0.0
2023-11-15T06:00,13.4,91,7.7,298.0,992.5,0.0
2023-11-15T07:00,14.1,88,10.1,297.0,993.4,0.0
2023-11-15T08:00,16.7,79,9.7,297.0,994.2,0.0
2023-11-15T09:00,19.5,70,8.5,306.0,994.8,0.0
2023-11-15T10:00,22.0,62,9.2,312.0,994.8,0.0
2023-11-15T11:00,23.9,54,9.2,309.0,994.1,0.0
2023-11-15T12:00,24.9,48,8.8,305.0,992.8,0.0
2023-11-15T13:00,25.5,44,7.5,305.0,991.9,0.0
2023-11-15T14:00,25.7,42,7.2,307.0,991.2,0.0
2023-11-15T15:00,25.4,42,7.4,313.0,990.8,0.0
2023-11-15T16:00,24.2,49,5.4,312.0,990.8,0.0
2023-11-15T17:00,20.1,65,11.0,308.0,990.7,0.0
2023-11-15T18:00,19.7,71,8.7,315.0,991.3,0.0
2023-11-15T19:00,18.5,76,8.9,302.0,991.8,0.0
2023-11-15T20:00,17.6,77,8.4,295.0,992.0,0.0
2023-11-15T21:00,17.1,78,7.1,294.0,992.3,0.0
2023-11-15T22:00,16.1,82,8.2,293.0,992.3,0.0
2023-11-15T23:00,15.4,84,9.3,298.0,992.1,0.0
2023-11-16T00:00,15.2,84,9.8,306.0,991.8,0.0
2023-11-16T01:00,14.6,86,10.2,309.0,991.7,0.0
2023-11-16T02:00,14.2,88,9.2,315.0,991.3,0.0
2023-11-16T03:00,13.8,89,8.9,320.0,991.5,0.0
2023-11-16T04:00,13.2,92,8.2,327.0,991.4,0.0
2023-11-16T05:00,13.0,91,5.2,326.0,991.5,0.0
2023-11-16T06:00,13.1,91,5.0,330.0,992.9,0.0
2023-11-16T07:00,14.5,86,2.3,309.0,993.8,0.0
2023-11-16T08:00,17.1,76,2.3,342.0,994.7,0.0
2023-11-16T09:00,20.2,66,2.5,8.0,995.4,0.0
2023-11-16T10:00,22.7,57,4.2,31.0,995.6,0.0
2023-11-16T11:00,24.4,53,5.6,50.0,994.9,0.0
2023-11-16T12:00,25.4,48,6.3,66.0,993.8,0.0
2023-11-16T13:00,26.0,44,6.5,71.0,993.2,0.0
2023-11-16T14:00,26.2,42,6.6,68.0,992.5,0.0
2023-11-16T15:00,26.0,42,6.8,65.0,992.3,0.0
2023-11-16T16:00,24.9,49,3.9,68.0,992.3,0.0
2023-11-16T17:00,21.9,60,6.1,90.0,992.3,0.0
2023-11-16T18:00,23.1,58,6.9,62.0,993.0,0.0
2023-11-16T19:00,21.7,66,6.6,49.0,993.5,0.0
2023-11-16T20:00,21.6,67,6.4,27.0,993.8,0.0
2023-11-16T21:00,21.7,65,3.9,22.0,994.0,0.0
2023-11-16T22:00,21.1,66,3.4,198.0,994.0,0.0
2023-11-16T23:00,18.2,79,1.0,225.0,993.8,0.0
2023-11-17T00:00,16.0,89,4.7,351.0,993.5,0.0
2023-11-17T01:00,17.2,83,4.1,345.0,993.3,0.0
2023-11-17T02:00,17.4,82,4.9,343.0,993.2,0.0
2023-11-17T03:00,16.1,87,4.8,333.0,992.9,0.0
2023-11-17T04:00,15.0,91,3.1,324.0,992.8,0.0
2023-11-17T05:00,14.5,93,2.8,310.0,992.9,0.0
2023-11-17T06:00,14.3,94,6.2,324.0,994.2,0.0
2023-11-17T07:00,15.4,94,4.6,288.0,994.8,0.0
2023-11-17T08:00,18.4,82,2.1,301.0,995.3,0.0
2023-11-17T09:00,21.5,72,2.5,352.0,995.7,0.0
2023-11-17T10:00,24.0,63,4.3,24.0,995.4,0.0
2023-11-17T11:00,25.5,54,5.9,52.0,994.4,0.0
2023-11-17T12:00,26.3,47,5.4,70.0,993.1,0.0
2023-11-17T13:00,26.8,44,4.7,81.0,992.1,0.0
2023-11-17T14:00,26.8,44,4.4,81.0,991.3,0.0
2023-11-17T15:00,26.6,44,6.1,62.0,991.2,0.0
2023-11-17T16:00,25.5,50,4.8,42.0,991.0,0.0
2023-11-17T17:00,22.5,62,8.1,32.0,991.1,0.0
2023-11-17T18:00,24.0,55,3.1,54.0,992.2,0.0
2023-11-17T19:00,21.2,68,3.1,45.0,992.0,0.0
2023-11-17T20:00,19.7,72,4.3,138.0,991.6,0.0
2023-11-17T21:00,19.7,70,2.5,172.0,991.4,0.0
2023-11-17T22:00,18.3,78,2.3,288.0,991.4,0.0
2023-11-17T23:00,18.2,79,6.9,231.0,991.1,0.0
2023-11-18T00:00,16.8,85,7.7,233.0,990.8,0.0
2023-11-18T01:00,16.9,82,7.3,237.0,990.5,0.0
2023-11-18T02:00,16.3,85,7.0,249.0,990.5,0.0
2023-11-18T03:00,15.7,88,7.3,250.0,990.2,0.0
2023-11-18T04:00,15.5,89,7.4,256.0,990.3,0.0
2023-11-18T05:00,14.8,93,6.8,267.0,990.5,0.0
2023-11-18T06:00,14.6,94,6.6,279.0,992.0,0.0
2023-11-18T07:00,15.1,93,6.9,261.0,992.7,0.0
2023-11-18T08:00,17.7,83,4.6,252.0,993.3,0.0
2023-11-18T09:00,21.0,72,2.9,277.0,993.9,0.0
2023-11-18T10:00,23.6,60,3.2,297.0,994.0,0.0
2023-11-18T11:00,25.1,51,1.3,236.0,993.1,0.0
2023-11-18T12:00,25.9,47,3.1,135.0,992.0,0.0
2023-11-18T13:00,26.2,44,4.4,125.0,991.1,0.0
2023-11-18T14:00,26.2,44,4.7,122.0,990.4,0.0
2023-11-18T15:00,25.8,43,2.9,120.0,990.0,0.0
2023-11-18T16:00,24.8,48,1.9,112.0,990.2,0.0
2023-11-18T17:00,21.5,60,3.8,107.0,990.2,0.0
2023-11-18T18:00,20.6,67,8.5,152.0,990.4,0.0
2023-11-18T19:00,21.2,62,5.2,146.0,990.9,0.0
2023-11-18T20:00,19.3,70,1.8,169.0,991.0,0.0
2023-11-18T21:00,18.9,72,3.9,202.0,991.1,0.0
2023-11-18T22:00,18.2,75,7.1,204.0,991.3,0.0
2023-11-18T23:00,17.1,79,6.7,216.0,991.1,0.0
2023-11-19T00:00,16.5,80,6.2,234.0,990.7,0.0
2023-11-19T01:00,16.0,81,6.7,234.0,990.5,0.0
2023-11-19T02:00,15.8,82,7.7,242.0,990.5,0.0
2023-11-19T03:00,15.4,84,6.6,257.0,990.4,0.0
2023-11-19T04:00,14.6,88,6.6,261.0,990.7,0.0
2023-11-19T05:00,13.9,91,6.8,238.0,991.1,0.0
2023-11-19T06:00,14.1,92,4.4,215.0,992.3,0.0
2023-11-19T07:00,15.4,90,2.1,149.0,993.2,0.0
2023-11-19T08:00,18.6,78,2.3,108.0,994.1,0.0
2023-11-19T09:00,21.8,64,3.3,84.0,994.8,0.0
2023-11-19T10:00,23.8,55,5.8,90.0,994.9,0.0
2023-11-19T11:00,25.1,50,9.2,111.0,994.3,0.0
2023-11-19T12:00,25.5,47,9.2,116.0,993.4,0.0
2023-11-19T13:00,25.7,46,7.7,118.0,992.4,0.0
2023-11-19T14:00,25.6,45,6.2,111.0,991.8,0.0
2023-11-19T15:00,25.4,46,2.6,106.0,991.5,0.0
2023-11-19T16:00,24.6,50,1.3,56.0,991.5,0.0
2023-11-19T17:00,21.4,63,4.4,35.0,991.6,0.0
2023-11-19T18:00,20.9,58,5.5,23.0,991.8,0.0
2023-11-19T19:00,22.0,51,3.4,122.0,992.4,0.0
2023-11-19T20:00,20.7,57,4.6,108.0,992.6,0.0
2023-11-19T21:00,20.3,60,4.6,108.0,992.8,0.0
2023-11-19T22:00,19.8,61,4.5,119.0,992.7,0.0
2023-11-19T23:00,19.7,59,3.9,124.0,992.4,0.0
2023-11-20T00:00,19.9,56,1.8,11.0,992.0,0.0
2023-11-20T01:00,20.1,54,2.9,210.0,991.8,0.0
2023-11-20T02:00,19.7,55,3.7,241.0,991.6,0.0
2023-11-20T03:00,16.7,67,4.0,265.0,991.5,0.0
2023-11-20T04:00,14.5,80,4.0,280.0,991.3,0.0
2023-11-20T05:00,13.4,89,3.6,276.0,991.6,0.0
2023-11-20T06:00,13.6,92,2.9,270.0,992.5,0.0
2023-11-20T07:00,14.7,90,2.5,315.0,993.6,0.0
2023-11-20T08:00,17.4,78,3.1,324.0,994.5,0.0
2023-11-20T09:00,20.5,67,2.4,333.0,995.2,0.0
2023-11-20T10:00,22.9,56,3.5,336.0,995.2,0.0
2023-11-20T11:00,24.4,47,5.4,323.0,994.5,0.0
2023-11-20T12:00,25.2,43,7.3,327.0,993.5,0.0
2023-11-20T13:00,25.5,42,8.3,326.0,992.8,0.0
2023-11-20T14:00,25.5,42,8.5,324.0,991.9,0.0
2023-11-20T15:00,25.2,43,8.7,322.0,991.8,0.0
2023-11-20T16:00,24.2,47,6.3,329.0,991.7,0.0
2023-11-20T17:00,20.3,64,7.6,335.0,991.6,0.0
2023-11-20T18:00,19.3,71,5.6,345.0,991.6,0.0
2023-11-20T19:00,18.4,75,6.2,350.0,992.1,0.0
2023-11-20T20:00,18.3,75,5.6,345.0,992.3,0.0
2023-11-20T21:00,18.0,75,3.8,319.0,992.4,0.0
2023-11-20T22:00,17.0,78,3.4,302.0,992.3,0.0
2023-11-20T23:00,16.4,81,4.8,297.0,992.3,0.0
2023-11-21T00:00,15.6,85,6.6,299.0,992.0,0.0
2023-11-21T01:00,14.8,89,8.0,297.0,992.0,0.0
2023-11-21T02:00,13.9,91,7.8,283.0,991.8,0.0
2023-11-21T03:00,14.0,90,5.8,263.0,991.5,0.0
2023-11-21T04:00,13.8,91,5.1,266.0,991.6,0.0
2023-11-21T05:00,13.5,92,5.1,266.0,991.7,0.0
2023-11-21T06:00,13.6,92,5.1,274.0,992.2,0.0
2023-11-21T07:00,14.2,90,7.0,258.0,992.9,0.0
2023-11-21T08:00,16.7,80,5.4,262.0,993.7,0.0
2023-11-21T09:00,19.4,68,5.1,278.0,994.0,0.0
2023-11-21T10:00,21.9,60,6.0,295.0,993.5,0.0
2023-11-21T11:00,23.9,52,9.2,296.0,992.7,0.0
2023-11-21T12:00,24.9,45,12.3,302.0,991.6,0.0
2023-11-21T13:00,25.2,43,13.2,296.0,990.9,0.0
2023-11-21T14:00,25.2,42,14.0,299.0,990.1,0.0
2023-11-21T15:00,24.8,43,13.6,302.0,989.8,0.0
2023-11-21T16:00,23.8,48,11.4,294.0,989.8,0.0
2023-11-21T17:00,21.3,57,8.7,287.0,989.8,0.0
2023-11-21T18:00,20.4,66,9.7,292.0,990.4,0.0
2023-11-21T19:00,19.5,69,10.2,302.0,990.5,0.0
2023-11-21T20:00,18.8,68,9.5,299.0,990.6,0.0
2023-11-21T21:00,18.2,67,9.3,298.0,991.0,0.0
2023-11-21T22:00,17.4,69,9.0,293.0,990.7,0.0
2023-11-21T23:00,16.7,71,8.9,291.0,990.4,0.0
2023-11-22T00:00,16.2,71,9.8,294.0,989.6,0.0
2023-11-22T01:00,15.6,71,10.0,296.0,989.0,0.0
2023-11-22T02:00,15.0,72,10.0,291.0,988.6,0.0
2023-11-22T03:00,14.5,73,9.8,287.0,988.3,0.0
2023-11-22T04:00,14.0,74,9.6,283.0,988.4,0.0
2023-11-22T05:00,13.6,76,9.5,281.0,988.6,0.0
2023-11-22T06:00,13.1,80,9.3,283.0,989.4,0.0
2023-11-22T07:00,13.4,79,10.1,274.0,990.1,0.0
2023-11-22T08:00,15.7,71,9.4,268.0,991.0,0.0
2023-11-22T09:00,18.3,62,9.7,270.0,991.8,0.0
2023-11-22T10:00,20.8,55,10.2,278.0,991.5,0.0
2023-11-22T11:00,22.8,49,10.9,287.0,990.9,0.0
2023-11-22T12:00,24.0,44,11.4,294.0,989.8,0.0
2023-11-22T13:00,24.6,43,10.8,291.0,989.0,0.0
2023-11-22T14:00,24.8,42,10.2,288.0,988.5,0.0
2023-11-22T15:00,24.4,43,10.0,283.0,988.2,0.0
2023-11-22T16:00,23.2,48,6.2,277.0,988.3,0.0
2023-11-22T17:00,20.4,58,8.3,270.0,988.4,0.0
2023-11-22T18:00,19.3,63,7.2,273.0,989.2,0.0
2023-11-22T19:00,17.8,70,6.7,286.0,989.5,0.0
2023-11-22T20:00,16.4,77,8.0,306.0,989.6,0.0
2023-11-22T21:00,15.6,81,9.9,314.0,989.8,0.0
2023-11-22T22:00,15.7,78,8.9,302.0,989.6,0.0
2023-11-22T23:00,15.6,77,8.4,280.0,989.2,0.0
2023-11-23T00:00,15.5,76,8.6,270.0,988.5,0.0
2023-11-23T01:00,15.6,75,8.3,268.0,988.2,0.0
2023-11-23T02:00,14.9,77,8.0,278.0,987.8,0.0
2023-11-23T03:00,13.2,85,6.5,276.0,987.6,0.0
2023-11-23T04:00,12.8,86,5.8,270.0,987.6,0.0
2023-11-23T05:00,11.7,91,5.4,262.0,988.0,0.0
2023-11-23T06:00,11.3,95,4.5,284.0,989.4,0.0
2023-11-23T07:00,11.9,95,2.3,231.0,990.0,0.0
2023-11-23T08:00,15.0,83,1.3,124.0,990.9,0.0
2023-11-23T09:00,18.6,69,1.8,90.0,991.7,0.0
2023-11-23T10:00,21.3,58,2.6,106.0,991.6,0.0
2023-11-23T11:00,23.0,50,3.1,126.0,990.9,0.0
2023-11-23T12:00,24.0,46,2.8,130.0,989.7,0.0
2023-11-23T13:00,24.5,44,2.6,124.0,988.8,0.0
2023-11-23T14:00,24.8,43,1.9,112.0,988.1,0.0
2023-11-23T15:00,24.6,43,2.5,90.0,987.9,0.0
2023-11-23T16:00,23.9,45,2.4,63.0,987.6,0.0
2023-11-23T17:00,22.7,50,7.1,66.0,987.9,0.0
2023-11-23T18:00,19.1,68,9.2,129.0,988.1,0.0
2023-11-23T19:00,19.5,65,8.0,108.0,988.9,0.0
2023-11-23T20:00,17.8,71,7.9,87.0,989.2,0.0
2023-11-23T21:00,17.2,71,8.4,97.0,989.7,0.0
2023-11-23T22:00,15.5,78,9.3,118.0,989.7,0.0
2023-11-23T23:00,15.4,77,9.8,118.0,989.6,0.0
2023-11-24T00:00,14.8,80,10.1,125.0,989.3,0.0
2023-11-24T01:00,14.2,84,9.1,124.0,989.3,0.0
2023-11-24T02:00,13.4,87,9.2,135.0,989.1,0.0
2023-11-24T03:00,13.4,87,8.3,146.0,989.2,0.0
2023-11-24T04:00,15.1,78,5.6,153.0,989.3,0.0
2023-11-24T05:00,15.6,76,4.7,176.0,989.7,0.0
2023-11-24T06:00,15.2,77,1.8,53.0,990.9,0.0
2023-11-24T07:00,14.9,78,2.2,81.0,991.9,0.0
2023-11-24T08:00,16.3,75,1.5,194.0,992.6,0.0
2023-11-24T09:00,19.7,64,0.4,180.0,993.5,0.0
2023-11-24T10:00,22.3,55,0.4,270.0,993.7,0.0
2023-11-24T11:00,23.8,49,1.1,360.0,993.1,0.0
2023-11-24T12:00,24.6,46,4.0,355.0,991.9,0.0
2023-11-24T13:00,25.1,45,5.8,353.0,991.2,0.0
2023-11-24T14:00,25.1,44,6.9,351.0,990.5,0.0
2023-11-24T15:00,24.8,44,6.5,357.0,990.2,0.0
2023-11-24T16:00,23.5,53,3.6,6.0,990.1,0.0
2023-11-24T17:00,20.0,66,3.4,32.0,990.2,0.0
2023-11-24T18:00,20.0,67,6.4,16.0,990.8,0.0
2023-11-24T19:00,18.3,75,5.8,7.0,991.5,0.0
2023-11-24T20:00,17.0,82,5.1,352.0,991.8,0.0
2023-11-24T21:00,16.5,82,5.7,342.0,992.0,0.0
2023-11-24T22:00,15.9,81,6.3,329.0,992.0,0.0
2023-11-24T23:00,15.0,83,7.1,330.0,991.7,0.0
2023-11-25T00:00,14.0,86,5.4,323.0,991.0,0.0
2023-11-25T01:00,13.5,86,4.7,302.0,990.7,0.0
2023-11-25T02:00,13.4,87,5.2,282.0,990.6,0.0
2023-11-25T03:00,13.3,89,7.2,276.0,990.5,0.0
2023-11-25T04:00,12.9,91,6.8,267.0,990.4,0.0
2023-11-25T05:00,12.6,92,6.5,270.0,990.6,0.0
2023-11-25T06:00,12.4,94,6.2,280.0,991.9,0.0
2023-11-25T07:00,12.6,94,5.1,274.0,992.5,0.0
2023-11-25T08:00,15.2,83,4.3,270.0,993.5,0.0
2023-11-25T09:00,18.5,71,4.0,270.0,994.3,0.0
2023-11-25T10:00,21.5,60,4.8,283.0,994.7,0.0
2023-11-25T11:00,23.5,51,5.7,288.0,993.9,0.0
2023-11-25T12:00,24.7,44,5.6,297.0,992.9,0.0
2023-11-25T13:00,25.2,41,5.6,315.0,991.8,0.0
2023-11-25T14:00,25.3,40,5.6,333.0,991.5,0.0
2023-11-25T15:00,24.9,40,4.7,356.0,991.5,0.0
2023-11-25T16:00,23.4,52,3.1,21.0,991.5,0.0
2023-11-25T17:00,20.6,58,5.6,40.0,991.5,0.0
2023-11-25T18:00,21.2,59,5.2,65.0,991.9,0.0
2023-11-25T19:00,20.4,62,4.3,85.0,992.3,0.0
2023-11-25T20:00,20.5,60,5.8,94.0,992.8,0.0
2023-11-25T21:00,19.9,62,8.0,95.0,992.9,0.0
2023-11-25T22:00,19.4,64,8.7,107.0,992.5,0.0
2023-11-25T23:00,16.3,77,7.9,120.0,992.1,0.0
2023-11-26T00:00,15.4,82,6.3,114.0,991.8,0.0
2023-11-26T01:00,16.0,80,6.7,126.0,992.2,0.0
2023-11-26T02:00,16.3,78,6.4,128.0,992.0,0.0
2023-11-26T03:00,15.2,84,6.9,133.0,992.0,0.0
2023-11-26T04:00,14.3,90,7.9,137.0,992.0,0.0
2023-11-26T05:00,14.2,90,7.1,139.0,992.5,0.0
2023-11-26T06:00,14.3,89,7.3,147.0,993.6,0.0
2023-11-26T07:00,14.9,85,8.3,146.0,994.3,0.0
2023-11-26T08:00,17.3,74,9.0,151.0,995.3,0.0
2023-11-26T09:00,20.1,65,6.4,137.0,995.7,0.0
2023-11-26T10:00,22.2,58,8.2,131.0,995.5,0.0
2023-11-26T11:00,23.8,50,9.9,123.0,995.1,0.0
2023-11-26T12:00,24.8,45,10.3,115.0,994.2,0.0
2023-11-26T13:00,25.2,41,9.8,107.0,992.8,0.0
2023-11-26T14:00,25.5,40,9.3,103.0,991.9,0.0
2023-11-26T15:00,25.1,41,6.5,93.0,991.3,0.0
2023-11-26T16:00,23.8,47,4.3,66.0,991.1,0.0
2023-11-26T17:00,21.2,57,9.2,64.0,990.9,0.0
2023-11-26T18:00,20.3,66,8.5,54.0,992.4,0.0
2023-11-26T19:00,19.2,72,7.7,53.0,992.2,0.0
2023-11-26T20:00,18.7,73,7.6,59.0,992.1,0.0
2023-11-26T21:00,18.4,73,7.0,69.0,991.9,0.0
2023-11-26T22:00,18.1,74,8.8,78.0,991.5,0.0
2023-11-26T23:00,17.3,77,7.6,98.0,991.0,0.0
2023-11-27T00:00,17.1,77,6.0,115.0,990.0,0.0
2023-11-27T01:00,16.3,81,5.4,180.0,990.0,0.0
2023-11-27T02:00,16.2,82,7.4,219.0,989.9,0.0
2023-11-27T03:00,16.1,82,5.4,188.0,989.7,0.0
2023-11-27T04:00,15.9,85,6.9,141.0,989.8,0.0
2023-11-27T05:00,17.0,79,6.4,133.0,990.2,0.0
2023-11-27T06:00,16.5,83,6.6,99.0,990.2,0.0
2023-11-27T07:00,16.7,83,9.8,98.0,991.0,0.0
2023-11-27T08:00,17.7,79,8.0,108.0,991.7,0.0
2023-11-27T09:00,18.8,76,7.2,108.0,992.7,0.0
2023-11-27T10:00,19.7,72,9.0,106.0,993.0,0.0
2023-11-27T11:00,20.0,73,10.8,88.0,992.1,0.9
2023-11-27T12:00,22.4,64,12.3,85.0,991.3,0.0
2023-11-27T13:00,23.9,47,14.8,104.0,990.0,0.0
2023-11-27T14:00,24.0,43,19.0,127.0,989.0,0.0
2023-11-27T15:00,23.4,46,20.4,134.0,989.1,0.0
2023-11-27T16:00,22.0,54,15.0,134.0,989.7,0.4
2023-11-27T17:00,19.4,70,8.1,135.0,990.0,0.7
2023-11-27T18:00,18.1,82,11.0,148.0,990.4,0.2
2023-11-27T19:00,17.4,90,6.2,111.0,990.5,0.3
2023-11-27T20:00,17.1,92,10.0,128.0,990.8,0.0
2023-11-27T21:00,16.7,90,16.8,152.0,990.8,0.1
2023-11-27T22:00,17.0,86,16.0,157.0,990.8,0.1
2023-11-27T23:00,15.7,93,3.7,119.0,991.1,1.3
2023-11-28T00:00,15.8,93,3.3,167.0,990.8,0.1
2023-11-28T01:00,15.8,93,6.4,196.0,990.4,0.0
2023-11-28T02:00,15.4,95,3.0,166.0,990.1,0.2
2023-11-28T03:00,15.1,96,2.6,164.0,989.8,0.0
2023-11-28T04:00,15.1,96,3.0,166.0,989.8,0.0
2023-11-28T05:00,15.9,95,3.1,159.0,989.8,0.1
2023-11-28T06:00,15.6,94,2.0,45.0,990.4,0.0
2023-11-28T07:00,15.3,97,4.1,128.0,991.0,0.0
2023-11-28T08:00,17.1,88,4.2,110.0,992.1,0.0
2023-11-28T09:00,18.6,80,6.1,118.0,992.6,0.0
2023-11-28T10:00,20.2,67,10.0,142.0,992.5,0.0
2023-11-28T11:00,19.6,72,8.0,144.0,991.9,0.4
2023-11-28T12:00,18.4,86,7.7,131.0,991.2,1.8
2023-11-28T13:00,18.8,83,6.3,59.0,990.1,0.6
2023-11-28T14:00,19.7,78,7.4,43.0,989.4,0.0
2023-11-28T15:00,20.6,72,5.9,43.0,989.2,0.0
2023-11-28T16:00,20.2,74,6.1,28.0,989.2,0.0
2023-11-28T17:00,17.9,88,5.9,346.0,989.2,0.0
2023-11-28T18:00,18.1,90,6.7,344.0,989.6,0.0
2023-11-28T19:00,17.8,92,5.4,352.0,990.0,0.0
2023-11-28T20:00,17.7,94,7.0,12.0,990.3,0.0
2023-11-28T21:00,17.2,96,8.1,21.0,990.5,0.0
2023-11-28T22:00,16.7,96,6.8,32.0,990.7,0.0
2023-11-28T23:00,15.9,97,6.1,40.0,990.2,0.0
2023-11-29T00:00,15.2,98,7.8,34.0,989.9,0.0
2023-11-29T01:00,14.7,98,7.5,35.0,989.9,0.0
2023-11-29T02:00,14.3,98,7.0,35.0,989.7,0.0
2023-11-29T03:00,13.9,98,7.4,29.0,989.6,0.0
2023-11-29T04:00,13.7,98,6.9,28.0,989.6,0.0
2023-11-29T05:00,13.4,98,7.2,27.0,989.7,0.0
2023-11-29T06:00,13.9,97,6.7,36.0,990.6,0.0
2023-11-29T07:00,14.1,98,7.6,65.0,991.1,0.0
2023-11-29T08:00,16.5,90,6.9,81.0,992.0,0.0
2023-11-29T09:00,19.0,80,7.6,93.0,992.9,0.0
2023-11-29T10:00,21.6,68,8.0,98.0,993.1,0.0
2023-11-29T11:00,23.3,58,7.1,114.0,992.3,0.0
2023-11-29T12:00,24.2,53,8.1,135.0,991.2,0.0
2023-11-29T13:00,24.4,52,8.9,140.0,990.2,0.0
2023-11-29T14:00,24.3,52,8.9,133.0,989.6,0.0
2023-11-29T15:00,24.1,52,8.2,119.0,989.5,0.0
2023-11-29T16:00,23.3,57,4.6,108.0,989.5,0.0
2023-11-29T17:00,22.4,58,8.3,124.0,989.7,0.0
2023-11-29T18:00,19.0,82,6.8,115.0,990.7,0.1
2023-11-29T19:00,18.1,87,6.3,103.0,990.8,0.3
2023-11-29T20:00,17.7,88,6.5,87.0,991.0,0.0
2023-11-29T21:00,18.3,84,7.6,87.0,991.2,0.0
2023-11-29T22:00,18.3,83,8.1,111.0,991.1,0.0
2023-11-29T23:00,16.1,91,7.4,76.0,990.8,0.0
2023-11-30T00:00,17.7,84,7.3,70.0,990.6,0.0
2023-11-30T01:00,17.5,85,6.5,109.0,990.6,0.0
2023-11-30T02:00,16.4,90,4.7,86.0,990.2,0.0
2023-11-30T03:00,15.0,94,5.1,129.0,990.1,0.0
2023-11-30T04:00,14.2,96,4.9,163.0,989.8,0.0
2023-11-30T05:00,14.1,96,4.2,31.0,989.7,0.0
2023-11-30T06:00,15.9,94,3.8,73.0,991.0,0.0
2023-11-30T07:00,15.6,90,9.4,40.0,991.8,0.1
2023-11-30T08:00,17.0,89,8.9,50.0,992.1,0.0
2023-11-30T09:00,18.2,84,13.3,33.0,993.6,0.1
2023-11-30T10:00,19.2,74,11.2,42.0,993.9,0.1
2023-11-30T11:00,20.9,69,10.2,45.0,993.4,0.0
2023-11-30T12:00,21.3,68,10.4,44.0,992.9,0.6
2023-11-30T13:00,21.7,66,10.9,46.0,991.7,0.0
2023-11-30T14:00,21.6,66,12.2,47.0,991.3,0.0
2023-11-30T15:00,21.4,66,12.8,50.0,990.9,0.0
2023-11-30T16:00,20.9,68,12.0,44.0,990.6,0.0
2023-11-30T17:00,19.2,77,6.8,25.0,990.9,0.0
2023-11-30T18:00,18.6,84,6.1,3.0,992.1,0.1
2023-11-30T19:00,17.5,91,4.8,347.0,992.3,0.0
2023-11-30T20:00,16.4,95,6.5,341.0,992.6,0.0
2023-11-30T21:00,16.3,95,5.4,352.0,992.9,0.0
2023-11-30T22:00,15.9,95,6.2,10.0,992.8,0.0
2023-11-30T23:00,15.0,97,6.3,13.0,992.5,0.0
2023-12-01T00:00,14.9,97,4.6,18.0,992.3,0.0
2023-12-01T01:00,14.8,97,4.9,17.0,992.1,0.0
2023-12-01T02:00,14.4,97,5.7,18.0,991.9,0.0
2023-12-01T03:00,14.5,97,5.5,11.0,991.8,0.0
2023-12-01T04:00,14.0,97,5.8,360.0,991.7,0.0
2023-12-01T05:00,13.8,97,6.5,341.0,991.9,0.0
2023-12-01T06:00,15.8,96,7.1,319.0,992.5,0.0
2023-12-01T07:00,15.9,94,6.6,279.0,992.9,0.0
2023-12-01T08:00,17.3,89,7.4,227.0,993.9,0.0
2023-12-01T09:00,18.7,82,4.5,299.0,994.5,0.0
2023-12-01T10:00,20.6,74,3.8,319.0,994.4,0.0
2023-12-01T11:00,22.2,68,5.8,7.0,993.6,0.0
2023-12-01T12:00,23.3,63,7.6,19.0,992.3,0.0
2023-12-01T13:00,24.0,58,8.2,23.0,991.2,0.0
2023-12-01T14:00,24.2,55,7.6,19.0,990.4,0.0
2023-12-01T15:00,23.9,54,7.4,14.0,990.1,0.0
2023-12-01T16:00,23.1,58,5.8,4.0,990.0,0.0
2023-12-01T17:00,20.2,71,8.4,335.0,990.1,0.0
2023-12-01T18:00,19.3,82,7.4,317.0,991.2,0.1
2023-12-01T19:00,18.8,82,6.4,308.0,991.5,0.0
2023-12-01T20:00,18.1,85,5.4,318.0,991.9,0.0
2023-12-01T21:00,17.7,86,6.5,326.0,992.3,0.0
2023-12-01T22:00,16.9,88,6.8,328.0,992.3,0.0
2023-12-01T23:00,16.2,90,6.5,326.0,992.0,0.0
2023-12-02T00:00,15.6,92,6.3,329.0,991.5,0.0
2023-12-02T01:00,14.8,94,7.6,335.0,991.4,0.0
2023-12-02T02:00,14.3,95,8.1,339.0,991.1,0.0
2023-12-02T03:00,13.9,96,8.4,340.0,991.0,0.0
2023-12-02T04:00,13.6,96,8.3,342.0,991.0,0.0
2023-12-02T05:00,13.2,96,7.3,340.0,991.1,0.0
2023-12-02T06:00,14.2,97,5.1,321.0,992.8,0.0
2023-12-02T07:00,14.6,97,5.9,308.0,993.4,0.0
2023-12-02T08:00,16.4,91,5.9,317.0,994.2,0.0
2023-12-02T09:00,18.9,81,5.2,326.0,994.8,0.0
2023-12-02T10:00,21.4,70,7.0,339.0,995.2,0.0
2023-12-02T11:00,23.0,61,7.7,349.0,994.3,0.0
2023-12-02T12:00,23.8,55,6.8,3.0,993.0,0.0
2023-12-02T13:00,24.2,51,6.2,10.0,992.0,0.0
2023-12-02T14:00,24.2,50,6.3,13.0,991.3,0.0
2023-12-02T15:00,24.0,50,6.8,3.0,990.9,0.0
2023-12-02T16:00,23.0,56,4.7,360.0,990.8,0.0
2023-12-02T17:00,20.0,68,8.0,355.0,990.8,0.0
2023-12-02T18:00,19.0,74,8.0,350.0,991.6,0.0
2023-12-02T19:00,18.1,78,7.9,344.0,992.1,0.0
2023-12-02T20:00,16.9,83,8.3,342.0,992.3,0.0
2023-12-02T21:00,16.2,85,7.2,333.0,992.6,0.0
2023-12-02T22:00,15.4,88,7.2,323.0,992.6,0.0
2023-12-02T23:00,14.8,89,7.2,323.0,992.4,0.0
2023-12-03T00:00,14.0,91,7.9,336.0,992.3,0.0
2023-12-03T01:00,13.4,92,9.6,347.0,992.2,0.0
2023-12-03T02:00,13.1,92,9.4,360.0,992.0,0.0
2023-12-03T03:00,12.5,93,10.5,8.0,991.7,0.0
2023-12-03T04:00,12.2,94,10.4,14.0,991.6,0.0
2023-12-03T05:00,12.5,93,9.0,23.0,991.8,0.0
2023-12-03T06:00,13.1,95,7.9,24.0,992.9,0.0
2023-12-03T07:00,12.8,97,6.8,18.0,993.7,0.0
2023-12-03T08:00,15.5,89,7.0,12.0,994.6,0.0
2023-12-03T09:00,18.3,79,4.1,15.0,995.3,0.0
2023-12-03T10:00,20.9,68,6.0,17.0,995.5,0.0
2023-12-03T11:00,22.6,58,8.0,18.0,994.6,0.0
2023-12-03T12:00,23.8,49,7.5,17.0,993.3,0.0
2023-12-03T13:00,24.4,45,6.9,9.0,992.4,0.0
2023-12-03T14:00,24.5,42,6.8,360.0,991.5,0.0
2023-12-03T15:00,24.2,43,7.8,347.0,991.1,0.0
2023-12-03T16:00,22.9,52,4.9,343.0,991.0,0.0
2023-12-03T17:00,19.9,63,7.2,354.0,990.8,0.0
2023-12-03T18:00,20.2,68,6.1,332.0,992.1,0.0
2023-12-03T19:00,20.5,63,4.9,287.0,992.2,0.1
2023-12-03T20:00,19.0,72,4.7,261.0,992.2,0.0
2023-12-03T21:00,18.1,80,5.4,290.0,992.3,0.0
2023-12-03T22:00,17.7,84,5.9,313.0,992.3,0.0
2023-12-03T23:00,17.1,85,3.8,311.0,991.9,0.0
2023-12-04T00:00,16.6,85,6.7,344.0,991.2,0.0
2023-12-04T01:00,15.9,85,7.2,6.0,991.1,0.0
2023-12-04T02:00,15.5,84,6.6,9.0,990.7,0.0
2023-12-04T03:00,14.4,88,9.6,34.0,990.1,0.0
2023-12-04T04:00,13.7,89,7.4,23.0,989.8,0.0
2023-12-04T05:00,14.2,85,2.5,8.0,989.7,0.0
2023-12-04T06:00,14.7,94,1.6,333.0,991.2,0.0
2023-12-04T07:00,14.8,94,4.1,308.0,991.9,0.0
2023-12-04T08:00,16.4,87,5.2,326.0,993.1,0.0
2023-12-04T09:00,18.2,75,5.0,339.0,994.0,0.0
2023-12-04T10:00,19.8,65,6.5,3.0,994.1,0.0
2023-12-04T11:00,21.4,53,11.0,11.0,993.0,0.0
2023-12-04T12:00,22.3,47,10.7,14.0,991.9,0.0
2023-12-04T13:00,22.8,46,10.0,13.0,991.1,0.0
2023-12-04T14:00,22.9,45,9.1,9.0,990.4,0.0
2023-12-04T15:00,22.6,46,9.4,2.0,989.9,0.0
2023-12-04T16:00,21.8,50,7.2,3.0,990.0,0.0
2023-12-04T17:00,19.5,59,8.3,358.0,990.1,0.0
2023-12-04T18:00,19.4,64,4.4,9.0,991.1,0.0
2023-12-04T19:00,20.0,58,6.4,16.0,991.5,0.0
2023-12-04T20:00,16.6,74,8.7,24.0,991.6,0.0
2023-12-04T21:00,15.0,86,9.5,37.0,991.5,0.0
2023-12-04T22:00,14.3,90,7.4,47.0,991.2,0.0
2023-12-04T23:00,13.7,91,7.7,41.0,991.1,0.0
2023-12-05T00:00,13.0,92,9.3,28.0,990.8,0.0
2023-12-05T01:00,12.8,90,10.0,21.0,990.7,0.0
2023-12-05T02:00,12.5,90,9.5,11.0,990.4,0.0
2023-12-05T03:00,12.3,91,7.6,8.0,990.2,0.0
2023-12-05T04:00,11.5,92,8.3,358.0,990.3,0.0
2023-12-05T05:00,11.9,90,5.9,349.0,990.4,0.0
2023-12-05T06:00,11.9,95,5.7,342.0,990.7,0.0
2023-12-05T07:00,12.7,93,4.0,333.0,991.3,0.0
2023-12-05T08:00,14.8,85,4.8,347.0,992.2,0.0
2023-12-05T09:00,17.2,77,4.1,345.0,993.1,0.0
2023-12-05T10:00,19.5,68,7.3,349.0,993.1,0.0
2023-12-05T11:00,21.4,57,9.3,347.0,992.2,0.0
2023-12-05T12:00,22.5,48,10.0,345.0,991.0,0.0
2023-12-05T13:00,23.1,44,10.5,344.0,990.4,0.0
2023-12-05T14:00,23.2,42,11.4,347.0,989.4,0.0
2023-12-05T15:00,22.9,43,12.0,339.0,989.3,0.0
2023-12-05T16:00,21.6,49,8.4,340.0,989.3,0.0
2023-12-05T17:00,18.4,61,6.6,331.0,989.2,0.0
2023-12-05T18:00,17.8,66,6.5,326.0,990.1,0.0
2023-12-05T19:00,16.8,69,5.6,310.0,990.5,0.0
2023-12-05T20:00,15.9,73,5.6,297.0,990.9,0.0
2023-12-05T21:00,15.1,76,5.6,285.0,991.3,0.0
2023-12-05T22:00,14.7,77,5.8,266.0,991.3,0.0
2023-12-05T23:00,14.3,79,6.5,270.0,991.3,0.0
2023-12-06T00:00,13.8,81,6.9,276.0,991.2,0.0
2023-12-06T01:00,13.3,83,6.9,276.0,991.0,0.0
2023-12-06T02:00,12.8,85,6.9,264.0,990.9,0.0
2023-12-06T03:00,12.4,87,7.3,261.0,990.8,0.0
2023-12-06T04:00,12.1,88,6.1,270.0,990.4,0.0
2023-12-06T05:00,11.9,90,7.7,311.0,990.3,0.0
2023-12-06T06:00,11.7,94,6.7,306.0,991.2,0.0
2023-12-06T07:00,11.7,95,6.1,298.0,992.0,0.0
2023-12-06T08:00,14.0,88,5.6,310.0,992.9,0.0
2023-12-06T09:00,16.5,80,4.6,315.0,993.8,0.0
2023-12-06T10:00,18.8,72,3.8,319.0,993.9,0.0
2023-12-06T11:00,20.9,64,3.6,323.0,993.1,0.0
2023-12-06T12:00,22.4,56,3.4,328.0,992.1,0.0
2023-12-06T13:00,23.3,47,2.1,329.0,991.1,0.0
2023-12-06T14:00,23.6,45,1.6,333.0,990.3,0.0
2023-12-06T15:00,23.3,45,2.3,342.0,990.1,0.0
2023-12-06T16:00,21.8,57,1.9,338.0,990.0,0.0
2023-12-06T17:00,17.9,69,2.5,352.0,990.0,0.0
2023-12-06T18:00,17.4,74,2.3,321.0,990.6,0.0
2023-12-06T19:00,16.6,77,2.4,297.0,991.2,0.0
2023-12-06T20:00,15.4,82,3.4,302.0,991.5,0.0
2023-12-06T21:00,14.6,86,4.5,299.0,991.7,0.0
2023-12-06T22:00,14.2,87,5.0,291.0,991.7,0.0
2023-12-06T23:00,13.9,88,5.9,308.0,991.6,0.0
2023-12-07T00:00,13.1,90,8.0,333.0,991.2,0.0
2023-12-07T01:00,12.5,91,8.8,341.0,991.0,0.0
2023-12-07T02:00,12.2,92,7.1,336.0,990.7,0.0
2023-12-07T03:00,11.9,93,5.6,333.0,990.3,0.0
2023-12-07T04:00,11.6,94,4.6,321.0,990.2,0.0
2023-12-07T05:00,11.6,94,5.9,284.0,990.2,0.0
2023-12-07T06:00,11.6,97,5.2,286.0,991.1,0.0
2023-12-07T07:00,12.0,97,5.4,278.0,991.7,0.0
2023-12-07T08:00,14.2,91,7.4,284.0,992.4,0.0
2023-12-07T09:00,17.1,82,6.5,289.0,993.1,0.0
2023-12-07T10:00,19.7,72,8.2,293.0,993.2,0.0
2023-12-07T11:00,21.7,63,8.6,292.0,992.1,0.0
2023-12-07T12:00,23.2,55,8.9,291.0,991.1,0.0
2023-12-07T13:00,23.9,49,9.0,293.0,990.0,0.0
2023-12-07T14:00,24.1,46,9.8,294.0,989.2,0.0
2023-12-07T15:00,23.7,46,10.2,293.0,989.1,0.0
2023-12-07T16:00,22.3,53,7.6,289.0,989.0,0.0
2023-12-07T17:00,19.1,65,7.5,287.0,989.0,0.0
2023-12-07T18:00,18.7,67,9.6,290.0,989.8,0.0
2023-12-07T19:00,17.6,70,9.4,288.0,990.3,0.0
2023-12-07T20:00,16.3,75,7.9,286.0,990.7,0.0
2023-12-07T21:00,15.1,81,6.8,288.0,990.8,0.0
2023-12-07T22:00,14.1,86,6.7,286.0,990.6,0.0
2023-12-07T23:00,13.5,88,7.1,285.0,990.3,0.0
2023-12-08T00:00,13.2,88,6.7,286.0,990.1,0.0
2023-12-08T01:00,12.8,89,6.7,286.0,989.9,0.0
2023-12-08T02:00,12.3,91,6.5,276.0,989.6,0.0
2023-12-08T03:00,11.9,91,6.5,270.0,989.4,0.0
2023-12-08T04:00,11.7,92,7.6,262.0,989.3,0.0
2023-12-08T05:00,11.4,92,8.0,260.0,989.5,0.0
2023-12-08T06:00,11.7,94,7.2,273.0,990.5,0.0
2023-12-08T07:00,11.9,94,7.9,270.0,991.1,0.0
2023-12-08T08:00,14.0,85,9.5,279.0,991.8,0.0
2023-12-08T09:00,16.8,76,7.5,287.0,992.9,0.0
2023-12-08T10:00,19.3,69,8.7,300.0,993.2,0.0
2023-12-08T11:00,21.4,61,10.1,305.0,992.1,0.0
2023-12-08T12:00,22.7,53,10.1,297.0,990.8,0.0
2023-12-08T13:00,23.5,47,10.0,296.0,989.6,0.0
2023-12-08T14:00,23.8,43,12.7,299.0,989.1,0.0
2023-12-08T15:00,23.5,43,13.3,303.0,988.8,0.0
2023-12-08T16:00,22.2,49,9.8,306.0,988.8,0.0
2023-12-08T17:00,18.9,61,8.0,297.0,988.7,0.0
2023-12-08T18:00,18.3,65,7.7,323.0,989.5,0.0
2023-12-08T19:00,16.7,72,8.2,322.0,990.0,0.0
2023-12-08T20:00,15.3,78,9.5,307.0,990.0,0.0
2023-12-08T21:00,14.8,80,8.2,299.0,990.2,0.0
2023-12-08T22:00,14.1,82,7.2,288.0,990.4,0.0
2023-12-08T23:00,13.2,86,7.8,292.0,990.3,0.0
2023-12-09T00:00,12.6,87,7.2,307.0,990.0,0.0
2023-12-09T01:00,11.5,90,9.2,318.0,989.8,0.0
2023-12-09T02:00,11.3,89,7.1,294.0,989.9,0.0
2023-12-09T03:00,11.1,90,8.4,260.0,990.0,0.0
2023-12-09T04:00,10.9,90,8.6,268.0,990.1,0.0
2023-12-09T05:00,10.7,90,9.0,268.0,990.4,0.0
2023-12-09T06:00,10.8,91,9.4,277.0,991.1,0.0
2023-12-09T07:00,10.8,91,10.8,270.0,992.0,0.0
2023-12-09T08:00,13.3,81,13.0,273.0,993.1,0.0
2023-12-09T09:00,16.2,72,10.9,278.0,994.1,0.0
2023-12-09T10:00,19.0,61,10.9,287.0,994.6,0.0
2023-12-09T11:00,21.0,53,11.8,297.0,993.8,0.0
2023-12-09T12:00,22.4,47,12.6,301.0,992.5,0.0
2023-12-09T13:00,23.2,43,12.6,301.0,991.8,0.0
2023-12-09T14:00,23.4,40,13.3,303.0,991.0,0.0
2023-12-09T15:00,23.1,40,13.3,303.0,990.7,0.0
2023-12-09T16:00,21.6,46,8.9,297.0,990.2,0.0
2023-12-09T17:00,18.1,59,7.8,283.0,989.8,0.0
2023-12-09T18:00,17.5,62,7.7,298.0,990.2,0.0
2023-12-09T19:00,16.5,65,8.1,302.0,990.5,0.0
2023-12-09T20:00,15.4,70,8.0,297.0,990.5,0.0
2023-12-09T21:00,14.5,73,8.2,293.0,990.6,0.0
2023-12-09T22:00,13.8,76,8.4,295.0,990.4,0.0
2023-12-09T23:00,13.0,80,8.4,295.0,990.1,0.0
2023-12-10T00:00,12.6,82,8.7,294.0,989.6,0.0
2023-12-10T01:00,12.2,84,9.4,293.0,989.4,0.0
2023-12-10T02:00,11.9,84,9.1,288.0,989.1,0.0
2023-12-10T03:00,11.6,83,9.9,289.0,988.5,0.0
2023-12-10T04:00,11.4,82,10.6,288.0,988.0,0.0
2023-12-10T05:00,11.2,82,11.2,285.0,988.1,0.0
2023-12-10T06:00,10.8,86,12.0,277.0,988.8,0.0
2023-12-10T07:00,10.8,86,14.1,264.0,989.7,0.0
2023-12-10T08:00,12.8,78,14.8,264.0,990.5,0.0
2023-12-10T09:00,15.6,68,11.9,272.0,991.4,0.0
2023-12-10T10:00,18.2,60,12.8,281.0,991.7,0.0
2023-12-10T11:00,20.3,53,15.3,294.0,991.1,0.0
2023-12-10T12:00,21.6,45,17.7,299.0,990.2,0.0
2023-12-10T13:00,22.3,41,18.0,299.0,989.5,0.0
2023-12-10T14:00,22.5,39,17.1,295.0,988.9,0.0
2023-12-10T15:00,22.1,40,16.1,290.0,988.5,0.0
2023-12-10T16:00,20.8,46,11.4,283.0,988.2,0.0
2023-12-10T17:00,17.8,58,9.7,270.0,988.0,0.0
2023-12-10T18:00,16.8,64,9.1,279.0,988.8,0.0
2023-12-10T19:00,15.7,69,9.2,281.0,989.2,0.0
2023-12-10T20:00,14.9,72,9.8,278.0,989.5,0.0
2023-12-10T21:00,14.0,76,8.5,282.0,989.7,0.0
2023-12-10T22:00,13.2,79,8.1,291.0,990.1,0.0
2023-12-10T23:00,12.4,82,7.3,290.0,989.7,0.0
2023-12-11T00:00,11.4,86,8.5,298.0,989.3,0.0
2023-12-11T01:00,10.4,89,10.1,297.0,988.9,0.0
2023-12-11T02:00,10.1,89,8.3,268.0,988.6,0.0
2023-12-11T03:00,9.8,89,6.7,254.0,988.3,0.0
2023-12-11T04:00,10.0,89,5.4,250.0,988.2,0.0
2023-12-11T05:00,9.9,90,5.7,252.0,988.4,0.0
2023-12-11T06:00,9.1,95,4.8,257.0,989.7,0.0
2023-12-11T07:00,9.1,95,5.8,240.0,990.4,0.0
2023-12-11T08:00,11.9,86,7.7,242.0,991.3,0.0
2023-12-11T09:00,15.6,74,4.0,260.0,992.3,0.0
2023-12-11T10:00,18.4,63,2.9,263.0,992.8,0.0
2023-12-11T11:00,20.3,53,2.6,286.0,992.0,0.0
2023-12-11T12:00,21.4,47,3.9,304.0,991.2,0.0
2023-12-11T13:00,22.1,43,5.4,312.0,990.4,0.0
2023-12-11T14:00,22.3,40,6.9,309.0,989.8,0.0
2023-12-11T15:00,21.9,40,7.7,311.0,989.5,0.0
2023-12-11T16:00,20.4,56,3.8,311.0,989.4,0.0
2023-12-11T17:00,20.0,47,3.9,292.0,989.4,0.0
2023-12-11T18:00,19.5,48,4.1,285.0,989.9,0.0
2023-12-11T19:00,18.4,53,4.7,328.0,990.4,0.0
2023-12-11T20:00,16.7,61,6.5,34.0,990.7,0.0
2023-12-11T21:00,13.6,74,9.0,85.0,990.6,0.0
2023-12-11T22:00,12.3,78,10.1,92.0,990.6,0.0
2023-12-11T23:00,11.6,80,9.8,82.0,990.2,0.0
2023-12-12T00:00,10.8,83,11.4,79.0,989.7,0.0
2023-12-12T01:00,10.4,85,10.5,86.0,989.2,0.0
2023-12-12T02:00,10.3,86,7.0,111.0,988.7,0.0
2023-12-12T03:00,10.0,87,7.3,123.0,988.5,0.0
2023-12-12T04:00,9.9,87,7.2,117.0,988.3,0.0
2023-12-12T05:00,9.6,89,7.2,127.0,988.5,0.0
2023-12-12T06:00,9.3,91,8.7,142.0,989.1,0.0
2023-12-12T07:00,9.4,92,7.9,137.0,989.5,0.0
2023-12-12T08:00,12.7,81,6.7,126.0,990.6,0.0
2023-12-12T09:00,15.8,71,4.7,94.0,991.4,0.0
2023-12-12T10:00,18.5,62,6.2,97.0,991.7,0.0
2023-12-12T11:00,20.5,56,6.3,114.0,990.9,0.0
2023-12-12T12:00,21.7,52,5.6,130.0,989.8,0.0
2023-12-12T13:00,22.3,49,3.5,156.0,989.0,0.0
2023-12-12T14:00,22.8,44,2.4,207.0,988.2,0.0
2023-12-12T15:00,22.8,42,3.3,264.0,988.0,0.0
2023-12-12T16:00,21.4,68,4.0,280.0,987.8,0.0
2023-12-12T17:00,20.7,51,4.0,333.0,987.9,0.0
2023-12-12T18:00,19.4,52,2.3,129.0,988.3,0.0
2023-12-12T19:00,18.5,55,2.4,27.0,988.9,0.0
2023-12-12T20:00,17.7,59,6.0,57.0,989.3,0.0
2023-12-12T21:00,13.5,79,9.5,61.0,989.5,0.0
2023-12-12T22:00,12.7,84,10.0,69.0,989.8,0.0
2023-12-12T23:00,13.9,76,7.8,77.0,990.0,0.0
2023-12-13T00:00,13.3,77,7.6,45.0,989.6,0.0
2023-12-13T01:00,13.0,77,7.1,49.0,989.6,0.0
2023-12-13T02:00,12.1,81,7.2,63.0,989.3,0.0
2023-12-13T03:00,11.5,83,7.2,63.0,989.1,0.0
2023-12-13T04:00,11.4,82,7.4,47.0,989.2,0.0
2023-12-13T05:00,12.5,77,5.6,45.0,989.8,0.0
2023-12-13T06:00,12.3,84,3.0,284.0,990.7,0.0
2023-12-13T07:00,10.4,90,4.7,270.0,991.2,0.0
2023-12-13T08:00,13.1,83,6.3,283.0,992.3,0.0
2023-12-13T09:00,16.3,73,3.6,307.0,993.4,0.0
2023-12-13T10:00,18.9,64,2.7,337.0,993.6,0.0
2023-12-13T11:00,20.8,55,3.7,349.0,992.6,0.0
2023-12-13T12:00,21.9,49,4.7,328.0,991.7,0.0
2023-12-13T13:00,22.6,44,7.1,311.0,990.9,0.0
2023-12-13T14:00,22.8,41,9.8,306.0,990.3,0.0
2023-12-13T15:00,22.5,41,10.3,306.0,990.3,0.0
2023-12-13T16:00,21.3,46,6.9,317.0,990.4,0.0
2023-12-13T17:00,17.4,61,8.7,330.0,990.0,0.0
2023-12-13T18:00,17.3,55,8.3,342.0,991.2,0.0
2023-12-13T19:00,16.2,58,7.9,336.0,991.6,0.0
2023-12-13T20:00,14.9,64,7.7,332.0,992.0,0.0
2023-12-13T21:00,14.0,67,9.0,337.0,992.3,0.0
2023-12-13T22:00,13.1,71,9.2,334.0,992.4,0.0
2023-12-13T23:00,12.4,75,8.9,333.0,992.0,0.0
2023-12-14T00:00,11.6,80,8.9,339.0,991.5,0.0
2023-12-14T01:00,10.6,85,10.0,322.0,991.0,0.0
2023-12-14T02:00,10.4,86,8.1,302.0,990.7,0.0
2023-12-14T03:00,10.1,87,6.8,295.0,990.3,0.0
2023-12-14T04:00,9.9,88,7.2,288.0,990.2,0.0
2023-12-14T05:00,9.7,89,7.9,273.0,990.2,0.0
2023-12-14T06:00,9.9,90,10.2,280.0,991.1,0.0
2023-12-14T07:00,9.9,90,10.5,276.0,991.8,0.0
2023-12-14T08:00,12.1,82,13.3,273.0,992.9,0.0
2023-12-14T09:00,14.9,72,11.2,274.0,993.8,0.0
2023-12-14T10:00,17.6,62,12.3,277.0,994.2,0.0
2023-12-14T11:00,19.7,53,14.6,279.0,993.6,0.0
2023-12-14T12:00,21.1,45,15.6,278.0,992.6,0.0
2023-12-14T13:00,21.9,41,16.1,280.0,992.0,0.0
2023-12-14T14:00,22.1,40,16.0,284.0,991.3,0.0
2023-12-14T15:00,21.8,41,15.6,285.0,991.1,0.0
2023-12-14T16:00,20.5,48,11.2,285.0,991.3,0.0
2023-12-14T17:00,17.4,60,8.4,280.0,991.1,0.0
2023-12-14T18:00,16.0,67,7.3,290.0,992.0,0.0
2023-12-14T19:00,14.5,74,7.4,284.0,992.2,0.0
2023-12-14T20:00,13.6,77,6.8,273.0,992.4,0.0
2023-12-14T21:00,12.9,80,7.2,276.0,992.9,0.0
2023-12-14T22:00,12.4,81,6.8,267.0,993.0,0.0
2023-12-14T23:00,12.0,83,7.2,273.0,992.9,0.0
2023-12-15T00:00,10.8,88,8.2,311.0,992.5,0.0
2023-12-15T01:00,9.6,91,9.8,343.0,992.2,0.0
2023-12-15T02:00,9.3,91,9.4,310.0,992.0,0.0
2023-12-15T03:00,9.1,92,7.3,281.0,991.9,0.0
2023-12-15T04:00,8.9,92,7.2,288.0,992.0,0.0
2023-12-15T05:00,8.6,93,6.6,283.0,992.2,0.0
2023-12-15T06:00,7.5,93,6.5,273.0,993.2,0.0
2023-12-15T07:00,7.7,94,4.7,266.0,994.0,0.0
2023-12-15T08:00,10.5,85,7.0,258.0,995.1,0.0
2023-12-15T09:00,14.2,71,4.3,270.0,996.0,0.0
2023-12-15T10:00,17.3,60,3.3,283.0,996.3,0.0
2023-12-15T11:00,19.5,49,3.1,291.0,995.5,0.0
2023-12-15T12:00,21.0,42,4.8,297.0,994.4,0.0
2023-12-15T13:00,21.8,39,6.6,299.0,993.6,0.0
2023-12-15T14:00,22.1,39,7.4,309.0,992.8,0.0
2023-12-15T15:00,21.8,40,8.1,315.0,992.3,0.0
2023-12-15T16:00,20.3,49,4.6,321.0,991.8,0.0
2023-12-15T17:00,17.2,59,7.6,315.0,991.8,0.0
2023-12-15T18:00,17.7,58,5.3,298.0,992.3,0.0
2023-12-15T19:00,14.9,70,7.6,289.0,992.3,0.0
2023-12-15T20:00,13.4,76,10.2,312.0,992.7,0.0
2023-12-15T21:00,12.5,80,9.4,320.0,992.9,0.0
2023-12-15T22:00,12.8,75,7.9,321.0,993.0,0.0
2023-12-15T23:00,12.1,75,8.3,342.0,992.5,0.0
2023-12-16T00:00,10.9,79,9.6,347.0,991.9,0.0
2023-12-16T01:00,10.4,80,9.7,356.0,991.9,0.0
2023-12-16T02:00,9.9,82,9.4,358.0,991.5,0.0
2023-12-16T03:00,9.9,82,8.1,347.0,991.4,0.0
2023-12-16T04:00,9.2,85,6.6,299.0,991.4,0.0
2023-12-16T05:00,8.2,89,5.8,277.0,991.4,0.0
2023-12-16T06:00,7.7,92,6.2,277.0,992.5,0.0
2023-12-16T07:00,7.9,93,4.7,270.0,992.9,0.0
2023-12-16T08:00,10.9,83,5.8,274.0,993.6,0.0
2023-12-16T09:00,14.8,71,3.4,288.0,994.2,0.0
2023-12-16T10:00,18.1,58,3.4,288.0,994.4,0.0
2023-12-16T11:00,20.4,46,6.3,283.0,993.6,0.0
2023-12-16T12:00,21.5,42,9.3,283.0,992.5,0.0
2023-12-16T13:00,22.2,41,11.4,288.0,991.5,0.0
2023-12-16T14:00,22.3,39,11.8,297.0,990.5,0.0
2023-12-16T15:00,22.0,38,12.1,307.0,990.1,0.0
2023-12-16T16:00,20.7,43,6.8,302.0,989.9,0.0
2023-12-16T17:00,16.3,60,10.0,283.0,989.7,0.0
2023-12-16T18:00,17.4,53,5.9,313.0,990.3,0.0
2023-12-16T19:00,15.1,63,7.7,332.0,990.9,0.0
2023-12-16T20:00,15.1,63,8.2,345.0,991.6,0.0
2023-12-16T21:00,14.1,66,8.3,5.0,991.9,0.0
2023-12-16T22:00,12.0,75,9.6,20.0,992.0,0.0
2023-12-16T23:00,11.0,78,10.4,20.0,991.7,0.0
2023-12-17T00:00,10.3,80,10.6,18.0,991.6,0.0
2023-12-17T01:00,10.3,79,9.8,17.0,991.5,0.0
2023-12-17T02:00,12.1,70,7.8,22.0,991.8,0.0
2023-12-17T03:00,12.2,70,6.6,9.0,991.8,0.0
2023-12-17T04:00,12.0,71,4.4,325.0,991.7,0.0
2023-12-17T05:00,11.8,72,2.5,262.0,991.7,0.0
2023-12-17T06:00,9.5,86,5.4,217.0,992.4,0.0
2023-12-17T07:00,9.5,87,5.4,233.0,993.1,0.0
2023-12-17T08:00,12.1,77,9.2,244.0,993.9,0.0
2023-12-17T09:00,16.1,64,7.3,261.0,994.7,0.0
2023-12-17T10:00,19.0,55,7.6,273.0,995.1,0.0
2023-12-17T11:00,20.9,46,9.3,286.0,994.4,0.0
2023-12-17T12:00,22.0,42,11.2,303.0,993.4,0.0
2023-12-17T13:00,22.5,40,12.2,317.0,992.3,0.0
2023-12-17T14:00,22.6,39,12.6,323.0,991.7,0.0
2023-12-17T15:00,22.3,39,12.6,323.0,991.5,0.0
2023-12-17T16:00,21.1,44,8.5,332.0,991.6,0.0
2023-12-17T17:00,17.3,60,7.3,351.0,991.6,0.0
2023-12-17T18:00,16.8,59,9.0,16.0,992.7,0.0
2023-12-17T19:00,15.7,63,8.7,17.0,993.2,0.0
2023-12-17T20:00,14.5,67,7.8,13.0,993.7,0.0
2023-12-17T21:00,13.9,69,8.6,2.0,994.0,0.0
2023-12-17T22:00,13.0,73,7.7,349.0,994.1,0.0
2023-12-17T23:00,11.7,80,8.1,328.0,993.8,0.0
2023-12-18T00:00,11.1,84,6.4,286.0,993.8,0.0
2023-12-18T01:00,11.0,84,6.9,279.0,993.7,0.0
2023-12-18T02:00,10.5,86,8.0,278.0,993.6,0.0
2023-12-18T03:00,9.9,89,9.0,265.0,993.8,0.0
2023-12-18T04:00,9.5,90,10.1,264.0,993.8,0.0
2023-12-18T05:00,9.3,91,10.5,264.0,994.1,0.0
2023-12-18T06:00,9.1,93,10.1,274.0,995.3,0.0
2023-12-18T07:00,9.1,93,11.2,276.0,995.6,0.0
2023-12-18T08:00,11.1,84,13.6,282.0,996.2,0.0
2023-12-18T09:00,13.7,74,12.2,284.0,996.7,0.0
2023-12-18T10:00,16.4,64,13.3,289.0,996.8,0.0
2023-12-18T11:00,18.7,55,15.5,295.0,995.9,0.0
2023-12-18T12:00,20.3,47,18.1,301.0,994.8,0.0
2023-12-18T13:00,21.2,40,19.9,305.0,993.8,0.0
2023-12-18T14:00,21.5,36,20.1,306.0,993.1,0.0
2023-12-18T15:00,21.2,34,19.9,305.0,992.9,0.0
2023-12-18T16:00,20.2,38,15.7,302.0,992.5,0.0
2023-12-18T17:00,17.5,48,11.8,293.0,992.5,0.0
2023-12-18T18:00,15.9,56,10.9,287.0,993.5,0.0
2023-12-18T19:00,14.9,60,12.3,285.0,994.0,0.0
2023-12-18T20:00,14.1,61,12.9,288.0,994.4,0.0
2023-12-18T21:00,13.4,63,12.5,288.0,995.0,0.0
2023-12-18T22:00,12.6,65,12.3,285.0,995.0,0.0
2023-12-18T23:00,12.0,68,12.6,283.0,994.7,0.0
2023-12-19T00:00,11.6,69,13.6,282.0,994.5,0.0
2023-12-19T01:00,11.2,71,13.3,283.0,994.4,0.0
2023-12-19T02:00,10.8,72,13.1,286.0,994.0,0.0
2023-12-19T03:00,10.4,73,13.0,289.0,993.6,0.0
2023-12-19T04:00,9.9,75,12.7,285.0,993.4,0.0
2023-12-19T05:00,9.5,77,12.8,281.0,993.7,0.0
2023-12-19T06:00,8.7,87,12.7,278.0,995.1,0.0
2023-12-19T07:00,8.6,87,13.1,278.0,995.7,0.0
2023-12-19T08:00,10.4,79,14.5,276.0,996.2,0.0
2023-12-19T09:00,13.2,69,12.7,278.0,996.9,0.0
2023-12-19T10:00,15.9,60,13.5,279.0,996.9,0.0
2023-12-19T11:00,18.3,54,15.5,283.0,996.3,0.0
2023-12-19T12:00,20.0,48,16.5,293.0,995.1,0.0
2023-12-19T13:00,21.0,43,17.1,298.0,993.9,0.0
2023-12-19T14:00,21.5,40,16.7,295.0,993.4,0.0
2023-12-19T15:00,21.2,41,16.8,293.0,993.0,0.0
2023-12-19T16:00,20.0,46,13.7,288.0,993.0,0.0
2023-12-19T17:00,17.1,57,11.4,283.0,992.8,0.0
2023-12-19T18:00,15.8,61,9.8,276.0,993.4,0.0
2023-12-19T19:00,14.7,64,10.5,264.0,994.1,0.0
2023-12-19T20:00,14.0,66,11.5,266.0,994.5,0.0
2023-12-19T21:00,13.4,67,11.6,277.0,994.6,0.0
2023-12-19T22:00,12.7,69,11.3,277.0,994.9,0.0
2023-12-19T23:00,12.0,71,10.7,284.0,994.5,0.0
2023-12-20T00:00,11.4,74,10.4,284.0,994.5,0.0
2023-12-20T01:00,10.8,76,10.1,276.0,994.5,0.0
2023-12-20T02:00,10.2,78,9.8,278.0,994.3,0.0
2023-12-20T03:00,10.0,79,10.5,274.0,994.1,0.0
2023-12-20T04:00,9.7,80,10.4,272.0,993.9,0.0
2023-12-20T05:00,9.1,84,9.1,277.0,993.9,0.0
2023-12-20T06:00,7.9,90,7.9,267.0,994.6,0.0
2023-12-20T07:00,7.9,89,9.0,275.0,995.3,0.0
2023-12-20T08:00,10.0,80,10.3,282.0,996.2,0.0
2023-12-20T09:00,12.8,70,7.6,295.0,996.9,0.0
2023-12-20T10:00,15.5,61,7.9,300.0,997.1,0.0
2023-12-20T11:00,17.7,54,9.4,313.0,996.0,0.0
2023-12-20T12:00,19.2,49,10.1,305.0,994.8,0.0
2023-12-20T13:00,20.1,46,11.2,315.0,993.6,0.0
2023-12-20T14:00,20.4,45,10.8,291.0,993.1,0.0
2023-12-20T15:00,20.2,46,11.8,293.0,992.6,0.0
2023-12-20T16:00,19.2,50,8.7,287.0,992.3,0.0
2023-12-20T17:00,16.1,63,6.9,276.0,992.2,0.0
2023-12-20T18:00,15.5,67,6.9,298.0,992.8,0.0
2023-12-20T19:00,14.2,74,7.1,294.0,993.3,0.0
2023-12-20T20:00,13.3,78,6.6,283.0,993.6,0.0
2023-12-20T21:00,12.9,80,5.8,274.0,993.8,0.0
2023-12-20T22:00,11.9,85,6.8,288.0,993.9,0.0
2023-12-20T23:00,11.6,85,6.6,292.0,993.6,0.0
2023-12-21T00:00,11.2,86,6.6,279.0,993.3,0.0
2023-12-21T01:00,10.7,87,7.2,297.0,992.8,0.0
2023-12-21T02:00,9.7,91,7.6,295.0,992.5,0.0
2023-12-21T03:00,9.3,91,6.5,304.0,992.1,0.0
2023-12-21T04:00,9.1,92,6.6,311.0,992.0,0.0
2023-12-21T05:00,9.0,92,7.4,309.0,991.7,0.0
2023-12-21T06:00,8.1,95,6.8,295.0,992.7,0.0
2023-12-21T07:00,8.5,94,6.4,286.0,993.1,0.0
2023-12-21T08:00,10.6,86,9.2,291.0,993.8,0.0
2023-12-21T09:00,13.2,76,6.3,283.0,994.7,0.0
2023-12-21T10:00,15.9,67,7.2,297.0,994.9,0.0
2023-12-21T11:00,18.6,57,9.7,309.0,994.1,0.0
2023-12-21T12:00,20.3,50,11.2,315.0,993.0,0.0
2023-12-21T13:00,21.2,47,12.5,314.0,991.8,0.0
2023-12-21T14:00,21.6,45,13.3,311.0,991.2,0.0
2023-12-21T15:00,21.3,44,13.3,308.0,990.9,0.0
2023-12-21T16:00,20.2,49,10.7,310.0,990.7,0.0
2023-12-21T17:00,17.0,60,8.4,295.0,990.8,0.0
2023-12-21T18:00,16.3,65,9.1,304.0,991.6,0.0
2023-12-21T19:00,15.1,70,8.2,308.0,992.0,0.0
2023-12-21T20:00,13.9,76,7.2,307.0,992.2,0.0
2023-12-21T21:00,12.4,83,7.8,304.0,992.5,0.0
2023-12-21T22:00,11.4,88,7.8,292.0,992.8,0.0
2023-12-21T23:00,10.8,89,7.0,282.0,992.4,0.0
2023-12-22T00:00,10.2,91,6.5,276.0,991.8,0.0
2023-12-22T01:00,9.6,92,6.9,279.0,991.3,0.0
2023-12-22T02:00,8.9,93,7.8,283.0,991.0,0.0
2023-12-22T03:00,8.6,94,7.4,293.0,990.7,0.0
2023-12-22T04:00,8.0,95,7.8,292.0,990.9,0.0
2023-12-22T05:00,8.1,95,5.7,288.0,991.2,0.0
2023-12-22T06:00,7.5,96,5.8,300.0,992.2,0.0
2023-12-22T07:00,7.1,97,5.5,281.0,992.9,0.0
2023-12-22T08:00,9.8,90,5.8,274.0,993.8,0.0
2023-12-22T09:00,13.0,79,3.4,288.0,994.6,0.0
2023-12-22T10:00,16.0,69,3.1,306.0,994.8,0.0
2023-12-22T11:00,18.3,59,2.7,337.0,993.9,0.0
2023-12-22T12:00,19.9,50,1.8,360.0,992.5,0.0
2023-12-22T13:00,20.9,45,3.0,14.0,991.3,0.0
2023-12-22T14:00,21.4,44,3.2,27.0,990.5,0.0
2023-12-22T15:00,21.5,44,1.8,360.0,990.4,0.0
2023-12-22T16:00,20.4,52,3.4,302.0,990.7,0.0
2023-12-22T17:00,16.7,66,7.6,301.0,990.8,0.0
2023-12-22T18:00,16.6,69,6.7,306.0,991.7,0.0
2023-12-22T19:00,15.2,75,7.7,323.0,992.1,0.0
2023-12-22T20:00,13.8,83,9.7,358.0,992.1,0.0
2023-12-22T21:00,14.3,80,7.8,347.0,992.8,0.0
2023-12-22T22:00,15.1,76,6.2,339.0,993.3,0.0
2023-12-22T23:00,12.3,87,6.9,309.0,993.1,0.0
2023-12-23T00:00,11.4,90,7.3,327.0,992.9,0.0
2023-12-23T01:00,11.1,91,5.7,305.0,992.9,0.0
2023-12-23T02:00,11.1,92,4.3,265.0,993.1,0.0
2023-12-23T03:00,11.3,91,8.7,42.0,992.0,0.1
2023-12-23T04:00,12.6,85,9.4,90.0,991.7,0.2
2023-12-23T05:00,11.9,91,5.4,180.0,992.5,0.0
2023-12-23T06:00,12.3,88,8.4,149.0,992.6,0.0
2023-12-23T07:00,11.5,88,7.9,150.0,993.9,0.0
2023-12-23T08:00,13.2,84,8.5,168.0,995.3,0.0
2023-12-23T09:00,15.9,75,5.2,155.0,996.6,0.0
2023-12-23T10:00,18.3,67,4.9,126.0,997.0,0.0
2023-12-23T11:00,19.9,59,4.3,114.0,996.6,0.0
2023-12-23T12:00,21.0,53,4.9,126.0,995.6,0.0
2023-12-23T13:00,21.7,48,4.8,103.0,994.7,0.0
2023-12-23T14:00,22.1,46,6.9,96.0,994.0,0.0
2023-12-23T15:00,21.9,45,7.3,99.0,993.8,0.0
2023-12-23T16:00,21.0,50,5.8,112.0,993.6,0.0
2023-12-23T17:00,16.8,68,9.0,127.0,993.5,0.0
2023-12-23T18:00,17.3,68,6.8,162.0,994.3,0.0
2023-12-23T19:00,19.1,60,2.8,130.0,995.0,0.0
2023-12-23T20:00,18.2,64,4.2,31.0,995.4,0.0
2023-12-23T21:00,16.0,74,6.4,63.0,995.8,0.0
2023-12-23T22:00,15.5,77,6.6,103.0,995.9,0.0
2023-12-23T23:00,15.3,77,4.9,163.0,995.8,0.0
2023-12-24T00:00,15.1,78,2.4,63.0,995.3,0.0
2023-12-24T01:00,11.0,94,7.5,17.0,994.8,0.0
2023-12-24T02:00,10.6,95,8.8,19.0,994.8,0.0
2023-12-24T03:00,12.6,89,5.8,7.0,995.1,0.0
2023-12-24T04:00,12.7,88,5.6,15.0,995.0,0.0
2023-12-24T05:00,12.5,88,4.1,315.0,995.5,0.0
2023-12-24T06:00,11.1,92,3.0,256.0,996.1,0.0
2023-12-24T07:00,9.7,95,4.0,270.0,996.4,0.0
2023-12-24T08:00,12.0,92,5.8,266.0,997.3,0.0
2023-12-24T09:00,15.2,81,2.2,270.0,998.1,0.0
2023-12-24T10:00,18.5,68,2.4,297.0,998.7,0.0
2023-12-24T11:00,20.6,58,1.5,315.0,998.0,0.0
2023-12-24T12:00,21.9,52,3.3,347.0,996.8,0.0
2023-12-24T13:00,22.6,48,5.1,352.0,995.6,0.0
2023-12-24T14:00,22.9,46,6.7,344.0,995.0,0.0
2023-12-24T15:00,22.7,46,8.7,343.0,994.6,0.0
2023-12-24T16:00,21.7,51,7.4,337.0,994.1,0.0
2023-12-24T17:00,17.5,69,9.2,321.0,993.9,0.0
2023-12-24T18:00,17.3,74,8.8,341.0,994.8,0.0
2023-12-24T19:00,16.5,78,6.8,328.0,995.2,0.0
2023-12-24T20:00,15.6,82,7.5,325.0,995.2,0.0
2023-12-24T21:00,14.7,86,7.4,321.0,995.5,0.0
2023-12-24T22:00,13.3,90,7.9,309.0,995.5,0.0
2023-12-24T23:00,12.2,92,8.0,278.0,994.7,0.0
2023-12-25T00:00,12.2,91,5.8,263.0,993.9,0.0
2023-12-25T01:00,11.9,92,6.8,270.0,993.6,0.0
2023-12-25T02:00,11.5,93,7.6,275.0,993.3,0.0
2023-12-25T03:00,11.2,94,7.6,289.0,993.2,0.0
2023-12-25T04:00,11.0,94,7.6,289.0,993.2,0.0
2023-12-25T05:00,10.9,94,8.4,290.0,993.3,0.0
2023-12-25T06:00,10.7,95,8.9,284.0,993.9,0.0
2023-12-25T07:00,10.7,95,10.1,272.0,994.4,0.0
2023-12-25T08:00,12.4,90,12.2,270.0,994.9,0.0
2023-12-25T09:00,15.0,81,9.4,268.0,995.9,0.0
2023-12-25T10:00,17.7,71,9.1,277.0,996.6,0.0
2023-12-25T11:00,19.9,61,9.5,295.0,995.9,0.0
2023-12-25T12:00,21.5,54,10.0,308.0,995.2,0.0
2023-12-25T13:00,22.4,50,9.7,315.0,994.2,0.0
2023-12-25T14:00,22.9,48,9.2,315.0,993.3,0.0
2023-12-25T15:00,22.8,47,8.7,312.0,992.9,0.0
2023-12-25T16:00,21.9,51,6.5,304.0,992.9,0.0
2023-12-25T17:00,17.6,70,9.1,277.0,992.5,0.0
2023-12-25T18:00,16.9,75,7.4,256.0,993.3,0.0
2023-12-25T19:00,15.8,79,8.0,252.0,993.3,0.0
2023-12-25T20:00,14.9,84,8.3,252.0,993.3,0.0
2023-12-25T21:00,14.0,87,8.2,255.0,993.3,0.0
2023-12-25T22:00,13.2,89,7.2,264.0,993.6,0.0
2023-12-25T23:00,12.5,90,6.9,276.0,993.2,0.0
2023-12-26T00:00,11.8,92,6.5,289.0,992.5,0.0
2023-12-26T01:00,11.3,93,6.3,294.0,992.1,0.0
2023-12-26T02:00,10.8,94,6.6,299.0,991.9,0.0
2023-12-26T03:00,10.1,94,7.7,311.0,991.6,0.0
2023-12-26T04:00,9.5,95,8.0,306.0,991.5,0.0
2023-12-26T05:00,9.6,95,5.8,277.0,991.9,0.0
2023-12-26T06:00,10.0,94,6.1,270.0,993.1,0.0
2023-12-26T07:00,9.7,95,5.8,263.0,993.5,0.0
2023-12-26T08:00,11.8,89,7.2,264.0,994.4,0.0
2023-12-26T09:00,15.0,78,4.7,270.0,995.4,0.0
2023-12-26T10:00,17.7,67,4.6,288.0,996.0,0.0
2023-12-26T11:00,19.9,58,5.3,298.0,995.4,0.0
2023-12-26T12:00,21.4,52,5.6,310.0,994.6,0.0
2023-12-26T13:00,22.3,47,5.4,312.0,993.8,0.0
2023-12-26T14:00,22.7,44,5.9,322.0,993.2,0.0
2023-12-26T15:00,22.5,45,6.5,326.0,993.4,0.0
2023-12-26T16:00,21.5,52,4.2,329.0,993.4,0.0
2023-12-26T17:00,18.4,64,7.1,330.0,993.6,0.0
2023-12-26T18:00,16.6,73,8.2,319.0,993.9,0.0
2023-12-26T19:00,17.0,71,6.7,324.0,994.2,0.0
2023-12-26T20:00,16.4,73,6.3,329.0,994.4,0.0
2023-12-26T21:00,15.4,77,6.7,344.0,994.7,0.0
2023-12-26T22:00,14.3,80,7.6,360.0,994.6,0.0
2023-12-26T23:00,13.2,83,8.0,10.0,994.3,0.0
2023-12-27T00:00,11.2,90,10.1,360.0,994.0,0.0
2023-12-27T01:00,10.9,90,9.5,351.0,993.6,0.0
2023-12-27T02:00,12.4,84,7.1,345.0,993.5,0.0
2023-12-27T03:00,10.4,90,7.7,323.0,993.2,0.0
2023-12-27T04:00,9.6,93,7.7,311.0,993.1,0.0
2023-12-27T05:00,9.2,93,6.7,286.0,993.3,0.0
2023-12-27T06:00,8.5,95,6.1,273.0,994.4,0.0
2023-12-27T07:00,8.7,96,5.0,270.0,995.1,0.0
2023-12-27T08:00,10.9,92,8.0,275.0,996.1,0.0
2023-12-27T09:00,14.2,80,5.7,288.0,997.5,0.0
2023-12-27T10:00,17.0,69,5.2,304.0,998.0,0.0
2023-12-27T11:00,19.0,61,5.6,310.0,997.4,0.0
2023-12-27T12:00,20.4,56,6.4,317.0,996.3,0.0
2023-12-27T13:00,21.2,53,6.9,321.0,995.1,0.0
2023-12-27T14:00,21.7,51,7.8,326.0,994.6,0.0
2023-12-27T15:00,21.6,52,8.5,332.0,994.3,0.0
2023-12-27T16:00,20.8,55,6.8,335.0,993.9,0.0
2023-12-27T17:00,16.6,74,9.8,332.0,993.6,0.0
2023-12-27T18:00,14.6,86,9.0,299.0,994.0,0.0
2023-12-27T19:00,13.9,88,8.9,297.0,994.2,0.0
2023-12-27T20:00,13.6,89,6.6,292.0,994.3,0.0
2023-12-27T21:00,12.9,91,6.6,292.0,994.4,0.0
2023-12-27T22:00,12.5,92,7.1,311.0,994.4,0.0
2023-12-27T23:00,12.2,92,7.4,317.0,993.9,0.0
2023-12-28T00:00,11.9,93,7.1,315.0,993.2,0.0
2023-12-28T01:00,11.6,94,7.2,307.0,992.8,0.0
2023-12-28T02:00,11.3,95,7.3,303.0,992.6,0.0
2023-12-28T03:00,10.8,96,7.1,294.0,992.5,0.0
2023-12-28T04:00,10.3,97,6.7,286.0,992.2,0.0
2023-12-28T05:00,9.8,98,5.1,278.0,992.4,0.0
2023-12-28T06:00,9.9,99,5.8,274.0,993.6,0.0
2023-12-28T07:00,9.7,99,6.2,277.0,994.0,0.0
2023-12-28T08:00,10.7,98,6.0,295.0,994.7,0.0
2023-12-28T09:00,11.8,96,5.4,307.0,995.5,0.0
2023-12-28T10:00,14.5,85,4.3,294.0,996.0,0.0
2023-12-28T11:00,17.1,74,3.7,299.0,995.1,0.0
2023-12-28T12:00,19.1,64,3.8,319.0,994.1,0.0
2023-12-28T13:00,20.3,57,3.5,336.0,993.2,0.0
2023-12-28T14:00,20.9,55,3.6,354.0,992.6,0.0
2023-12-28T15:00,20.8,55,4.0,10.0,992.5,0.0
2023-12-28T16:00,20.0,61,4.7,23.0,992.5,0.0
2023-12-28T17:00,16.2,81,5.3,28.0,992.4,0.0
2023-12-28T18:00,13.4,89,9.3,16.0,993.3,0.0
2023-12-28T19:00,12.4,92,10.4,14.0,993.6,0.0
2023-12-28T20:00,12.9,89,8.7,17.0,993.9,0.0
2023-12-28T21:00,14.3,85,6.5,19.0,994.4,0.0
2023-12-28T22:00,13.5,88,6.0,17.0,994.3,0.0
2023-12-28T23:00,12.5,92,5.4,20.0,994.2,0.0
2023-12-29T00:00,11.9,95,3.7,29.0,993.8,0.0
2023-12-29T01:00,11.5,99,2.8,50.0,993.5,0.0
2023-12-29T02:00,10.7,100,3.8,41.0,993.2,0.0
2023-12-29T03:00,9.0,100,4.7,23.0,992.9,0.0
2023-12-29T04:00,8.3,100,5.0,30.0,992.9,0.0
2023-12-29T05:00,8.3,99,3.1,45.0,993.2,0.0
2023-12-29T06:00,9.0,97,2.2,90.0,994.4,0.0
2023-12-29T07:00,9.3,99,2.2,90.0,995.2,0.0
2023-12-29T08:00,10.3,98,2.6,74.0,995.9,0.0
2023-12-29T09:00,11.5,95,3.5,66.0,996.6,0.0
2023-12-29T10:00,13.4,95,3.7,61.0,996.9,0.0
2023-12-29T11:00,16.2,82,5.2,78.0,996.4,0.0
2023-12-29T12:00,18.2,73,4.3,95.0,995.1,0.0
2023-12-29T13:00,19.4,66,4.0,100.0,994.0,0.0
2023-12-29T14:00,20.1,62,3.6,96.0,993.2,0.0
2023-12-29T15:00,20.2,61,3.4,72.0,992.7,0.0
2023-12-29T16:00,19.7,63,4.1,52.0,992.8,0.0
2023-12-29T17:00,17.3,75,6.0,33.0,992.7,0.0
2023-12-29T18:00,15.5,79,3.4,148.0,993.6,0.0
2023-12-29T19:00,15.4,79,0.8,243.0,994.2,0.0
2023-12-29T20:00,13.9,85,3.2,333.0,994.0,0.0
2023-12-29T21:00,11.7,94,3.4,342.0,993.8,0.0
2023-12-29T22:00,10.7,98,2.4,333.0,993.9,0.0
2023-12-29T23:00,9.3,100,3.1,339.0,993.6,0.0
2023-12-30T00:00,9.0,100,5.0,339.0,993.2,0.0
2023-12-30T01:00,9.0,100,6.3,336.0,992.9,0.0
2023-12-30T02:00,9.0,100,6.8,335.0,992.5,0.0
2023-12-30T03:00,9.2,100,3.7,331.0,992.3,0.0
2023-12-30T04:00,9.2,100,1.9,292.0,992.0,0.0
2023-12-30T05:00,9.5,100,2.4,297.0,992.0,0.0
2023-12-30T06:00,9.5,99,1.8,259.0,993.5,0.0
2023-12-30T07:00,9.7,99,2.3,252.0,993.9,0.0
2023-12-30T08:00,10.4,98,0.8,297.0,994.6,0.0
2023-12-30T09:00,11.4,97,0.5,225.0,995.4,0.0
2023-12-30T10:00,13.1,92,1.3,214.0,995.7,0.0
2023-12-30T11:00,16.1,80,1.1,162.0,995.0,0.0
2023-12-30T12:00,17.7,72,1.1,72.0,994.1,0.0
2023-12-30T13:00,18.5,69,2.4,27.0,993.0,0.0
2023-12-30T14:00,19.0,67,4.2,20.0,992.2,0.0
2023-12-30T15:00,18.7,68,6.4,27.0,991.7,0.0
2023-12-30T16:00,18.1,70,8.3,34.0,991.6,0.0
2023-12-30T17:00,15.9,82,6.4,38.0,991.5,0.0
2023-12-30T18:00,13.1,92,8.0,36.0,992.4,0.0
2023-12-30T19:00,12.2,95,9.4,40.0,992.5,0.0
2023-12-30T20:00,11.7,95,8.5,28.0,992.7,0.0
2023-12-30T21:00,11.1,96,7.3,9.0,992.7,0.0
2023-12-30T22:00,10.1,98,8.4,353.0,992.4,0.0
2023-12-30T23:00,10.1,98,6.9,332.0,992.3,0.0
2023-12-31T00:00,9.4,100,6.6,319.0,992.1,0.0
2023-12-31T01:00,9.0,100,5.9,322.0,992.3,0.0
2023-12-31T02:00,9.0,100,4.2,340.0,992.0,0.0
2023-12-31T03:00,9.9,99,1.8,360.0,991.8,0.0
2023-12-31T04:00,9.7,100,2.2,351.0,991.7,0.0
2023-12-31T05:00,9.5,100,1.1,342.0,991.9,0.0
2023-12-31T06:00,11.7,92,3.2,360.0,993.5,0.0
2023-12-31T07:00,12.0,91,2.6,16.0,994.1,0.0
2023-12-31T08:00,12.9,88,2.3,39.0,994.8,0.0
2023-12-31T09:00,14.0,77,2.7,67.0,995.4,0.0
2023-12-31T10:00,15.1,72,4.3,85.0,995.5,0.0
2023-12-31T11:00,16.3,68,4.0,80.0,994.8,0.0
2023-12-31T12:00,17.5,63,3.8,73.0,993.7,0.0
2023-12-31T13:00,18.3,60,3.8,73.0,992.8,0.0
2023-12-31T14:00,18.7,59,3.9,68.0,991.9,0.0
2023-12-31T15:00,18.7,58,4.5,61.0,991.2,0.0
2023-12-31T16:00,18.2,60,5.9,47.0,991.1,0.0
2023-12-31T17:00,14.8,80,8.7,24.0,990.9,0.0
2023-12-31T18:00,13.7,76,4.8,48.0,992.6,0.0
2023-12-31T19:00,11.1,88,7.4,39.0,992.9,0.0
2023-12-31T20:00,10.2,91,7.4,47.0,993.1,0.0
2023-12-31T21:00,9.3,94,8.4,47.0,993.0,0.0
2023-12-31T22:00,8.4,96,7.9,30.0,993.0,0.0
2023-12-31T23:00,7.6,98,7.2,6.0,992.8,0.0
2024-01-01T00:00,7.0,99,6.8,357.0,992.5,0.0
2024-01-01T01:00,6.8,100,7.1,345.0,992.5,0.0
2024-01-01T02:00,6.8,100,5.2,326.0,992.3,0.0
2024-01-01T03:00,5.9,100,3.2,297.0,992.2,0.0
2024-01-01T04:00,6.4,99,2.6,286.0,992.4,0.0
2024-01-01T05:00,6.4,100,1.8,307.0,992.5,0.0
2024-01-01T06:00,10.1,88,4.0,350.0,993.9,0.0
2024-01-01T07:00,10.4,87,4.0,360.0,994.3,0.0
2024-01-01T08:00,11.2,85,5.8,360.0,994.9,0.0
2024-01-01T09:00,11.8,80,5.8,360.0,995.6,0.0
2024-01-01T10:00,12.8,72,4.7,356.0,995.7,0.0
2024-01-01T11:00,13.7,70,3.3,13.0,994.9,0.0
2024-01-01T12:00,14.8,67,3.0,14.0,993.8,0.0
2024-01-01T13:00,15.6,62,3.7,349.0,992.7,0.0
2024-01-01T14:00,16.1,62,5.4,340.0,991.9,0.0
2024-01-01T15:00,16.2,62,7.0,325.0,991.4,0.0
2024-01-01T16:00,15.6,66,6.9,332.0,991.1,0.0
2024-01-01T17:00,13.1,80,4.0,333.0,991.1,0.0
2024-01-01T18:00,10.5,90,4.5,331.0,992.5,0.0
2024-01-01T19:00,9.6,93,4.6,321.0,993.0,0.0
2024-01-01T20:00,8.9,93,5.1,309.0,993.3,0.0
2024-01-01T21:00,7.9,95,6.3,301.0,993.4,0.0
2024-01-01T22:00,7.1,96,6.8,302.0,993.4,0.0
2024-01-01T23:00,6.5,97,6.7,306.0,993.0,0.0
2024-01-02T00:00,5.7,98,6.6,319.0,992.7,0.0
2024-01-02T01:00,5.4,99,6.4,322.0,992.1,0.0
2024-01-02T02:00,4.8,100,5.1,315.0,991.9,0.0
2024-01-02T03:00,4.6,100,4.7,293.0,991.7,0.0
2024-01-02T04:00,4.7,100,4.2,290.0,991.6,0.0
2024-01-02T05:00,4.7,100,4.3,294.0,991.7,0.0
2024-01-02T06:00,7.6,93,6.3,329.0,993.0,0.0
2024-01-02T07:00,7.9,93,5.3,332.0,993.9,0.0
2024-01-02T08:00,8.8,90,5.2,348.0,994.6,0.0
2024-01-02T09:00,10.0,82,4.1,345.0,995.4,0.0
2024-01-02T10:00,11.2,73,1.5,315.0,995.4,0.0
2024-01-02T11:00,12.3,69,2.1,301.0,994.5,0.0
2024-01-02T12:00,13.5,66,2.4,333.0,993.2,0.0
2024-01-02T13:00,14.6,63,3.3,354.0,992.2,0.0
2024-01-02T14:00,15.2,63,3.6,360.0,991.3,0.0
2024-01-02T15:00,15.3,64,5.0,360.0,990.8,0.0
2024-01-02T16:00,14.7,66,6.2,10.0,990.7,0.0
2024-01-02T17:00,11.6,82,7.2,6.0,990.6,0.0
2024-01-02T18:00,9.6,90,6.2,353.0,991.9,0.0
2024-01-02T19:00,8.8,92,6.3,347.0,992.2,0.0
2024-01-02T20:00,7.9,93,6.6,331.0,992.1,0.0
2024-01-02T21:00,6.8,95,7.1,315.0,992.3,0.0
2024-01-02T22:00,6.5,95,6.9,298.0,992.4,0.0
2024-01-02T23:00,6.3,96,6.8,302.0,992.1,0.0
2024-01-03T00:00,6.0,96,5.9,317.0,991.8,0.0
2024-01-03T01:00,5.1,99,6.4,344.0,991.8,0.0
2024-01-03T02:00,4.8,100,7.6,355.0,991.6,0.0
2024-01-03T03:00,5.2,100,6.8,360.0,991.4,0.0
2024-01-03T04:00,5.7,100,5.4,356.0,991.3,0.0
2024-01-03T05:00,5.2,100,2.5,360.0,991.4,0.0
2024-01-03T06:00,6.2,99,4.0,5.0,992.4,0.0
2024-01-03T07:00,6.7,100,3.7,11.0,993.1,0.0
2024-01-03T08:00,7.7,98,2.3,39.0,993.9,0.0
2024-01-03T09:00,8.9,98,1.8,101.0,994.7,0.0
2024-01-03T10:00,10.2,92,3.9,124.0,995.0,0.0
2024-01-03T11:00,12.7,81,4.6,129.0,994.2,0.0
2024-01-03T12:00,14.7,69,2.3,108.0,993.1,0.0
2024-01-03T13:00,15.5,66,4.0,10.0,991.9,0.0
2024-01-03T14:00,15.9,65,6.5,3.0,991.3,0.0
2024-01-03T15:00,15.8,66,7.4,337.0,991.1,0.0
2024-01-03T16:00,15.2,68,7.0,339.0,990.9,0.0
2024-01-03T17:00,12.4,83,8.0,342.0,990.9,0.0
2024-01-03T18:00,11.6,81,10.5,344.0,991.7,0.0
2024-01-03T19:00,10.2,87,9.2,334.0,991.7,0.0
2024-01-03T20:00,9.1,93,8.0,324.0,991.9,0.0
2024-01-03T21:00,8.3,94,6.9,313.0,992.1,0.0
2024-01-03T22:00,7.6,96,6.3,301.0,992.2,0.0
2024-01-03T23:00,7.6,96,6.8,295.0,992.0,0.0
2024-01-04T00:00,7.3,96,6.8,295.0,991.8,0.0
2024-01-04T01:00,6.6,97,6.9,298.0,991.5,0.0
2024-01-04T02:00,6.2,97,6.5,289.0,991.6,0.0
2024-01-04T03:00,5.8,99,5.4,290.0,991.3,0.0
2024-01-04T04:00,5.4,100,5.2,286.0,991.3,0.0
2024-01-04T05:00,5.2,100,5.6,285.0,991.7,0.0
2024-01-04T06:00,8.8,90,5.8,292.0,993.2,0.0
2024-01-04T07:00,9.0,89,5.7,288.0,993.9,0.0
2024-01-04T08:00,9.8,86,5.5,293.0,994.6,0.0
2024-01-04T09:00,11.6,80,5.5,293.0,995.5,0.0
2024-01-04T10:00,13.7,73,5.6,297.0,995.5,0.0
2024-01-04T11:00,15.4,68,5.6,310.0,994.3,0.0
2024-01-04T12:00,16.7,64,3.4,302.0,993.2,0.0
2024-01-04T13:00,17.6,60,2.5,8.0,992.0,0.0
2024-01-04T14:00,17.8,58,4.6,45.0,991.1,0.0
2024-01-04T15:00,17.9,57,5.7,55.0,990.9,0.0
2024-01-04T16:00,17.6,58,5.9,38.0,990.5,0.0
2024-01-04T17:00,15.8,67,6.8,360.0,990.5,0.0
2024-01-04T18:00,13.7,80,8.6,345.0,991.9,0.0
2024-01-04T19:00,13.1,82,9.7,338.0,992.1,0.0
2024-01-04T20:00,12.5,85,10.4,340.0,992.2,0.0
2024-01-04T21:00,10.8,93,9.6,340.0,992.3,0.0
2024-01-04T22:00,9.8,95,7.8,338.0,992.4,0.0
2024-01-04T23:00,8.9,97,6.1,332.0,991.8,0.0
2024-01-05T00:00,8.6,97,5.1,321.0,991.5,0.0
2024-01-05T01:00,8.4,98,4.1,308.0,991.4,0.0
2024-01-05T02:00,8.5,98,4.2,301.0,991.4,0.0
2024-01-05T03:00,9.2,97,3.8,311.0,991.4,0.0
2024-01-05T04:00,9.7,95,5.8,330.0,991.2,0.0
2024-01-05T05:00,9.2,97,6.0,327.0,991.5,0.0
2024-01-05T06:00,10.5,92,6.3,329.0,992.7,0.1
2024-01-05T07:00,10.5,93,5.0,330.0,993.4,0.0
2024-01-05T08:00,11.0,90,4.6,342.0,994.1,0.0
2024-01-05T09:00,11.8,87,4.0,5.0,994.8,0.0
2024-01-05T10:00,12.9,82,4.6,18.0,994.9,0.0
2024-01-05T11:00,14.9,75,4.3,24.0,994.0,0.0
2024-01-05T12:00,16.6,67,4.5,61.0,992.8,0.0
2024-01-05T13:00,16.8,65,3.4,72.0,991.7,0.0
2024-01-05T14:00,17.0,63,2.4,63.0,991.4,0.0
2024-01-05T15:00,17.3,61,2.9,330.0,991.1,0.0
2024-01-05T16:00,17.1,60,4.8,333.0,991.7,0.0
2024-01-05T17:00,16.1,65,5.3,332.0,991.7,0.0
2024-01-05T18:00,11.2,90,6.5,341.0,992.2,0.0
2024-01-05T19:00,10.5,92,7.4,337.0,993.0,0.0
2024-01-05T20:00,9.7,94,7.2,333.0,993.6,0.0
2024-01-05T21:00,9.1,95,7.4,331.0,993.9,0.0
2024-01-05T22:00,8.4,96,8.2,331.0,993.6,0.0
2024-01-05T23:00,7.3,97,10.3,335.0,993.0,0.0
2024-01-06T00:00,7.3,97,9.0,331.0,992.7,0.0
2024-01-06T01:00,7.6,98,5.9,317.0,992.6,0.0
2024-01-06T02:00,6.6,99,5.7,325.0,992.4,0.0
2024-01-06T03:00,6.3,100,3.7,331.0,992.2,0.0
2024-01-06T04:00,6.6,100,2.8,310.0,992.2,0.0
2024-01-06T05:00,7.2,100,2.6,304.0,992.5,0.0
2024-01-06T06:00,9.2,96,5.9,346.0,994.1,0.0
2024-01-06T07:00,9.6,95,6.2,350.0,994.7,0.0
2024-01-06T08:00,10.8,90,4.0,355.0,995.6,0.0
2024-01-06T09:00,12.3,84,6.0,17.0,996.5,0.0
2024-01-06T10:00,13.6,77,7.5,17.0,996.4,0.0
2024-01-06T11:00,14.9,67,4.7,32.0,995.5,0.0
2024-01-06T12:00,15.7,62,3.8,49.0,994.3,0.0
2024-01-06T13:00,16.3,59,3.8,49.0,993.4,0.0
2024-01-06T14:00,16.8,58,4.9,36.0,992.5,0.0
2024-01-06T15:00,16.9,58,4.7,23.0,992.1,0.0
2024-01-06T16:00,16.6,59,3.8,17.0,992.3,0.0
2024-01-06T17:00,13.7,75,1.5,76.0,992.3,0.0
2024-01-06T18:00,12.5,79,4.5,29.0,993.8,0.0
2024-01-06T19:00,12.8,79,3.7,61.0,994.5,0.0
2024-01-06T20:00,12.7,78,3.3,77.0,995.0,0.0
2024-01-06T21:00,12.2,79,2.2,90.0,995.3,0.0
2024-01-06T22:00,11.0,84,1.9,22.0,995.0,0.0
2024-01-06T23:00,11.0,84,4.7,351.0,994.6,0.0
2024-01-07T00:00,10.7,85,4.7,337.0,994.2,0.0
2024-01-07T01:00,10.2,86,4.1,315.0,993.5,0.0
2024-01-07T02:00,9.8,88,4.9,306.0,993.5,0.0
2024-01-07T03:00,9.1,93,6.9,317.0,993.3,0.0
2024-01-07T04:00,9.0,93,7.4,317.0,993.2,0.0
2024-01-07T05:00,9.4,93,6.0,327.0,993.3,0.0
2024-01-07T06:00,6.2,96,2.2,270.0,994.2,0.0
2024-01-07T07:00,6.1,95,1.1,252.0,995.2,0.0
2024-01-07T08:00,8.6,89,0.7,270.0,996.5,0.0
2024-01-07T09:00,11.5,80,1.1,18.0,997.5,0.0
2024-01-07T10:00,13.7,72,2.6,16.0,997.7,0.0
2024-01-07T11:00,15.2,66,3.4,32.0,997.0,0.0
2024-01-07T12:00,16.2,62,4.1,45.0,995.7,0.0
2024-01-07T13:00,16.9,60,4.7,58.0,994.6,0.0
2024-01-07T14:00,17.4,58,4.2,70.0,993.8,0.0
2024-01-07T15:00,17.5,58,2.7,67.0,993.3,0.0
2024-01-07T16:00,17.1,59,2.5,82.0,993.0,0.0
2024-01-07T17:00,16.4,61,1.8,143.0,993.0,0.0
2024-01-07T18:00,11.1,82,1.8,270.0,993.0,0.0
2024-01-07T19:00,9.7,89,4.2,239.0,993.7,0.0
2024-01-07T20:00,9.1,91,6.9,231.0,994.0,0.0
2024-01-07T21:00,8.6,92,7.7,233.0,994.1,0.0
2024-01-07T22:00,8.1,93,7.9,246.0,994.3,0.0
2024-01-07T23:00,7.6,93,8.0,262.0,994.0,0.0
2024-01-08T00:00,6.8,95,6.8,288.0,993.6,0.0
2024-01-08T01:00,6.6,95,6.9,313.0,993.3,0.0
2024-01-08T02:00,6.8,95,6.6,319.0,993.1,0.0
2024-01-08T03:00,6.3,96,6.0,327.0,993.1,0.0
2024-01-08T04:00,6.0,97,4.7,328.0,993.2,0.0
2024-01-08T05:00,5.5,98,4.9,324.0,993.3,0.0
2024-01-08T06:00,6.0,98,7.0,339.0,994.4,0.0
2024-01-08T07:00,6.4,98,7.4,346.0,995.6,0.0
2024-01-08T08:00,8.4,98,4.7,351.0,996.3,0.0
2024-01-08T09:00,10.8,94,3.6,6.0,996.8,0.0
2024-01-08T10:00,13.5,85,2.9,7.0,997.1,0.0
2024-01-08T11:00,15.8,72,1.1,108.0,996.2,0.0
2024-01-08T12:00,17.0,67,2.5,135.0,995.0,0.0
2024-01-08T13:00,17.9,64,2.3,129.0,994.0,0.0
2024-01-08T14:00,18.4,63,3.1,126.0,993.4,0.0
2024-01-08T15:00,18.4,63,1.8,127.0,992.8,0.0
2024-01-08T16:00,18.0,64,1.5,104.0,992.7,0.0
2024-01-08T17:00,16.5,71,1.5,104.0,992.5,0.0
2024-01-08T18:00,11.5,88,8.7,5.0,993.5,0.0
2024-01-08T19:00,10.7,91,7.6,355.0,993.7,0.0
2024-01-08T20:00,9.5,94,6.4,333.0,993.9,0.0
2024-01-08T21:00,8.8,96,5.9,317.0,994.0,0.0
2024-01-08T22:00,8.2,97,5.8,330.0,993.8,0.0
2024-01-08T23:00,7.8,98,6.4,333.0,993.5,0.0
2024-01-09T00:00,7.3,99,6.6,331.0,993.0,0.0
2024-01-09T01:00,6.9,100,6.9,332.0,993.0,0.0
2024-01-09T02:00,6.9,100,6.8,335.0,993.1,0.0
2024-01-09T03:00,7.2,98,7.6,341.0,993.0,0.0
2024-01-09T04:00,6.7,98,5.8,356.0,992.9,0.0
2024-01-09T05:00,6.2,98,6.9,9.0,992.9,0.0
2024-01-09T06:00,7.2,98,5.1,8.0,994.7,0.0
2024-01-09T07:00,6.8,99,4.4,351.0,995.3,0.0
2024-01-09T08:00,8.5,93,5.4,352.0,996.0,0.0
2024-01-09T09:00,10.9,86,2.4,333.0,996.8,0.0
2024-01-09T10:00,13.8,76,3.6,323.0,996.8,0.0
2024-01-09T11:00,15.9,71,7.1,319.0,995.8,0.0
2024-01-09T12:00,17.0,68,8.5,306.0,994.7,0.0
2024-01-09T13:00,17.7,65,9.7,301.0,993.7,0.0
2024-01-09T14:00,18.0,63,9.6,304.0,993.0,0.0
2024-01-09T15:00,18.0,62,10.8,296.0,992.6,0.0
2024-01-09T16:00,17.4,66,9.6,304.0,992.5,0.0
2024-01-09T17:00,15.3,77,7.4,309.0,992.6,0.0
2024-01-09T18:00,10.7,88,10.8,323.0,994.2,0.0
2024-01-09T19:00,9.6,92,10.5,319.0,994.8,0.0
2024-01-09T20:00,8.8,93,11.1,324.0,995.2,0.0
2024-01-09T21:00,8.0,94,11.6,324.0,995.5,0.0
2024-01-09T22:00,7.3,95,10.7,320.0,995.6,0.0
2024-01-09T23:00,6.7,95,8.7,312.0,995.0,0.0
2024-01-10T00:00,6.2,95,8.6,303.0,994.5,0.0
2024-01-10T01:00,5.8,95,9.8,306.0,994.2,0.0
2024-01-10T02:00,5.3,95,10.7,303.0,994.0,0.0
2024-01-10T03:00,4.9,95,9.1,304.0,993.9,0.0
2024-01-10T04:00,4.7,95,9.4,302.0,993.5,0.0
2024-01-10T05:00,4.6,95,9.5,299.0,993.3,0.0
2024-01-10T06:00,5.3,97,11.5,309.0,994.7,0.0
2024-01-10T07:00,5.4,96,11.7,304.0,994.9,0.0
2024-01-10T08:00,6.6,90,13.0,298.0,995.2,0.0
2024-01-10T09:00,8.5,83,13.2,299.0,995.8,0.0
2024-01-10T10:00,10.4,78,12.9,300.0,995.8,0.0
2024-01-10T11:00,12.2,73,12.1,297.0,994.7,0.0
2024-01-10T12:00,13.8,69,11.8,293.0,993.1,0.0
2024-01-10T13:00,15.0,64,12.1,293.0,991.9,0.0
2024-01-10T14:00,15.7,62,11.6,292.0,991.0,0.0
2024-01-10T15:00,15.8,62,12.3,285.0,990.3,0.0
2024-01-10T16:00,15.2,65,11.0,281.0,990.2,0.0
2024-01-10T17:00,13.3,75,6.6,279.0,990.4,0.0
2024-01-10T18:00,10.1,87,8.6,292.0,991.4,0.0
2024-01-10T19:00,9.6,89,10.5,292.0,992.0,0.0
2024-01-10T20:00,9.1,91,11.3,301.0,992.6,0.0
2024-01-10T21:00,8.5,92,10.7,303.0,993.0,0.0
2024-01-10T22:00,7.9,92,9.2,301.0,992.9,0.0
2024-01-10T23:00,7.2,93,7.6,289.0,992.6,0.0
2024-01-11T00:00,6.8,94,7.3,281.0,992.4,0.0
2024-01-11T01:00,6.5,94,7.6,273.0,992.3,0.0
2024-01-11T02:00,6.2,94,8.3,268.0,992.4,0.0
2024-01-11T03:00,6.0,95,8.3,270.0,992.4,0.0
2024-01-11T04:00,5.8,95,9.0,275.0,992.4,0.0
2024-01-11T05:00,5.6,95,9.0,275.0,992.7,0.0
2024-01-11T06:00,6.2,100,9.7,292.0,994.5,0.0
2024-01-11T07:00,6.5,99,10.0,300.0,994.7,0.0
2024-01-11T08:00,6.9,99,10.8,307.0,995.7,0.0
2024-01-11T09:00,7.5,97,10.4,314.0,996.9,0.0
2024-01-11T10:00,9.2,88,9.7,315.0,997.3,0.0
2024-01-11T11:00,11.3,79,8.9,320.0,996.4,0.0
2024-01-11T12:00,13.2,74,8.9,320.0,995.3,0.0
2024-01-11T13:00,14.5,70,9.7,315.0,994.2,0.0
2024-01-11T14:00,15.3,68,10.2,309.0,993.3,0.0
2024-01-11T15:00,15.5,67,10.5,308.0,992.8,0.0
2024-01-11T16:00,14.9,69,9.7,309.0,992.5,0.0
2024-01-11T17:00,12.7,81,6.4,308.0,992.3,0.0
2024-01-11T18:00,11.0,85,8.2,311.0,992.6,0.0
2024-01-11T19:00,10.0,89,7.9,317.0,992.8,0.0
2024-01-11T20:00,9.2,91,8.2,319.0,992.9,0.0
2024-01-11T21:00,8.3,93,7.9,313.0,992.9,0.0
2024-01-11T22:00,7.7,94,7.7,307.0,992.8,0.0
2024-01-11T23:00,7.4,95,8.2,293.0,992.6,0.0
2024-01-12T00:00,7.5,94,9.3,286.0,992.8,0.0
2024-01-12T01:00,7.2,94,8.8,279.0,992.5,0.0
2024-01-12T02:00,6.8,95,8.0,278.0,992.1,0.0
2024-01-12T03:00,6.5,96,7.9,273.0,991.7,0.0
2024-01-12T04:00,6.3,96,7.9,267.0,991.2,0.0
2024-01-12T05:00,6.1,96,8.3,265.0,991.1,0.0
2024-01-12T06:00,5.9,98,8.7,263.0,992.3,0.0
2024-01-12T07:00,5.6,99,8.0,262.0,992.8,0.0
2024-01-12T08:00,6.6,98,9.0,272.0,993.8,0.0
2024-01-12T09:00,7.9,97,9.3,283.0,994.9,0.0
2024-01-12T10:00,9.8,91,10.0,283.0,995.1,0.0
2024-01-12T11:00,12.7,79,10.1,287.0,994.7,0.0
2024-01-12T12:00,14.8,69,9.1,288.0,993.4,0.0
2024-01-12T13:00,16.4,60,9.4,293.0,992.5,0.0
2024-01-12T14:00,17.3,57,8.9,297.0,992.0,0.0
2024-01-12T15:00,17.4,58,8.7,294.0,991.6,0.0
2024-01-12T16:00,16.8,61,7.6,289.0,991.6,0.0
2024-01-12T17:00,13.6,79,4.2,290.0,991.7,0.0
2024-01-12T18:00,11.6,85,7.2,323.0,992.3,0.0
2024-01-12T19:00,10.6,88,7.1,336.0,992.5,0.0
2024-01-12T20:00,9.4,91,7.3,351.0,992.5,0.0
2024-01-12T21:00,8.4,94,8.3,358.0,992.6,0.0
2024-01-12T22:00,7.5,95,9.7,356.0,992.0,0.0
2024-01-12T23:00,9.3,93,6.4,333.0,991.9,0.0
2024-01-13T00:00,8.9,95,4.5,284.0,991.4,0.0
2024-01-13T01:00,6.1,99,5.2,254.0,990.6,0.0
2024-01-13T02:00,6.0,99,5.4,250.0,990.5,0.0
2024-01-13T03:00,5.9,100,3.9,248.0,990.3,0.0
2024-01-13T04:00,6.1,100,2.3,288.0,990.4,0.0
2024-01-13T05:00,6.2,99,4.2,329.0,991.0,0.0
2024-01-13T06:00,5.9,99,2.4,333.0,991.1,0.0
2024-01-13T07:00,6.1,96,3.7,331.0,992.1,0.0
2024-01-13T08:00,7.0,95,3.1,324.0,993.3,0.0
2024-01-13T09:00,7.9,96,1.1,288.0,994.4,0.0
2024-01-13T10:00,9.9,93,1.9,248.0,995.0,0.0
2024-01-13T11:00,12.6,80,2.6,286.0,994.1,0.0
2024-01-13T12:00,15.3,65,3.6,276.0,993.0,0.0
2024-01-13T13:00,17.0,55,4.6,288.0,991.9,0.0
2024-01-13T14:00,17.9,51,4.3,294.0,991.1,0.0
2024-01-13T15:00,18.1,50,4.2,301.0,990.8,0.0
2024-01-13T16:00,17.6,59,2.1,329.0,990.6,0.0
2024-01-13T17:00,14.8,68,6.4,16.0,990.5,0.0
2024-01-13T18:00,11.6,87,7.3,20.0,991.1,0.0
2024-01-13T19:00,9.9,89,9.4,18.0,991.4,0.0
2024-01-13T20:00,8.7,91,10.5,16.0,991.6,0.0
2024-01-13T21:00,9.4,88,7.8,13.0,992.1,0.0
2024-01-13T22:00,10.1,86,5.0,360.0,992.0,0.0
2024-01-13T23:00,9.6,88,3.2,333.0,991.5,0.0
2024-01-14T00:00,9.2,91,3.9,326.0,991.3,0.0
2024-01-14T01:00,8.6,93,4.2,329.0,991.2,0.0
2024-01-14T02:00,5.6,100,3.8,319.0,990.6,0.0
2024-01-14T03:00,4.8,99,1.3,326.0,990.1,0.0
2024-01-14T04:00,5.3,100,1.5,284.0,989.7,0.0
2024-01-14T05:00,5.1,100,2.2,279.0,989.9,0.0
2024-01-14T06:00,5.2,100,4.1,322.0,991.5,0.0
2024-01-14T07:00,5.1,99,4.9,324.0,992.0,0.0
2024-01-14T08:00,5.4,98,5.4,323.0,992.8,0.0
2024-01-14T09:00,6.9,94,6.4,322.0,994.1,0.0
2024-01-14T10:00,8.9,92,6.6,319.0,994.7,0.0
2024-01-14T11:00,12.0,79,6.4,317.0,994.3,0.0
2024-01-14T12:00,14.9,67,6.9,321.0,993.1,0.0
2024-01-14T13:00,16.7,58,6.9,321.0,992.0,0.0
2024-01-14T14:00,17.7,54,7.1,319.0,991.3,0.0
2024-01-14T15:00,18.0,52,7.1,315.0,990.8,0.0
2024-01-14T16:00,17.3,56,6.1,320.0,990.7,0.0
2024-01-14T17:00,13.6,75,5.6,310.0,990.6,0.0
2024-01-14T18:00,10.8,86,7.1,315.0,991.8,0.0
2024-01-14T19:00,9.6,89,7.7,323.0,992.1,0.0
2024-01-14T20:00,8.8,91,8.1,339.0,992.6,0.0
2024-01-14T21:00,8.3,93,7.8,338.0,992.9,0.0
2024-01-14T22:00,7.7,94,7.3,340.0,992.9,0.0
2024-01-14T23:00,7.3,94,7.2,333.0,992.3,0.0
2024-01-15T00:00,6.7,96,6.8,328.0,991.9,0.0
2024-01-15T01:00,5.9,97,6.4,317.0,991.4,0.0
2024-01-15T02:00,5.2,98,5.9,308.0,990.9,0.0
2024-01-15T03:00,5.1,99,5.3,298.0,990.6,0.0
2024-01-15T04:00,5.0,99,6.0,295.0,990.3,0.0
2024-01-15T05:00,5.0,100,5.7,288.0,990.5,0.0
2024-01-15T06:00,5.4,100,8.1,302.0,992.2,0.0
2024-01-15T07:00,5.7,99,7.9,294.0,992.6,0.0
2024-01-15T08:00,6.0,98,7.9,286.0,993.0,0.0
2024-01-15T09:00,7.0,97,6.6,283.0,993.9,0.0
2024-01-15T10:00,8.9,88,5.7,305.0,994.3,0.0
2024-01-15T11:00,11.3,78,4.8,318.0,993.5,0.0
2024-01-15T12:00,13.4,70,4.9,324.0,992.4,0.0
2024-01-15T13:00,15.0,61,4.7,328.0,991.4,0.0
2024-01-15T14:00,15.9,57,4.9,324.0,990.8,0.0
2024-01-15T15:00,16.1,56,5.9,308.0,990.3,0.0
2024-01-15T16:00,15.5,59,4.3,312.0,990.2,0.0
2024-01-15T17:00,12.1,79,3.7,349.0,989.9,0.0
2024-01-15T18:00,11.4,75,4.7,23.0,990.8,0.0
2024-01-15T19:00,9.8,82,7.2,27.0,991.2,0.0
2024-01-15T20:00,7.9,90,9.8,24.0,991.3,0.0
2024-01-15T21:00,7.3,91,9.7,27.0,991.5,0.0
2024-01-15T22:00,7.1,91,8.9,32.0,991.4,0.0
2024-01-15T23:00,6.6,93,8.4,40.0,990.4,0.0
2024-01-16T00:00,5.2,97,8.3,34.0,989.7,0.0
2024-01-16T01:00,4.6,99,8.1,32.0,989.1,0.0
2024-01-16T02:00,6.2,98,6.3,31.0,988.9,0.0
2024-01-16T03:00,5.8,99,4.9,36.0,988.5,0.0
2024-01-16T04:00,3.9,100,2.7,67.0,988.1,0.0
2024-01-16T05:00,4.3,98,0.8,63.0,988.3,0.0
2024-01-16T06:00,4.6,99,1.0,45.0,989.3,0.0
2024-01-16T07:00,4.8,99,0.7,90.0,989.9,0.0
2024-01-16T08:00,5.4,98,2.5,8.0,990.6,0.0
2024-01-16T09:00,6.7,96,3.2,27.0,991.7,0.0
2024-01-16T10:00,8.5,91,2.6,56.0,992.2,0.0
2024-01-16T11:00,11.6,82,3.7,79.0,991.6,0.0
2024-01-16T12:00,14.4,67,3.6,84.0,990.3,0.0
2024-01-16T13:00,16.3,60,4.3,85.0,989.0,0.0
2024-01-16T14:00,17.2,55,5.4,86.0,988.1,0.0
2024-01-16T15:00,17.5,53,5.4,86.0,987.6,0.0
2024-01-16T16:00,17.0,55,6.5,84.0,987.7,0.0
2024-01-16T17:00,13.2,74,7.4,76.0,987.4,0.0
2024-01-16T18:00,10.5,84,7.6,98.0,988.6,0.0
2024-01-16T19:00,9.1,87,8.7,120.0,988.7,0.0
2024-01-16T20:00,8.1,88,8.4,115.0,989.0,0.0
2024-01-16T21:00,7.3,90,7.4,104.0,989.5,0.0
2024-01-16T22:00,6.7,91,8.1,122.0,989.5,0.0
2024-01-16T23:00,6.4,92,8.3,124.0,989.2,0.0
2024-01-17T00:00,6.0,94,7.3,123.0,988.8,0.0
2024-01-17T01:00,5.7,95,7.8,124.0,988.3,0.0
2024-01-17T02:00,5.5,96,8.8,125.0,987.9,0.0
2024-01-17T03:00,5.1,96,9.6,124.0,987.6,0.0
2024-01-17T04:00,4.8,97,10.5,131.0,987.4,0.0
2024-01-17T05:00,4.4,97,10.9,136.0,987.5,0.0
2024-01-17T06:00,4.0,99,9.9,136.0,989.0,0.0
2024-01-17T07:00,4.1,100,8.3,146.0,989.3,0.0
2024-01-17T08:00,7.4,95,9.0,157.0,990.2,0.0
2024-01-17T09:00,10.9,85,6.2,144.0,990.9,0.0
2024-01-17T10:00,13.4,75,7.7,143.0,991.1,0.0
2024-01-17T11:00,15.0,66,9.4,130.0,990.6,0.0
2024-01-17T12:00,16.3,60,9.9,123.0,989.7,0.0
2024-01-17T13:00,17.2,56,9.8,118.0,988.9,0.0
2024-01-17T14:00,17.7,55,9.8,114.0,988.3,0.0
2024-01-17T15:00,17.8,56,7.1,114.0,988.3,0.0
2024-01-17T16:00,17.2,59,7.8,103.0,988.5,0.0
2024-01-17T17:00,13.9,77,6.9,96.0,988.5,0.0
2024-01-17T18:00,10.7,87,7.6,109.0,989.3,0.0
2024-01-17T19:00,9.5,90,9.2,129.0,990.0,0.0
2024-01-17T20:00,8.7,92,10.2,135.0,990.6,0.0
2024-01-17T21:00,7.9,94,11.2,138.0,991.1,0.0
2024-01-17T22:00,7.4,96,11.5,136.0,991.5,0.0
2024-01-17T23:00,7.0,97,10.7,140.0,991.2,0.0
2024-01-18T00:00,7.1,98,7.7,139.0,991.0,0.0
2024-01-18T01:00,6.9,99,6.9,152.0,990.5,0.0
2024-01-18T02:00,6.4,100,8.0,172.0,990.4,0.0
2024-01-18T03:00,6.7,100,6.8,212.0,990.2,0.0
2024-01-18T04:00,7.0,99,6.3,211.0,990.2,0.0
2024-01-18T05:00,6.8,100,6.7,216.0,990.6,0.0
2024-01-18T06:00,6.0,99,2.6,214.0,991.3,0.0
2024-01-18T07:00,6.1,99,0.8,333.0,991.9,0.0
2024-01-18T08:00,7.1,98,1.1,360.0,992.7,0.0
2024-01-18T09:00,8.3,94,1.5,14.0,993.5,0.0
2024-01-18T10:00,10.4,90,0.8,63.0,993.6,0.0
2024-01-18T11:00,12.7,86,2.2,81.0,993.2,0.0
2024-01-18T12:00,15.4,75,5.8,90.0,992.2,0.0
2024-01-18T13:00,17.2,66,5.9,101.0,991.1,0.0
2024-01-18T14:00,17.4,65,4.7,94.0,990.5,0.0
2024-01-18T15:00,17.5,64,2.5,98.0,990.1,0.0
2024-01-18T16:00,17.1,65,1.5,104.0,990.0,0.0
2024-01-18T17:00,16.4,68,2.5,135.0,990.1,0.0
2024-01-18T18:00,14.0,75,3.1,159.0,991.5,0.0
2024-01-18T19:00,13.0,79,2.9,150.0,992.0,0.0
2024-01-18T20:00,11.0,86,1.8,143.0,992.4,0.0
2024-01-18T21:00,11.4,86,1.3,214.0,992.9,0.0
2024-01-18T22:00,11.2,87,3.3,257.0,993.1,0.0
2024-01-18T23:00,11.1,87,5.1,262.0,992.8,0.0
2024-01-19T00:00,10.9,89,6.0,287.0,992.4,0.0
2024-01-19T01:00,10.5,91,6.1,270.0,992.1,0.0
2024-01-19T02:00,8.5,96,6.2,260.0,991.8,0.0
2024-01-19T03:00,6.3,100,4.9,253.0,991.3,0.0
2024-01-19T04:00,6.4,99,5.6,255.0,991.3,0.0
2024-01-19T05:00,6.5,100,5.0,249.0,991.5,0.0
2024-01-19T06:00,6.5,100,5.2,245.0,992.6,0.0
2024-01-19T07:00,6.7,100,5.4,228.0,993.2,0.0
2024-01-19T08:00,7.9,97,5.0,210.0,994.1,0.0
2024-01-19T09:00,9.0,93,2.9,210.0,994.9,0.0
2024-01-19T10:00,10.6,91,2.5,172.0,995.4,0.0
2024-01-19T11:00,13.0,84,2.1,121.0,994.7,0.0
2024-01-19T12:00,15.0,74,4.0,85.0,993.6,0.0
2024-01-19T13:00,16.1,70,4.9,73.0,992.7,0.0
2024-01-19T14:00,16.7,67,5.2,78.0,992.1,0.0
2024-01-19T15:00,16.8,65,7.2,87.0,991.5,0.0
2024-01-19T16:00,16.4,66,7.0,102.0,991.5,0.0
2024-01-19T17:00,13.6,82,4.7,113.0,991.8,0.0
2024-01-19T18:00,10.1,89,8.2,113.0,993.3,0.0
2024-01-19T19:00,8.7,93,8.7,128.0,993.8,0.0
2024-01-19T20:00,7.8,95,11.2,138.0,994.0,0.0
2024-01-19T21:00,7.3,96,11.5,136.0,994.1,0.0
2024-01-19T22:00,7.0,96,10.5,139.0,993.8,0.0
2024-01-19T23:00,6.7,97,7.7,143.0,993.4,0.0
2024-01-20T00:00,6.3,98,7.1,156.0,992.8,0.0
2024-01-20T01:00,5.7,99,8.4,173.0,992.5,0.0
2024-01-20T02:00,6.2,98,6.5,183.0,992.3,0.0
2024-01-20T03:00,6.3,97,8.7,210.0,991.8,0.0
2024-01-20T04:00,6.2,96,7.8,202.0,991.8,0.0
2024-01-20T05:00,5.1,98,8.5,208.0,992.0,0.0
2024-01-20T06:00,6.0,100,4.6,219.0,993.4,0.0
2024-01-20T07:00,6.2,99,5.0,210.0,993.9,0.0
2024-01-20T08:00,7.3,98,4.6,198.0,994.7,0.0
2024-01-20T09:00,8.6,97,3.4,212.0,995.7,0.0
2024-01-20T10:00,11.1,86,2.5,225.0,996.0,0.0
2024-01-20T11:00,13.4,74,1.5,14.0,995.2,0.0
2024-01-20T12:00,14.5,70,5.0,360.0,994.4,0.0
2024-01-20T13:00,15.3,67,5.2,348.0,993.5,0.0
2024-01-20T14:00,15.9,65,3.8,343.0,992.6,0.0
2024-01-20T15:00,16.1,63,4.6,342.0,992.2,0.0
2024-01-20T16:00,15.7,65,5.1,356.0,991.9,0.0
2024-01-20T17:00,13.1,81,6.1,357.0,991.9,0.0
2024-01-20T18:00,10.5,91,9.2,339.0,993.0,0.0
2024-01-20T19:00,9.9,92,8.7,336.0,993.5,0.0
2024-01-20T20:00,9.0,93,9.0,337.0,994.3,0.0
2024-01-20T21:00,8.0,95,9.0,337.0,994.4,0.0
2024-01-20T22:00,7.7,97,7.4,331.0,994.4,0.0
2024-01-20T23:00,6.4,99,9.4,337.0,993.8,0.0
2024-01-21T00:00,6.0,100,8.4,335.0,993.4,0.0
2024-01-21T01:00,5.7,100,6.7,324.0,992.9,0.0
2024-01-21T02:00,5.2,100,4.9,306.0,992.4,0.0
2024-01-21T03:00,5.4,100,4.5,284.0,991.5,0.0
2024-01-21T04:00,5.7,100,4.0,280.0,991.2,0.0
2024-01-21T05:00,5.7,99,5.2,258.0,991.1,0.0
2024-01-21T06:00,5.4,99,6.8,267.0,992.4,0.0
2024-01-21T07:00,5.4,99,8.7,265.0,993.1,0.0
2024-01-21T08:00,6.3,98,9.7,292.0,994.0,0.0
2024-01-21T09:00,7.4,97,10.5,308.0,995.2,0.0
2024-01-21T10:00,8.6,96,11.7,313.0,995.2,0.0
2024-01-21T11:00,11.3,82,13.5,312.0,994.6,0.0
2024-01-21T12:00,13.3,74,12.8,302.0,993.7,0.0
2024-01-21T13:00,14.8,69,12.1,293.0,992.5,0.0
2024-01-21T14:00,15.7,65,12.2,289.0,991.7,0.0
2024-01-21T15:00,16.1,63,10.7,290.0,991.2,0.0
2024-01-21T16:00,15.6,64,10.4,284.0,991.0,0.0
2024-01-21T17:00,13.5,74,6.2,277.0,991.0,0.0
2024-01-21T18:00,10.6,89,6.5,304.0,992.4,0.0
2024-01-21T19:00,9.9,91,6.6,319.0,992.9,0.0
2024-01-21T20:00,9.0,94,6.4,322.0,993.3,0.0
2024-01-21T21:00,7.8,96,6.1,320.0,993.6,0.0
2024-01-21T22:00,6.8,97,7.1,315.0,993.5,0.0
2024-01-21T23:00,5.9,99,7.1,311.0,993.1,0.0
2024-01-22T00:00,5.3,100,6.9,309.0,992.7,0.0
2024-01-22T01:00,5.0,100,6.1,298.0,992.2,0.0
2024-01-22T02:00,5.5,100,5.4,278.0,991.9,0.0
2024-01-22T03:00,5.3,100,5.9,256.0,991.4,0.0
2024-01-22T04:00,5.5,100,6.7,254.0,991.3,0.0
2024-01-22T05:00,5.4,97,6.3,257.0,991.6,0.0
2024-01-22T06:00,5.6,97,6.6,279.0,994.0,0.0
2024-01-22T07:00,6.1,93,5.4,274.0,994.6,0.0
2024-01-22T08:00,6.8,91,3.6,270.0,995.4,0.0
2024-01-22T09:00,7.6,93,1.3,304.0,996.3,0.0
2024-01-22T10:00,8.6,94,0.8,297.0,996.5,0.0
2024-01-22T11:00,11.4,82,1.1,252.0,995.9,0.0
2024-01-22T12:00,13.8,71,1.4,270.0,994.7,0.0
2024-01-22T13:00,15.4,62,1.8,233.0,993.6,0.0
2024-01-22T14:00,16.4,58,2.6,214.0,992.8,0.0
2024-01-22T15:00,16.9,56,2.4,207.0,992.6,0.0
2024-01-22T16:00,16.6,57,2.2,171.0,992.8,0.0
2024-01-22T17:00,15.8,61,3.4,108.0,992.8,0.0
2024-01-22T18:00,11.0,86,6.8,93.0,993.6,0.0
2024-01-22T19:00,9.9,89,7.2,90.0,994.1,0.0
2024-01-22T20:00,8.3,92,7.0,69.0,994.6,0.0
2024-01-22T21:00,7.3,94,7.2,63.0,994.8,0.0
2024-01-22T22:00,6.7,96,7.0,78.0,994.7,0.0
2024-01-22T23:00,6.2,97,9.5,101.0,994.5,0.0
2024-01-23T00:00,5.8,98,11.1,115.0,994.2,0.0
2024-01-23T01:00,5.7,99,10.1,117.0,993.8,0.0
2024-01-23T02:00,5.5,99,10.0,128.0,993.4,0.0
2024-01-23T03:00,5.3,99,10.2,135.0,992.8,0.0
2024-01-23T04:00,5.0,99,10.8,143.0,992.4,0.0
2024-01-23T05:00,4.9,100,9.0,151.0,992.3,0.0
2024-01-23T06:00,5.0,100,4.6,162.0,993.8,0.0
2024-01-23T07:00,5.9,99,5.8,202.0,994.0,0.0
2024-01-23T08:00,6.8,99,6.6,193.0,994.4,0.0
2024-01-23T09:00,8.5,97,4.6,198.0,994.9,0.0
2024-01-23T10:00,10.7,89,1.5,225.0,995.5,0.0
2024-01-23T11:00,13.2,82,3.1,315.0,994.9,0.0
2024-01-23T12:00,15.0,77,3.1,291.0,993.9,0.0
2024-01-23T13:00,16.2,72,3.5,294.0,992.9,0.0
2024-01-23T14:00,17.0,68,4.5,299.0,991.9,0.0
2024-01-23T15:00,17.3,66,3.8,319.0,991.4,0.0
2024-01-23T16:00,17.1,66,3.6,354.0,991.1,0.0
2024-01-23T17:00,16.3,70,4.5,29.0,991.0,0.0
2024-01-23T18:00,12.9,87,5.6,27.0,991.5,0.0
2024-01-23T19:00,13.2,84,5.7,35.0,992.0,0.0
2024-01-23T20:00,12.6,86,4.7,58.0,992.3,0.0
2024-01-23T21:00,11.6,89,7.7,41.0,992.4,0.0
2024-01-23T22:00,10.4,93,8.3,34.0,992.2,0.0
2024-01-23T23:00,9.0,96,9.0,29.0,992.0,0.0
2024-01-24T00:00,9.3,95,9.0,23.0,991.8,0.0
2024-01-24T01:00,10.1,92,6.1,28.0,991.6,0.0
2024-01-24T02:00,10.3,90,4.9,17.0,991.6,0.0
2024-01-24T03:00,8.5,97,4.4,351.0,991.4,0.0
2024-01-24T04:00,7.5,99,4.1,345.0,991.1,0.0
2024-01-24T05:00,6.5,100,3.9,338.0,991.1,0.0
2024-01-24T06:00,6.5,100,2.1,301.0,992.5,0.0
2024-01-24T07:00,6.4,100,5.2,326.0,993.1,0.0
2024-01-24T08:00,8.5,97,6.8,335.0,994.2,0.0
2024-01-24T09:00,10.3,93,3.9,338.0,995.2,0.0
2024-01-24T10:00,12.6,84,3.7,349.0,995.8,0.0
2024-01-24T11:00,14.6,74,4.5,346.0,995.1,0.0
2024-01-24T12:00,16.4,62,4.7,337.0,993.9,0.0
2024-01-24T13:00,17.5,54,4.5,331.0,992.9,0.0
2024-01-24T14:00,18.1,52,4.2,329.0,992.2,0.0
2024-01-24T15:00,18.2,53,4.7,328.0,991.8,0.0
2024-01-24T16:00,17.7,56,5.1,321.0,991.7,0.0
2024-01-24T17:00,15.1,72,2.8,320.0,991.7,0.0
2024-01-24T18:00,11.4,85,7.0,348.0,992.5,0.0
2024-01-24T19:00,10.8,88,5.8,338.0,993.6,0.0
2024-01-24T20:00,9.9,91,7.2,342.0,994.0,0.0
2024-01-24T21:00,9.3,93,7.3,349.0,994.4,0.0
2024-01-24T22:00,8.5,95,6.9,354.0,994.6,0.0
2024-01-24T23:00,7.4,98,8.3,358.0,994.4,0.0
2024-01-25T00:00,6.5,99,9.4,360.0,994.0,0.0
2024-01-25T01:00,6.4,100,8.7,5.0,993.7,0.0
2024-01-25T02:00,6.1,100,4.8,13.0,993.3,0.0
2024-01-25T03:00,5.6,100,2.8,310.0,993.2,0.0
2024-01-25T04:00,6.2,100,3.3,276.0,993.3,0.0
2024-01-25T05:00,6.1,100,4.3,265.0,993.6,0.0
2024-01-25T06:00,6.1,100,5.2,304.0,995.0,0.0
2024-01-25T07:00,6.1,99,4.4,305.0,995.9,0.0
2024-01-25T08:00,6.5,98,3.0,284.0,996.6,0.0
2024-01-25T09:00,7.5,94,2.6,236.0,997.4,0.0
2024-01-25T10:00,10.4,88,0.8,243.0,998.1,0.0
2024-01-25T11:00,13.4,77,0.4,270.0,997.4,0.0
2024-01-25T12:00,15.5,69,1.0,315.0,996.3,0.0
2024-01-25T13:00,16.5,65,1.3,326.0,995.0,0.0
2024-01-25T14:00,17.2,63,1.8,323.0,994.3,0.0
2024-01-25T15:00,17.5,62,3.4,302.0,994.2,0.0
2024-01-25T16:00,16.9,65,5.5,328.0,994.5,0.0
2024-01-25T17:00,15.5,72,5.9,317.0,994.4,0.0
2024-01-25T18:00,11.9,89,7.0,325.0,994.7,0.0
2024-01-25T19:00,10.9,92,7.2,342.0,995.3,0.0
2024-01-25T20:00,10.4,93,7.4,14.0,995.9,0.0
2024-01-25T21:00,9.3,95,8.0,18.0,995.7,0.0
2024-01-25T22:00,8.0,96,6.6,29.0,995.4,0.0
2024-01-25T23:00,8.5,94,6.3,103.0,995.2,0.0
2024-01-26T00:00,8.2,94,7.1,131.0,994.8,0.0
2024-01-26T01:00,8.1,94,6.7,144.0,994.3,0.0
2024-01-26T02:00,7.6,94,6.6,158.0,993.8,0.0
2024-01-26T03:00,7.9,90,6.1,177.0,993.7,0.0
2024-01-26T04:00,7.4,91,4.7,212.0,993.6,0.0
2024-01-26T05:00,6.5,97,6.2,260.0,993.7,0.0
2024-01-26T06:00,6.5,97,7.9,240.0,994.8,0.0
2024-01-26T07:00,6.0,99,5.9,256.0,995.6,0.0
2024-01-26T08:00,7.8,99,5.4,266.0,996.8,0.0
2024-01-26T09:00,9.9,95,3.3,311.0,997.9,0.0
2024-01-26T10:00,12.3,88,2.8,310.0,998.8,0.0
2024-01-26T11:00,14.9,79,3.1,324.0,998.6,0.0
2024-01-26T12:00,16.5,71,3.1,339.0,997.6,0.0
2024-01-26T13:00,17.6,65,2.7,337.0,996.1,0.0
2024-01-26T14:00,18.3,61,2.6,326.0,995.4,0.0
2024-01-26T15:00,18.5,58,3.2,333.0,994.8,0.0
2024-01-26T16:00,18.0,57,3.4,342.0,994.5,0.0
2024-01-26T17:00,15.2,74,3.3,347.0,994.3,0.0
2024-01-26T18:00,15.8,66,4.6,342.0,995.0,0.0
2024-01-26T19:00,13.0,79,5.4,340.0,995.2,0.0
2024-01-26T20:00,10.6,90,6.7,344.0,995.8,0.0
2024-01-26T21:00,10.5,91,6.3,336.0,996.2,0.0
2024-01-26T22:00,9.4,92,10.6,342.0,996.2,0.0
2024-01-26T23:00,8.7,92,10.0,339.0,995.8,0.0
2024-01-27T00:00,7.9,93,10.3,335.0,995.5,0.0
2024-01-27T01:00,7.2,94,9.0,323.0,995.1,0.0
2024-01-27T02:00,7.3,94,6.2,277.0,994.7,0.0
2024-01-27T03:00,7.5,94,5.4,266.0,994.0,0.0
2024-01-27T04:00,7.2,94,6.8,273.0,993.8,0.0
2024-01-27T05:00,7.1,95,8.6,270.0,993.6,0.0
2024-01-27T06:00,6.9,94,10.0,257.0,993.9,0.0
2024-01-27T07:00,7.1,93,11.0,259.0,994.2,0.0
2024-01-27T08:00,9.0,87,13.8,263.0,994.9,0.0
2024-01-27T09:00,11.9,80,13.0,268.0,995.6,0.0
2024-01-27T10:00,14.9,71,13.7,273.0,996.1,0.0
2024-01-27T11:00,17.5,60,14.6,280.0,995.7,0.0
2024-01-27T12:00,19.2,53,15.7,286.0,994.6,0.0
2024-01-27T13:00,20.2,48,16.4,289.0,993.4,0.0
2024-01-27T14:00,20.6,46,16.5,293.0,992.7,0.0
2024-01-27T15:00,20.4,47,15.1,295.0,992.2,0.0
2024-01-27T16:00,19.6,52,11.1,299.0,992.0,0.0
2024-01-27T17:00,17.2,63,7.2,297.0,992.2,0.0
2024-01-27T18:00,14.2,72,8.9,297.0,992.6,0.0
2024-01-27T19:00,13.3,76,9.4,302.0,993.3,0.0
2024-01-27T20:00,11.9,82,10.3,306.0,993.4,0.0
2024-01-27T21:00,11.1,84,10.9,314.0,993.7,0.0
2024-01-27T22:00,10.5,85,11.8,320.0,993.6,0.0
2024-01-27T23:00,10.5,83,10.5,319.0,993.4,0.0
2024-01-28T00:00,11.3,79,5.8,292.0,993.2,0.0
2024-01-28T01:00,8.9,88,4.3,270.0,992.5,0.0
2024-01-28T02:00,8.9,88,3.6,270.0,992.2,0.0
2024-01-28T03:00,8.7,88,2.6,236.0,991.6,0.0
2024-01-28T04:00,8.3,89,1.5,284.0,991.4,0.0
2024-01-28T05:00,7.0,93,2.5,270.0,991.4,0.0
2024-01-28T06:00,10.1,87,1.6,243.0,992.4,0.0
2024-01-28T07:00,10.2,86,1.0,225.0,992.8,0.0
2024-01-28T08:00,11.2,84,0.0,270.0,993.5,0.0
2024-01-28T09:00,14.2,79,2.4,63.0,994.2,0.0
2024-01-28T10:00,16.5,71,4.0,95.0,994.8,0.0
2024-01-28T11:00,18.2,65,6.0,107.0,994.2,0.0
2024-01-28T12:00,19.3,60,6.9,118.0,993.1,0.0
2024-01-28T13:00,20.1,56,8.0,117.0,992.1,0.0
2024-01-28T14:00,20.3,56,9.1,108.0,991.2,0.0
2024-01-28T15:00,20.1,58,8.6,112.0,991.1,0.0
2024-01-28T16:00,19.3,63,9.0,106.0,991.2,0.0
2024-01-28T17:00,17.7,71,8.6,105.0,991.2,0.0
2024-01-28T18:00,15.0,82,10.9,107.0,992.0,0.0
2024-01-28T19:00,14.2,87,12.0,111.0,992.3,0.0
2024-01-28T20:00,13.7,89,11.8,113.0,992.6,0.0
2024-01-28T21:00,13.2,92,11.6,112.0,993.0,0.0
2024-01-28T22:00,12.8,93,11.4,108.0,993.3,0.0
2024-01-28T23:00,12.4,94,11.6,106.0,993.2,0.0
2024-01-29T00:00,12.1,95,11.5,110.0,992.7,0.0
2024-01-29T01:00,11.7,95,10.5,106.0,992.3,0.0
2024-01-29T02:00,11.2,96,9.3,103.0,992.1,0.0
2024-01-29T03:00,10.9,97,9.4,113.0,991.7,0.0
2024-01-29T04:00,10.7,97,9.8,118.0,991.5,0.0
2024-01-29T05:00,10.6,98,10.5,121.0,991.5,0.0
2024-01-29T06:00,9.7,96,8.9,117.0,992.9,0.0
2024-01-29T07:00,9.5,97,8.4,115.0,993.7,0.0
2024-01-29T08:00,10.9,94,8.4,110.0,994.4,0.0
2024-01-29T09:00,13.3,87,8.2,119.0,995.1,0.0
2024-01-29T10:00,15.8,80,8.7,128.0,995.3,0.0
2024-01-29T11:00,18.0,73,8.2,128.0,994.4,0.0
2024-01-29T12:00,19.6,68,7.0,125.0,993.3,0.0
2024-01-29T13:00,20.6,65,6.4,128.0,992.4,0.0
2024-01-29T14:00,21.1,62,5.1,129.0,991.3,0.0
2024-01-29T15:00,21.3,61,2.2,171.0,990.9,0.0
2024-01-29T16:00,20.9,63,1.4,180.0,990.8,0.0
2024-01-29T17:00,19.1,75,1.5,135.0,990.9,0.0
2024-01-29T18:00,17.8,76,4.8,13.0,991.2,0.0
2024-01-29T19:00,14.4,90,6.1,357.0,991.5,0.0
2024-01-29T20:00,13.7,92,7.0,339.0,992.0,0.0
2024-01-29T21:00,12.8,95,7.5,325.0,992.3,0.0
2024-01-29T22:00,12.1,96,9.7,321.0,992.1,0.0
2024-01-29T23:00,11.8,97,9.5,323.0,992.1,0.0
2024-01-30T00:00,11.3,98,9.1,326.0,991.8,0.0
2024-01-30T01:00,10.7,99,9.3,332.0,991.6,0.0
2024-01-30T02:00,10.4,100,5.4,312.0,991.1,0.0
2024-01-30T03:00,10.3,100,2.3,288.0,990.7,0.0
2024-01-30T04:00,10.6,99,3.3,264.0,990.3,0.0
2024-01-30T05:00,10.6,100,4.6,252.0,990.3,0.0
2024-01-30T06:00,10.1,100,5.2,258.0,991.5,0.0
2024-01-30T07:00,10.0,99,4.0,260.0,992.0,0.0
2024-01-30T08:00,10.8,97,4.2,290.0,993.2,0.0
2024-01-30T09:00,12.1,97,4.6,321.0,993.8,0.0
2024-01-30T10:00,13.5,97,6.5,341.0,994.2,0.0
2024-01-30T11:00,16.9,81,6.8,342.0,993.6,0.0
2024-01-30T12:00,18.4,76,5.0,339.0,992.7,0.0
2024-01-30T13:00,19.5,71,3.9,338.0,991.4,0.0
2024-01-30T14:00,20.3,65,3.5,336.0,990.5,0.0
2024-01-30T15:00,20.5,61,2.6,326.0,989.9,0.0
2024-01-30T16:00,20.2,60,2.1,329.0,990.0,0.0
2024-01-30T17:00,17.7,79,4.2,340.0,990.0,0.0
2024-01-30T18:00,14.9,88,5.4,352.0,990.6,0.0
2024-01-30T19:00,13.6,92,6.8,3.0,991.3,0.0
2024-01-30T20:00,13.4,94,8.3,358.0,991.8,0.0
2024-01-30T21:00,12.5,97,6.5,354.0,992.0,0.0
2024-01-30T22:00,11.8,98,1.8,360.0,992.2,0.0
2024-01-30T23:00,11.6,99,2.3,141.0,992.0,0.0
2024-01-31T00:00,11.4,99,3.1,126.0,991.6,0.0
2024-01-31T01:00,10.5,100,4.7,94.0,991.0,0.0
2024-01-31T02:00,9.9,100,7.6,95.0,990.6,0.0
2024-01-31T03:00,10.1,100,7.7,118.0,990.2,0.0
2024-01-31T04:00,10.8,99,7.4,113.0,989.7,0.0
2024-01-31T05:00,10.7,99,7.3,123.0,989.6,0.0
2024-01-31T06:00,10.4,98,7.1,131.0,990.5,0.0
2024-01-31T07:00,10.8,98,8.2,142.0,991.1,0.0
2024-01-31T08:00,11.7,98,7.9,156.0,991.9,0.0
2024-01-31T09:00,13.5,97,10.6,162.0,992.7,0.0
2024-01-31T10:00,14.9,91,7.2,153.0,993.1,0.0
2024-01-31T11:00,17.4,82,8.4,160.0,992.4,0.0
2024-01-31T12:00,18.7,78,8.4,170.0,991.4,0.0
2024-01-31T13:00,20.1,71,9.1,171.0,990.0,0.0
2024-01-31T14:00,20.2,69,6.0,147.0,989.4,0.1
2024-01-31T15:00,20.1,70,2.4,27.0,988.6,0.1
2024-01-31T16:00,17.3,86,13.9,25.0,988.7,1.4
2024-01-31T17:00,16.4,89,8.4,100.0,989.2,0.7
2024-01-31T18:00,13.5,96,7.1,131.0,989.1,0.0
2024-01-31T19:00,14.0,97,3.7,101.0,989.7,1.7
2024-01-31T20:00,13.8,97,3.2,180.0,990.0,1.2
2024-01-31T21:00,13.9,97,7.4,166.0,990.3,1.2
2024-01-31T22:00,13.8,97,10.3,168.0,990.1,0.1
2024-01-31T23:00,13.6,95,6.2,111.0,990.3,2.5
2024-02-01T00:00,13.3,95,9.4,113.0,989.9,5.2
2024-02-01T01:00,13.2,93,12.6,121.0,989.1,0.0
2024-02-01T02:00,12.7,93,13.2,119.0,989.0,0.0
2024-02-01T03:00,12.4,94,11.6,126.0,988.6,0.0
2024-02-01T04:00,12.3,95,13.7,125.0,988.3,0.0
2024-02-01T05:00,12.6,94,14.3,124.0,988.4,3.5
2024-02-01T06:00,13.6,92,13.1,111.0,989.0,8.4
2024-02-01T07:00,13.6,92,13.7,104.0,990.0,4.6
2024-02-01T08:00,14.3,91,14.6,81.0,990.9,7.3
2024-02-01T09:00,15.3,87,19.4,108.0,991.7,1.0
2024-02-01T10:00,16.3,85,21.4,126.0,992.2,0.0
2024-02-01T11:00,17.9,78,20.5,146.0,991.8,0.0
2024-02-01T12:00,19.1,73,16.8,157.0,991.2,0.0
2024-02-01T13:00,20.2,68,11.6,150.0,990.3,0.0
2024-02-01T14:00,21.1,64,9.4,137.0,989.7,0.0
2024-02-01T15:00,21.2,63,5.6,135.0,989.3,0.0
2024-02-01T16:00,20.5,66,8.9,104.0,989.5,0.0
2024-02-01T17:00,18.6,77,11.0,79.0,989.8,0.0
2024-02-01T18:00,15.1,90,13.3,90.0,991.4,0.0
2024-02-01T19:00,14.2,94,13.8,96.0,992.2,0.0
2024-02-01T20:00,13.6,95,12.6,95.0,992.9,0.0
2024-02-01T21:00,13.2,96,11.2,94.0,993.5,0.0
2024-02-01T22:00,12.8,97,10.5,106.0,993.8,0.0
2024-02-01T23:00,12.2,97,8.8,102.0,993.7,0.0
2024-02-02T00:00,11.5,98,7.5,107.0,993.3,0.0
2024-02-02T01:00,10.2,99,6.0,107.0,993.3,0.0
2024-02-02T02:00,9.5,100,7.9,60.0,993.3,0.0
2024-02-02T03:00,8.5,100,8.9,32.0,993.1,0.0
2024-02-02T04:00,9.4,100,5.6,15.0,992.8,0.0
2024-02-02T05:00,9.5,99,0.8,333.0,992.8,0.0
2024-02-02T06:00,9.6,99,7.4,346.0,993.9,0.0
2024-02-02T07:00,9.6,100,7.6,341.0,994.3,0.0
2024-02-02T08:00,10.4,99,7.2,323.0,995.2,0.0
2024-02-02T09:00,11.9,95,8.9,313.0,996.0,0.0
2024-02-02T10:00,13.8,92,10.5,311.0,996.3,0.0
2024-02-02T11:00,16.5,80,10.0,308.0,996.1,0.0
2024-02-02T12:00,18.1,65,10.7,310.0,995.2,0.0
2024-02-02T13:00,19.0,56,11.5,309.0,994.1,0.0
2024-02-02T14:00,19.3,53,12.8,308.0,993.3,0.0
2024-02-02T15:00,19.2,52,12.7,315.0,992.7,0.0
2024-02-02T16:00,18.5,53,12.8,320.0,992.4,0.0
2024-02-02T17:00,16.5,63,8.7,315.0,992.1,0.0
2024-02-02T18:00,13.7,82,8.8,305.0,992.2,0.0
2024-02-02T19:00,12.8,84,10.0,300.0,992.9,0.0
2024-02-02T20:00,12.1,85,9.7,301.0,993.6,0.0
2024-02-02T21:00,11.5,87,10.8,300.0,993.9,0.0
2024-02-02T22:00,10.8,87,11.5,302.0,993.9,0.0
2024-02-02T23:00,10.1,88,10.9,297.0,993.6,0.0
2024-02-03T00:00,9.7,86,11.2,303.0,993.4,0.0
2024-02-03T01:00,9.3,82,10.2,302.0,993.0,0.0
2024-02-03T02:00,8.8,81,8.0,306.0,992.5,0.0
2024-02-03T03:00,8.6,78,7.4,313.0,992.2,0.0
2024-02-03T04:00,8.4,76,6.1,315.0,992.0,0.0
2024-02-03T05:00,8.2,74,6.7,306.0,991.7,0.0
2024-02-03T06:00,8.9,84,7.4,317.0,992.2,0.0
2024-02-03T07:00,8.9,82,6.1,298.0,992.6,0.0
2024-02-03T08:00,10.9,77,10.1,266.0,993.2,0.0
2024-02-03T09:00,13.5,70,10.1,270.0,994.2,0.0
2024-02-03T10:00,15.7,62,11.1,283.0,994.7,0.0
2024-02-03T11:00,17.6,57,11.6,292.0,994.3,0.0
2024-02-03T12:00,19.2,53,10.5,292.0,993.4,0.0
2024-02-03T13:00,20.5,47,7.9,286.0,992.4,0.0
2024-02-03T14:00,20.7,46,6.6,292.0,991.5,0.0
2024-02-03T15:00,20.5,47,5.6,297.0,990.9,0.0
2024-02-03T16:00,20.4,50,4.5,299.0,990.8,0.0
2024-02-03T17:00,19.1,61,7.1,294.0,990.9,0.0
2024-02-03T18:00,15.3,77,7.7,307.0,991.5,0.0
2024-02-03T19:00,15.2,76,5.4,318.0,992.3,0.0
2024-02-03T20:00,15.2,76,8.0,8.0,992.5,0.0
2024-02-03T21:00,15.3,77,6.9,28.0,992.7,0.0
2024-02-03T22:00,13.5,85,8.0,18.0,992.3,0.0
2024-02-03T23:00,15.1,75,2.5,82.0,992.1,0.0
2024-02-04T00:00,14.2,78,4.8,132.0,991.4,0.0
2024-02-04T01:00,13.9,79,5.5,157.0,991.1,0.0
2024-02-04T02:00,13.6,82,7.1,229.0,991.5,4.1
2024-02-04T03:00,14.0,79,6.2,277.0,990.1,0.0
2024-02-04T04:00,12.9,88,6.4,286.0,989.7,0.0
2024-02-04T05:00,12.9,89,4.5,284.0,989.4,0.0
2024-02-04T06:00,14.1,87,3.4,288.0,990.9,0.6
2024-02-04T07:00,13.5,89,5.8,187.0,991.2,0.0
2024-02-04T08:00,14.9,84,8.0,175.0,992.1,0.2
2024-02-04T09:00,16.3,84,3.8,131.0,992.6,0.0
2024-02-04T10:00,17.7,80,6.1,140.0,992.7,0.0
2024-02-04T11:00,19.2,76,7.6,135.0,992.2,0.0
2024-02-04T12:00,20.5,70,10.3,144.0,991.2,0.0
2024-02-04T13:00,20.7,70,17.7,156.0,990.4,0.1
2024-02-04T14:00,19.5,78,16.8,152.0,989.5,0.3
2024-02-04T15:00,18.6,84,14.9,160.0,989.4,0.3
2024-02-04T16:00,17.8,87,9.7,141.0,989.2,0.7
2024-02-04T17:00,17.3,90,7.4,141.0,989.1,0.6
2024-02-04T18:00,16.5,91,9.5,127.0,990.3,0.0
2024-02-04T19:00,16.1,93,12.0,131.0,991.3,0.0
2024-02-04T20:00,15.8,93,11.7,133.0,991.8,0.2
2024-02-04T21:00,15.3,94,10.8,127.0,992.1,0.0
2024-02-04T22:00,14.7,95,11.0,128.0,992.1,0.0
2024-02-04T23:00,14.3,96,11.7,133.0,991.9,0.0
2024-02-05T00:00,13.8,98,8.0,117.0,991.4,0.0
2024-02-05T01:00,13.5,98,7.4,133.0,991.0,0.2
2024-02-05T02:00,13.9,98,9.0,157.0,990.4,0.0
2024-02-05T03:00,14.3,97,7.7,169.0,990.2,0.5
2024-02-05T04:00,13.8,99,8.7,355.0,990.7,1.2
2024-02-05T05:00,13.5,96,5.7,342.0,990.5,0.1
2024-02-05T06:00,14.2,99,8.6,358.0,991.6,0.1
2024-02-05T07:00,14.3,97,9.1,9.0,992.4,0.0
2024-02-05T08:00,14.7,95,9.7,4.0,993.2,0.0
2024-02-05T09:00,15.6,90,11.5,346.0,994.2,0.0
2024-02-05T10:00,16.9,79,11.1,335.0,994.5,0.0
2024-02-05T11:00,18.0,72,9.1,326.0,994.1,0.0
2024-02-05T12:00,18.9,66,7.4,321.0,993.2,0.0
2024-02-05T13:00,19.5,61,8.7,315.0,992.4,0.0
2024-02-05T14:00,19.8,54,8.9,310.0,991.7,0.0
2024-02-05T15:00,19.7,51,9.4,310.0,991.2,0.0
2024-02-05T16:00,19.1,53,9.4,313.0,991.0,0.0
2024-02-05T17:00,17.1,65,6.9,309.0,990.9,0.0
2024-02-05T18:00,14.7,78,8.7,315.0,991.8,0.0
2024-02-05T19:00,13.5,84,9.2,321.0,992.6,0.0
2024-02-05T20:00,12.5,86,9.5,323.0,993.1,0.0
2024-02-05T21:00,11.6,88,8.9,320.0,993.6,0.0
2024-02-05T22:00,10.9,90,9.2,321.0,993.8,0.0
2024-02-05T23:00,10.3,91,8.4,320.0,993.8,0.0
2024-02-06T00:00,9.7,93,7.7,323.0,993.5,0.0
2024-02-06T01:00,9.2,94,7.3,327.0,993.2,0.0
2024-02-06T02:00,8.8,94,8.4,335.0,992.7,0.0
2024-02-06T03:00,8.4,94,8.8,341.0,992.4,0.0
2024-02-06T04:00,8.0,94,7.6,335.0,992.2,0.0
2024-02-06T05:00,7.5,94,6.6,315.0,992.4,0.0
2024-02-06T06:00,8.1,96,6.2,306.0,993.4,0.0
2024-02-06T07:00,8.0,95,7.1,300.0,994.5,0.0
2024-02-06T08:00,9.8,90,8.2,293.0,995.3,0.0
2024-02-06T09:00,12.2,81,8.2,299.0,996.1,0.0
2024-02-06T10:00,14.6,71,8.9,302.0,996.4,0.0
2024-02-06T11:00,16.5,59,10.6,305.0,996.0,0.0
2024-02-06T12:00,17.8,48,12.3,308.0,995.1,0.0
2024-02-06T13:00,18.5,41,13.8,309.0,994.2,0.0
2024-02-06T14:00,18.7,39,14.5,312.0,993.7,0.0
2024-02-06T15:00,18.4,41,15.1,310.0,993.1,0.0
2024-02-06T16:00,17.7,44,12.7,315.0,993.0,0.0
2024-02-06T17:00,15.9,55,6.9,317.0,993.0,0.0
2024-02-06T18:00,13.0,68,8.0,306.0,993.8,0.0
2024-02-06T19:00,11.7,75,8.3,304.0,994.6,0.0
2024-02-06T20:00,10.9,80,7.7,311.0,995.0,0.0
2024-02-06T21:00,10.3,82,7.9,317.0,995.2,0.0
2024-02-06T22:00,9.5,85,7.9,309.0,995.0,0.0
2024-02-06T23:00,9.1,86,7.9,309.0,994.7,0.0
2024-02-07T00:00,9.2,81,9.4,320.0,994.3,0.0
2024-02-07T01:00,9.6,75,10.2,328.0,994.0,0.0
2024-02-07T02:00,9.6,74,8.5,324.0,993.8,0.0
2024-02-07T03:00,9.1,76,6.9,321.0,993.6,0.0
2024-02-07T04:00,8.5,78,6.4,317.0,993.6,0.0
2024-02-07T05:00,7.9,80,6.9,321.0,993.7,0.0
2024-02-07T06:00,8.2,86,8.2,311.0,993.9,0.0
2024-02-07T07:00,8.1,85,8.7,308.0,994.3,0.0
2024-02-07T08:00,10.4,77,11.3,307.0,995.6,0.0
2024-02-07T09:00,12.9,69,11.3,301.0,996.4,0.0
2024-02-07T10:00,15.2,61,13.1,302.0,996.7,0.0
2024-02-07T11:00,16.9,54,16.2,307.0,996.5,0.0
2024-02-07T12:00,17.9,48,19.1,311.0,995.7,0.0
2024-02-07T13:00,18.4,44,20.2,310.0,994.9,0.0
2024-02-07T14:00,18.1,46,20.2,310.0,994.4,0.0
2024-02-07T15:00,17.7,47,22.0,310.0,993.9,0.0
2024-02-07T16:00,17.0,45,17.6,313.0,993.9,0.0
2024-02-07T17:00,15.5,54,13.2,315.0,993.7,0.0
2024-02-07T18:00,13.6,56,12.0,311.0,994.6,0.0
2024-02-07T19:00,12.6,62,11.5,302.0,995.2,0.0
2024-02-07T20:00,11.8,68,11.6,296.0,995.6,0.0
2024-02-07T21:00,11.3,69,12.1,293.0,995.7,0.0
2024-02-07T22:00,10.8,69,11.3,287.0,995.5,0.0
2024-02-07T23:00,10.2,71,11.7,281.0,995.2,0.0
2024-02-08T00:00,9.8,73,12.1,282.0,994.8,0.0
2024-02-08T01:00,9.5,74,13.5,286.0,994.5,0.0
2024-02-08T02:00,9.1,76,14.3,286.0,993.8,0.0
2024-02-08T03:00,8.8,75,16.6,282.0,993.6,0.0
2024-02-08T04:00,8.6,74,17.3,286.0,993.3,0.0
2024-02-08T05:00,8.2,75,18.3,290.0,993.1,0.0
2024-02-08T06:00,8.9,83,20.5,292.0,994.1,0.0
2024-02-08T07:00,9.0,81,21.0,292.0,994.5,0.0
2024-02-08T08:00,10.8,76,22.8,291.0,995.5,0.0
2024-02-08T09:00,13.1,69,22.6,295.0,996.1,0.0
2024-02-08T10:00,15.2,63,24.3,297.0,996.3,0.0
2024-02-08T11:00,16.9,56,26.4,299.0,995.6,0.0
2024-02-08T12:00,18.1,49,27.1,300.0,994.5,0.0
2024-02-08T13:00,18.9,46,26.3,299.0,993.5,0.0
2024-02-08T14:00,19.1,44,24.8,296.0,992.5,0.0
2024-02-08T15:00,19.0,44,24.2,295.0,991.7,0.0
2024-02-08T16:00,18.3,48,21.8,292.0,991.5,0.0
2024-02-08T17:00,16.6,53,18.8,287.0,991.0,0.0
2024-02-08T18:00,14.8,53,15.1,282.0,990.9,0.0
2024-02-08T19:00,13.3,59,14.7,281.0,991.4,0.0
2024-02-08T20:00,12.7,62,15.9,283.0,991.6,0.0
2024-02-08T21:00,12.3,63,16.0,284.0,991.8,0.0
2024-02-08T22:00,11.8,66,15.5,283.0,992.1,0.0
2024-02-08T23:00,11.2,67,15.4,281.0,991.8,0.0
2024-02-09T00:00,10.9,68,15.7,279.0,991.7,0.0
2024-02-09T01:00,10.6,67,15.7,279.0,991.2,0.0
2024-02-09T02:00,10.2,67,15.4,281.0,991.1,0.0
2024-02-09T03:00,9.7,69,14.8,283.0,990.5,0.0
2024-02-09T04:00,9.3,71,14.1,283.0,990.5,0.0
2024-02-09T05:00,8.8,74,12.7,285.0,990.8,0.0
2024-02-09T06:00,8.5,79,11.9,284.0,992.2,0.0
2024-02-09T07:00,8.1,82,10.5,286.0,992.9,0.0
2024-02-09T08:00,10.3,76,11.3,292.0,994.1,0.0
2024-02-09T09:00,13.0,70,8.9,302.0,995.4,0.0
2024-02-09T10:00,15.6,63,8.7,308.0,996.0,0.0
2024-02-09T11:00,17.7,57,8.7,312.0,995.8,0.0
2024-02-09T12:00,19.2,51,8.9,310.0,995.3,0.0
2024-02-09T13:00,20.1,46,9.7,309.0,994.5,0.0
2024-02-09T14:00,20.5,43,9.8,306.0,993.8,0.0
2024-02-09T15:00,20.5,42,8.6,303.0,993.6,0.0
2024-02-09T16:00,20.0,44,7.9,309.0,993.5,0.0
2024-02-09T17:00,17.2,68,7.7,323.0,993.3,0.0
2024-02-09T18:00,15.1,61,7.7,332.0,993.8,0.0
2024-02-09T19:00,13.8,67,7.2,342.0,994.5,0.0
2024-02-09T20:00,11.7,76,5.8,356.0,994.7,0.0
2024-02-09T21:00,10.8,78,4.9,17.0,995.1,0.0
2024-02-09T22:00,10.1,81,6.6,41.0,995.3,0.0
2024-02-09T23:00,9.5,83,8.7,45.0,995.3,0.0
2024-02-10T00:00,8.9,82,11.2,57.0,994.9,0.0
2024-02-10T01:00,9.6,77,10.2,58.0,994.7,0.0
2024-02-10T02:00,9.1,78,9.8,66.0,994.4,0.0
2024-02-10T03:00,9.7,75,9.8,54.0,994.2,0.0
2024-02-10T04:00,9.3,77,9.4,50.0,994.2,0.0
2024-02-10T05:00,9.7,76,7.9,43.0,994.4,0.0
2024-02-10T06:00,7.2,99,5.0,30.0,995.5,0.0
2024-02-10T07:00,8.1,100,2.5,352.0,996.1,0.0
2024-02-10T08:00,9.8,98,1.9,338.0,997.2,0.0
2024-02-10T09:00,11.9,96,1.1,360.0,998.1,0.0
2024-02-10T10:00,13.9,92,2.5,8.0,998.6,0.0
2024-02-10T11:00,16.8,81,5.8,360.0,998.4,0.0
2024-02-10T12:00,18.7,58,6.6,347.0,997.6,0.0
2024-02-10T13:00,19.4,51,6.9,332.0,996.4,0.0
2024-02-10T14:00,19.7,51,6.4,322.0,995.6,0.0
2024-02-10T15:00,19.7,52,6.9,317.0,995.0,0.0
2024-02-10T16:00,19.3,55,6.9,317.0,995.0,0.0
2024-02-10T17:00,17.5,67,6.2,339.0,994.9,0.0
2024-02-10T18:00,14.9,75,7.9,344.0,994.6,0.0
2024-02-10T19:00,13.7,79,9.4,342.0,994.9,0.0
2024-02-10T20:00,13.0,83,9.7,333.0,995.2,0.0
2024-02-10T21:00,12.6,86,8.9,333.0,995.7,0.0
2024-02-10T22:00,12.0,89,8.2,345.0,995.9,0.0
2024-02-10T23:00,11.3,91,7.9,344.0,995.7,0.0
2024-02-11T00:00,10.5,92,8.0,342.0,995.2,0.0
2024-02-11T01:00,9.9,93,8.1,328.0,994.8,0.0
2024-02-11T02:00,9.4,93,8.9,320.0,994.5,0.0
2024-02-11T03:00,8.8,95,10.0,322.0,994.0,0.0
2024-02-11T04:00,8.6,95,8.7,322.0,993.8,0.0
2024-02-11T05:00,8.1,96,7.6,315.0,993.8,0.0
2024-02-11T06:00,8.7,97,7.4,313.0,994.4,0.0
2024-02-11T07:00,8.9,97,9.1,304.0,995.1,0.0
2024-02-11T08:00,11.1,90,9.8,306.0,996.2,0.0
2024-02-11T09:00,14.0,81,7.4,309.0,997.5,0.0
2024-02-11T10:00,16.8,70,7.4,313.0,998.0,0.0
2024-02-11T11:00,19.1,59,7.3,327.0,997.8,0.0
2024-02-11T12:00,20.4,52,6.4,333.0,997.0,0.0
2024-02-11T13:00,21.1,49,5.5,337.0,995.9,0.0
2024-02-11T14:00,21.5,46,4.6,342.0,995.1,0.0
2024-02-11T15:00,21.5,46,5.6,345.0,994.6,0.0
2024-02-11T16:00,21.0,47,6.3,347.0,994.4,0.0
2024-02-11T17:00,18.6,66,7.3,340.0,994.5,0.0
2024-02-11T18:00,16.0,63,9.2,329.0,994.2,0.0
2024-02-11T19:00,15.3,67,10.0,322.0,994.7,0.0
2024-02-11T20:00,14.2,70,8.8,325.0,995.0,0.0
2024-02-11T21:00,13.1,74,7.9,330.0,995.2,0.0
2024-02-11T22:00,11.9,79,7.8,326.0,995.2,0.0
2024-02-11T23:00,10.9,84,7.9,317.0,994.8,0.0
2024-02-12T00:00,10.2,86,8.2,311.0,994.8,0.0
2024-02-12T01:00,9.6,88,9.4,313.0,994.5,0.0
2024-02-12T02:00,9.1,89,9.7,315.0,994.1,0.0
2024-02-12T03:00,8.5,91,11.5,319.0,993.6,0.0
2024-02-12T04:00,7.9,92,12.7,317.0,993.7,0.0
2024-02-12T05:00,7.7,92,10.2,315.0,993.6,0.0
2024-02-12T06:00,7.9,96,8.4,313.0,994.2,0.0
2024-02-12T07:00,8.4,96,6.4,313.0,994.6,0.0
2024-02-12T08:00,11.3,89,6.3,301.0,995.5,0.0
2024-02-12T09:00,14.2,81,4.7,293.0,996.8,0.0
2024-02-12T10:00,16.6,74,3.3,311.0,997.0,0.0
2024-02-12T11:00,19.3,63,3.4,18.0,996.4,0.0
2024-02-12T12:00,20.8,52,3.6,90.0,995.3,0.0
2024-02-12T13:00,21.4,48,5.4,110.0,994.2,0.0
2024-02-12T14:00,21.5,46,5.9,101.0,993.1,0.0
2024-02-12T15:00,21.4,45,5.4,86.0,992.6,0.0
2024-02-12T16:00,20.8,46,6.9,62.0,992.4,0.0
2024-02-12T17:00,19.0,60,7.4,39.0,992.3,0.0
2024-02-12T18:00,16.5,69,4.9,343.0,992.7,0.0
2024-02-12T19:00,15.6,75,3.6,323.0,992.8,0.0
2024-02-12T20:00,15.6,73,2.4,333.0,993.5,0.0
2024-02-12T21:00,14.4,77,3.4,302.0,994.1,0.0
2024-02-12T22:00,13.6,81,4.8,297.0,994.5,0.0
2024-02-12T23:00,12.1,88,4.0,10.0,994.0,0.0
2024-02-13T00:00,11.5,88,6.2,324.0,993.7,0.0
2024-02-13T01:00,10.4,92,6.8,328.0,993.1,0.0
2024-02-13T02:00,9.7,93,6.8,3.0,992.6,0.0
2024-02-13T03:00,9.2,95,7.7,11.0,992.0,0.0
2024-02-13T04:00,9.5,93,8.9,14.0,992.2,0.0
2024-02-13T05:00,8.5,96,8.7,30.0,992.0,0.0
2024-02-13T06:00,9.4,98,7.2,354.0,993.5,0.0
2024-02-13T07:00,9.9,98,6.5,354.0,993.9,0.0
2024-02-13T08:00,12.4,91,3.2,333.0,995.1,0.0
2024-02-13T09:00,15.7,81,1.8,360.0,995.4,0.0
2024-02-13T10:00,18.5,69,1.8,360.0,995.6,0.0
2024-02-13T11:00,20.1,53,3.3,347.0,995.3,0.0
2024-02-13T12:00,20.7,50,3.0,346.0,994.2,0.0
2024-02-13T13:00,21.0,49,3.8,319.0,993.3,0.0
2024-02-13T14:00,21.2,48,3.9,304.0,992.5,0.0
2024-02-13T15:00,21.0,50,5.0,291.0,992.2,0.0
2024-02-13T16:00,20.8,51,7.1,311.0,992.3,0.0
2024-02-13T17:00,19.2,64,7.6,329.0,992.3,0.0
2024-02-13T18:00,15.8,66,8.3,360.0,992.5,0.0
2024-02-13T19:00,15.2,66,8.3,355.0,992.9,0.0
2024-02-13T20:00,17.1,52,9.0,331.0,993.5,0.0
2024-02-13T21:00,14.6,63,8.1,315.0,993.8,0.0
2024-02-13T22:00,14.1,69,7.2,307.0,993.7,0.0
2024-02-13T23:00,13.1,78,7.1,315.0,993.3,0.0
2024-02-14T00:00,12.3,84,8.0,324.0,993.1,0.0
2024-02-14T01:00,11.4,89,8.5,332.0,992.7,0.0
2024-02-14T02:00,11.0,90,9.2,339.0,992.2,0.0
2024-02-14T03:00,10.7,90,8.9,328.0,992.1,0.0
2024-02-14T04:00,10.2,92,8.2,322.0,992.2,0.0
2024-02-14T05:00,9.6,93,7.9,317.0,992.5,0.0
2024-02-14T06:00,10.1,96,6.9,313.0,993.0,0.0
2024-02-14T07:00,10.3,96,8.7,300.0,993.6,0.0
2024-02-14T08:00,12.7,88,9.2,301.0,994.5,0.0
2024-02-14T09:00,16.0,77,7.9,309.0,995.4,0.0
2024-02-14T10:00,19.0,66,9.5,307.0,995.5,0.0
2024-02-14T11:00,21.1,56,12.8,308.0,995.3,0.0
2024-02-14T12:00,22.0,48,14.0,312.0,994.3,0.0
2024-02-14T13:00,22.5,46,13.0,314.0,993.4,0.0
2024-02-14T14:00,22.7,46,12.7,313.0,992.5,0.0
2024-02-14T15:00,22.5,46,11.6,306.0,992.0,0.0
2024-02-14T16:00,22.0,48,11.2,303.0,991.9,0.0
2024-02-14T17:00,20.5,56,7.4,299.0,992.0,0.0
2024-02-14T18:00,18.1,68,9.1,304.0,992.3,0.0
2024-02-14T19:00,16.9,74,10.0,300.0,992.6,0.0
2024-02-14T20:00,15.9,79,9.7,301.0,993.2,0.0
2024-02-14T21:00,15.1,81,8.5,306.0,993.8,0.0
2024-02-14T22:00,14.4,82,7.1,315.0,994.2,0.0
2024-02-14T23:00,13.0,87,6.9,317.0,993.8,0.0
2024-02-15T00:00,12.1,88,7.9,317.0,993.7,0.0
2024-02-15T01:00,11.4,89,8.4,313.0,993.5,0.0
2024-02-15T02:00,10.9,90,8.7,312.0,993.2,0.0
2024-02-15T03:00,10.3,90,8.2,311.0,992.7,0.0
2024-02-15T04:00,10.0,90,8.4,301.0,992.7,0.0
2024-02-15T05:00,9.7,91,9.2,296.0,992.8,0.0
2024-02-15T06:00,10.2,93,8.4,295.0,993.9,0.0
2024-02-15T07:00,10.4,93,9.3,298.0,994.4,0.0
2024-02-15T08:00,13.1,82,10.1,297.0,995.6,0.0
2024-02-15T09:00,16.3,72,8.6,303.0,996.5,0.0
2024-02-15T10:00,19.0,61,9.2,309.0,996.5,0.0
2024-02-15T11:00,21.1,52,10.2,315.0,996.2,0.0
2024-02-15T12:00,22.4,45,10.7,312.0,995.5,0.0
2024-02-15T13:00,23.2,42,11.5,309.0,994.6,0.0
2024-02-15T14:00,23.6,41,12.4,306.0,993.9,0.0
2024-02-15T15:00,23.6,39,13.6,310.0,993.3,0.0
2024-02-15T16:00,23.1,38,13.3,311.0,993.2,0.0
2024-02-15T17:00,21.2,46,9.7,301.0,993.3,0.0
2024-02-15T18:00,18.0,56,10.4,314.0,993.5,0.0
2024-02-15T19:00,16.9,59,10.8,307.0,993.8,0.0
2024-02-15T20:00,15.6,63,10.2,315.0,994.3,0.0
2024-02-15T21:00,14.1,70,9.5,323.0,994.4,0.0
2024-02-15T22:00,12.9,76,9.3,324.0,994.5,0.0
2024-02-15T23:00,11.6,83,11.0,319.0,994.3,0.0
2024-02-16T00:00,10.9,85,11.2,318.0,994.1,0.0
2024-02-16T01:00,10.4,86,11.2,320.0,993.9,0.0
2024-02-16T02:00,9.9,88,10.4,316.0,993.8,0.0
2024-02-16T03:00,9.6,88,11.3,323.0,993.5,0.0
2024-02-16T04:00,9.0,89,9.7,315.0,993.3,0.0
2024-02-16T05:00,8.6,90,7.8,304.0,993.5,0.0
2024-02-16T06:00,9.1,93,6.8,295.0,994.5,0.0
2024-02-16T07:00,9.6,93,6.2,291.0,995.3,0.0
2024-02-16T08:00,12.5,82,7.9,294.0,996.3,0.0
2024-02-16T09:00,16.1,70,5.4,307.0,997.1,0.0
2024-02-16T10:00,19.1,59,6.1,320.0,997.4,0.0
2024-02-16T11:00,21.6,47,7.5,325.0,996.9,0.0
2024-02-16T12:00,23.2,37,8.4,320.0,996.4,0.0
2024-02-16T13:00,24.2,31,9.9,316.0,995.6,0.0
2024-02-16T14:00,24.5,30,11.5,316.0,994.9,0.0
2024-02-16T15:00,24.3,29,12.0,319.0,994.3,0.0
2024-02-16T16:00,23.6,30,11.0,319.0,993.9,0.0
2024-02-16T17:00,21.2,43,7.0,325.0,993.3,0.0
2024-02-16T18:00,17.1,54,12.2,317.0,992.7,0.0
2024-02-16T19:00,15.9,59,12.7,313.0,993.0,0.0
2024-02-16T20:00,15.2,62,10.9,316.0,993.3,0.0
2024-02-16T21:00,14.4,63,9.6,326.0,993.3,0.0
2024-02-16T22:00,13.8,62,8.9,328.0,993.4,0.0
2024-02-16T23:00,12.6,66,8.6,338.0,993.0,0.0
2024-02-17T00:00,11.2,74,9.5,331.0,992.5,0.0
2024-02-17T01:00,10.5,78,11.1,324.0,991.9,0.0
2024-02-17T02:00,11.5,72,12.5,327.0,991.0,0.0
2024-02-17T03:00,9.8,78,11.2,318.0,990.0,0.0
2024-02-17T04:00,10.1,76,8.6,285.0,989.9,0.0
2024-02-17T05:00,9.7,79,10.8,274.0,989.9,0.0
2024-02-17T06:00,9.7,88,9.4,272.0,990.7,0.0
2024-02-17T07:00,10.0,86,10.4,272.0,991.1,0.0
2024-02-17T08:00,13.1,73,11.9,275.0,992.0,0.0
2024-02-17T09:00,16.8,63,9.9,280.0,992.7,0.0
2024-02-17T10:00,20.1,50,11.4,283.0,992.7,0.0
2024-02-17T11:00,22.2,39,13.1,286.0,992.1,0.0
2024-02-17T12:00,23.4,34,13.9,287.0,991.0,0.0
2024-02-17T13:00,24.2,30,14.7,292.0,989.8,0.0
2024-02-17T14:00,24.6,29,14.8,293.0,988.9,0.0
2024-02-17T15:00,24.5,30,15.5,295.0,988.5,0.0
2024-02-17T16:00,23.8,32,14.7,292.0,988.1,0.0
2024-02-17T17:00,22.0,40,10.5,297.0,988.2,0.0
2024-02-17T18:00,18.4,56,11.5,309.0,988.1,0.0
2024-02-17T19:00,16.9,63,11.4,298.0,988.2,0.0
2024-02-17T20:00,15.6,70,10.4,304.0,988.6,0.0
2024-02-17T21:00,14.3,76,11.1,306.0,988.6,0.0
2024-02-17T22:00,13.8,74,12.2,304.0,988.5,0.0
2024-02-17T23:00,13.3,73,9.4,320.0,987.8,0.0
2024-02-18T00:00,12.4,77,8.3,326.0,987.2,0.0
2024-02-18T01:00,13.4,72,7.9,309.0,987.0,0.0
2024-02-18T02:00,11.0,83,5.6,297.0,986.5,0.0
2024-02-18T03:00,10.9,84,4.0,275.0,986.3,0.0
2024-02-18T04:00,10.0,86,4.5,256.0,986.2,0.0
2024-02-18T05:00,11.6,76,3.1,225.0,986.2,0.0
2024-02-18T06:00,11.0,80,5.8,187.0,987.0,0.0
2024-02-18T07:00,12.0,78,7.2,162.0,987.8,0.0
2024-02-18T08:00,16.1,64,9.3,144.0,988.9,0.0
2024-02-18T09:00,20.3,53,8.9,148.0,990.2,0.0
2024-02-18T10:00,22.9,43,11.6,150.0,990.2,0.0
2024-02-18T11:00,24.7,36,12.4,154.0,989.9,0.0
2024-02-18T12:00,25.8,33,12.6,156.0,988.5,0.0
2024-02-18T13:00,26.6,32,11.4,162.0,987.4,0.0
2024-02-18T14:00,27.1,30,10.1,163.0,986.3,0.0
2024-02-18T15:00,27.0,30,7.7,152.0,985.8,0.0
2024-02-18T16:00,26.1,35,7.9,141.0,985.7,0.0
2024-02-18T17:00,24.2,44,6.2,126.0,985.7,0.0
2024-02-18T18:00,21.3,53,7.3,123.0,986.0,0.0
2024-02-18T19:00,20.0,58,8.4,115.0,986.4,0.0
2024-02-18T20:00,19.0,64,10.2,113.0,986.8,0.0
2024-02-18T21:00,18.4,65,12.4,116.0,986.9,0.0
2024-02-18T22:00,18.3,65,14.0,116.0,987.1,0.0
2024-02-18T23:00,17.5,68,13.8,118.0,986.7,0.0
2024-02-19T00:00,17.0,69,13.8,123.0,986.6,0.0
2024-02-19T01:00,16.4,70,13.5,124.0,986.3,0.0
2024-02-19T02:00,16.0,71,14.5,120.0,986.0,0.0
2024-02-19T03:00,15.5,71,15.5,121.0,985.6,0.0
2024-02-19T04:00,15.1,72,13.4,126.0,985.5,0.0
2024-02-19T05:00,14.7,73,14.3,118.0,985.8,0.0
2024-02-19T06:00,15.1,73,16.9,117.0,986.3,0.0
2024-02-19T07:00,15.3,72,18.2,124.0,986.9,0.0
2024-02-19T08:00,17.3,66,19.3,127.0,987.5,0.0
2024-02-19T09:00,19.6,57,22.5,129.0,988.0,0.0
2024-02-19T10:00,21.9,52,25.0,133.0,988.1,0.0
2024-02-19T11:00,23.8,49,26.7,133.0,987.5,0.0
2024-02-19T12:00,25.2,46,27.0,134.0,986.3,0.0
2024-02-19T13:00,26.3,44,26.5,135.0,984.7,0.0
2024-02-19T14:00,26.8,44,25.0,136.0,983.6,0.0
2024-02-19T15:00,26.6,44,21.9,136.0,982.9,0.0
2024-02-19T16:00,26.2,47,20.2,130.0,982.8,0.0
2024-02-19T17:00,25.3,52,14.6,123.0,983.0,0.0
2024-02-19T18:00,23.1,58,15.4,106.0,983.7,0.0
2024-02-19T19:00,22.0,62,17.7,102.0,984.1,0.0
2024-02-19T20:00,21.2,63,16.2,107.0,985.0,0.0
2024-02-19T21:00,20.3,66,15.3,114.0,985.6,0.0
2024-02-19T22:00,19.3,71,14.5,117.0,986.0,0.0
2024-02-19T23:00,19.0,71,17.2,106.0,985.3,0.0
2024-02-20T00:00,18.5,72,17.2,106.0,984.5,0.0
2024-02-20T01:00,18.0,73,11.9,115.0,984.2,0.0
2024-02-20T02:00,17.1,79,9.1,124.0,984.0,0.0
2024-02-20T03:00,16.5,83,5.4,86.0,983.8,0.0
2024-02-20T04:00,16.1,87,3.4,72.0,983.7,0.0
2024-02-20T05:00,15.3,90,3.9,68.0,984.4,0.0
2024-02-20T06:00,16.0,87,8.7,83.0,984.6,0.0
2024-02-20T07:00,15.9,88,8.3,95.0,985.7,0.0
2024-02-20T08:00,17.7,80,9.2,111.0,986.9,0.0
2024-02-20T09:00,20.0,71,12.6,110.0,988.1,0.0
2024-02-20T10:00,21.4,65,13.1,111.0,988.2,0.0
2024-02-20T11:00,24.0,56,10.8,120.0,988.0,0.0
2024-02-20T12:00,25.6,48,7.0,145.0,987.3,0.0
2024-02-20T13:00,26.9,33,6.4,223.0,986.0,0.0
2024-02-20T14:00,27.3,26,9.4,252.0,985.3,0.0
2024-02-20T15:00,27.1,23,15.3,243.0,984.8,0.0
2024-02-20T16:00,26.4,26,10.6,246.0,984.2,0.0
2024-02-20T17:00,24.8,47,4.0,275.0,983.8,0.0
2024-02-20T18:00,21.6,55,9.5,61.0,983.8,0.0
2024-02-20T19:00,19.9,69,13.2,73.0,984.3,0.0
2024-02-20T20:00,18.7,78,11.9,76.0,984.9,0.0
2024-02-20T21:00,16.9,85,8.8,81.0,985.5,0.0
2024-02-20T22:00,17.1,83,2.5,98.0,986.3,0.2
2024-02-20T23:00,16.4,84,5.0,111.0,986.0,0.0
2024-02-21T00:00,14.6,92,8.2,61.0,985.4,0.0
2024-02-21T01:00,14.6,91,9.4,40.0,985.8,0.0
2024-02-21T02:00,13.5,94,7.6,357.0,985.4,0.0
2024-02-21T03:00,12.9,96,7.7,49.0,985.0,0.0
2024-02-21T04:00,12.4,97,7.8,56.0,984.6,0.0
2024-02-21T05:00,12.2,97,6.8,58.0,984.6,0.0
2024-02-21T06:00,13.2,93,2.5,8.0,984.4,0.0
2024-02-21T07:00,13.7,92,4.7,302.0,985.2,0.0
2024-02-21T08:00,16.1,83,6.9,279.0,986.5,0.0
2024-02-21T09:00,18.9,70,5.6,297.0,987.3,0.0
2024-02-21T10:00,21.8,56,6.4,308.0,987.9,0.0
2024-02-21T11:00,23.8,39,7.5,305.0,987.5,0.0
2024-02-21T12:00,25.0,28,8.4,295.0,986.6,0.0
2024-02-21T13:00,25.7,20,11.4,288.0,985.4,0.0
2024-02-21T14:00,25.9,18,13.2,287.0,984.6,0.0
2024-02-21T15:00,25.6,17,12.7,295.0,983.9,0.0
2024-02-21T16:00,25.1,18,12.9,293.0,983.6,0.0
2024-02-21T17:00,23.1,25,9.7,301.0,983.7,0.0
2024-02-21T18:00,19.7,37,10.9,326.0,984.5,0.0
2024-02-21T19:00,18.7,41,11.8,340.0,985.3,0.0
2024-02-21T20:00,17.8,43,11.9,358.0,985.9,0.0
2024-02-21T21:00,16.9,46,12.8,10.0,986.4,0.0
2024-02-21T22:00,16.2,46,14.6,16.0,986.7,0.0
2024-02-21T23:00,16.0,52,13.8,20.0,986.6,0.0
2024-02-22T00:00,15.9,60,10.8,21.0,986.6,0.0
2024-02-22T01:00,15.7,61,9.3,36.0,986.0,0.0
2024-02-22T02:00,15.1,63,8.1,32.0,985.5,0.0
2024-02-22T03:00,15.0,62,10.4,34.0,985.4,0.0
2024-02-22T04:00,12.7,73,8.2,308.0,986.1,0.0
2024-02-22T05:00,10.9,83,5.1,278.0,986.0,0.0
2024-02-22T06:00,11.9,87,1.9,248.0,986.5,0.0
2024-02-22T07:00,12.5,84,6.0,253.0,987.3,0.0
2024-02-22T08:00,15.3,74,9.0,268.0,988.7,0.0
2024-02-22T09:00,17.5,64,9.0,286.0,989.7,0.0
2024-02-22T10:00,19.7,53,10.5,301.0,990.3,0.0
2024-02-22T11:00,21.8,42,11.3,307.0,990.0,0.0
2024-02-22T12:00,23.1,31,12.7,305.0,989.2,0.0
2024-02-22T13:00,24.0,22,12.5,303.0,988.1,0.0
2024-02-22T14:00,23.9,22,13.2,305.0,987.6,0.0
2024-02-22T15:00,23.5,21,14.3,317.0,987.1,0.0
2024-02-22T16:00,23.1,21,15.1,320.0,987.1,0.0
2024-02-22T17:00,21.7,25,10.7,310.0,987.4,0.0
2024-02-22T18:00,19.4,34,11.1,324.0,988.4,0.0
2024-02-22T19:00,17.6,42,9.2,329.0,989.1,0.0
2024-02-22T20:00,16.2,46,8.7,330.0,989.8,0.0
2024-02-22T21:00,14.9,50,8.5,332.0,990.7,0.0
2024-02-22T22:00,13.8,55,9.1,342.0,990.9,0.0
2024-02-22T23:00,13.0,58,9.7,345.0,990.8,0.0
2024-02-23T00:00,12.1,59,9.7,345.0,990.5,0.0
2024-02-23T01:00,12.1,56,9.6,340.0,990.3,0.0
2024-02-23T02:00,11.5,57,8.6,345.0,989.6,0.0
2024-02-23T03:00,10.5,61,8.7,355.0,988.9,0.0
2024-02-23T04:00,9.6,63,8.0,342.0,988.7,0.0
2024-02-23T05:00,8.5,68,9.5,331.0,988.7,0.0
2024-02-23T06:00,9.4,77,10.3,331.0,990.0,0.0
2024-02-23T07:00,10.7,71,6.1,298.0,990.9,0.0
2024-02-23T08:00,13.6,61,7.2,288.0,992.1,0.0
2024-02-23T09:00,16.6,51,6.6,299.0,993.0,0.0
2024-02-23T10:00,19.1,43,8.3,304.0,993.2,0.0
2024-02-23T11:00,21.1,33,10.7,312.0,993.1,0.0
2024-02-23T12:00,22.1,28,12.6,307.0,991.9,0.0
2024-02-23T13:00,22.6,26,13.7,305.0,990.8,0.0
2024-02-23T14:00,22.8,24,14.5,305.0,990.0,0.0
2024-02-23T15:00,22.6,24,14.6,303.0,989.6,0.0
2024-02-23T16:00,22.0,25,14.9,302.0,989.5,0.0
2024-02-23T17:00,20.6,29,10.8,291.0,989.5,0.0
2024-02-23T18:00,17.0,40,9.9,316.0,989.5,0.0
2024-02-23T19:00,15.4,47,9.4,317.0,990.4,0.0
2024-02-23T20:00,14.7,51,8.1,328.0,991.2,0.0
2024-02-23T21:00,13.6,53,9.0,337.0,991.4,0.0
2024-02-23T22:00,13.8,50,9.0,344.0,991.3,0.0
2024-02-23T23:00,13.4,49,9.2,349.0,991.0,0.0
2024-02-24T00:00,12.7,48,9.7,15.0,990.4,0.0
2024-02-24T01:00,10.7,58,11.7,45.0,989.7,0.0
2024-02-24T02:00,10.8,58,7.9,39.0,989.5,0.0
2024-02-24T03:00,9.3,65,8.9,63.0,988.7,0.0
2024-02-24T04:00,9.5,63,4.4,81.0,988.7,0.0
2024-02-24T05:00,11.8,52,5.4,138.0,989.0,0.0
2024-02-24T06:00,11.6,69,7.5,107.0,990.0,0.0
2024-02-24T07:00,12.4,66,6.6,81.0,990.7,0.0
2024-02-24T08:00,14.2,62,2.2,9.0,991.9,0.0
2024-02-24T09:00,17.3,51,0.8,27.0,992.9,0.0
2024-02-24T10:00,19.7,42,1.8,191.0,993.2,0.0
2024-02-24T11:00,20.6,36,1.5,194.0,992.7,0.0
2024-02-24T12:00,22.3,29,1.0,315.0,992.0,0.0
2024-02-24T13:00,23.4,23,1.8,323.0,990.9,0.0
2024-02-24T14:00,22.6,25,9.0,265.0,990.6,0.0
2024-02-24T15:00,22.0,29,11.9,270.0,990.2,0.0
2024-02-24T16:00,22.0,28,7.9,300.0,989.9,0.0
2024-02-24T17:00,20.8,36,5.2,326.0,990.1,0.0
2024-02-24T18:00,18.1,34,6.3,294.0,991.0,0.0
2024-02-24T19:00,16.6,41,8.4,263.0,991.6,0.0
2024-02-24T20:00,15.9,43,4.0,175.0,992.1,0.0
2024-02-24T21:00,17.0,38,4.8,132.0,992.3,0.0
2024-02-24T22:00,14.3,46,4.3,85.0,992.1,0.0
2024-02-24T23:00,13.6,45,8.5,78.0,992.2,0.0
2024-02-25T00:00,13.2,42,8.6,75.0,992.1,0.0
2024-02-25T01:00,11.1,48,8.9,76.0,991.9,0.0
2024-02-25T02:00,10.6,51,8.7,73.0,991.7,0.0
2024-02-25T03:00,10.5,50,9.4,72.0,991.2,0.0
2024-02-25T04:00,10.8,48,8.9,69.0,991.3,0.0
2024-02-25T05:00,12.3,42,6.4,63.0,991.6,0.0
2024-02-25T06:00,11.4,71,7.9,66.0,992.2,0.0
2024-02-25T07:00,12.2,69,4.6,51.0,993.3,0.0
2024-02-25T08:00,14.7,60,4.6,51.0,994.6,0.0
2024-02-25T09:00,18.0,49,3.4,58.0,995.5,0.0
2024-02-25T10:00,21.1,37,4.8,77.0,995.4,0.0
2024-02-25T11:00,23.2,25,6.9,81.0,995.0,0.0
2024-02-25T12:00,24.1,21,6.1,62.0,994.0,0.0
2024-02-25T13:00,24.7,19,6.2,36.0,993.0,0.0
2024-02-25T14:00,25.0,18,5.6,27.0,992.0,0.0
2024-02-25T15:00,24.7,18,9.4,356.0,991.8,0.0
2024-02-25T16:00,23.7,19,10.4,340.0,991.7,0.0
2024-02-25T17:00,22.5,18,7.1,330.0,991.9,0.0
2024-02-25T18:00,19.9,27,9.8,6.0,992.3,0.0
2024-02-25T19:00,19.1,31,8.5,12.0,993.1,0.0
2024-02-25T20:00,16.6,38,7.6,8.0,993.5,0.0
2024-02-25T21:00,15.7,42,8.7,7.0,993.9,0.0
2024-02-25T22:00,15.5,44,8.3,5.0,994.1,0.0
2024-02-25T23:00,15.5,47,9.3,13.0,993.9,0.0
2024-02-26T00:00,14.7,50,10.9,17.0,993.6,0.0
2024-02-26T01:00,14.1,51,11.0,19.0,993.4,0.0
2024-02-26T02:00,13.5,53,10.8,26.0,992.7,0.0
2024-02-26T03:00,13.1,53,10.0,30.0,991.9,0.0
2024-02-26T04:00,11.7,58,7.3,20.0,991.8,0.0
2024-02-26T05:00,11.1,60,9.0,16.0,991.8,0.0
2024-02-26T06:00,12.6,67,7.1,41.0,992.6,0.0
2024-02-26T07:00,13.3,75,0.5,45.0,993.3,0.0
2024-02-26T08:00,15.0,60,3.6,354.0,993.7,0.0
2024-02-26T09:00,17.7,52,4.7,4.0,994.8,0.0
2024-02-26T10:00,21.0,40,5.9,11.0,995.2,0.0
2024-02-26T11:00,23.3,27,4.9,17.0,994.6,0.0
2024-02-26T12:00,24.3,25,4.1,345.0,993.8,0.0
2024-02-26T13:00,24.6,25,6.4,308.0,993.1,0.0
2024-02-26T14:00,24.1,26,7.0,305.0,992.1,0.0
2024-02-26T15:00,23.8,28,6.9,313.0,991.4,0.0
2024-02-26T16:00,23.5,28,6.9,321.0,991.2,0.0
2024-02-26T17:00,22.0,40,5.8,330.0,991.3,0.0
2024-02-26T18:00,18.8,37,6.6,331.0,991.9,0.0
2024-02-26T19:00,17.0,46,9.0,323.0,992.3,0.0
2024-02-26T20:00,17.3,45,6.6,331.0,992.8,0.0
2024-02-26T21:00,15.7,49,3.4,342.0,992.9,0.0
2024-02-26T22:00,15.0,52,2.9,353.0,992.8,0.0
2024-02-26T23:00,14.9,50,3.4,342.0,992.5,0.0
2024-02-27T00:00,15.2,48,1.8,360.0,992.0,0.0
2024-02-27T01:00,14.7,52,4.0,5.0,991.6,0.0
2024-02-27T02:00,14.5,52,5.6,310.0,991.3,0.0
2024-02-27T03:00,15.0,50,6.4,286.0,991.5,0.0
2024-02-27T04:00,15.0,53,12.1,293.0,992.1,0.0
2024-02-27T05:00,14.3,62,11.5,328.0,992.3,0.8
2024-02-27T06:00,15.5,55,12.5,321.0,993.5,0.1
2024-02-27T07:00,15.1,60,11.5,309.0,994.0,0.0
2024-02-27T08:00,16.1,59,12.5,314.0,994.9,0.0
2024-02-27T09:00,17.5,51,13.0,326.0,995.4,0.0
2024-02-27T10:00,19.3,47,14.7,335.0,995.1,0.0
2024-02-27T11:00,22.3,35,16.0,346.0,994.4,0.0
2024-02-27T12:00,23.5,30,14.4,1.0,993.5,0.0
2024-02-27T13:00,24.1,28,12.2,2.0,992.5,0.0
2024-02-27T14:00,24.5,27,11.6,355.0,991.7,0.0
2024-02-27T15:00,24.2,27,10.2,342.0,991.1,0.0
2024-02-27T16:00,23.5,28,11.2,339.0,990.6,0.0
2024-02-27T17:00,22.2,29,8.0,324.0,990.7,0.0
2024-02-27T18:00,18.3,43,8.9,333.0,991.2,0.0
2024-02-27T19:00,17.7,48,10.5,311.0,991.5,0.0
2024-02-27T20:00,16.6,51,10.7,303.0,992.0,0.0
2024-02-27T21:00,15.6,53,9.2,309.0,992.3,0.0
2024-02-27T22:00,14.5,57,9.2,309.0,992.5,0.0
2024-02-27T23:00,14.1,60,10.8,300.0,992.2,0.0
2024-02-28T00:00,13.9,65,10.2,302.0,991.9,0.0
2024-02-28T01:00,13.2,70,9.7,309.0,991.8,0.0
2024-02-28T02:00,12.6,75,11.0,311.0,991.5,0.0
2024-02-28T03:00,12.2,76,11.5,311.0,991.0,0.0
2024-02-28T04:00,11.8,78,11.2,312.0,990.8,0.0
2024-02-28T05:00,11.4,79,10.6,305.0,990.6,0.0
2024-02-28T06:00,11.6,78,10.1,297.0,991.9,0.0
2024-02-28T07:00,12.0,76,13.0,294.0,992.6,0.0
2024-02-28T08:00,14.4,67,13.2,296.0,993.4,0.0
2024-02-28T09:00,17.2,57,14.8,299.0,993.9,0.0
2024-02-28T10:00,19.8,48,16.3,301.0,993.7,0.0
2024-02-28T11:00,21.9,40,17.7,303.0,993.1,0.0
2024-02-28T12:00,23.2,35,19.9,302.0,992.1,0.0
2024-02-28T13:00,23.8,33,20.4,302.0,991.1,0.0
2024-02-28T14:00,24.0,33,20.1,303.0,990.1,0.0
2024-02-28T15:00,23.8,34,18.9,305.0,989.4,0.0
2024-02-28T16:00,23.3,36,17.6,311.0,989.1,0.0
2024-02-28T17:00,22.5,38,14.1,302.0,989.3,0.0
2024-02-28T18:00,20.0,47,8.7,308.0,989.5,0.0
2024-02-28T19:00,18.5,54,9.1,304.0,989.8,0.0
2024-02-28T20:00,17.5,57,8.8,305.0,990.2,0.0
2024-02-28T21:00,16.4,61,9.4,302.0,990.5,0.0
2024-02-28T22:00,15.6,65,10.2,302.0,990.5,0.0
2024-02-28T23:00,15.0,67,10.7,303.0,989.8,0.0
2024-02-29T00:00,14.4,68,11.0,302.0,989.3,0.0
2024-02-29T01:00,13.9,69,11.4,298.0,988.8,0.0
2024-02-29T02:00,13.4,71,12.2,298.0,988.3,0.0
2024-02-29T03:00,12.9,74,12.2,298.0,988.0,0.0
2024-02-29T04:00,12.4,76,12.7,299.0,987.7,0.0
2024-02-29T05:00,12.0,77,11.8,290.0,987.8,0.0
2024-02-29T06:00,12.4,79,11.5,284.0,989.0,0.0
2024-02-29T07:00,12.9,77,12.8,280.0,989.4,0.0
2024-02-29T08:00,15.6,68,11.6,275.0,990.6,0.0
2024-02-29T09:00,18.7,57,11.4,281.0,991.7,0.0
2024-02-29T10:00,21.4,46,13.2,296.0,992.0,0.0
2024-02-29T11:00,23.3,38,13.0,304.0,991.7,0.0
2024-02-29T12:00,24.7,34,12.9,306.0,991.0,0.0
2024-02-29T13:00,25.7,31,12.0,309.0,990.2,0.0
2024-02-29T14:00,26.2,29,11.3,307.0,989.4,0.0
2024-02-29T15:00,26.3,28,11.1,306.0,988.9,0.0
2024-02-29T16:00,25.8,28,11.6,306.0,989.0,0.0
2024-02-29T17:00,24.4,33,8.3,304.0,989.1,0.0
2024-02-29T18:00,19.9,51,10.1,305.0,989.4,0.0
2024-02-29T19:00,18.8,57,9.7,301.0,990.0,0.0
2024-02-29T20:00,17.5,64,9.3,286.0,990.3,0.0
2024-02-29T21:00,17.5,63,8.7,294.0,990.5,0.0
2024-02-29T22:00,16.0,67,10.2,302.0,990.4,0.0
2024-02-29T23:00,15.1,69,10.3,331.0,989.8,0.0
2024-03-01T00:00,14.4,72,9.2,349.0,989.4,0.0
2024-03-01T01:00,14.0,74,10.0,339.0,989.0,0.0
2024-03-01T02:00,16.0,64,4.7,302.0,988.6,0.0
2024-03-01T03:00,16.1,63,3.3,77.0,988.2,0.0
2024-03-01T04:00,15.7,65,5.3,62.0,987.8,0.0
2024-03-01T05:00,13.9,74,6.4,74.0,988.2,0.0
2024-03-01T06:00,14.7,76,6.1,90.0,989.4,0.0
2024-03-01T07:00,15.5,75,4.0,63.0,990.3,0.0
2024-03-01T08:00,18.2,66,1.6,243.0,991.6,0.0
2024-03-01T09:00,21.4,56,1.5,166.0,992.4,0.0
2024-03-01T10:00,23.0,52,3.7,151.0,992.7,0.2
2024-03-01T11:00,22.7,56,4.0,175.0,993.1,0.7
2024-03-01T12:00,23.2,54,4.6,315.0,991.9,0.2
2024-03-01T13:00,23.4,54,7.3,101.0,989.8,0.6
2024-03-01T14:00,25.7,44,7.6,95.0,988.9,0.0
2024-03-01T15:00,26.5,40,10.2,100.0,987.8,0.0
2024-03-01T16:00,25.8,44,16.0,99.0,986.8,0.0
2024-03-01T17:00,24.4,49,11.0,122.0,987.0,0.0
2024-03-01T18:00,24.1,48,12.5,131.0,986.4,0.0
2024-03-01T19:00,21.8,61,5.5,101.0,986.9,0.0
2024-03-01T20:00,20.8,60,8.3,108.0,987.2,0.0
2024-03-01T21:00,20.1,64,12.0,123.0,987.6,0.0
2024-03-01T22:00,20.2,63,10.3,119.0,986.9,0.0
2024-03-01T23:00,20.0,64,11.9,125.0,986.6,0.0
2024-03-02T00:00,19.5,67,13.0,132.0,986.7,0.0
2024-03-02T01:00,19.3,69,14.8,141.0,986.7,0.0
2024-03-02T02:00,18.9,69,17.0,144.0,986.2,0.0
2024-03-02T03:00,19.0,66,19.8,161.0,986.0,0.0
2024-03-02T04:00,18.8,68,22.8,175.0,986.1,0.0
2024-03-02T05:00,18.7,67,23.1,176.0,986.5,0.0
2024-03-02T06:00,18.6,72,12.8,158.0,987.5,0.8
2024-03-02T07:00,18.1,78,13.1,148.0,988.5,0.0
2024-03-02T08:00,18.4,80,11.6,144.0,989.3,0.1
2024-03-02T09:00,18.3,85,15.3,109.0,990.0,1.7
2024-03-02T10:00,20.0,81,14.2,97.0,989.4,0.0
2024-03-02T11:00,22.7,62,25.0,118.0,988.8,0.0
2024-03-02T12:00,24.3,56,28.8,110.0,987.0,0.0
2024-03-02T13:00,24.7,54,30.5,123.0,985.7,0.8
2024-03-02T14:00,24.0,55,33.4,134.0,984.6,0.1
2024-03-02T15:00,23.4,60,30.3,143.0,983.3,0.0
2024-03-02T16:00,23.6,59,27.8,138.0,982.8,0.0
2024-03-02T17:00,18.2,89,21.7,186.0,983.4,1.5
2024-03-02T18:00,18.3,87,24.0,154.0,983.8,0.1
2024-03-02T19:00,18.5,85,25.4,145.0,984.0,0.0
2024-03-02T20:00,17.5,92,27.4,157.0,984.7,0.0
2024-03-02T21:00,17.8,92,19.3,147.0,985.9,0.0
2024-03-02T22:00,17.9,93,19.2,146.0,986.0,0.4
2024-03-02T23:00,17.3,92,18.2,150.0,986.0,1.0
2024-03-03T00:00,17.2,94,15.4,147.0,985.9,0.0
2024-03-03T01:00,16.9,93,13.9,170.0,985.4,0.0
2024-03-03T02:00,15.7,96,12.8,292.0,985.9,2.5
2024-03-03T03:00,15.4,97,5.2,282.0,985.6,7.6
2024-03-03T04:00,16.0,93,7.1,255.0,985.1,0.2
2024-03-03T05:00,15.6,93,3.8,229.0,985.4,0.1
2024-03-03T06:00,15.5,91,7.2,273.0,987.3,0.0
2024-03-03T07:00,15.5,82,10.3,306.0,987.6,0.0
2024-03-03T08:00,16.0,64,13.8,317.0,988.2,0.0
2024-03-03T09:00,17.2,50,11.2,310.0,988.8,0.0
2024-03-03T10:00,18.6,51,10.5,308.0,989.2,0.0
2024-03-03T11:00,20.0,55,7.2,297.0,988.9,0.0
2024-03-03T12:00,21.1,53,3.6,270.0,988.1,0.0
2024-03-03T13:00,22.2,47,4.7,247.0,986.8,0.0
2024-03-03T14:00,22.7,41,8.5,258.0,985.8,0.0
2024-03-03T15:00,22.5,37,11.9,272.0,985.5,0.0
2024-03-03T16:00,21.6,35,13.5,279.0,985.5,0.0
2024-03-03T17:00,20.2,40,11.8,293.0,985.8,0.0
2024-03-03T18:00,18.5,50,8.6,345.0,985.8,0.0
2024-03-03T19:00,17.1,58,10.7,14.0,986.6,0.0
2024-03-03T20:00,15.7,73,11.3,17.0,987.4,0.0
2024-03-03T21:00,14.7,95,8.9,50.0,988.1,0.0
2024-03-03T22:00,14.0,98,7.0,21.0,988.6,0.0
2024-03-03T23:00,13.4,99,6.8,335.0,988.5,0.0
2024-03-04T00:00,12.2,100,7.1,336.0,988.5,0.0
2024-03-04T01:00,11.7,100,7.9,3.0,988.4,0.0
2024-03-04T02:00,11.8,100,6.2,7.0,988.2,0.0
2024-03-04T03:00,11.9,100,5.8,360.0,988.3,0.0
2024-03-04T04:00,12.2,99,5.4,340.0,988.7,0.0
2024-03-04T05:00,12.4,96,6.3,347.0,989.1,0.0
2024-03-04T06:00,11.1,98,6.8,357.0,989.7,0.0
2024-03-04T07:00,12.0,98,9.4,360.0,990.3,0.0
2024-03-04T08:00,13.9,91,8.0,355.0,991.4,0.0
2024-03-04T09:00,17.0,71,9.8,6.0,992.2,0.0
2024-03-04T10:00,19.8,32,12.4,8.0,992.6,0.0
2024-03-04T11:00,20.9,24,10.4,346.0,992.9,0.0
2024-03-04T12:00,21.5,23,12.0,327.0,992.7,0.0
2024-03-04T13:00,21.7,24,14.0,325.0,992.0,0.0
2024-03-04T14:00,21.6,25,14.7,324.0,991.4,0.0
2024-03-04T15:00,21.3,27,14.1,320.0,990.9,0.0
2024-03-04T16:00,20.7,29,13.5,318.0,990.7,0.0
2024-03-04T17:00,19.5,35,12.5,314.0,990.8,0.0
2024-03-04T18:00,17.3,46,10.7,315.0,991.6,0.0
2024-03-04T19:00,15.7,51,11.2,327.0,992.0,0.0
2024-03-04T20:00,14.5,53,11.8,348.0,992.4,0.0
2024-03-04T21:00,13.8,53,12.3,353.0,993.0,0.0
2024-03-04T22:00,12.8,56,12.0,353.0,993.0,0.0
2024-03-04T23:00,12.1,59,11.3,351.0,992.9,0.0
2024-03-05T00:00,11.3,62,9.2,349.0,992.4,0.0
2024-03-05T01:00,10.6,65,8.2,337.0,992.2,0.0
2024-03-05T02:00,10.3,66,9.7,329.0,991.6,0.0
2024-03-05T03:00,9.9,67,10.6,325.0,991.4,0.0
2024-03-05T04:00,9.5,67,10.7,318.0,991.5,0.0
2024-03-05T05:00,8.9,67,9.7,309.0,992.0,0.0
2024-03-05T06:00,9.2,73,8.4,295.0,992.5,0.0
2024-03-05T07:00,10.0,70,11.9,295.0,993.1,0.0
2024-03-05T08:00,12.4,63,11.3,292.0,994.1,0.0
2024-03-05T09:00,15.0,56,12.2,298.0,995.0,0.0
2024-03-05T10:00,17.3,48,13.9,307.0,994.9,0.0
2024-03-05T11:00,18.8,41,14.1,310.0,994.2,0.0
2024-03-05T12:00,19.9,37,14.4,307.0,993.1,0.0
2024-03-05T13:00,20.7,34,15.1,303.0,992.3,0.0
2024-03-05T14:00,20.9,34,15.3,300.0,991.4,0.0
2024-03-05T15:00,20.9,33,15.2,301.0,990.5,0.0
2024-03-05T16:00,20.3,35,15.6,304.0,990.2,0.0
2024-03-05T17:00,19.2,40,12.9,300.0,990.2,0.0
2024-03-05T18:00,16.3,49,8.5,306.0,990.4,0.0
2024-03-05T19:00,15.4,54,9.8,298.0,991.1,0.0
2024-03-05T20:00,15.7,54,11.2,320.0,991.5,0.0
2024-03-05T21:00,14.4,59,9.6,326.0,991.3,0.0
2024-03-05T22:00,13.0,63,10.0,308.0,991.6,0.0
2024-03-05T23:00,12.5,65,9.8,294.0,991.2,0.0
2024-03-06T00:00,12.8,64,11.0,311.0,990.4,0.0
2024-03-06T01:00,12.2,65,10.9,304.0,990.2,0.0
2024-03-06T02:00,11.8,65,10.8,300.0,989.8,0.0
2024-03-06T03:00,11.0,67,9.8,294.0,989.8,0.0
2024-03-06T04:00,10.0,71,10.3,295.0,989.6,0.0
2024-03-06T05:00,9.9,69,10.1,297.0,989.5,0.0
2024-03-06T06:00,9.2,70,9.0,293.0,990.3,0.0
2024-03-06T07:00,9.9,67,12.0,286.0,991.0,0.0
2024-03-06T08:00,12.6,61,9.9,280.0,992.0,0.0
2024-03-06T09:00,15.5,51,10.0,285.0,992.8,0.0
2024-03-06T10:00,17.8,41,13.0,294.0,992.9,0.0
2024-03-06T11:00,19.2,37,15.3,304.0,992.6,0.0
2024-03-06T12:00,19.4,37,13.5,312.0,991.5,0.0
2024-03-06T13:00,19.1,40,12.4,296.0,990.4,0.0
2024-03-06T14:00,20.2,38,12.4,292.0,989.6,0.0
2024-03-06T15:00,21.1,38,11.6,292.0,988.7,0.0
2024-03-06T16:00,20.8,38,11.5,290.0,988.3,0.0
2024-03-06T17:00,20.0,42,8.2,285.0,988.1,0.0
2024-03-06T18:00,18.0,53,6.2,280.0,988.9,0.0
2024-03-06T19:00,16.5,57,6.6,283.0,989.1,0.0
2024-03-06T20:00,14.7,67,7.6,301.0,989.7,0.0
2024-03-06T21:00,14.4,69,6.4,344.0,990.3,0.0
2024-03-06T22:00,12.7,75,9.9,350.0,990.4,0.0
2024-03-06T23:00,14.1,66,7.6,352.0,989.9,0.0
2024-03-07T00:00,15.0,60,6.1,315.0,989.6,0.0
2024-03-07T01:00,11.7,74,9.4,328.0,988.9,0.0
2024-03-07T02:00,11.3,76,7.2,323.0,988.0,0.0
2024-03-07T03:00,10.3,81,8.7,322.0,987.5,0.0
2024-03-07T04:00,10.2,81,6.6,311.0,987.6,0.0
2024-03-07T05:00,10.1,81,7.5,305.0,987.9,0.0
2024-03-07T06:00,10.1,84,8.2,319.0,988.7,0.0
2024-03-07T07:00,12.0,75,6.0,295.0,989.6,0.0
2024-03-07T08:00,15.1,66,6.5,270.0,990.9,0.0
2024-03-07T09:00,18.0,53,7.1,285.0,992.0,0.0
2024-03-07T10:00,20.2,45,8.6,303.0,992.3,0.0
2024-03-07T11:00,21.7,40,10.0,311.0,992.0,0.0
2024-03-07T12:00,22.9,36,11.2,310.0,991.1,0.0
2024-03-07T13:00,23.9,32,12.9,306.0,990.1,0.0
2024-03-07T14:00,24.2,31,14.3,304.0,989.0,0.0
2024-03-07T15:00,24.0,32,15.0,300.0,988.4,0.0
2024-03-07T16:00,23.4,35,15.1,295.0,988.5,0.0
2024-03-07T17:00,22.4,40,12.6,294.0,988.9,0.0
2024-03-07T18:00,19.3,54,6.8,295.0,989.2,0.0
2024-03-07T19:00,18.2,58,9.8,332.0,989.8,0.0
2024-03-07T20:00,17.9,51,14.9,353.0,990.5,0.0
2024-03-07T21:00,17.6,49,14.8,357.0,990.9,0.0
2024-03-07T22:00,16.5,53,11.2,356.0,990.7,0.0
2024-03-07T23:00,15.3,58,8.6,358.0,990.0,0.0
2024-03-08T00:00,13.3,67,10.9,352.0,989.8,0.0
2024-03-08T01:00,12.9,67,10.4,360.0,989.4,0.0
2024-03-08T02:00,12.1,70,10.5,333.0,989.1,0.0
2024-03-08T03:00,12.2,69,6.1,273.0,989.1,0.0
2024-03-08T04:00,11.6,72,7.8,292.0,988.9,0.0
2024-03-08T05:00,11.3,73,7.8,304.0,989.3,0.0
2024-03-08T06:00,11.8,75,7.7,332.0,990.1,0.0
2024-03-08T07:00,13.0,71,10.7,327.0,990.9,0.0
2024-03-08T08:00,15.9,63,9.2,291.0,992.1,0.0
2024-03-08T09:00,18.7,55,10.5,297.0,992.9,0.0
2024-03-08T10:00,21.4,47,11.5,311.0,992.8,0.0
2024-03-08T11:00,23.6,37,14.5,325.0,992.5,0.0
2024-03-08T12:00,24.8,30,16.8,329.0,991.6,0.0
2024-03-08T13:00,25.2,31,16.2,323.0,990.8,0.0
2024-03-08T14:00,25.4,30,15.5,312.0,990.0,0.0
2024-03-08T15:00,25.1,30,16.6,304.0,989.7,0.0
2024-03-08T16:00,24.4,32,16.2,302.0,989.6,0.0
2024-03-08T17:00,23.2,36,12.9,306.0,989.6,0.0
2024-03-08T18:00,20.5,44,9.3,332.0,989.6,0.0
2024-03-08T19:00,18.6,51,10.5,344.0,990.0,0.0
2024-03-08T20:00,17.5,53,13.1,351.0,990.8,0.0
2024-03-08T21:00,16.6,52,12.9,347.0,991.4,0.0
2024-03-08T22:00,15.8,53,13.0,346.0,991.6,0.0
2024-03-08T23:00,15.1,54,11.2,339.0,991.1,0.0
2024-03-09T00:00,14.6,55,11.6,338.0,990.7,0.0
2024-03-09T01:00,14.1,55,10.6,332.0,990.3,0.0
2024-03-09T02:00,13.5,56,10.2,318.0,990.0,0.0
2024-03-09T03:00,12.9,58,10.5,308.0,989.4,0.0
2024-03-09T04:00,12.3,62,10.2,302.0,989.2,0.0
2024-03-09T05:00,11.8,66,10.5,301.0,989.3,0.0
2024-03-09T06:00,12.1,72,11.0,293.0,989.8,0.0
2024-03-09T07:00,12.8,70,13.4,276.0,990.7,0.0
2024-03-09T08:00,15.6,61,13.0,270.0,991.7,0.0
2024-03-09T09:00,18.4,52,13.8,277.0,992.3,0.0
2024-03-09T10:00,20.8,44,14.6,290.0,992.4,0.0
2024-03-09T11:00,22.6,38,15.4,303.0,992.1,0.0
2024-03-09T12:00,23.9,36,16.4,303.0,991.4,0.0
2024-03-09T13:00,24.8,32,17.1,300.0,990.6,0.0
2024-03-09T14:00,25.2,29,17.4,300.0,989.8,0.0
2024-03-09T15:00,25.1,28,16.1,299.0,989.3,0.0
2024-03-09T16:00,24.6,29,15.1,303.0,989.2,0.0
2024-03-09T17:00,23.3,34,11.8,301.0,989.3,0.0
2024-03-09T18:00,19.2,43,8.1,302.0,989.7,0.0
2024-03-09T19:00,18.3,50,7.2,307.0,990.3,0.0
2024-03-09T20:00,17.5,53,7.4,321.0,990.8,0.0
2024-03-09T21:00,16.3,56,6.9,309.0,991.0,0.0
2024-03-09T22:00,15.1,60,6.9,298.0,990.8,0.0
2024-03-09T23:00,14.6,63,7.9,300.0,990.3,0.0
2024-03-10T00:00,13.6,68,9.9,303.0,989.7,0.0
2024-03-10T01:00,12.9,72,7.9,294.0,989.2,0.0
2024-03-10T02:00,13.3,71,8.6,292.0,988.6,0.0
2024-03-10T03:00,13.1,71,8.2,285.0,988.0,0.0
2024-03-10T04:00,13.1,69,8.7,275.0,988.0,0.0
2024-03-10T05:00,12.8,69,9.2,281.0,988.1,0.0
2024-03-10T06:00,12.0,73,8.2,285.0,989.4,0.0
2024-03-10T07:00,13.0,70,10.9,261.0,989.9,0.0
2024-03-10T08:00,16.3,60,9.0,265.0,990.5,0.0
2024-03-10T09:00,19.8,50,9.5,279.0,991.5,0.0
2024-03-10T10:00,22.6,39,11.6,286.0,991.8,0.0
2024-03-10T11:00,24.3,33,11.0,289.0,991.8,0.0
2024-03-10T12:00,25.5,30,10.5,286.0,991.2,0.0
2024-03-10T13:00,26.2,29,9.3,283.0,990.4,0.0
2024-03-10T14:00,26.6,28,9.9,280.0,989.8,0.0
2024-03-10T15:00,26.3,27,9.3,283.0,989.4,0.0
2024-03-10T16:00,25.9,28,7.4,299.0,989.3,0.0
2024-03-10T17:00,24.6,34,7.2,297.0,989.8,0.0
2024-03-10T18:00,20.8,47,10.0,347.0,989.9,0.0
2024-03-10T19:00,21.1,48,7.0,12.0,990.1,0.0
2024-03-10T20:00,20.3,50,7.9,30.0,990.7,0.0
2024-03-10T21:00,19.8,50,8.5,36.0,990.9,0.0
2024-03-10T22:00,19.3,52,9.3,54.0,991.0,0.0
2024-03-10T23:00,18.6,57,8.1,77.0,991.2,0.0
2024-03-11T00:00,18.5,56,6.1,118.0,991.0,0.0
2024-03-11T01:00,17.3,62,7.2,143.0,991.0,0.0
2024-03-11T02:00,17.6,61,3.8,229.0,990.9,0.0
2024-03-11T03:00,17.4,61,4.9,36.0,990.5,0.0
2024-03-11T04:00,17.5,62,8.0,54.0,990.2,0.0
2024-03-11T05:00,16.8,66,5.8,83.0,990.8,0.0
2024-03-11T06:00,14.8,83,9.1,99.0,991.6,0.0
2024-03-11T07:00,17.0,73,6.3,121.0,992.3,0.0
2024-03-11T08:00,20.1,64,4.0,100.0,993.4,0.0
2024-03-11T09:00,23.3,54,2.5,98.0,993.7,0.0
2024-03-11T10:00,26.0,42,4.8,167.0,993.7,0.0
2024-03-11T11:00,27.6,33,5.8,202.0,993.1,0.0
2024-03-11T12:00,28.6,29,5.0,240.0,992.3,0.0
2024-03-11T13:00,29.2,28,6.6,257.0,991.3,0.0
2024-03-11T14:00,29.5,27,8.6,268.0,990.1,0.0
2024-03-11T15:00,29.4,28,10.9,278.0,989.4,0.0
2024-03-11T16:00,28.5,31,13.8,290.0,989.2,0.0
2024-03-11T17:00,27.2,35,13.6,307.0,989.3,0.0
2024-03-11T18:00,25.3,29,12.4,10.0,989.0,0.0
2024-03-11T19:00,23.1,33,9.2,31.0,989.5,0.0
2024-03-11T20:00,21.9,34,11.0,41.0,990.5,0.0
2024-03-11T21:00,20.5,37,9.7,31.0,990.7,0.0
2024-03-11T22:00,19.4,42,9.6,34.0,990.6,0.0
2024-03-11T23:00,18.5,49,8.5,36.0,990.5,0.0
2024-03-12T00:00,17.7,53,7.9,43.0,990.2,0.0
2024-03-12T01:00,16.7,57,7.7,37.0,989.6,0.0
2024-03-12T02:00,16.2,59,7.6,19.0,989.0,0.0
2024-03-12T03:00,16.0,60,8.0,18.0,988.3,0.0
2024-03-12T04:00,14.8,66,9.4,360.0,988.0,0.0
2024-03-12T05:00,13.9,70,9.2,329.0,988.3,0.0
2024-03-12T06:00,15.4,74,5.3,332.0,989.5,0.0
2024-03-12T07:00,16.3,70,8.0,306.0,990.4,0.0
2024-03-12T08:00,19.4,57,6.5,304.0,991.3,0.0
2024-03-12T09:00,22.6,49,9.7,309.0,992.1,0.0
2024-03-12T10:00,25.6,42,12.9,324.0,992.1,0.0
2024-03-12T11:00,27.4,35,14.0,325.0,991.6,0.0
2024-03-12T12:00,28.5,29,14.2,324.0,990.7,0.0
2024-03-12T13:00,29.0,28,13.8,319.0,989.8,0.0
2024-03-12T14:00,29.1,29,13.6,310.0,988.8,0.0
2024-03-12T15:00,29.0,28,13.8,303.0,988.1,0.0
2024-03-12T16:00,28.5,28,14.1,302.0,987.8,0.0
2024-03-12T17:00,27.3,32,12.9,300.0,987.7,0.0
2024-03-12T18:00,25.4,31,15.3,345.0,988.0,0.0
2024-03-12T19:00,23.6,37,16.0,352.0,988.4,0.0
2024-03-12T20:00,22.4,40,15.0,350.0,988.8,0.0
2024-03-12T21:00,21.3,45,16.0,352.0,989.3,0.0
2024-03-12T22:00,20.8,48,16.9,358.0,988.9,0.0
2024-03-12T23:00,20.1,50,14.4,360.0,988.2,0.0
2024-03-13T00:00,19.2,52,12.6,358.0,987.6,0.0
2024-03-13T01:00,17.5,59,7.6,357.0,986.8,0.0
2024-03-13T02:00,18.8,54,4.7,279.0,986.3,0.0
2024-03-13T03:00,15.4,67,5.8,248.0,985.4,0.0
2024-03-13T04:00,14.4,72,6.6,261.0,985.1,0.0
2024-03-13T05:00,13.9,77,5.8,263.0,985.2,0.0
2024-03-13T06:00,14.3,81,5.8,270.0,986.4,0.0
2024-03-13T07:00,15.7,76,7.6,270.0,987.0,0.0
2024-03-13T08:00,19.3,63,5.2,258.0,988.0,0.0
2024-03-13T09:00,22.7,52,4.3,265.0,988.8,0.0
2024-03-13T10:00,25.4,42,4.0,260.0,988.7,0.0
2024-03-13T11:00,27.4,34,5.4,262.0,988.5,0.0
2024-03-13T12:00,28.8,29,9.5,261.0,987.8,0.0
2024-03-13T13:00,29.4,25,10.9,262.0,986.8,0.0
2024-03-13T14:00,29.3,27,12.4,262.0,986.1,0.0
2024-03-13T15:00,26.7,38,11.7,236.0,986.0,0.2
2024-03-13T16:00,27.1,34,1.9,112.0,985.4,0.0
2024-03-13T17:00,26.6,35,4.7,81.0,985.0,0.0
2024-03-13T18:00,23.4,43,18.2,39.0,985.4,0.0
2024-03-13T19:00,22.3,44,15.9,52.0,986.3,0.0
2024-03-13T20:00,20.8,52,10.8,26.0,987.7,0.0
2024-03-13T21:00,19.3,62,11.7,351.0,988.7,0.0
2024-03-13T22:00,18.3,67,9.7,27.0,988.7,0.0
2024-03-13T23:00,17.4,70,8.0,36.0,988.5,0.0
2024-03-14T00:00,16.9,74,7.9,24.0,988.2,0.0
2024-03-14T01:00,16.3,77,6.7,16.0,988.0,0.0
2024-03-14T02:00,15.5,81,6.8,25.0,987.4,0.0
2024-03-14T03:00,15.0,83,6.5,6.0,987.3,0.0
2024-03-14T04:00,14.7,84,5.8,353.0,987.4,0.0
2024-03-14T05:00,14.1,86,5.8,356.0,987.8,0.0
2024-03-14T06:00,15.2,86,9.2,321.0,989.1,0.0
2024-03-14T07:00,16.4,81,10.1,333.0,990.0,0.0
2024-03-14T08:00,19.4,67,7.4,346.0,991.1,0.0
2024-03-14T09:00,22.7,51,7.6,352.0,991.9,0.0
2024-03-14T10:00,25.6,40,9.8,352.0,991.9,0.0
2024-03-14T11:00,27.5,33,14.4,357.0,991.6,0.0
2024-03-14T12:00,28.6,28,15.8,1.0,991.0,0.0
2024-03-14T13:00,29.2,26,12.4,350.0,990.2,0.0
2024-03-14T14:00,29.1,26,13.4,336.0,989.4,0.0
2024-03-14T15:00,28.7,26,14.8,326.0,988.6,0.0
2024-03-14T16:00,28.0,27,14.5,318.0,988.3,0.0
2024-03-14T17:00,27.0,30,13.2,315.0,988.2,0.0
2024-03-14T18:00,25.0,33,13.2,349.0,988.6,0.0
2024-03-14T19:00,23.3,38,12.0,344.0,989.3,0.0
2024-03-14T20:00,21.5,46,9.8,352.0,989.9,0.0
2024-03-14T21:00,20.2,49,10.1,2.0,990.1,0.0
2024-03-14T22:00,19.3,48,9.5,351.0,989.9,0.0
2024-03-14T23:00,18.8,45,11.4,336.0,989.4,0.0
2024-03-15T00:00,18.4,44,13.9,329.0,988.8,0.0
2024-03-15T01:00,17.5,48,13.0,332.0,988.6,0.0
2024-03-15T02:00,16.5,53,11.1,324.0,988.0,0.0
2024-03-15T03:00,15.6,57,11.7,313.0,987.5,0.0
2024-03-15T04:00,14.9,58,11.2,303.0,987.2,0.0
2024-03-15T05:00,14.3,58,10.6,298.0,987.2,0.0
2024-03-15T06:00,14.9,65,10.5,297.0,988.6,0.0
2024-03-15T07:00,15.9,62,13.1,291.0,989.2,0.0
2024-03-15T08:00,18.3,55,12.6,294.0,990.1,0.0
2024-03-15T09:00,21.0,48,12.9,297.0,990.7,0.0
2024-03-15T10:00,23.7,40,14.3,295.0,990.9,0.0
2024-03-15T11:00,25.6,31,16.4,296.0,990.7,0.0
2024-03-15T12:00,26.6,25,16.9,294.0,989.9,0.0
2024-03-15T13:00,27.1,23,16.8,293.0,989.3,0.0
2024-03-15T14:00,27.2,23,16.6,297.0,988.5,0.0
2024-03-15T15:00,27.0,24,16.3,301.0,987.7,0.0
2024-03-15T16:00,26.6,25,15.8,300.0,987.7,0.0
2024-03-15T17:00,25.4,28,13.5,299.0,987.7,0.0
2024-03-15T18:00,22.7,32,11.7,288.0,988.0,0.0
2024-03-15T19:00,20.4,39,10.6,288.0,988.7,0.0
2024-03-15T20:00,18.9,42,9.5,295.0,989.6,0.0
2024-03-15T21:00,17.6,45,8.0,297.0,989.9,0.0
2024-03-15T22:00,16.2,49,6.7,286.0,990.0,0.0
2024-03-15T23:00,15.2,55,6.6,279.0,989.9,0.0
2024-03-16T00:00,14.0,60,9.3,283.0,989.4,0.0
2024-03-16T01:00,13.6,61,10.2,302.0,989.2,0.0
2024-03-16T02:00,13.5,60,10.2,315.0,988.8,0.0
2024-03-16T03:00,12.8,63,9.4,313.0,988.9,0.0
2024-03-16T04:00,12.7,64,8.2,311.0,989.1,0.0
2024-03-16T05:00,13.0,59,12.1,343.0,988.9,0.0
2024-03-16T06:00,12.7,73,7.4,337.0,990.6,0.0
2024-03-16T07:00,14.3,67,8.7,336.0,991.7,0.0
2024-03-16T08:00,17.5,57,5.0,330.0,992.9,0.0
2024-03-16T09:00,20.9,47,5.0,330.0,993.3,0.0
2024-03-16T10:00,23.9,36,7.4,331.0,993.1,0.0
2024-03-16T11:00,25.6,28,5.1,315.0,993.0,0.0
2024-03-16T12:00,26.5,25,4.7,279.0,992.2,0.0
2024-03-16T13:00,27.1,25,6.1,273.0,991.3,0.0
2024-03-16T14:00,27.6,25,8.4,277.0,990.2,0.0
2024-03-16T15:00,27.5,25,10.8,285.0,989.3,0.0
2024-03-16T16:00,26.9,24,12.9,300.0,989.3,0.0
2024-03-16T17:00,25.7,26,12.8,310.0,989.5,0.0
2024-03-16T18:00,23.2,26,8.9,310.0,989.4,0.0
2024-03-16T19:00,20.7,35,8.2,299.0,989.9,0.0
2024-03-16T20:00,19.8,42,10.0,308.0,990.6,0.0
2024-03-16T21:00,18.6,44,8.2,319.0,991.0,0.0
2024-03-16T22:00,17.4,47,8.0,324.0,990.9,0.0
2024-03-16T23:00,16.6,50,8.4,320.0,990.6,0.0
2024-03-17T00:00,15.6,53,8.2,331.0,990.0,0.0
2024-03-17T01:00,14.8,55,9.7,345.0,989.3,0.0
2024-03-17T02:00,13.8,60,11.4,342.0,988.6,0.0
2024-03-17T03:00,14.1,58,9.2,312.0,988.5,0.0
2024-03-17T04:00,13.4,60,7.1,285.0,988.7,0.0
2024-03-17T05:00,11.8,68,7.9,300.0,988.8,0.0
2024-03-17T06:00,13.4,73,7.9,267.0,990.2,0.0
2024-03-17T07:00,15.0,68,11.5,256.0,990.8,0.0
2024-03-17T08:00,18.6,57,10.2,262.0,992.0,0.0
2024-03-17T09:00,21.9,47,10.2,288.0,992.7,0.0
2024-03-17T10:00,24.6,38,9.7,292.0,992.9,0.0
2024-03-17T11:00,26.6,29,8.0,306.0,992.5,0.0
2024-03-17T12:00,27.7,25,8.4,317.0,991.6,0.0
2024-03-17T13:00,28.4,24,8.4,310.0,990.7,0.0
2024-03-17T14:00,28.8,23,8.6,303.0,989.8,0.0
2024-03-17T15:00,28.8,24,10.0,300.0,989.1,0.0
2024-03-17T16:00,28.3,24,10.8,300.0,989.0,0.0
2024-03-17T17:00,27.1,26,10.8,296.0,989.0,0.0
2024-03-17T18:00,23.0,38,7.1,300.0,988.9,0.0
2024-03-17T19:00,21.3,46,7.3,290.0,989.4,0.0
2024-03-17T20:00,20.5,52,9.7,297.0,989.8,0.0
2024-03-17T21:00,19.6,51,9.4,310.0,990.1,0.0
2024-03-17T22:00,18.7,51,8.9,310.0,990.1,0.0
2024-03-17T23:00,17.7,55,8.9,313.0,989.6,0.0
2024-03-18T00:00,16.8,59,7.9,321.0,988.9,0.0
2024-03-18T01:00,15.7,63,7.4,317.0,988.4,0.0
2024-03-18T02:00,14.4,69,7.3,303.0,987.9,0.0
2024-03-18T03:00,13.8,72,6.5,289.0,987.7,0.0
2024-03-18T04:00,13.8,73,7.6,289.0,987.4,0.0
2024-03-18T05:00,13.5,74,7.6,289.0,987.6,0.0
2024-03-18T06:00,13.0,79,5.8,277.0,988.7,0.0
2024-03-18T07:00,14.8,72,7.3,250.0,989.4,0.0
2024-03-18T08:00,18.5,58,6.3,257.0,990.4,0.0
2024-03-18T09:00,21.8,47,8.6,272.0,991.3,0.0
2024-03-18T10:00,24.5,37,9.3,286.0,991.3,0.0
2024-03-18T11:00,26.4,29,8.9,302.0,990.8,0.0
2024-03-18T12:00,27.5,26,9.5,307.0,989.9,0.0
2024-03-18T13:00,28.2,25,10.2,302.0,988.8,0.0
2024-03-18T14:00,28.5,25,11.4,294.0,987.7,0.0
2024-03-18T15:00,28.3,25,12.9,293.0,987.1,0.0
2024-03-18T16:00,27.8,27,13.0,298.0,986.8,0.0
2024-03-18T17:00,26.8,29,11.9,299.0,986.8,0.0
2024-03-18T18:00,23.0,39,7.7,311.0,987.0,0.0
2024-03-18T19:00,21.4,46,7.3,303.0,987.7,0.0
2024-03-18T20:00,20.7,48,7.9,313.0,988.5,0.0
2024-03-18T21:00,19.9,45,9.4,317.0,988.7,0.0
2024-03-18T22:00,19.1,45,8.9,317.0,988.5,0.0
2024-03-18T23:00,17.7,50,8.2,319.0,987.9,0.0
2024-03-19T00:00,16.7,56,7.3,303.0,987.4,0.0
2024-03-19T01:00,15.3,63,10.5,292.0,986.7,0.0
2024-03-19T02:00,15.2,64,8.8,279.0,986.3,0.0
2024-03-19T03:00,14.4,66,7.2,267.0,986.3,0.0
2024-03-19T04:00,14.1,67,5.2,258.0,986.1,0.0
2024-03-19T05:00,13.6,70,6.3,246.0,986.5,0.0
2024-03-19T06:00,14.3,73,6.2,260.0,987.8,0.0
2024-03-19T07:00,16.5,65,7.6,278.0,989.1,0.0
2024-03-19T08:00,19.6,56,4.3,336.0,990.2,0.0
2024-03-19T09:00,22.9,47,4.4,351.0,991.0,0.0
2024-03-19T10:00,25.8,38,4.7,351.0,991.0,0.0
2024-03-19T11:00,27.7,29,5.2,348.0,990.5,0.0
2024-03-19T12:00,28.8,24,6.9,332.0,989.5,0.0
2024-03-19T13:00,29.6,21,9.9,316.0,988.6,0.0
2024-03-19T14:00,29.8,20,16.3,295.0,987.6,0.0
2024-03-19T15:00,29.3,21,15.6,304.0,986.9,0.0
2024-03-19T16:00,28.8,22,13.4,301.0,986.7,0.0
2024-03-19T17:00,27.8,24,12.8,310.0,987.1,0.0
2024-03-19T18:00,24.6,29,7.6,355.0,986.6,0.0
2024-03-19T19:00,23.4,33,10.6,350.0,987.1,0.0
2024-03-19T20:00,22.3,39,11.6,355.0,988.2,0.0
2024-03-19T21:00,19.9,48,8.4,350.0,988.6,0.0
2024-03-19T22:00,18.3,55,10.7,348.0,988.4,0.0
2024-03-19T23:00,18.4,55,7.6,315.0,988.4,0.0
2024-03-20T00:00,20.5,47,3.5,294.0,988.4,0.0
2024-03-20T01:00,18.2,55,4.4,305.0,988.3,0.0
2024-03-20T02:00,15.4,68,7.1,315.0,987.9,0.0
2024-03-20T03:00,15.9,66,5.4,307.0,987.7,0.0
2024-03-20T04:00,14.3,74,7.4,299.0,987.5,0.0
2024-03-20T05:00,14.2,75,6.6,311.0,988.1,0.0
2024-03-20T06:00,15.0,79,6.1,315.0,988.7,0.0
2024-03-20T07:00,17.2,70,8.1,315.0,989.4,0.0
2024-03-20T08:00,21.0,58,6.0,303.0,990.5,0.0
2024-03-20T09:00,24.8,46,6.1,320.0,991.3,0.0
2024-03-20T10:00,28.0,34,8.6,338.0,991.2,0.0
2024-03-20T11:00,30.0,25,11.3,353.0,990.5,0.0
2024-03-20T12:00,31.0,22,10.7,12.0,989.5,0.0
2024-03-20T13:00,31.6,20,8.8,19.0,988.6,0.0
2024-03-20T14:00,32.0,19,7.8,22.0,987.5,0.0
2024-03-20T15:00,32.0,18,6.5,6.0,986.6,0.0
2024-03-20T16:00,31.7,17,9.0,331.0,986.3,0.0
2024-03-20T17:00,30.2,19,11.0,308.0,986.2,0.0
2024-03-20T18:00,25.9,29,8.6,292.0,986.1,0.0
2024-03-20T19:00,25.0,34,11.1,306.0,987.0,0.0
2024-03-20T20:00,23.5,36,10.1,305.0,987.7,0.0
2024-03-20T21:00,21.8,42,8.1,315.0,988.4,0.0
2024-03-20T22:00,20.4,49,7.7,332.0,988.9,0.0
2024-03-20T23:00,18.8,57,11.6,7.0,989.1,0.0
2024-03-21T00:00,18.6,57,9.4,40.0,989.0,0.0
2024-03-21T01:00,18.6,57,7.6,31.0,988.6,0.0
2024-03-21T02:00,18.7,57,12.2,56.0,988.0,0.0
2024-03-21T03:00,18.6,56,15.2,95.0,988.1,0.0
2024-03-21T04:00,18.0,55,18.7,113.0,987.6,0.0
2024-03-21T05:00,17.5,64,,,988.2,0.0
2024-03-21T06:00,16.9,86,,,989.1,0.0
2024-03-21T07:00,17.8,82,,,989.8,0.0
2024-03-21T08:00,19.7,71,,,990.5,0.0
2024-03-21T09:00,21.8,61,,,990.9,0.0
2024-03-21T10:00,23.8,54,,,990.8,0.0
2024-03-21T11:00,25.7,48,,,990.2,0.0
2024-03-21T12:00,27.2,43,,,989.4,0.0
2024-03-21T13:00,28.3,40,,,988.0,0.0
2024-03-21T14:00,29.0,37,,,987.0,0.0
2024-03-21T15:00,29.2,36,,,986.1,0.0
2024-03-21T16:00,29.0,35,,,985.6,0.0
2024-03-21T17:00,28.3,36,,,985.8,0.0
2024-03-21T18:00,25.5,46,,,986.2,0.0
2024-03-21T19:00,23.8,54,,,986.9,0.0
2024-03-21T20:00,22.9,59,,,987.6,0.0
2024-03-21T21:00,22.1,62,,,988.1,0.0
2024-03-21T22:00,22.4,60,,,988.2,0.0
2024-03-21T23:00,22.1,59,,,987.9,0.0
2024-03-22T00:00,20.4,66,,,987.4,0.0
2024-03-22T01:00,19.8,68,,,986.7,0.0
2024-03-22T02:00,19.3,70,,,986.5,0.0
2024-03-22T03:00,18.7,72,,,986.1,0.0
2024-03-22T04:00,18.4,74,,,985.7,0.0
2024-03-22T05:00,18.0,75,,,985.8,0.0
2024-03-22T06:00,17.8,83,,,986.5,0.0
2024-03-22T07:00,19.2,77,,,986.9,0.0
2024-03-22T08:00,21.8,66,,,987.6,0.0
2024-03-22T09:00,24.5,56,,,987.9,0.0
2024-03-22T10:00,27.1,46,,,987.7,0.0
2024-03-22T11:00,29.2,39,,,987.1,0.0
2024-03-22T12:00,30.6,33,,,985.9,0.0
2024-03-22T13:00,31.5,30,,,984.5,0.0
2024-03-22T14:00,32.2,28,,,983.1,0.0
2024-03-22T15:00,32.4,27,,,982.3,0.0
2024-03-22T16:00,32.3,26,,,982.2,0.0
2024-03-22T17:00,31.6,27,,,981.8,0.0
2024-03-22T18:00,28.9,31,,,981.7,0.0
2024-03-22T19:00,25.3,44,,,982.0,0.0
2024-03-22T20:00,23.9,47,,,983.0,0.0
2024-03-22T21:00,26.9,39,,,983.6,0.0
2024-03-22T22:00,23.2,50,,180.0,983.5,0.0
2024-03-22T23:00,21.9,55,,,983.5,0.0
2024-03-23T00:00,21.5,57,,,983.4,0.0
2024-03-23T01:00,20.5,62,,,983.1,0.0
2024-03-23T02:00,19.7,67,,180.0,983.1,0.0
2024-03-23T03:00,18.8,70,,,982.8,0.0
2024-03-23T04:00,18.5,71,,,982.8,0.0
2024-03-23T05:00,18.1,75,,,983.0,0.0
2024-03-23T06:00,18.4,85,,,983.8,0.0
2024-03-23T07:00,20.6,76,,,984.7,0.0
2024-03-23T08:00,23.8,63,,,985.6,0.0
2024-03-23T09:00,26.8,52,,,985.8,0.0
2024-03-23T10:00,29.6,41,,,985.8,0.0
2024-03-23T11:00,31.6,31,,,985.5,0.0
2024-03-23T12:00,32.8,25,,,984.8,0.0
2024-03-23T13:00,33.6,22,,,984.0,0.0
2024-03-23T14:00,33.8,21,,,983.1,0.0
2024-03-23T15:00,33.6,21,,,982.6,0.0
2024-03-23T16:00,33.0,22,,,982.4,0.0
2024-03-23T17:00,31.8,24,,,982.3,0.0
2024-03-23T18:00,28.6,26,,,982.8,0.0
2024-03-23T19:00,26.3,34,,,983.4,0.0
2024-03-23T20:00,25.5,34,,,984.0,0.0
2024-03-23T21:00,24.1,36,,,984.3,0.0
2024-03-23T22:00,23.4,38,,,984.3,0.0
2024-03-23T23:00,22.9,40,,,984.1,0.0
2024-03-24T00:00,23.0,41,,,983.5,0.0
2024-03-24T01:00,22.4,44,,,982.9,0.0
2024-03-24T02:00,21.6,48,,,982.5,0.0
2024-03-24T03:00,19.7,56,,,982.5,0.0
2024-03-24T04:00,18.9,57,,,982.6,0.0
2024-03-24T05:00,18.8,56,,,983.3,0.0
2024-03-24T06:00,18.6,63,,,984.1,0.0
2024-03-24T07:00,20.2,58,,,985.5,0.0
2024-03-24T08:00,23.9,48,,,987.1,0.0
2024-03-24T09:00,27.0,40,,,987.9,0.0
2024-03-24T10:00,29.7,34,,,988.0,0.0
2024-03-24T11:00,30.5,30,,,988.2,0.0
2024-03-24T12:00,29.6,33,,,987.7,0.0
2024-03-24T13:00,31.0,26,,,987.2,0.0
2024-03-24T14:00,30.6,25,,,986.8,0.0
2024-03-24T15:00,29.4,23,,,986.3,0.0
2024-03-24T16:00,27.7,31,,,986.3,0.0
2024-03-24T17:00,26.4,37,,,985.7,0.0
2024-03-24T18:00,26.2,42,,,986.4,0.1
2024-03-24T19:00,24.6,48,,,986.3,0.0
2024-03-24T20:00,22.6,56,,,987.5,0.0
2024-03-24T21:00,23.6,51,,,988.5,0.0
2024-03-24T22:00,20.4,63,,,988.4,0.0
2024-03-24T23:00,20.0,64,,,988.1,0.0
2024-03-25T00:00,19.5,67,,,987.7,0.0
2024-03-25T01:00,19.1,69,,,987.4,0.0
2024-03-25T02:00,18.5,71,,,987.0,0.0
2024-03-25T03:00,17.9,74,,,986.8,0.0
2024-03-25T04:00,17.0,78,,,986.8,0.0
2024-03-25T05:00,16.6,80,,,987.2,0.0
2024-03-25T06:00,17.3,78,,,988.6,0.0
2024-03-25T07:00,19.5,68,,,989.3,0.0
2024-03-25T08:00,23.0,56,,,990.1,0.0
2024-03-25T09:00,26.6,46,,,990.4,0.0
2024-03-25T10:00,29.2,40,,,990.4,0.0
2024-03-25T11:00,30.6,34,,,989.8,0.0
2024-03-25T12:00,31.7,31,,,988.7,0.0
2024-03-25T13:00,32.4,29,,,987.6,0.0
2024-03-25T14:00,32.8,27,,,986.8,0.0
2024-03-25T15:00,32.7,26,,,986.0,0.0
2024-03-25T16:00,32.1,27,,,985.8,0.0
2024-03-25T17:00,31.1,27,,,985.5,0.0
2024-03-25T18:00,29.1,24,,,985.9,0.0
2024-03-25T19:00,27.6,28,,,986.4,0.0
2024-03-25T20:00,26.1,31,,,986.6,0.0
2024-03-25T21:00,24.7,36,,,987.0,0.0
2024-03-25T22:00,23.5,41,,,987.2,0.0
2024-03-25T23:00,22.5,45,,,986.9,0.0
2024-03-26T00:00,21.6,48,,,986.6,0.0
2024-03-26T01:00,20.9,49,,,985.7,0.0
2024-03-26T02:00,20.3,51,,,984.9,0.0
2024-03-26T03:00,19.7,54,,,984.5,0.0
2024-03-26T04:00,19.2,57,,,984.4,0.0
2024-03-26T05:00,18.5,60,,,984.7,0.0
2024-03-26T06:00,19.2,67,,,985.8,0.0
2024-03-26T07:00,20.7,63,,,986.9,0.0
2024-03-26T08:00,23.5,55,,,987.7,0.0
2024-03-26T09:00,26.1,47,,,988.5,0.0
2024-03-26T10:00,28.4,40,,,988.9,0.0
2024-03-26T11:00,30.6,32,,,988.9,0.0
2024-03-26T12:00,32.3,25,,,988.3,0.0
2024-03-26T13:00,33.4,21,,,987.3,0.0
2024-03-26T14:00,33.6,21,,,986.4,0.0
2024-03-26T15:00,33.5,22,,,985.7,0.0
2024-03-26T16:00,32.9,24,,,985.8,0.0
2024-03-26T17:00,31.8,27,,,985.8,0.0
2024-03-26T18:00,29.8,29,,,986.0,0.0
2024-03-26T19:00,28.2,35,,,986.7,0.0
2024-03-26T20:00,27.3,37,,,987.2,0.0
2024-03-26T21:00,25.4,42,,,987.6,0.0
2024-03-26T22:00,24.4,49,,,987.7,0.0
2024-03-26T23:00,23.6,56,,,987.7,0.0
2024-03-27T00:00,23.4,52,,180.0,988.3,0.0
2024-03-27T01:00,22.1,55,,,987.4,0.0
2024-03-27T02:00,21.6,55,,,987.2,0.0
2024-03-27T03:00,21.6,55,,,986.9,0.0
2024-03-27T04:00,21.8,56,,,986.8,0.0
2024-03-27T05:00,21.7,56,,,987.3,0.0
2024-03-27T06:00,22.4,60,,,990.2,0.0
2024-03-27T07:00,23.4,58,,,990.2,0.0
2024-03-27T08:00,24.2,56,,180.0,990.9,0.0
2024-03-27T09:00,28.6,39,,,991.1,0.0
2024-03-27T10:00,31.6,29,,,991.1,0.0
2024-03-27T11:00,33.6,24,,,990.6,0.0
2024-03-27T12:00,35.3,22,,,989.6,0.0
2024-03-27T13:00,36.1,21,,,988.8,0.0
2024-03-27T14:00,36.4,21,,,987.5,0.0
2024-03-27T15:00,36.4,21,,,986.6,0.0
2024-03-27T16:00,35.4,23,,,986.3,0.0
2024-03-27T17:00,34.2,26,,,986.3,0.0
2024-03-27T18:00,32.5,28,,,986.4,0.0
2024-03-27T19:00,31.0,31,,,987.0,0.0
2024-03-27T20:00,30.2,38,,,988.1,0.0
2024-03-27T21:00,28.1,46,,,988.3,0.0
2024-03-27T22:00,26.7,49,,,988.3,0.0
2024-03-27T23:00,24.7,55,,,988.1,0.0
2024-03-28T00:00,27.1,44,,,987.6,0.0
2024-03-28T01:00,23.6,55,,,986.8,0.0
2024-03-28T02:00,23.2,57,,,985.9,0.0
2024-03-28T03:00,23.0,57,,,985.1,0.0
2024-03-28T04:00,22.2,60,,,984.5,0.0
2024-03-28T05:00,21.9,60,,,984.6,0.0
2024-03-28T06:00,22.4,58,,,986.5,0.0
2024-03-28T07:00,23.4,57,,,987.2,0.0
2024-03-28T08:00,25.6,52,,,988.0,0.0
2024-03-28T09:00,28.0,45,,,988.2,0.0
2024-03-28T10:00,30.6,38,,,988.1,0.0
2024-03-28T11:00,33.1,32,,,987.3,0.0
2024-03-28T12:00,35.2,28,,,986.3,0.0
2024-03-28T13:00,36.5,24,,,985.4,0.0
2024-03-28T14:00,37.0,22,,,984.3,0.0
2024-03-28T15:00,36.8,22,,,983.8,0.0
2024-03-28T16:00,35.7,25,,,983.8,0.0
2024-03-28T17:00,34.8,27,,,983.8,0.0
2024-03-28T18:00,33.3,27,,,984.0,0.0
2024-03-28T19:00,31.9,31,,,984.3,0.0
2024-03-28T20:00,30.5,32,,,984.9,0.0
2024-03-28T21:00,28.9,38,,,985.6,0.0
2024-03-28T22:00,27.2,43,,180.0,985.6,0.0
2024-03-28T23:00,25.3,49,,,985.0,0.0
2024-03-29T00:00,24.5,53,,180.0,984.6,0.0
2024-03-29T01:00,23.9,55,,,983.8,0.0
2024-03-29T02:00,23.4,57,,,983.1,0.0
2024-03-29T03:00,22.9,59,,,982.6,0.0
2024-03-29T04:00,23.6,56,,,982.6,0.0
2024-03-29T05:00,22.4,61,,,983.0,0.0
2024-03-29T06:00,20.9,71,,,984.9,0.0
2024-03-29T07:00,22.9,61,,,985.8,0.0
2024-03-29T08:00,25.5,52,,,986.8,0.0
2024-03-29T09:00,28.3,45,,,987.7,0.0
2024-03-29T10:00,30.8,38,,,987.7,0.0
2024-03-29T11:00,33.1,33,,,987.5,0.0
2024-03-29T12:00,34.7,30,,,986.4,0.0
2024-03-29T13:00,35.9,28,,,985.4,0.0
2024-03-29T14:00,36.5,26,,,984.3,0.0
2024-03-29T15:00,35.1,29,,,983.7,0.0
2024-03-29T16:00,34.6,29,,,983.7,0.0
2024-03-29T17:00,30.9,40,,,984.1,0.0
2024-03-29T18:00,30.3,40,,,983.7,0.0
2024-03-29T19:00,28.6,45,,,984.8,0.0
2024-03-29T20:00,27.5,47,,,984.5,0.0
2024-03-29T21:00,27.3,45,,,984.9,0.0
2024-03-29T22:00,26.8,47,,,984.8,0.0
2024-03-29T23:00,26.4,48,,,984.7,0.0
2024-03-30T00:00,26.3,48,,,984.4,0.0
2024-03-30T01:00,26.1,48,,,983.8,0.0
2024-03-30T02:00,26.1,47,,,983.1,0.0
2024-03-30T03:00,25.0,50,,,982.9,0.0
2024-03-30T04:00,24.3,53,,,983.0,0.0
2024-03-30T05:00,23.6,57,,,983.4,0.0
2024-03-30T06:00,23.6,57,,,984.7,0.0
2024-03-30T07:00,22.8,64,,,986.1,0.0
2024-03-30T08:00,25.6,55,,,987.4,0.0
2024-03-30T09:00,28.4,47,,,987.9,0.0
2024-03-30T10:00,30.5,40,,,988.0,0.0
2024-03-30T11:00,32.4,34,,,987.5,0.0
2024-03-30T12:00,33.6,30,,,987.0,0.0
2024-03-30T13:00,34.6,27,,,986.2,0.0
2024-03-30T14:00,35.2,25,,,985.2,0.0
2024-03-30T15:00,33.7,25,,,984.9,0.0
2024-03-30T16:00,33.1,25,,,984.4,0.0
2024-03-30T17:00,32.6,25,,,984.3,0.0
2024-03-30T18:00,31.9,21,,,983.8,0.0
2024-03-30T19:00,29.8,24,,,984.3,0.0
2024-03-30T20:00,28.1,29,,,985.0,0.0
2024-03-30T21:00,26.7,31,,,985.9,0.0
2024-03-30T22:00,25.4,34,,,986.3,0.0
2024-03-30T23:00,23.8,40,,,986.2,0.0
2024-03-31T00:00,23.6,41,,,986.0,0.0
2024-03-31T01:00,23.1,44,,,985.4,0.0
2024-03-31T02:00,25.0,39,,,985.2,0.0
2024-03-31T03:00,22.9,45,,,984.7,0.0
2024-03-31T04:00,24.0,42,,,984.9,0.0
2024-03-31T05:00,20.0,55,,,985.3,0.0
2024-03-31T06:00,21.9,64,,,986.5,0.0
2024-03-31T07:00,22.9,64,,,987.3,0.0
2024-03-31T08:00,25.4,56,,,988.4,0.0
2024-03-31T09:00,28.0,48,,,988.8,0.0
2024-03-31T10:00,30.2,42,,,988.7,0.0
2024-03-31T11:00,31.8,37,,,988.3,0.0
2024-03-31T12:00,33.4,28,,,987.7,0.0
2024-03-31T13:00,34.0,21,,,986.9,0.0
2024-03-31T14:00,34.4,19,,,985.9,0.0
2024-03-31T15:00,34.2,18,,,985.3,0.0
2024-03-31T16:00,33.2,19,,,985.0,0.0
2024-03-31T17:00,32.2,21,,,984.9,0.0
2024-03-31T18:00,29.7,18,,,985.5,0.0
2024-03-31T19:00,27.4,24,,,985.7,0.0
2024-03-31T20:00,26.4,26,,,985.9,0.0
2024-03-31T21:00,25.6,29,,,986.1,0.0
2024-03-31T22:00,24.9,33,,,986.2,0.0
2024-03-31T23:00,23.6,39,,,985.7,0.0
2024-04-01T00:00,22.6,43,,,985.1,0.0
2024-04-01T01:00,21.6,47,,,984.5,0.0
2024-04-01T02:00,20.8,50,,,984.3,0.0
2024-04-01T03:00,20.0,53,,,983.7,0.0
2024-04-01T04:00,19.2,56,,,983.7,0.0
2024-04-01T05:00,18.7,58,,,984.2,0.0
2024-04-01T06:00,19.2,71,,,985.1,0.0
2024-04-01T07:00,20.7,67,,,985.7,0.0
2024-04-01T08:00,22.8,59,,,986.3,0.0
2024-04-01T09:00,25.5,50,,,986.5,0.0
2024-04-01T10:00,27.5,40,,,986.3,0.0
2024-04-01T11:00,29.6,29,,,986.0,0.0
2024-04-01T12:00,30.8,23,,,985.0,0.0
2024-04-01T13:00,31.0,22,,,984.2,0.0
2024-04-01T14:00,31.2,20,,,983.5,0.0
2024-04-01T15:00,31.3,20,,,983.0,0.0
2024-04-01T16:00,30.7,20,,,982.5,0.0
2024-04-01T17:00,29.8,21,,,982.6,0.0
2024-04-01T18:00,27.6,21,,,983.5,0.0
2024-04-01T19:00,25.7,25,,,984.1,0.0
2024-04-01T20:00,24.0,29,,,984.5,0.0
2024-04-01T21:00,22.9,32,,,984.7,0.0
2024-04-01T22:00,22.3,31,,,984.4,0.0
2024-04-01T23:00,21.5,33,,,984.1,0.0
2024-04-02T00:00,20.6,37,,,983.7,0.0
2024-04-02T01:00,19.7,41,,,983.2,0.0
2024-04-02T02:00,18.5,45,,,982.6,0.0
2024-04-02T03:00,18.1,48,,,982.2,0.0
2024-04-02T04:00,17.7,51,,,982.0,0.0
2024-04-02T05:00,17.1,54,,,982.2,0.0
2024-04-02T06:00,18.5,60,,,983.2,0.0
2024-04-02T07:00,20.3,56,,,983.9,0.0
2024-04-02T08:00,23.2,48,,,984.6,0.0
2024-04-02T09:00,26.2,40,,,984.9,0.0
2024-04-02T10:00,28.8,31,,,984.9,0.0
2024-04-02T11:00,30.7,26,,,984.7,0.0
2024-04-02T12:00,31.9,22,,,984.1,0.0
2024-04-02T13:00,32.7,19,,,983.5,0.0
2024-04-02T14:00,32.9,18,,,982.6,0.0
2024-04-02T15:00,32.9,17,,,981.8,0.0
2024-04-02T16:00,32.3,17,,,981.6,0.0
2024-04-02T17:00,31.3,18,,,981.7,0.0
2024-04-02T18:00,29.3,16,,,982.1,0.0
2024-04-02T19:00,27.2,22,,,982.6,0.0
2024-04-02T20:00,26.2,23,,,983.2,0.0
2024-04-02T21:00,25.5,24,,,983.8,0.0
2024-04-02T22:00,24.3,28,,,984.0,0.0
2024-04-02T23:00,23.2,34,,,983.8,0.0
2024-04-03T00:00,23.2,32,,,983.5,0.0
2024-04-03T01:00,23.1,32,,,983.1,0.0
2024-04-03T02:00,23.5,31,,,983.1,0.0
2024-04-03T03:00,21.8,35,,,982.9,0.0
2024-04-03T04:00,23.0,32,,,983.2,0.0
2024-04-03T05:00,22.6,33,,,983.3,0.0
2024-04-03T06:00,21.9,39,,,984.3,0.0
2024-04-03T07:00,22.7,39,,,984.7,0.0
2024-04-03T08:00,25.9,34,,,985.6,0.0
2024-04-03T09:00,29.1,28,,,986.1,0.0
2024-04-03T10:00,32.3,19,,,986.4,0.0
2024-04-03T11:00,33.7,15,,,986.2,0.0
2024-04-03T12:00,34.4,14,,,985.5,0.0
2024-04-03T13:00,35.3,13,,,984.5,0.0
2024-04-03T14:00,35.9,12,,,983.4,0.0
2024-04-03T15:00,35.9,12,,,982.5,0.0
2024-04-03T16:00,35.6,13,,,982.0,0.0
2024-04-03T17:00,33.8,14,,,982.3,0.0
2024-04-03T18:00,30.6,16,,,982.6,0.0
2024-04-03T19:00,28.9,18,,,982.9,0.0
2024-04-03T20:00,28.4,20,,,983.7,0.0
2024-04-03T21:00,27.4,24,,,984.4,0.0
2024-04-03T22:00,26.8,26,,,984.6,0.0
2024-04-03T23:00,24.9,32,,,984.5,0.0
2024-04-04T00:00,23.3,37,,,984.5,0.0
2024-04-04T01:00,22.6,38,,,983.9,0.0
2024-04-04T02:00,22.7,38,,,983.5,0.0
2024-04-04T03:00,20.5,45,,,983.0,0.0
2024-04-04T04:00,20.9,43,,,982.5,0.0
2024-04-04T05:00,22.1,40,,,982.8,0.0
2024-04-04T06:00,24.0,45,,,984.0,0.0
2024-04-04T07:00,26.2,38,,,984.6,0.0
2024-04-04T08:00,29.2,32,,,985.3,0.0
2024-04-04T09:00,31.9,25,,,985.8,0.0
2024-04-04T10:00,34.1,18,,,985.9,0.0
2024-04-04T11:00,35.2,16,,,985.6,0.0
2024-04-04T12:00,36.0,14,,,985.1,0.0
2024-04-04T13:00,36.4,13,,,984.3,0.0
2024-04-04T14:00,36.4,13,,,983.5,0.0
2024-04-04T15:00,36.1,13,,,982.8,0.0
2024-04-04T16:00,35.8,14,,,982.4,0.0
2024-04-04T17:00,35.2,13,,,982.2,0.0
2024-04-04T18:00,32.5,14,,,982.9,0.0
2024-04-04T19:00,30.5,16,,,983.0,0.0
2024-04-04T20:00,28.8,19,,,983.9,0.0
2024-04-04T21:00,27.3,23,,,984.5,0.0
2024-04-04T22:00,27.0,24,,,984.6,0.0
2024-04-04T23:00,25.7,27,,,984.1,0.0
2024-04-05T00:00,24.1,29,,,983.5,0.0
2024-04-05T01:00,23.0,32,,,983.2,0.0
2024-04-05T02:00,24.3,29,,,983.1,0.0
2024-04-05T03:00,22.4,33,,,982.6,0.0
2024-04-05T04:00,21.8,35,,,982.6,0.0
2024-04-05T05:00,21.2,37,,,982.8,0.0
2024-04-05T06:00,23.7,34,,,983.7,0.0
2024-04-05T07:00,25.1,32,,,984.4,0.0
2024-04-05T08:00,27.0,30,,,985.5,0.0
2024-04-05T09:00,30.3,26,,,986.0,0.0
2024-04-05T10:00,33.6,17,,,985.7,0.0
2024-04-05T11:00,34.5,15,,,985.5,0.0
2024-04-05T12:00,35.5,14,,,984.5,0.0
2024-04-05T13:00,35.6,14,,,983.6,0.0
2024-04-05T14:00,34.4,15,,,982.6,0.0
2024-04-05T15:00,34.4,15,,,982.3,0.0
2024-04-05T16:00,32.3,18,,,982.7,0.0
2024-04-05T17:00,31.6,19,,,982.5,0.0
2024-04-05T18:00,30.5,21,,,982.9,0.0
2024-04-05T19:00,29.0,22,,,982.9,0.0
2024-04-05T20:00,27.2,26,,,983.5,0.0
2024-04-05T21:00,27.0,23,,,984.6,0.0
2024-04-05T22:00,25.6,24,,,984.7,0.0
2024-04-05T23:00,24.4,25,,180.0,984.2,0.0
2024-04-06T00:00,23.5,25,,,983.8,0.0
2024-04-06T01:00,22.6,26,,,983.2,0.0
2024-04-06T02:00,21.9,28,,,982.8,0.0
2024-04-06T03:00,21.3,29,,,982.5,0.0
2024-04-06T04:00,20.7,31,,,982.4,0.0
2024-04-06T05:00,19.6,33,,,982.6,0.0
2024-04-06T06:00,19.9,36,,,984.0,0.0
2024-04-06T07:00,22.3,32,,,984.8,0.0
2024-04-06T08:00,25.8,26,,,985.7,0.0
2024-04-06T09:00,28.7,21,,,986.3,0.0
2024-04-06T10:00,31.1,18,,,986.3,0.0
2024-04-06T11:00,33.2,13,,,985.8,0.0
2024-04-06T12:00,34.4,11,,,985.1,0.0
2024-04-06T13:00,34.7,12,,,983.9,0.0
2024-04-06T14:00,35.0,12,,,982.9,0.0
2024-04-06T15:00,34.6,12,,,982.1,0.0
2024-04-06T16:00,33.9,11,,,981.7,0.0
2024-04-06T17:00,32.8,12,,,981.6,0.0
2024-04-06T18:00,30.8,16,,,981.9,0.0
2024-04-06T19:00,27.9,21,,,982.5,0.0
2024-04-06T20:00,26.8,21,,,983.2,0.0
2024-04-06T21:00,25.4,21,,,983.9,0.0
2024-04-06T22:00,24.5,21,,,983.9,0.0
2024-04-06T23:00,24.0,21,,,983.6,0.0
2024-04-07T00:00,22.3,24,,,983.1,0.0
2024-04-07T01:00,21.2,26,,,982.7,0.0
2024-04-07T02:00,20.4,27,,,982.5,0.0
2024-04-07T03:00,19.8,30,,,982.2,0.0
2024-04-07T04:00,18.5,34,,,982.3,0.0
2024-04-07T05:00,17.5,39,,,982.7,0.0
2024-04-07T06:00,19.6,35,,,983.9,0.0
2024-04-07T07:00,22.4,31,,,984.9,0.0
2024-04-07T08:00,26.0,25,,,986.0,0.0
2024-04-07T09:00,29.4,20,,,986.2,0.0
2024-04-07T10:00,32.0,15,,,986.0,0.0
2024-04-07T11:00,33.8,11,,,985.6,0.0
2024-04-07T12:00,34.5,11,,,984.7,0.0
2024-04-07T13:00,35.3,9,,,983.7,0.0
2024-04-07T14:00,35.4,9,,,982.7,0.0
2024-04-07T15:00,35.2,9,,,981.9,0.0
2024-04-07T16:00,34.4,9,,,981.8,0.0
2024-04-07T17:00,33.4,10,,,982.0,0.0
2024-04-07T18:00,29.5,14,,,981.9,0.0
2024-04-07T19:00,26.8,18,,,982.4,0.0
2024-04-07T20:00,25.4,23,,,982.8,0.0
2024-04-07T21:00,25.6,21,,,983.9,0.0
2024-04-07T22:00,24.4,20,,,984.3,0.0
2024-04-07T23:00,22.7,24,,,983.8,0.0
2024-04-08T00:00,21.4,27,,,983.4,0.0
2024-04-08T01:00,20.7,29,,,983.0,0.0
2024-04-08T02:00,20.4,29,,,982.4,0.0
2024-04-08T03:00,20.2,30,,,982.4,0.0
2024-04-08T04:00,19.7,31,,,982.7,0.0
2024-04-08T05:00,19.0,33,,,983.0,0.0
2024-04-08T06:00,19.9,36,,,984.0,0.0
2024-04-08T07:00,22.8,31,,,985.1,0.0
2024-04-08T08:00,27.1,25,,,986.2,0.0
2024-04-08T09:00,31.0,19,,,986.8,0.0
2024-04-08T10:00,33.7,14,,,987.1,0.0
2024-04-08T11:00,35.2,12,,,986.9,0.0
2024-04-08T12:00,36.1,10,,,986.2,0.0
2024-04-08T13:00,36.6,10,,,985.6,0.0
2024-04-08T14:00,36.8,10,,,984.8,0.0
2024-04-08T15:00,36.2,10,,,984.0,0.0
2024-04-08T16:00,35.7,10,,,983.8,0.0
2024-04-08T17:00,34.9,11,,,983.5,0.0
2024-04-08T18:00,31.7,10,,,983.4,0.0
2024-04-08T19:00,30.0,12,,,983.9,0.0
2024-04-08T20:00,28.4,13,,,984.9,0.0
2024-04-08T21:00,26.5,16,,,985.5,0.0
2024-04-08T22:00,24.7,21,,,985.4,0.0
2024-04-08T23:00,23.4,25,,,985.2,0.0
2024-04-09T00:00,25.1,21,,,985.0,0.0
2024-04-09T01:00,22.0,26,,,984.4,0.0
2024-04-09T02:00,21.6,25,,,984.1,0.0
2024-04-09T03:00,20.2,28,,,984.1,0.0
2024-04-09T04:00,21.4,26,,,984.0,0.0
2024-04-09T05:00,19.9,29,,,984.5,0.0
2024-04-09T06:00,20.2,39,,,985.1,0.0
2024-04-09T07:00,23.7,30,,,986.6,0.0
2024-04-09T08:00,27.6,24,,,987.3,0.0
2024-04-09T09:00,30.9,19,,,987.6,0.0
2024-04-09T10:00,33.2,15,,,987.6,0.0
2024-04-09T11:00,35.2,13,,,987.4,0.0
2024-04-09T12:00,36.6,11,,,986.7,0.0
2024-04-09T13:00,37.5,9,,,985.8,0.0
2024-04-09T14:00,37.8,8,,,984.8,0.0
2024-04-09T15:00,37.3,8,,,983.8,0.0
2024-04-09T16:00,37.1,7,,,983.2,0.0
2024-04-09T17:00,36.1,7,,,982.9,0.0
2024-04-09T18:00,33.4,8,,,983.7,0.0
2024-04-09T19:00,30.9,12,,,984.3,0.0
2024-04-09T20:00,28.9,13,,,984.9,0.0
2024-04-09T21:00,27.5,16,,,985.6,0.0
2024-04-09T22:00,26.3,19,,,985.8,0.0
2024-04-09T23:00,25.1,20,,,985.6,0.0
2024-04-10T00:00,24.1,20,,,985.1,0.0
2024-04-10T01:00,22.2,23,,,984.8,0.0
2024-04-10T02:00,21.3,25,,,984.5,0.0
2024-04-10T03:00,21.6,24,,,984.3,0.0
2024-04-10T04:00,19.9,28,,,984.5,0.0
2024-04-10T05:00,19.8,28,,,984.7,0.0
2024-04-10T06:00,21.4,45,,,985.7,0.0
2024-04-10T07:00,24.6,36,,,986.9,0.0
2024-04-10T08:00,28.3,31,,,987.6,0.0
2024-04-10T09:00,31.9,26,,,987.9,0.0
2024-04-10T10:00,34.5,22,,,987.6,0.0
2024-04-10T11:00,36.1,18,,,987.2,0.0
2024-04-10T12:00,37.4,13,,,986.3,0.0
2024-04-10T13:00,38.6,11,,,985.4,0.0
2024-04-10T14:00,37.4,11,,,984.6,0.0
2024-04-10T15:00,37.2,10,,,983.8,0.0
2024-04-10T16:00,37.2,10,,,983.0,0.0
2024-04-10T17:00,36.3,11,,,982.9,0.0
2024-04-10T18:00,32.1,12,,,983.4,0.0
2024-04-10T19:00,29.1,14,,,983.9,0.0
2024-04-10T20:00,29.2,15,,,984.8,0.0
2024-04-10T21:00,25.8,22,,,985.5,0.0
2024-04-10T22:00,24.3,24,,,985.8,0.0
2024-04-10T23:00,24.0,25,,,985.5,0.0
2024-04-11T00:00,23.3,27,,,985.4,0.0
2024-04-11T01:00,24.2,25,,,985.2,0.0
2024-04-11T02:00,24.5,25,,,984.7,0.0
2024-04-11T03:00,23.5,28,,,984.2,0.0
2024-04-11T04:00,22.7,30,,,984.4,0.0
2024-04-11T05:00,22.2,31,4.5,284.0,985.0,0.0
2024-04-11T06:00,22.6,36,4.5,299.0,986.7,0.0
2024-04-11T07:00,24.9,33,3.7,281.0,987.5,0.0
2024-04-11T08:00,28.6,26,1.8,307.0,988.2,0.0
2024-04-11T09:00,31.8,21,4.9,17.0,988.9,0.0
2024-04-11T10:00,34.2,17,7.6,25.0,989.0,0.0
2024-04-11T11:00,35.9,12,8.4,31.0,988.6,0.0
2024-04-11T12:00,36.8,12,8.9,40.0,988.0,0.0
2024-04-11T13:00,37.7,11,8.9,47.0,987.0,0.0
2024-04-11T14:00,38.0,10,7.3,33.0,985.8,0.0
2024-04-11T15:00,38.0,10,13.3,92.0,984.9,0.0
2024-04-11T16:00,37.7,10,9.4,72.0,984.3,0.0
2024-04-11T17:00,36.9,11,5.4,53.0,984.2,0.0
2024-04-11T18:00,32.8,16,8.9,69.0,985.0,0.0
2024-04-11T19:00,31.4,20,10.5,82.0,985.6,0.0
2024-04-11T20:00,31.3,21,8.7,48.0,986.3,0.0
2024-04-11T21:00,27.5,25,7.4,29.0,986.9,0.0
2024-04-11T22:00,27.2,25,9.4,40.0,986.5,0.0
2024-04-11T23:00,25.9,28,8.6,88.0,986.2,0.0
2024-04-12T00:00,24.6,30,8.7,135.0,985.8,0.0
2024-04-12T01:00,26.2,27,9.7,132.0,985.6,0.0
2024-04-12T02:00,23.5,32,8.3,90.0,985.1,0.0
2024-04-12T03:00,22.9,33,6.9,6.0,984.8,0.0
2024-04-12T04:00,24.0,31,7.2,3.0,984.8,0.0
2024-04-12T05:00,21.8,36,8.6,33.0,985.0,0.0
2024-04-12T06:00,22.9,36,8.0,63.0,986.3,0.0
2024-04-12T07:00,25.6,31,9.0,90.0,987.0,0.0
2024-04-12T08:00,29.3,25,7.2,127.0,987.9,0.0
2024-04-12T09:00,32.7,21,7.7,139.0,988.1,0.0
2024-04-12T10:00,35.5,16,7.6,135.0,988.1,0.0
2024-04-12T11:00,37.1,12,8.1,122.0,987.4,0.0
2024-04-12T12:00,37.8,11,7.4,113.0,986.8,0.0
2024-04-12T13:00,38.5,11,6.3,114.0,985.6,0.0
2024-04-12T14:00,38.8,11,4.6,108.0,984.5,0.0
2024-04-12T15:00,38.7,11,7.9,87.0,983.4,0.0
2024-04-12T16:00,38.1,11,10.5,82.0,982.8,0.0
2024-04-12T17:00,37.0,12,11.6,83.0,982.7,0.0
2024-04-12T18:00,33.8,14,10.9,81.0,983.5,0.0
2024-04-12T19:00,30.6,16,10.9,81.0,984.1,0.0
2024-04-12T20:00,29.7,17,10.0,77.0,984.9,0.0
2024-04-12T21:00,28.6,18,8.5,78.0,985.7,0.0
2024-04-12T22:00,27.6,20,8.6,92.0,985.2,0.0
2024-04-12T23:00,27.5,20,10.0,128.0,984.8,0.0
2024-04-13T00:00,27.1,21,8.8,168.0,984.8,0.0
2024-04-13T01:00,27.3,20,8.3,175.0,984.4,0.0
2024-04-13T02:00,26.9,20,8.8,171.0,984.2,0.0
2024-04-13T03:00,26.2,25,11.5,166.0,984.2,0.0
2024-04-13T04:00,25.6,29,10.7,168.0,984.4,0.0
2024-04-13T05:00,25.3,31,9.1,173.0,984.6,0.0
2024-04-13T06:00,25.4,38,7.6,172.0,985.5,0.0
2024-04-13T07:00,27.1,37,7.3,189.0,986.3,0.0
2024-04-13T08:00,29.9,34,5.3,208.0,987.2,0.0
2024-04-13T09:00,32.9,29,2.7,203.0,987.4,0.0
2024-04-13T10:00,35.8,22,1.8,101.0,986.9,0.0
2024-04-13T11:00,38.0,13,4.3,95.0,986.1,0.0
2024-04-13T12:00,38.4,12,6.6,112.0,985.0,0.0
2024-04-13T13:00,38.4,12,10.0,131.0,984.1,0.0
2024-04-13T14:00,38.5,11,13.8,139.0,983.1,0.0
2024-04-13T15:00,38.3,11,10.2,162.0,982.1,0.0
2024-04-13T16:00,37.8,12,8.1,212.0,981.8,0.0
2024-04-13T17:00,36.9,13,9.2,301.0,981.8,0.0
2024-04-13T18:00,28.2,43,9.9,350.0,985.4,0.6
2024-04-13T19:00,26.9,50,9.3,13.0,985.0,0.6
2024-04-13T20:00,26.5,50,6.8,25.0,985.2,0.0
2024-04-13T21:00,27.5,43,5.6,50.0,985.4,0.0
2024-04-13T22:00,27.8,37,5.6,45.0,985.5,0.0
2024-04-13T23:00,28.1,34,8.0,18.0,985.5,0.0
2024-04-14T00:00,27.8,33,11.6,7.0,986.0,0.0
2024-04-14T01:00,24.8,44,10.9,8.0,985.9,0.0
2024-04-14T02:00,23.8,46,9.7,4.0,985.7,0.0
2024-04-14T03:00,22.8,53,9.3,13.0,985.8,0.0
2024-04-14T04:00,23.1,54,9.8,28.0,985.9,0.0
2024-04-14T05:00,22.8,57,4.8,27.0,986.2,0.0
2024-04-14T06:00,24.9,62,9.7,270.0,987.2,0.3
2024-04-14T07:00,24.6,59,12.0,279.0,988.6,0.1
2024-04-14T08:00,25.8,52,11.3,297.0,989.3,0.0
2024-04-14T09:00,26.5,50,9.3,344.0,990.2,0.0
2024-04-14T10:00,27.7,45,12.3,15.0,990.1,0.0
2024-04-14T11:00,29.9,37,18.1,35.0,989.3,0.0
2024-04-14T12:00,31.2,36,19.3,45.0,989.3,0.0
2024-04-14T13:00,31.2,35,19.8,57.0,987.6,0.0
2024-04-14T14:00,33.0,31,18.5,61.0,986.5,0.1
2024-04-14T15:00,33.7,28,16.3,65.0,985.6,0.0
2024-04-14T16:00,33.8,27,8.6,68.0,985.0,0.0
2024-04-14T17:00,33.2,27,16.6,56.0,985.0,0.0
2024-04-14T18:00,28.7,41,14.7,59.0,986.0,0.0
2024-04-14T19:00,27.8,47,8.5,28.0,987.5,0.0
2024-04-14T20:00,27.1,50,6.5,19.0,987.6,0.0
2024-04-14T21:00,26.2,53,7.0,12.0,987.4,0.0
2024-04-14T22:00,25.6,55,7.6,8.0,987.6,0.0
2024-04-14T23:00,25.1,56,7.9,24.0,987.4,0.0
2024-04-15T00:00,24.7,57,7.8,34.0,986.8,0.0
2024-04-15T01:00,24.2,58,6.8,32.0,986.5,0.0
2024-04-15T02:00,23.4,61,6.0,33.0,985.9,0.0
2024-04-15T03:00,22.8,63,5.2,348.0,985.8,0.0
2024-04-15T04:00,22.3,65,5.8,338.0,985.7,0.0
2024-04-15T05:00,23.0,61,7.6,265.0,985.9,0.0
2024-04-15T06:00,22.6,76,7.9,231.0,988.1,1.0
2024-04-15T07:00,24.4,75,3.6,143.0,987.5,0.3
2024-04-15T08:00,26.4,67,3.7,169.0,988.3,0.0
2024-04-15T09:00,30.1,45,4.3,175.0,989.3,0.0
2024-04-15T10:00,31.7,39,5.2,214.0,989.4,0.0
2024-04-15T11:00,34.1,32,7.9,246.0,988.8,0.0
2024-04-15T12:00,35.5,28,10.1,264.0,987.8,0.0
2024-04-15T13:00,35.6,25,11.2,274.0,986.6,0.0
2024-04-15T14:00,36.3,23,12.6,283.0,985.3,0.0
2024-04-15T15:00,36.3,23,10.9,297.0,984.2,0.0
2024-04-15T16:00,36.2,22,10.8,285.0,983.8,0.0
2024-04-15T17:00,34.6,24,9.7,301.0,984.2,0.0
2024-04-15T18:00,30.6,42,6.6,331.0,985.3,0.0
2024-04-15T19:00,29.1,46,7.4,337.0,985.7,0.0
2024-04-15T20:00,27.6,51,7.3,340.0,986.4,0.0
2024-04-15T21:00,26.4,55,8.6,358.0,986.6,0.0
2024-04-15T22:00,27.8,50,8.9,27.0,986.7,0.0
2024-04-15T23:00,25.9,56,7.6,59.0,986.4,0.0
2024-04-16T00:00,25.7,56,0.5,225.0,986.2,0.0
2024-04-16T01:00,25.2,57,4.6,252.0,985.9,0.0
2024-04-16T02:00,25.0,58,7.9,267.0,986.0,0.0
2024-04-16T03:00,24.8,60,8.7,265.0,985.6,0.0
2024-04-16T04:00,24.2,62,9.7,274.0,985.4,0.0
2024-04-16T05:00,23.5,63,10.8,285.0,985.6,0.0
2024-04-16T06:00,25.2,50,12.3,291.0,986.0,0.0
2024-04-16T07:00,26.9,44,13.4,294.0,987.0,0.0
2024-04-16T08:00,30.1,38,12.7,299.0,987.3,0.0
2024-04-16T09:00,32.1,32,14.1,302.0,987.5,0.0
2024-04-16T10:00,33.0,28,16.6,312.0,987.1,0.0
2024-04-16T11:00,34.1,26,16.6,309.0,987.1,0.0
2024-04-16T12:00,35.0,23,17.1,300.0,986.5,0.0
2024-04-16T13:00,35.6,22,18.5,299.0,985.3,0.0
2024-04-16T14:00,35.7,21,19.0,299.0,984.4,0.0
2024-04-16T15:00,35.6,20,18.9,301.0,983.6,0.0
2024-04-16T16:00,35.1,20,19.0,303.0,983.1,0.0
2024-04-16T17:00,34.2,20,16.5,306.0,983.1,0.0
2024-04-16T18:00,32.9,22,12.3,308.0,984.0,0.0
2024-04-16T19:00,30.9,25,11.5,309.0,984.3,0.0
2024-04-16T20:00,29.6,26,11.5,311.0,985.0,0.0
2024-04-16T21:00,28.8,27,12.7,315.0,985.4,0.0
2024-04-16T22:00,27.3,30,14.8,317.0,985.6,0.0
2024-04-16T23:00,26.3,32,15.1,320.0,985.2,0.0
2024-04-17T00:00,25.5,34,15.0,318.0,984.8,0.0
2024-04-17T01:00,25.0,37,14.3,319.0,984.6,0.0
2024-04-17T02:00,24.4,40,13.8,317.0,983.9,0.0
2024-04-17T03:00,23.6,44,14.5,316.0,983.6,0.0
2024-04-17T04:00,22.9,47,13.7,315.0,983.5,0.0
2024-04-17T05:00,22.2,50,13.5,316.0,983.4,0.0
2024-04-17T06:00,23.0,48,13.2,313.0,984.0,0.0
2024-04-17T07:00,24.8,44,13.8,311.0,985.2,0.0
2024-04-17T08:00,27.1,39,15.1,310.0,985.7,0.0
2024-04-17T09:00,29.7,31,18.2,309.0,986.0,0.0
2024-04-17T10:00,31.7,23,18.7,304.0,985.9,0.0
2024-04-17T11:00,33.2,19,18.7,300.0,985.4,0.0
2024-04-17T12:00,34.4,17,20.6,297.0,984.6,0.0
2024-04-17T13:00,35.1,15,21.7,297.0,983.9,0.0
2024-04-17T14:00,35.3,15,22.7,295.0,983.3,0.0
2024-04-17T15:00,35.1,15,24.1,297.0,982.9,0.0
2024-04-17T16:00,34.7,14,23.8,297.0,982.7,0.0
2024-04-17T17:00,33.8,14,21.1,297.0,982.9,0.0
2024-04-17T18:00,32.5,13,16.7,303.0,983.6,0.0
2024-04-17T19:00,31.2,14,14.3,311.0,984.0,0.0
2024-04-17T20:00,31.1,14,12.5,311.0,984.1,0.0
2024-04-17T21:00,29.9,16,10.4,314.0,984.5,0.0
2024-04-17T22:00,28.8,18,11.0,308.0,984.3,0.0
2024-04-17T23:00,28.0,20,11.4,298.0,984.3,0.0
2024-04-18T00:00,27.0,23,12.2,294.0,984.1,0.0
2024-04-18T01:00,25.8,25,12.6,301.0,983.5,0.0
2024-04-18T02:00,25.3,27,12.1,307.0,982.8,0.0
2024-04-18T03:00,24.8,29,10.9,314.0,982.5,0.0
2024-04-18T04:00,24.3,30,9.4,313.0,982.4,0.0
2024-04-18T05:00,23.7,32,8.2,308.0,982.6,0.0
2024-04-18T06:00,24.4,34,8.9,302.0,983.4,0.0
2024-04-18T07:00,26.6,30,10.2,302.0,984.3,0.0
2024-04-18T08:00,29.5,26,10.7,310.0,984.7,0.0
2024-04-18T09:00,31.9,22,11.5,316.0,985.0,0.0
2024-04-18T10:00,34.1,19,12.2,315.0,984.8,0.0
2024-04-18T11:00,35.7,18,14.0,312.0,984.4,0.0
2024-04-18T12:00,36.8,18,14.6,303.0,983.6,0.0
2024-04-18T13:00,37.5,17,14.2,297.0,982.6,0.0
2024-04-18T14:00,37.8,17,14.0,296.0,981.7,0.0
2024-04-18T15:00,37.6,17,12.2,294.0,981.1,0.0
2024-04-18T16:00,36.9,18,11.7,288.0,980.8,0.0
2024-04-18T17:00,36.2,18,8.7,300.0,980.4,0.0
2024-04-18T18:00,35.0,19,7.8,338.0,980.3,0.0
2024-04-18T19:00,33.1,22,9.8,354.0,980.6,0.0
2024-04-18T20:00,31.1,25,6.9,317.0,981.5,0.0
2024-04-18T21:00,29.8,29,8.6,270.0,982.4,0.0
2024-04-18T22:00,29.0,30,15.8,271.0,982.6,0.0
2024-04-18T23:00,28.6,31,21.6,266.0,982.7,0.0
2024-04-19T00:00,29.4,33,10.3,258.0,982.5,0.0
2024-04-19T01:00,27.9,38,8.1,257.0,981.9,0.0
2024-04-19T02:00,26.7,42,8.4,280.0,981.4,0.0
2024-04-19T03:00,25.9,44,10.7,290.0,981.1,0.0
2024-04-19T04:00,25.5,45,12.2,294.0,980.9,0.0
2024-04-19T05:00,24.6,47,11.8,297.0,981.4,0.0
2024-04-19T06:00,26.7,40,11.6,292.0,981.3,0.0
2024-04-19T07:00,28.6,36,12.3,285.0,982.0,0.0
2024-04-19T08:00,31.1,31,14.1,289.0,982.7,0.0
2024-04-19T09:00,33.4,29,14.2,297.0,982.9,0.0
2024-04-19T10:00,35.1,26,13.5,304.0,983.0,0.0
2024-04-19T11:00,36.2,24,14.7,301.0,982.2,0.0
2024-04-19T12:00,36.8,22,14.2,297.0,981.4,0.0
2024-04-19T13:00,37.2,20,11.7,288.0,980.5,0.0
2024-04-19T14:00,37.7,21,11.2,276.0,979.5,0.0
2024-04-19T15:00,38.3,18,9.8,242.0,978.3,0.0
2024-04-19T16:00,38.0,17,12.8,220.0,977.7,0.0
2024-04-19T17:00,37.8,15,8.5,234.0,977.4,0.0
2024-04-19T18:00,33.9,20,9.2,301.0,976.9,0.0
2024-04-19T19:00,32.6,22,7.7,323.0,977.9,0.0
2024-04-19T20:00,29.8,27,8.8,348.0,979.0,0.0
2024-04-19T21:00,31.3,25,7.6,352.0,979.8,0.0
2024-04-19T22:00,28.2,30,7.0,291.0,979.7,0.0
2024-04-19T23:00,27.5,34,9.1,279.0,980.1,0.0
2024-04-20T00:00,27.3,33,10.3,295.0,980.0,0.0
2024-04-20T01:00,25.9,32,10.7,312.0,979.4,0.0
2024-04-20T02:00,25.0,32,9.5,323.0,978.9,0.0
2024-04-20T03:00,23.7,33,7.2,342.0,978.6,0.0
2024-04-20T04:00,23.0,34,7.9,321.0,978.8,0.0
2024-04-20T05:00,22.3,34,6.5,289.0,979.2,0.0
2024-04-20T06:00,24.0,50,8.4,277.0,979.9,0.0
2024-04-20T07:00,25.8,47,9.4,272.0,980.9,0.0
2024-04-20T08:00,28.0,41,10.5,276.0,981.9,0.0
2024-04-20T09:00,30.5,34,12.8,286.0,982.4,0.0
2024-04-20T10:00,32.8,25,14.8,293.0,982.5,0.0
2024-04-20T11:00,35.0,21,13.6,292.0,981.8,0.0
2024-04-20T12:00,36.0,19,13.4,294.0,980.7,0.0
2024-04-20T13:00,36.7,19,13.5,295.0,979.8,0.0
2024-04-20T14:00,36.1,19,14.8,293.0,979.2,0.0
2024-04-20T15:00,35.9,19,14.0,288.0,978.7,0.0
2024-04-20T16:00,35.2,19,14.3,288.0,978.6,0.0
2024-04-20T17:00,34.5,19,12.2,289.0,978.5,0.0
2024-04-20T18:00,34.0,20,10.7,290.0,978.9,0.0
2024-04-20T19:00,31.9,23,10.5,292.0,979.6,0.0
2024-04-20T20:00,31.0,24,11.2,303.0,980.1,0.0
2024-04-20T21:00,30.3,23,14.6,322.0,980.7,0.0
2024-04-20T22:00,28.8,25,15.9,335.0,981.0,0.0
2024-04-20T23:00,27.7,27,13.4,336.0,981.0,0.0
2024-04-21T00:00,26.9,29,12.6,333.0,980.9,0.0
2024-04-21T01:00,26.3,31,11.7,326.0,980.5,0.0
2024-04-21T02:00,25.7,33,11.8,322.0,980.3,0.0
2024-04-21T03:00,24.8,35,10.4,326.0,980.3,0.0
2024-04-21T04:00,24.1,37,10.0,322.0,980.5,0.0
2024-04-21T05:00,23.6,38,11.2,320.0,980.9,0.0
2024-04-21T06:00,24.8,42,12.8,320.0,981.8,0.0
2024-04-21T07:00,26.7,39,13.3,322.0,982.9,0.0
2024-04-21T08:00,29.0,35,13.7,325.0,983.6,0.0
2024-04-21T09:00,31.5,31,13.3,327.0,984.1,0.0
2024-04-21T10:00,33.7,23,12.9,324.0,984.0,0.0
2024-04-21T11:00,35.0,18,15.8,319.0,983.7,0.0
2024-04-21T12:00,36.0,17,15.8,313.0,982.6,0.0
2024-04-21T13:00,36.6,16,15.5,301.0,981.5,0.0
2024-04-21T14:00,35.7,17,15.8,291.0,980.9,0.0
2024-04-21T15:00,35.7,17,14.2,286.0,980.3,0.0
2024-04-21T16:00,35.4,17,15.7,286.0,980.1,0.0
2024-04-21T17:00,34.8,18,15.7,286.0,980.0,0.0
2024-04-21T18:00,33.4,20,10.2,280.0,980.2,0.0
2024-04-21T19:00,31.4,22,11.2,276.0,980.2,0.0
2024-04-21T20:00,30.3,24,11.1,283.0,980.6,0.0
2024-04-21T21:00,28.1,28,8.9,302.0,981.3,0.0
2024-04-21T22:00,26.9,31,8.4,335.0,981.9,0.0
2024-04-21T23:00,27.7,29,9.8,352.0,982.3,0.0
2024-04-22T00:00,27.2,28,9.7,356.0,981.9,0.0
2024-04-22T01:00,27.0,30,9.0,358.0,981.2,0.0
2024-04-22T02:00,26.4,34,8.3,2.0,981.0,0.0
2024-04-22T03:00,26.7,33,11.4,342.0,980.8,0.0
2024-04-22T04:00,26.2,34,12.6,336.0,981.1,0.0
2024-04-22T05:00,24.5,37,11.6,334.0,981.4,0.0
2024-04-22T06:00,24.8,46,11.3,333.0,983.4,0.0
2024-04-22T07:00,26.6,42,9.3,332.0,984.1,0.0
2024-04-22T08:00,30.7,31,6.9,332.0,984.3,0.0
2024-04-22T09:00,33.6,23,9.9,327.0,984.5,0.0
2024-04-22T10:00,35.1,19,10.9,314.0,984.1,0.0
2024-04-22T11:00,36.0,17,12.1,297.0,983.9,0.0
2024-04-22T12:00,36.7,17,13.9,287.0,983.6,0.0
2024-04-22T13:00,37.0,17,14.9,278.0,982.6,0.0
2024-04-22T14:00,36.9,15,15.9,274.0,981.8,0.0
2024-04-22T15:00,36.9,15,11.0,308.0,980.8,0.0
2024-04-22T16:00,36.3,15,11.3,292.0,980.4,0.0
2024-04-22T17:00,35.3,16,15.3,285.0,980.3,0.0
2024-04-22T18:00,34.0,14,11.3,287.0,980.2,0.0
2024-04-22T19:00,31.9,16,10.1,274.0,980.7,0.0
2024-04-22T20:00,30.9,19,10.1,272.0,981.3,0.0
2024-04-22T21:00,30.5,20,10.0,285.0,982.3,0.0
2024-04-22T22:00,28.5,24,9.7,301.0,982.6,0.0
2024-04-22T23:00,27.2,27,8.4,317.0,982.5,0.0
2024-04-23T00:00,25.2,32,7.5,325.0,981.9,0.0
2024-04-23T01:00,25.3,32,7.0,325.0,981.4,0.0
2024-04-23T02:00,26.3,29,6.7,324.0,980.8,0.0
2024-04-23T03:00,23.4,36,5.8,240.0,980.6,0.0
2024-04-23T04:00,23.1,39,6.6,241.0,980.6,0.0
2024-04-23T05:00,22.6,40,7.9,254.0,980.8,0.0
2024-04-23T06:00,24.2,36,10.1,272.0,981.8,0.0
2024-04-23T07:00,26.4,32,10.2,280.0,982.2,0.0
2024-04-23T08:00,30.0,26,12.4,287.0,983.0,0.0
2024-04-23T09:00,33.0,22,14.3,295.0,983.6,0.0
2024-04-23T10:00,35.4,17,14.0,305.0,983.5,0.0
2024-04-23T11:00,36.6,14,10.7,310.0,983.2,0.0
2024-04-23T12:00,37.6,13,7.6,329.0,982.6,0.0
2024-04-23T13:00,38.0,11,8.6,327.0,981.8,0.0
2024-04-23T14:00,37.9,11,10.0,322.0,980.7,0.0
2024-04-23T15:00,37.1,12,9.4,247.0,980.1,0.0
2024-04-23T16:00,36.1,13,9.8,352.0,980.1,0.0
2024-04-23T17:00,35.4,14,22.0,32.0,980.2,0.0
2024-04-23T18:00,31.6,24,16.9,38.0,981.3,0.0
2024-04-23T19:00,29.7,27,7.4,43.0,981.5,0.0
2024-04-23T20:00,27.7,32,7.6,59.0,981.6,0.0
2024-04-23T21:00,27.0,34,7.9,39.0,982.1,0.0
2024-04-23T22:00,26.0,35,7.8,13.0,982.1,0.0
2024-04-23T23:00,24.8,38,7.0,348.0,981.8,0.0
2024-04-24T00:00,23.5,43,7.4,331.0,981.2,0.0
2024-04-24T01:00,25.3,37,7.2,323.0,980.7,0.0
2024-04-24T02:00,25.2,37,6.9,313.0,980.4,0.0
2024-04-24T03:00,22.7,45,7.4,317.0,980.0,0.0
2024-04-24T04:00,21.2,50,8.2,311.0,980.3,0.0
2024-04-24T05:00,21.0,49,8.6,303.0,980.6,0.0
2024-04-24T06:00,21.8,53,4.2,290.0,981.9,0.0
2024-04-24T07:00,24.5,45,4.7,293.0,982.7,0.0
2024-04-24T08:00,28.5,36,5.5,302.0,983.5,0.0
2024-04-24T09:00,31.7,28,7.1,294.0,984.0,0.0
2024-04-24T10:00,33.8,23,7.3,279.0,983.8,0.0
2024-04-24T11:00,35.5,18,10.1,268.0,983.7,0.0
2024-04-24T12:00,36.1,16,13.0,276.0,983.1,0.0
2024-04-24T13:00,36.8,15,16.5,281.0,982.3,0.0
2024-04-24T14:00,36.9,15,19.8,286.0,981.4,0.0
2024-04-24T15:00,36.8,15,21.3,298.0,980.8,0.0
2024-04-24T16:00,36.1,15,19.8,297.0,980.4,0.0
2024-04-24T17:00,35.2,16,15.0,297.0,980.0,0.0
2024-04-24T18:00,34.0,16,8.5,298.0,980.9,0.0
2024-04-24T19:00,31.6,19,8.3,304.0,981.3,0.0
2024-04-24T20:00,30.5,18,8.5,324.0,981.7,0.0
2024-04-24T21:00,29.8,18,8.4,335.0,982.1,0.0
2024-04-24T22:00,29.6,18,8.2,345.0,982.2,0.0
2024-04-24T23:00,28.2,21,8.7,353.0,982.4,0.0
2024-04-25T00:00,26.4,24,7.6,352.0,981.6,0.0
2024-04-25T01:00,24.8,27,9.2,334.0,981.2,0.0
2024-04-25T02:00,22.9,33,8.2,311.0,980.8,0.0
2024-04-25T03:00,22.1,36,7.2,323.0,980.8,0.0
2024-04-25T04:00,21.5,38,6.7,324.0,981.0,0.0
2024-04-25T05:00,21.5,38,6.6,311.0,981.7,0.0
2024-04-25T06:00,22.2,39,7.4,293.0,982.9,0.0
2024-04-25T07:00,25.2,34,7.3,281.0,983.7,0.0
2024-04-25T08:00,28.5,28,7.3,281.0,984.2,0.0
2024-04-25T09:00,31.7,24,8.2,285.0,984.6,0.0
2024-04-25T10:00,34.0,20,9.2,301.0,984.4,0.0
2024-04-25T11:00,35.9,17,10.5,308.0,984.1,0.0
2024-04-25T12:00,37.1,14,14.5,312.0,983.4,0.0
2024-04-25T13:00,37.8,13,17.6,313.0,982.5,0.0
2024-04-25T14:00,38.3,11,19.4,312.0,981.4,0.0
2024-04-25T15:00,37.9,12,19.9,311.0,980.8,0.0
2024-04-25T16:00,37.4,12,18.6,313.0,980.4,0.0
2024-04-25T17:00,36.6,12,14.1,322.0,980.0,0.0
2024-04-25T18:00,33.8,18,8.9,317.0,980.3,0.0
2024-04-25T19:00,32.3,21,10.5,308.0,980.5,0.0
2024-04-25T20:00,29.3,26,9.2,312.0,980.8,0.0
2024-04-25T21:00,27.8,31,11.1,331.0,981.1,0.0
2024-04-25T22:00,28.1,29,8.8,351.0,981.4,0.0
2024-04-25T23:00,26.9,29,11.2,2.0,981.2,0.0
2024-04-26T00:00,25.7,32,11.3,9.0,980.8,0.0
2024-04-26T01:00,28.5,25,10.0,13.0,980.7,0.0
2024-04-26T02:00,28.4,25,8.6,15.0,980.3,0.0
2024-04-26T03:00,26.9,28,8.3,18.0,980.0,0.0
2024-04-26T04:00,27.2,27,11.1,25.0,980.3,0.0
2024-04-26T05:00,23.4,35,6.9,6.0,980.4,0.0
2024-04-26T06:00,26.4,28,2.9,263.0,981.4,0.0
2024-04-26T07:00,27.7,29,8.4,263.0,982.3,0.0
2024-04-26T08:00,31.2,23,7.6,267.0,983.1,0.0
2024-04-26T09:00,34.6,18,5.4,262.0,983.4,0.0
2024-04-26T10:00,36.9,16,4.5,241.0,983.1,0.0
2024-04-26T11:00,38.1,15,6.1,220.0,982.8,0.0
2024-04-26T12:00,38.9,13,9.9,226.0,982.0,0.0
2024-04-26T13:00,39.2,13,12.2,225.0,981.3,0.0
2024-04-26T14:00,39.2,13,15.3,223.0,980.4,0.0
2024-04-26T15:00,39.1,13,13.4,250.0,979.5,0.0
2024-04-26T16:00,38.2,14,8.7,263.0,979.0,0.0
2024-04-26T17:00,37.3,15,6.7,286.0,978.6,0.0
2024-04-26T18:00,32.5,27,9.4,247.0,980.1,0.0
2024-04-26T19:00,31.6,26,8.9,230.0,979.4,0.0
2024-04-26T20:00,31.9,24,8.8,235.0,980.0,0.0
2024-04-26T21:00,30.2,27,10.0,240.0,980.2,0.0
2024-04-26T22:00,30.1,28,11.0,229.0,980.4,0.0
2024-04-26T23:00,30.4,29,13.3,221.0,980.5,0.0
2024-04-27T00:00,29.6,31,14.8,223.0,980.5,0.0
2024-04-27T01:00,29.6,32,15.5,228.0,980.2,0.0
2024-04-27T02:00,28.7,36,15.5,234.0,979.6,0.0
2024-04-27T03:00,28.0,39,11.1,245.0,979.4,0.0
2024-04-27T04:00,27.8,40,11.6,244.0,979.4,0.0
2024-04-27T05:00,27.6,40,11.0,251.0,979.8,0.0
2024-04-27T06:00,26.0,47,12.0,254.0,981.3,0.0
2024-04-27T07:00,28.5,42,13.4,265.0,982.5,0.0
2024-04-27T08:00,30.7,35,15.0,281.0,983.5,0.0
2024-04-27T09:00,32.9,28,12.9,293.0,983.8,0.0
2024-04-27T10:00,34.5,24,12.8,308.0,983.8,0.0
2024-04-27T11:00,36.7,19,14.4,307.0,983.4,0.0
2024-04-27T12:00,37.5,16,13.4,294.0,982.7,0.0
2024-04-27T13:00,37.7,15,13.7,275.0,982.0,0.0
2024-04-27T14:00,37.9,15,15.5,267.0,981.0,0.0
2024-04-27T15:00,37.8,14,19.4,269.0,980.3,0.0
2024-04-27T16:00,37.2,14,16.1,280.0,979.9,0.0
2024-04-27T17:00,36.2,15,12.9,293.0,979.8,0.0
2024-04-27T18:00,34.6,15,8.4,295.0,980.4,0.0
2024-04-27T19:00,32.5,18,10.2,288.0,980.9,0.0
2024-04-27T20:00,31.0,21,11.4,294.0,981.9,0.0
2024-04-27T21:00,29.8,28,12.5,321.0,982.8,0.0
2024-04-27T22:00,28.6,31,13.6,348.0,983.0,0.0
2024-04-27T23:00,27.5,34,11.9,2.0,982.9,0.0
2024-04-28T00:00,26.7,36,10.7,12.0,982.4,0.0
2024-04-28T01:00,25.8,39,9.8,17.0,982.0,0.0
2024-04-28T02:00,24.8,41,8.4,20.0,981.7,0.0
2024-04-28T03:00,23.7,45,6.6,29.0,981.6,0.0
2024-04-28T04:00,23.3,46,5.2,344.0,981.6,0.0
2024-04-28T05:00,22.7,49,6.2,324.0,982.0,0.0
2024-04-28T06:00,24.2,45,8.1,302.0,983.5,0.0
2024-04-28T07:00,26.0,40,6.0,303.0,984.2,0.0
2024-04-28T08:00,28.5,34,5.4,312.0,984.7,0.0
2024-04-28T09:00,31.4,27,6.9,321.0,984.9,0.0
2024-04-28T10:00,34.2,21,9.7,329.0,984.6,0.0
2024-04-28T11:00,35.9,18,11.0,328.0,984.5,0.0
2024-04-28T12:00,37.0,16,11.2,312.0,983.9,0.0
2024-04-28T13:00,37.5,16,11.9,299.0,983.2,0.0
2024-04-28T14:00,37.5,15,13.1,291.0,982.4,0.0
2024-04-28T15:00,37.4,15,12.8,281.0,981.7,0.0
2024-04-28T16:00,37.0,15,12.7,277.0,981.1,0.0
2024-04-28T17:00,35.8,16,9.7,285.0,980.9,0.0
2024-04-28T18:00,34.4,17,7.2,288.0,981.4,0.0
2024-04-28T19:00,32.7,18,6.3,294.0,981.6,0.0
2024-04-28T20:00,31.5,20,4.8,297.0,982.0,0.0
2024-04-28T21:00,30.6,23,3.7,299.0,982.3,0.0
2024-04-28T22:00,28.6,27,5.6,333.0,982.4,0.0
2024-04-28T23:00,27.0,31,6.3,347.0,982.1,0.0
2024-04-29T00:00,26.9,31,8.6,358.0,981.5,0.0
2024-04-29T01:00,25.8,31,8.8,12.0,981.3,0.0
2024-04-29T02:00,24.6,33,7.8,22.0,980.9,0.0
2024-04-29T03:00,24.3,34,8.8,35.0,980.6,0.0
2024-04-29T04:00,23.7,36,5.8,90.0,980.5,0.0
2024-04-29T05:00,23.6,37,6.4,207.0,980.9,0.0
2024-04-29T06:00,25.2,33,6.7,234.0,982.0,0.0
2024-04-29T07:00,27.8,29,7.3,259.0,983.2,0.0
2024-04-29T08:00,30.0,26,9.4,288.0,983.6,0.0
2024-04-29T09:00,32.1,23,9.7,309.0,983.6,0.0
2024-04-29T10:00,34.3,20,9.3,324.0,983.4,0.0
2024-04-29T11:00,36.0,19,8.4,329.0,983.1,0.0
2024-04-29T12:00,37.3,17,7.9,321.0,982.4,0.0
2024-04-29T13:00,37.9,15,8.7,312.0,981.6,0.0
2024-04-29T14:00,38.1,14,10.0,283.0,981.0,0.0
2024-04-29T15:00,37.6,15,15.1,242.0,980.5,0.0
2024-04-29T16:00,37.1,15,13.0,267.0,980.2,0.0
2024-04-29T17:00,35.9,18,15.3,297.0,980.0,0.0
2024-04-29T18:00,34.2,20,17.1,311.0,980.6,0.0
2024-04-29T19:00,32.5,24,17.6,314.0,981.5,0.0
2024-04-29T20:00,30.2,31,15.9,321.0,983.0,0.0
2024-04-29T21:00,29.2,33,13.4,333.0,984.0,0.0
2024-04-29T22:00,28.5,34,12.0,344.0,983.6,0.0
2024-04-29T23:00,27.5,35,12.2,341.0,983.1,0.0
2024-04-30T00:00,26.6,37,14.2,330.0,982.3,0.0
2024-04-30T01:00,25.8,38,15.6,326.0,982.2,0.0
2024-04-30T02:00,25.2,38,15.2,329.0,981.8,0.0
2024-04-30T03:00,24.9,37,16.0,316.0,981.4,0.0
2024-04-30T04:00,24.0,40,15.0,314.0,981.7,0.0
2024-04-30T05:00,23.3,42,14.8,313.0,982.1,0.0
2024-04-30T06:00,24.0,50,15.0,312.0,983.4,0.0
2024-04-30T07:00,26.0,46,14.0,312.0,983.8,0.0
2024-04-30T08:00,29.1,39,13.8,311.0,984.1,0.0
2024-04-30T09:00,31.3,31,12.2,304.0,984.1,0.0
2024-04-30T10:00,32.9,20,10.0,291.0,983.5,0.0
2024-04-30T11:00,34.2,16,10.6,280.0,982.8,0.0
2024-04-30T12:00,35.3,14,12.3,273.0,981.8,0.0
2024-04-30T13:00,36.1,12,14.1,276.0,980.7,0.0
2024-04-30T14:00,36.2,11,16.8,279.0,979.5,0.0
2024-04-30T15:00,36.0,10,16.4,279.0,978.7,0.0
2024-04-30T16:00,35.3,10,16.7,284.0,978.1,0.0
2024-04-30T17:00,34.2,11,16.2,282.0,977.9,0.0
2024-04-30T18:00,32.5,14,11.9,275.0,978.5,0.0
2024-04-30T19:00,30.2,15,10.1,270.0,978.6,0.0
2024-04-30T20:00,28.4,17,8.3,268.0,978.8,0.0
2024-04-30T21:00,26.3,20,9.7,266.0,979.0,0.0
2024-04-30T22:00,28.6,17,9.8,253.0,978.9,0.0
2024-04-30T23:00,27.8,18,7.7,229.0,977.8,0.0
2024-05-01T00:00,24.7,22,8.7,263.0,977.2,0.0
2024-05-01T01:00,23.8,23,14.0,305.0,977.5,0.0
2024-05-01T02:00,22.7,25,14.7,332.0,977.1,0.0
2024-05-01T03:00,21.9,27,14.8,331.0,977.2,0.0
2024-05-01T04:00,21.2,31,14.1,322.0,977.6,0.0
2024-05-01T05:00,20.5,34,14.0,314.0,977.8,0.0
2024-05-01T06:00,21.5,42,15.6,308.0,979.2,0.0
2024-05-01T07:00,23.3,38,17.3,312.0,980.0,0.0
2024-05-01T08:00,25.7,33,17.6,314.0,980.4,0.0
2024-05-01T09:00,28.0,25,20.4,312.0,981.0,0.0
2024-05-01T10:00,30.1,17,23.0,310.0,981.0,0.0
2024-05-01T11:00,31.5,13,22.5,309.0,980.7,0.0
2024-05-01T12:00,32.3,12,21.8,304.0,980.2,0.0
2024-05-01T13:00,32.6,12,22.6,301.0,979.7,0.0
2024-05-01T14:00,32.7,12,22.7,299.0,979.2,0.0
2024-05-01T15:00,32.5,12,22.7,293.0,978.6,0.0
2024-05-01T16:00,31.7,13,21.9,295.0,978.4,0.0
2024-05-01T17:00,30.7,14,20.5,298.0,978.3,0.0
2024-05-01T18:00,29.8,14,14.4,307.0,978.7,0.0
2024-05-01T19:00,28.0,17,12.0,314.0,979.5,0.0
2024-05-01T20:00,26.8,20,12.0,319.0,979.8,0.0
2024-05-01T21:00,26.1,23,11.8,320.0,980.6,0.0
2024-05-01T22:00,24.6,27,11.2,320.0,980.8,0.0
2024-05-01T23:00,23.2,30,11.0,319.0,980.6,0.0
2024-05-02T00:00,22.5,32,10.7,315.0,980.5,0.0
2024-05-02T01:00,21.5,35,10.9,314.0,979.8,0.0
2024-05-02T02:00,20.7,37,10.9,316.0,979.5,0.0
2024-05-02T03:00,20.3,37,11.0,319.0,979.3,0.0
2024-05-02T04:00,19.8,38,10.2,318.0,979.2,0.0
2024-05-02T05:00,19.3,38,10.2,278.0,979.6,0.0
2024-05-02T06:00,20.6,41,11.6,286.0,980.4,0.0
2024-05-02T07:00,22.9,37,12.3,285.0,981.3,0.0
2024-05-02T08:00,26.0,32,13.2,292.0,981.5,0.0
2024-05-02T09:00,28.9,25,18.7,300.0,982.4,0.0
2024-05-02T10:00,30.8,20,17.4,320.0,982.1,0.0
2024-05-02T11:00,32.4,18,17.9,320.0,981.8,0.0
2024-05-02T12:00,33.7,15,18.4,321.0,981.3,0.0
2024-05-02T13:00,34.6,15,18.8,324.0,980.6,0.0
2024-05-02T14:00,34.9,16,19.5,321.0,979.9,0.0
2024-05-02T15:00,35.0,15,19.1,319.0,979.0,0.0
2024-05-02T16:00,34.6,16,18.8,317.0,978.6,0.0
2024-05-02T17:00,33.8,17,17.1,312.0,978.3,0.0
2024-05-02T18:00,32.4,19,12.3,308.0,979.2,0.0
2024-05-02T19:00,30.4,21,12.6,301.0,980.1,0.0
2024-05-02T20:00,29.3,22,9.9,316.0,980.4,0.0
2024-05-02T21:00,27.7,24,8.6,327.0,980.9,0.0
2024-05-02T22:00,26.4,27,10.2,293.0,981.2,0.0
2024-05-02T23:00,25.1,30,8.7,294.0,981.1,0.0
2024-05-03T00:00,23.7,32,7.2,297.0,980.7,0.0
2024-05-03T01:00,22.9,34,7.5,305.0,980.0,0.0
2024-05-03T02:00,22.2,34,7.4,313.0,979.8,0.0
2024-05-03T03:00,21.7,34,7.9,300.0,979.9,0.0
2024-05-03T04:00,21.2,35,8.4,295.0,980.0,0.0
2024-05-03T05:00,20.7,36,8.1,283.0,980.4,0.0
2024-05-03T06:00,22.6,36,9.2,296.0,981.0,0.0
2024-05-03T07:00,25.3,32,9.2,281.0,981.7,0.0
2024-05-03T08:00,28.6,27,10.8,270.0,982.6,0.0
2024-05-03T09:00,31.8,22,13.0,275.0,983.0,0.0
2024-05-03T10:00,34.4,17,16.4,289.0,982.9,0.0
2024-05-03T11:00,36.1,14,20.4,296.0,982.4,0.0
2024-05-03T12:00,37.2,12,23.3,302.0,981.7,0.0
2024-05-03T13:00,37.9,11,23.9,307.0,980.7,0.0
2024-05-03T14:00,38.1,11,22.6,307.0,980.1,0.0
2024-05-03T15:00,37.9,11,20.6,306.0,979.6,0.0
2024-05-03T16:00,37.5,12,19.3,303.0,979.5,0.0
2024-05-03T17:00,36.6,12,18.2,297.0,979.7,0.0
2024-05-03T18:00,34.7,15,13.4,297.0,980.6,0.0
2024-05-03T19:00,33.4,16,15.7,290.0,981.3,0.0
2024-05-03T20:00,31.7,17,12.2,304.0,981.7,0.0
2024-05-03T21:00,30.1,20,11.2,318.0,982.1,0.0
2024-05-03T22:00,29.4,20,11.8,320.0,982.1,0.0
2024-05-03T23:00,28.7,22,9.3,324.0,981.9,0.0
2024-05-04T00:00,28.5,23,9.2,318.0,981.3,0.0
2024-05-04T01:00,27.8,24,8.2,322.0,980.6,0.0
2024-05-04T02:00,27.7,25,7.2,333.0,980.3,0.0
2024-05-04T03:00,27.3,26,6.0,335.0,980.3,0.0
2024-05-04T04:00,26.5,30,9.2,349.0,980.2,0.0
2024-05-04T05:00,27.0,27,10.3,234.0,981.4,0.0
2024-05-04T06:00,26.6,30,11.2,276.0,982.8,0.0
2024-05-04T07:00,28.7,27,12.8,286.0,983.3,0.0
2024-05-04T08:00,31.2,23,15.1,308.0,983.9,0.0
2024-05-04T09:00,33.5,20,13.5,314.0,983.9,0.0
2024-05-04T10:00,37.3,14,14.5,318.0,983.7,0.0
2024-05-04T11:00,39.0,11,13.0,309.0,983.0,0.0
2024-05-04T12:00,40.0,10,11.3,297.0,982.2,0.0
2024-05-04T13:00,40.5,10,15.9,283.0,981.5,0.0
2024-05-04T14:00,40.6,10,16.2,282.0,980.5,0.0
2024-05-04T15:00,40.5,9,16.4,279.0,979.7,0.0
2024-05-04T16:00,39.8,10,16.2,282.0,979.1,0.0
2024-05-04T17:00,38.6,11,14.3,311.0,978.7,0.0
2024-05-04T18:00,36.0,13,7.3,340.0,978.6,0.0
2024-05-04T19:00,33.3,16,8.7,330.0,978.7,0.0
2024-05-04T20:00,31.6,19,8.9,310.0,978.9,0.0
2024-05-04T21:00,30.9,20,8.5,306.0,979.4,0.0
2024-05-04T22:00,30.3,20,8.6,268.0,979.2,0.0
2024-05-04T23:00,28.8,23,7.9,317.0,979.1,0.0
2024-05-05T00:00,27.7,25,7.4,337.0,978.2,0.0
2024-05-05T01:00,26.9,26,9.4,337.0,977.4,0.0
2024-05-05T02:00,26.4,28,8.9,328.0,976.8,0.0
2024-05-05T03:00,25.5,29,5.2,236.0,976.8,0.0
2024-05-05T04:00,25.9,28,10.0,249.0,977.0,0.0
2024-05-05T05:00,25.0,30,9.0,272.0,977.2,0.0
2024-05-05T06:00,26.5,30,11.9,267.0,977.5,0.0
2024-05-05T07:00,28.6,29,12.2,272.0,978.3,0.0
2024-05-05T08:00,31.4,24,12.2,294.0,979.0,0.0
2024-05-05T09:00,35.1,18,12.6,307.0,979.3,0.0
2024-05-05T10:00,38.0,13,13.2,317.0,979.2,0.0
2024-05-05T11:00,39.6,12,13.7,337.0,978.6,0.0
2024-05-05T12:00,40.4,12,15.5,332.0,978.0,0.0
2024-05-05T13:00,40.8,12,15.5,314.0,977.2,0.0
2024-05-05T14:00,40.9,12,16.2,302.0,976.4,0.0
2024-05-05T15:00,40.7,12,18.6,302.0,975.8,0.0
2024-05-05T16:00,40.0,12,19.2,300.0,975.3,0.0
2024-05-05T17:00,39.4,12,17.9,295.0,975.4,0.0
2024-05-05T18:00,37.8,14,11.6,300.0,975.8,0.0
2024-05-05T19:00,35.2,18,13.2,313.0,976.5,0.0
2024-05-05T20:00,33.6,20,11.5,314.0,977.0,0.0
2024-05-05T21:00,32.5,20,10.2,321.0,977.5,0.0
2024-05-05T22:00,30.9,21,9.3,324.0,977.8,0.0
2024-05-05T23:00,29.9,22,9.7,321.0,977.9,0.0
2024-05-06T00:00,29.6,23,11.5,328.0,977.7,0.0
2024-05-06T01:00,28.8,25,10.3,331.0,977.4,0.0
2024-05-06T02:00,28.4,27,10.9,333.0,977.2,0.0
2024-05-06T03:00,27.9,28,10.7,315.0,977.5,0.0
2024-05-06T04:00,26.9,31,8.4,301.0,977.9,0.0
2024-05-06T05:00,26.0,33,7.7,298.0,978.3,0.0
2024-05-06T06:00,27.9,32,7.6,301.0,979.5,0.0
2024-05-06T07:00,30.1,30,8.8,282.0,980.4,0.0
2024-05-06T08:00,32.8,26,9.6,290.0,981.2,0.0
2024-05-06T09:00,35.5,22,9.9,303.0,981.6,0.0
2024-05-06T10:00,37.6,19,11.2,315.0,981.7,0.0
2024-05-06T11:00,39.1,16,16.9,310.0,981.5,0.0
2024-05-06T12:00,39.8,15,18.2,308.0,980.8,0.0
2024-05-06T13:00,40.4,14,20.0,308.0,979.8,0.0
2024-05-06T14:00,40.6,14,22.8,308.0,979.1,0.0
2024-05-06T15:00,40.2,14,23.2,306.0,978.4,0.0
2024-05-06T16:00,39.6,14,20.6,297.0,977.9,0.0
2024-05-06T17:00,38.9,14,23.6,286.0,977.8,0.0
2024-05-06T18:00,37.5,15,16.6,297.0,978.3,0.0
2024-05-06T19:00,35.4,17,15.1,298.0,978.8,0.0
2024-05-06T20:00,34.0,19,11.1,306.0,979.2,0.0
2024-05-06T21:00,32.4,21,11.1,306.0,979.8,0.0
2024-05-06T22:00,31.6,23,9.7,318.0,979.9,0.0
2024-05-06T23:00,30.3,25,8.1,339.0,979.9,0.0
2024-05-07T00:00,28.7,28,9.0,5.0,979.4,0.0
2024-05-07T01:00,28.1,30,9.1,351.0,978.9,0.0
2024-05-07T02:00,26.8,32,7.9,300.0,978.8,0.0
2024-05-07T03:00,26.2,34,7.0,291.0,979.1,0.0
2024-05-07T04:00,29.0,27,4.8,333.0,979.7,0.0
2024-05-07T05:00,29.1,26,5.8,86.0,980.0,0.0
2024-05-07T06:00,27.9,36,4.5,194.0,980.7,0.0
2024-05-07T07:00,30.8,30,5.0,150.0,981.6,0.0
2024-05-07T08:00,33.7,26,1.5,14.0,982.4,0.0
2024-05-07T09:00,35.4,24,9.4,358.0,983.2,0.0
2024-05-07T10:00,37.3,21,9.2,39.0,983.1,0.0
2024-05-07T11:00,39.5,17,5.4,48.0,983.0,0.0
2024-05-07T12:00,40.6,14,3.6,6.0,982.3,0.0
2024-05-07T13:00,41.4,13,9.2,315.0,981.3,0.0
2024-05-07T14:00,41.3,13,12.6,307.0,980.4,0.0
2024-05-07T15:00,41.3,13,10.7,303.0,979.7,0.0
2024-05-07T16:00,41.1,12,12.5,319.0,979.7,0.0
2024-05-07T17:00,40.2,13,8.4,7.0,979.6,0.0
2024-05-07T18:00,37.9,16,10.6,35.0,979.7,0.0
2024-05-07T19:00,35.2,19,8.9,76.0,980.0,0.0
2024-05-07T20:00,33.2,29,18.1,96.0,980.9,0.0
2024-05-07T21:00,31.6,39,14.7,112.0,981.5,0.0
2024-05-07T22:00,30.9,40,13.4,144.0,981.7,0.0
2024-05-07T23:00,30.4,40,14.4,148.0,981.8,0.0
2024-05-08T00:00,28.8,45,6.2,111.0,981.9,0.0
2024-05-08T01:00,28.2,47,8.7,142.0,981.5,0.0
2024-05-08T02:00,27.8,49,9.4,148.0,981.1,0.0
2024-05-08T03:00,27.6,50,12.1,143.0,981.0,0.0
2024-05-08T04:00,27.5,50,15.6,151.0,981.2,0.0
2024-05-08T05:00,27.0,51,13.4,144.0,981.6,0.0
2024-05-08T06:00,27.9,64,18.2,115.0,982.6,0.0
2024-05-08T07:00,29.1,58,20.7,113.0,983.1,0.0
2024-05-08T08:00,30.7,54,21.1,107.0,983.5,0.0
2024-05-08T09:00,32.6,48,19.6,107.0,983.6,0.0
2024-05-08T10:00,34.7,42,17.8,111.0,983.4,0.0
2024-05-08T11:00,36.4,36,17.2,116.0,982.9,0.0
2024-05-08T12:00,37.8,32,14.7,121.0,982.1,0.0
2024-05-08T13:00,38.6,26,8.9,122.0,981.1,0.0
2024-05-08T14:00,39.2,22,5.2,78.0,979.8,0.0
2024-05-08T15:00,39.7,20,6.6,41.0,979.2,0.0
2024-05-08T16:00,39.1,18,10.6,28.0,979.1,0.0
2024-05-08T17:00,38.1,19,14.3,56.0,979.1,0.0
2024-05-08T18:00,35.8,26,7.9,87.0,980.2,0.0
2024-05-08T19:00,33.8,30,14.7,101.0,979.9,0.0
2024-05-08T20:00,32.1,36,15.4,101.0,980.6,0.0
2024-05-08T21:00,31.5,37,13.5,106.0,981.3,0.0
2024-05-08T22:00,30.9,38,13.5,115.0,981.4,0.0
2024-05-08T23:00,30.6,38,20.1,119.0,981.2,0.0
2024-05-09T00:00,29.9,39,19.1,134.0,981.2,0.0
2024-05-09T01:00,28.8,43,18.6,131.0,980.6,0.0
2024-05-09T02:00,28.0,47,17.6,136.0,980.1,0.0
2024-05-09T03:00,27.4,50,16.1,124.0,980.1,0.0
2024-05-09T04:00,26.8,52,15.8,111.0,980.4,0.0
2024-05-09T05:00,26.2,56,16.9,102.0,980.7,0.0
2024-05-09T06:00,27.6,56,15.6,82.0,982.7,0.0
2024-05-09T07:00,28.7,52,25.3,86.0,983.3,0.0
2024-05-09T08:00,30.4,47,20.9,109.0,983.4,0.0
2024-05-09T09:00,32.0,44,21.3,95.0,983.4,0.0
2024-05-09T10:00,33.8,40,18.3,110.0,982.5,0.0
2024-05-09T11:00,35.7,35,14.8,108.0,981.9,0.0
2024-05-09T12:00,37.1,32,11.0,109.0,981.3,0.0
2024-05-09T13:00,38.3,29,7.6,109.0,980.3,0.0
2024-05-09T14:00,39.1,25,4.8,77.0,979.3,0.0
2024-05-09T15:00,39.5,22,6.8,18.0,978.5,0.0
2024-05-09T16:00,39.6,19,8.4,7.0,977.8,0.0
2024-05-09T17:00,39.0,19,14.8,4.0,978.3,0.0
2024-05-09T18:00,35.1,24,4.2,121.0,979.8,0.0
2024-05-09T19:00,33.3,26,7.9,137.0,979.5,0.0
2024-05-09T20:00,32.4,28,10.7,135.0,980.1,0.0
2024-05-09T21:00,31.6,29,11.6,116.0,980.5,0.0
2024-05-09T22:00,30.5,32,12.9,103.0,980.5,0.0
2024-05-09T23:00,29.9,35,14.7,126.0,980.1,0.0
2024-05-10T00:00,29.2,37,14.7,121.0,980.1,0.0
2024-05-10T01:00,28.7,38,15.0,114.0,979.8,0.0
2024-05-10T02:00,28.0,40,15.0,132.0,979.8,0.0
2024-05-10T03:00,27.2,43,12.6,149.0,980.2,0.0
2024-05-10T04:00,26.5,46,10.2,129.0,980.5,0.0
2024-05-10T05:00,26.0,49,10.3,102.0,981.5,0.0
2024-05-10T06:00,27.5,59,20.4,98.0,983.5,0.0
2024-05-10T07:00,28.2,58,17.1,98.0,984.1,0.0
2024-05-10T08:00,30.8,52,19.1,90.0,985.1,0.0
2024-05-10T09:00,32.4,49,20.9,94.0,984.8,0.0
2024-05-10T10:00,34.2,44,20.2,106.0,983.8,0.0
2024-05-10T11:00,36.2,39,17.9,115.0,982.9,0.0
2024-05-10T12:00,37.9,33,13.8,123.0,982.2,0.0
2024-05-10T13:00,38.8,31,8.4,133.0,981.2,0.0
2024-05-10T14:00,39.5,28,4.3,132.0,979.9,0.0
2024-05-10T15:00,38.2,28,20.0,28.0,979.8,0.4
2024-05-10T16:00,36.5,29,5.7,198.0,979.9,0.3
2024-05-10T17:00,36.6,30,2.2,270.0,979.3,0.0
2024-05-10T18:00,33.3,44,8.4,121.0,980.1,0.4
2024-05-10T19:00,32.5,47,1.5,346.0,980.9,0.0
2024-05-10T20:00,31.5,51,2.9,277.0,981.3,0.0
2024-05-10T21:00,31.6,51,2.6,74.0,982.1,0.0
2024-05-10T22:00,30.7,54,3.3,6.0,981.7,0.0
2024-05-10T23:00,28.9,59,5.6,27.0,981.4,0.0
2024-05-11T00:00,28.8,58,6.9,118.0,981.0,0.0
2024-05-11T01:00,28.5,56,8.9,140.0,980.6,0.0
2024-05-11T02:00,28.0,56,8.5,144.0,980.7,0.0
2024-05-11T03:00,26.5,62,7.2,162.0,981.1,0.0
2024-05-11T04:00,26.3,61,5.6,135.0,981.5,0.0
2024-05-11T05:00,26.0,61,7.1,131.0,982.4,0.0
2024-05-11T06:00,27.4,61,11.2,310.0,987.1,0.0
2024-05-11T07:00,28.6,56,5.2,12.0,986.8,0.0
2024-05-11T08:00,30.0,51,6.9,39.0,986.7,0.0
2024-05-11T09:00,31.3,48,7.2,96.0,985.9,0.1
2024-05-11T10:00,32.7,42,4.0,297.0,985.6,0.0
2024-05-11T11:00,34.8,34,2.0,315.0,985.0,0.0
2024-05-11T12:00,37.0,28,5.2,304.0,984.4,0.0
2024-05-11T13:00,38.3,23,13.4,297.0,983.7,0.0
2024-05-11T14:00,38.8,22,17.1,305.0,982.6,0.0
2024-05-11T15:00,38.6,22,18.4,320.0,981.8,0.0
2024-05-11T16:00,38.0,23,18.5,331.0,981.3,0.0
2024-05-11T17:00,37.4,24,13.6,320.0,981.5,0.0
2024-05-11T18:00,35.4,27,13.8,51.0,982.9,0.0
2024-05-11T19:00,33.4,32,8.3,90.0,982.9,0.0
2024-05-11T20:00,31.4,37,6.1,40.0,982.8,0.0
2024-05-11T21:00,30.8,41,7.7,41.0,983.4,0.0
2024-05-11T22:00,29.1,45,7.9,51.0,983.3,0.0
2024-05-11T23:00,28.3,49,7.4,23.0,983.3,0.0
2024-05-12T00:00,28.9,46,5.8,97.0,983.2,0.0
2024-05-12T01:00,27.5,50,7.1,131.0,982.5,0.0
2024-05-12T02:00,27.5,49,5.7,162.0,981.6,0.0
2024-05-12T03:00,27.7,48,7.1,165.0,981.7,0.0
2024-05-12T04:00,27.8,48,10.5,176.0,982.0,0.0
2024-05-12T05:00,27.5,51,9.4,182.0,982.9,0.0
2024-05-12T06:00,28.6,56,12.2,256.0,985.0,0.0
2024-05-12T07:00,29.9,51,10.5,276.0,985.4,0.0
2024-05-12T08:00,31.9,43,11.3,297.0,985.6,0.0
2024-05-12T09:00,34.4,34,14.1,320.0,985.9,0.0
2024-05-12T10:00,36.1,30,15.3,333.0,985.4,0.0
2024-05-12T11:00,37.4,27,15.3,333.0,984.6,0.0
2024-05-12T12:00,36.2,29,14.7,36.0,984.6,0.0
2024-05-12T13:00,36.5,29,15.9,52.0,984.1,0.1
2024-05-12T14:00,37.2,26,4.8,42.0,983.4,0.0
2024-05-12T15:00,37.8,25,11.6,355.0,982.7,0.0
2024-05-12T16:00,37.0,25,12.7,353.0,982.5,0.0
2024-05-12T17:00,36.3,26,14.5,19.0,982.3,0.0
2024-05-12T18:00,35.9,26,10.6,66.0,981.7,0.0
2024-05-12T19:00,32.5,33,8.2,75.0,981.8,0.0
2024-05-12T20:00,32.3,33,6.1,130.0,982.4,0.0
2024-05-12T21:00,30.4,38,8.6,75.0,982.6,0.0
2024-05-12T22:00,29.3,40,8.4,65.0,982.6,0.0
2024-05-12T23:00,28.6,42,6.4,38.0,982.9,0.0
2024-05-13T00:00,27.8,43,7.1,66.0,983.2,0.0
2024-05-13T01:00,28.2,40,8.7,120.0,982.8,0.0
2024-05-13T02:00,27.9,42,7.9,120.0,982.6,0.0
2024-05-13T03:00,28.0,42,10.4,160.0,982.8,0.0
2024-05-13T04:00,27.7,44,7.7,169.0,983.0,0.0
2024-05-13T05:00,27.2,46,7.6,185.0,983.4,0.0
2024-05-13T06:00,29.4,50,4.6,39.0,985.0,0.0
2024-05-13T07:00,30.9,47,6.9,47.0,985.6,0.0
2024-05-13T08:00,33.3,43,8.1,45.0,986.0,0.0
2024-05-13T09:00,35.2,39,8.9,40.0,985.9,0.0
2024-05-13T10:00,37.1,32,6.4,27.0,985.2,0.0
2024-05-13T11:00,38.5,23,9.1,342.0,984.5,0.0
2024-05-13T12:00,38.7,20,12.0,277.0,984.8,0.0
2024-05-13T13:00,38.3,19,11.7,252.0,984.0,0.0
2024-05-13T14:00,39.9,15,10.1,272.0,982.9,0.0
2024-05-13T15:00,40.1,14,10.1,287.0,982.0,0.0
2024-05-13T16:00,40.3,13,8.2,293.0,981.3,0.0
2024-05-13T17:00,39.6,9,16.4,334.0,981.2,0.0
2024-05-13T18:00,36.1,12,6.8,3.0,982.6,0.0
2024-05-13T19:00,31.6,19,10.6,325.0,982.6,0.0
2024-05-13T20:00,31.3,20,7.9,336.0,982.9,0.0
2024-05-13T21:00,29.0,25,11.1,347.0,982.9,0.0
2024-05-13T22:00,28.9,24,7.4,321.0,983.1,0.0
2024-05-13T23:00,27.4,25,8.9,333.0,983.0,0.0
2024-05-14T00:00,26.8,25,9.4,337.0,983.0,0.0
2024-05-14T01:00,25.9,26,12.1,348.0,982.9,0.0
2024-05-14T02:00,26.2,26,11.2,358.0,983.1,0.0
2024-05-14T03:00,26.2,26,8.4,313.0,983.3,0.0
2024-05-14T04:00,25.0,28,8.2,293.0,983.2,0.0
2024-05-14T05:00,24.6,29,7.5,287.0,984.0,0.0
2024-05-14T06:00,26.7,37,4.6,315.0,985.4,0.0
2024-05-14T07:00,29.3,33,3.1,315.0,986.1,0.0
2024-05-14T08:00,32.1,28,2.9,360.0,986.8,0.0
2024-05-14T09:00,34.6,24,4.7,32.0,986.8,0.0
2024-05-14T10:00,37.0,19,5.5,23.0,986.3,0.0
2024-05-14T11:00,38.6,16,7.1,336.0,985.8,0.0
2024-05-14T12:00,39.7,14,12.7,317.0,985.3,0.0
2024-05-14T13:00,40.1,14,16.3,313.0,984.5,0.0
2024-05-14T14:00,40.7,12,16.1,304.0,983.3,0.0
2024-05-14T15:00,40.6,11,20.5,304.0,982.2,0.0
2024-05-14T16:00,40.0,10,19.3,307.0,981.6,0.0
2024-05-14T17:00,39.5,10,14.8,313.0,981.6,0.0
2024-05-14T18:00,37.7,9,14.3,304.0,982.4,0.0
2024-05-14T19:00,33.1,14,7.9,317.0,982.1,0.0
2024-05-14T20:00,30.1,20,10.5,308.0,982.6,0.0
2024-05-14T21:00,29.6,21,9.3,283.0,982.7,0.0
2024-05-14T22:00,31.2,20,13.3,311.0,982.8,0.0
2024-05-14T23:00,31.5,20,12.8,308.0,982.6,0.0
2024-05-15T00:00,29.9,22,11.3,301.0,982.3,0.0
2024-05-15T01:00,28.9,25,10.5,301.0,982.0,0.0
2024-05-15T02:00,27.5,28,8.6,285.0,981.7,0.0
2024-05-15T03:00,26.4,31,7.6,275.0,981.7,0.0
2024-05-15T04:00,25.9,33,7.9,273.0,981.9,0.0
2024-05-15T05:00,25.4,35,7.6,289.0,982.7,0.0
2024-05-15T06:00,27.6,36,8.0,265.0,984.6,0.0
2024-05-15T07:00,29.9,33,9.4,263.0,985.2,0.0
2024-05-15T08:00,33.3,28,7.7,281.0,986.0,0.0
2024-05-15T09:00,36.2,24,6.4,308.0,986.3,0.0
2024-05-15T10:00,38.8,16,4.3,5.0,985.9,0.0
2024-05-15T11:00,40.4,11,7.3,340.0,985.1,0.0
2024-05-15T12:00,41.5,9,12.5,319.0,984.4,0.0
2024-05-15T13:00,41.9,9,16.3,319.0,983.7,0.0
2024-05-15T14:00,42.0,9,15.3,319.0,982.6,0.0
2024-05-15T15:00,42.3,8,13.2,313.0,981.6,0.0
2024-05-15T16:00,41.8,8,17.3,313.0,981.4,0.0
2024-05-15T17:00,40.7,9,17.8,315.0,981.7,0.0
2024-05-15T18:00,37.9,12,13.5,331.0,982.3,0.0
2024-05-15T19:00,34.8,14,8.7,5.0,982.7,0.0
2024-05-15T20:00,32.8,16,7.9,24.0,983.4,0.0
2024-05-15T21:00,30.5,19,11.9,35.0,983.7,0.0
2024-05-15T22:00,31.5,17,7.6,357.0,984.1,0.0
2024-05-15T23:00,32.5,15,4.0,350.0,984.4,0.0
2024-05-16T00:00,28.3,20,9.7,135.0,983.6,0.0
2024-05-16T01:00,28.7,18,7.9,129.0,983.1,0.0
2024-05-16T02:00,28.5,18,9.4,157.0,982.8,0.0
2024-05-16T03:00,27.9,20,9.0,185.0,983.0,0.0
2024-05-16T04:00,27.0,22,8.0,190.0,983.0,0.0
2024-05-16T05:00,26.5,24,7.2,233.0,983.7,0.0
2024-05-16T06:00,27.2,31,4.8,347.0,985.2,0.0
2024-05-16T07:00,28.7,31,3.2,360.0,986.0,0.0
2024-05-16T08:00,32.1,25,1.9,22.0,986.1,0.0
2024-05-16T09:00,35.5,20,5.1,356.0,986.2,0.0
2024-05-16T10:00,38.0,18,9.1,351.0,985.9,0.0
2024-05-16T11:00,40.0,15,11.1,347.0,985.2,0.0
2024-05-16T12:00,41.6,11,10.5,338.0,984.0,0.0
2024-05-16T13:00,42.5,10,11.2,327.0,982.9,0.0
2024-05-16T14:00,42.7,10,16.4,320.0,981.9,0.0
2024-05-16T15:00,42.2,10,18.0,323.0,981.0,0.0
2024-05-16T16:00,42.2,11,11.8,333.0,980.5,0.0
2024-05-16T17:00,41.3,11,16.9,331.0,980.1,0.0
2024-05-16T18:00,37.6,20,9.0,355.0,979.2,0.0
2024-05-16T19:00,34.7,18,10.4,316.0,979.6,0.0
2024-05-16T20:00,34.5,18,7.7,37.0,980.3,0.0
2024-05-16T21:00,36.0,16,5.0,60.0,981.2,0.0
2024-05-16T22:00,33.4,19,7.1,60.0,981.4,0.0
2024-05-16T23:00,32.5,20,6.5,174.0,981.2,0.0
2024-05-17T00:00,30.1,23,9.8,186.0,980.6,0.0
2024-05-17T01:00,30.7,20,10.9,188.0,980.1,0.0
2024-05-17T02:00,30.7,20,11.9,194.0,980.1,0.0
2024-05-17T03:00,30.1,21,11.4,208.0,980.1,0.0
2024-05-17T04:00,29.3,22,10.5,221.0,980.3,0.0
2024-05-17T05:00,28.1,25,8.1,225.0,980.5,0.0
2024-05-17T06:00,28.9,32,10.7,327.0,981.9,0.0
2024-05-17T07:00,30.5,31,6.0,303.0,982.3,0.0
2024-05-17T08:00,34.5,26,4.0,280.0,982.7,0.0
2024-05-17T09:00,38.2,20,7.8,326.0,982.8,0.0
2024-05-17T10:00,40.9,16,10.8,339.0,982.6,0.0
2024-05-17T11:00,42.5,13,10.7,327.0,981.9,0.0
2024-05-17T12:00,43.6,10,14.3,319.0,981.1,0.0
2024-05-17T13:00,44.0,9,15.0,318.0,980.2,0.0
2024-05-17T14:00,43.8,10,15.0,318.0,979.1,0.0
2024-05-17T15:00,43.9,9,12.5,321.0,978.1,0.0
2024-05-17T16:00,43.6,9,14.0,325.0,977.5,0.0
2024-05-17T17:00,42.3,10,16.3,329.0,977.4,0.0
2024-05-17T18:00,40.5,11,8.9,333.0,977.0,0.0
2024-05-17T19:00,38.6,12,11.3,329.0,977.9,0.0
2024-05-17T20:00,35.8,16,8.4,340.0,978.4,0.0
2024-05-17T21:00,33.8,19,9.2,315.0,979.1,0.0
2024-05-17T22:00,36.4,16,5.2,295.0,979.5,0.0
2024-05-17T23:00,31.7,23,9.4,302.0,979.3,0.0
2024-05-18T00:00,31.4,24,10.1,333.0,978.8,0.0
2024-05-18T01:00,30.0,27,10.0,291.0,978.2,0.0
2024-05-18T02:00,30.3,27,8.7,263.0,978.3,0.0
2024-05-18T03:00,29.1,29,9.1,263.0,978.2,0.0
2024-05-18T04:00,28.1,31,7.2,273.0,978.2,0.0
2024-05-18T05:00,27.1,34,6.5,267.0,978.2,0.0
2024-05-18T06:00,30.9,37,2.9,277.0,979.3,0.0
2024-05-18T07:00,33.7,32,4.4,279.0,980.0,0.0
2024-05-18T08:00,37.0,26,2.3,321.0,980.3,0.0
2024-05-18T09:00,39.7,21,2.2,81.0,980.1,0.0
2024-05-18T10:00,42.0,13,4.1,345.0,979.6,0.0
2024-05-18T11:00,43.5,10,13.0,309.0,979.0,0.0
2024-05-18T12:00,43.7,10,18.9,301.0,978.0,0.0
2024-05-18T13:00,43.9,11,19.3,297.0,977.3,0.0
2024-05-18T14:00,44.0,11,19.8,289.0,976.4,0.0
2024-05-18T15:00,43.6,11,21.3,286.0,975.5,0.0
2024-05-18T16:00,43.5,11,19.2,278.0,974.9,0.0
2024-05-18T17:00,42.9,11,20.3,277.0,974.4,0.0
2024-05-18T18:00,40.6,12,26.6,310.0,974.8,0.0
2024-05-18T19:00,39.7,12,21.3,298.0,975.1,0.0
2024-05-18T20:00,37.7,14,15.3,289.0,975.7,0.0
2024-05-18T21:00,36.2,15,12.2,294.0,976.1,0.0
2024-05-18T22:00,35.0,16,13.7,315.0,976.5,0.0
2024-05-18T23:00,33.9,17,11.9,325.0,976.7,0.0
2024-05-19T00:00,32.4,18,8.6,327.0,976.3,0.0
2024-05-19T01:00,31.1,20,8.1,339.0,975.8,0.0
2024-05-19T02:00,31.0,21,9.9,316.0,976.0,0.0
2024-05-19T03:00,29.1,24,8.3,304.0,975.9,0.0
2024-05-19T04:00,28.9,24,6.9,279.0,976.1,0.0
2024-05-19T05:00,27.7,27,6.6,283.0,976.2,0.0
2024-05-19T06:00,30.8,26,5.1,274.0,977.3,0.0
2024-05-19T07:00,32.7,24,11.5,270.0,978.4,0.0
2024-05-19T08:00,35.5,21,10.9,276.0,978.7,0.0
2024-05-19T09:00,37.8,18,10.3,299.0,978.8,0.0
2024-05-19T10:00,39.8,17,10.5,301.0,978.5,0.0
2024-05-19T11:00,42.3,14,8.8,305.0,977.8,0.0
2024-05-19T12:00,44.0,10,12.6,297.0,976.9,0.0
2024-05-19T13:00,44.6,10,20.2,292.0,975.8,0.0
2024-05-19T14:00,44.9,9,20.4,296.0,974.8,0.0
2024-05-19T15:00,44.3,9,26.4,305.0,974.0,0.0
2024-05-19T16:00,43.6,10,24.4,304.0,973.8,0.0
2024-05-19T17:00,43.0,10,21.7,313.0,973.5,0.0
2024-05-19T18:00,41.4,10,20.4,315.0,973.5,0.0
2024-05-19T19:00,38.6,12,11.6,300.0,974.0,0.0
2024-05-19T20:00,36.4,16,11.0,281.0,974.6,0.0
2024-05-19T21:00,34.5,19,9.0,268.0,975.2,0.0
2024-05-19T22:00,33.6,19,8.9,284.0,975.7,0.0
2024-05-19T23:00,33.7,17,9.6,326.0,975.6,0.0
2024-05-20T00:00,32.9,19,8.1,328.0,975.3,0.0
2024-05-20T01:00,31.2,22,7.6,289.0,974.9,0.0
2024-05-20T02:00,30.6,24,9.2,249.0,975.2,0.0
2024-05-20T03:00,30.3,24,10.5,266.0,975.4,0.0
2024-05-20T04:00,29.8,26,9.7,270.0,975.9,0.0
2024-05-20T05:00,29.1,27,8.6,268.0,976.4,0.0
2024-05-20T06:00,30.8,27,11.3,22.0,977.8,0.0
2024-05-20T07:00,32.9,25,8.0,5.0,978.6,0.0
2024-05-20T08:00,35.5,21,8.6,2.0,979.4,0.0
2024-05-20T09:00,37.7,19,7.0,339.0,979.8,0.0
2024-05-20T10:00,39.5,17,6.5,341.0,979.6,0.0
2024-05-20T11:00,41.0,15,6.4,317.0,979.3,0.0
2024-05-20T12:00,42.5,14,9.6,290.0,978.4,0.0
2024-05-20T13:00,43.3,13,14.7,281.0,977.4,0.0
2024-05-20T14:00,43.6,12,18.7,281.0,976.4,0.0
2024-05-20T15:00,43.4,12,21.3,298.0,975.6,0.0
2024-05-20T16:00,43.3,11,23.5,299.0,975.0,0.0
2024-05-20T17:00,42.1,12,19.9,312.0,974.9,0.0
2024-05-20T18:00,41.4,10,28.3,314.0,974.9,0.0
2024-05-20T19:00,39.1,12,13.7,330.0,975.8,0.0
2024-05-20T20:00,35.6,16,7.3,57.0,976.4,0.0
2024-05-20T21:00,33.7,23,6.7,126.0,976.6,0.0
2024-05-20T22:00,32.3,26,7.6,175.0,977.0,0.0
2024-05-20T23:00,32.3,25,7.2,180.0,977.2,0.0
2024-05-21T00:00,31.6,26,9.0,209.0,977.1,0.0
2024-05-21T01:00,31.5,24,10.1,197.0,976.7,0.0
2024-05-21T02:00,30.5,24,7.6,205.0,976.3,0.0
2024-05-21T03:00,29.9,25,8.4,223.0,976.3,0.0
2024-05-21T04:00,30.0,25,10.5,218.0,976.6,0.0
2024-05-21T05:00,29.7,28,7.5,215.0,977.0,0.0
2024-05-21T06:00,29.1,42,13.7,93.0,978.9,0.0
2024-05-21T07:00,30.9,42,14.8,91.0,979.3,0.0
2024-05-21T08:00,32.9,39,13.5,99.0,980.1,0.0
2024-05-21T09:00,34.9,37,14.1,94.0,980.4,0.0
2024-05-21T10:00,36.8,33,12.8,101.0,980.1,0.0
2024-05-21T11:00,38.5,30,10.9,96.0,979.4,0.0
2024-05-21T12:00,40.1,26,9.0,92.0,978.5,0.0
2024-05-21T13:00,41.3,23,5.3,62.0,977.6,0.0
2024-05-21T14:00,42.2,19,6.8,360.0,976.7,0.0
2024-05-21T15:00,42.5,16,10.6,332.0,976.2,0.0
2024-05-21T16:00,42.6,14,13.8,319.0,975.8,0.0
2024-05-21T17:00,41.5,16,15.8,330.0,975.6,0.0
2024-05-21T18:00,38.3,32,6.1,45.0,976.7,0.0
2024-05-21T19:00,35.8,25,7.8,77.0,976.7,0.0
2024-05-21T20:00,34.6,27,8.4,83.0,976.7,0.0
2024-05-21T21:00,34.5,27,9.2,69.0,977.2,0.0
2024-05-21T22:00,33.3,30,7.9,66.0,977.3,0.0
2024-05-21T23:00,31.8,33,7.1,114.0,977.5,0.0
2024-05-22T00:00,31.8,32,8.2,142.0,977.4,0.0
2024-05-22T01:00,31.0,34,7.4,119.0,977.2,0.0
2024-05-22T02:00,30.6,38,10.4,110.0,977.4,0.0
2024-05-22T03:00,30.3,44,12.8,122.0,977.7,0.0
2024-05-22T04:00,30.0,46,12.8,128.0,977.8,0.0
2024-05-22T05:00,29.8,47,13.6,127.0,978.5,0.0
2024-05-22T06:00,31.5,45,12.9,103.0,979.7,0.0
2024-05-22T07:00,32.7,48,17.7,102.0,980.5,0.0
2024-05-22T08:00,34.4,45,17.0,122.0,980.8,0.0
2024-05-22T09:00,36.4,40,19.2,103.0,981.0,0.0
2024-05-22T10:00,37.5,38,24.4,98.0,980.6,0.0
2024-05-22T11:00,39.1,33,20.8,118.0,979.7,0.0
2024-05-22T12:00,40.8,28,17.8,132.0,978.5,0.0
2024-05-22T13:00,41.1,26,17.8,159.0,977.8,0.0
2024-05-22T14:00,37.7,32,12.6,217.0,978.2,0.3
2024-05-22T15:00,39.4,25,1.3,34.0,976.8,0.0
2024-05-22T16:00,39.9,22,6.4,52.0,976.2,0.0
2024-05-22T17:00,39.4,23,8.9,63.0,975.8,0.0
2024-05-22T18:00,38.2,27,23.1,88.0,975.6,0.0
2024-05-22T19:00,36.2,35,22.1,74.0,975.7,0.0
2024-05-22T20:00,35.0,38,19.7,62.0,976.5,0.0
2024-05-22T21:00,34.8,37,16.2,86.0,977.2,0.0
2024-05-22T22:00,34.3,39,19.4,112.0,977.1,0.0
2024-05-22T23:00,33.6,40,12.4,107.0,977.6,0.0
2024-05-23T00:00,32.8,41,13.3,123.0,977.2,0.0
2024-05-23T01:00,32.3,42,12.0,134.0,977.1,0.0
2024-05-23T02:00,31.6,45,11.5,136.0,977.2,0.0
2024-05-23T03:00,31.2,47,12.7,137.0,977.4,0.0
2024-05-23T04:00,30.9,48,15.8,135.0,977.8,0.0
2024-05-23T05:00,30.5,49,17.8,122.0,978.2,0.0
2024-05-23T06:00,31.5,50,19.2,118.0,979.1,0.0
2024-05-23T07:00,32.2,52,28.1,123.0,978.9,0.0
2024-05-23T08:00,34.0,47,26.3,113.0,979.3,0.0
2024-05-23T09:00,35.9,42,23.1,108.0,979.8,0.0
2024-05-23T10:00,37.6,37,22.5,122.0,979.6,0.0
2024-05-23T11:00,38.8,34,19.1,112.0,979.3,0.0
2024-05-23T12:00,40.1,30,19.3,114.0,978.2,0.0
2024-05-23T13:00,40.7,27,19.5,118.0,977.2,0.0
2024-05-23T14:00,41.1,24,16.8,113.0,976.3,0.0
2024-05-23T15:00,41.0,22,15.7,99.0,975.5,0.0
2024-05-23T16:00,40.8,21,16.9,90.0,975.2,0.0
2024-05-23T17:00,40.5,21,17.3,86.0,974.8,0.0
2024-05-23T18:00,38.8,19,15.7,122.0,975.4,0.0
2024-05-23T19:00,36.9,24,15.5,138.0,975.4,0.0
2024-05-23T20:00,35.7,29,13.1,122.0,976.2,0.0
2024-05-23T21:00,34.7,32,13.8,118.0,976.7,0.0
2024-05-23T22:00,34.0,35,12.9,113.0,976.9,0.0
2024-05-23T23:00,33.6,37,13.4,126.0,977.1,0.0
2024-05-24T00:00,33.1,40,15.0,138.0,976.8,0.0
2024-05-24T01:00,32.3,43,12.5,129.0,976.8,0.0
2024-05-24T02:00,31.6,46,13.5,132.0,976.8,0.0
2024-05-24T03:00,31.1,48,12.7,137.0,977.0,0.0
2024-05-24T04:00,30.8,50,15.1,142.0,977.4,0.0
2024-05-24T05:00,30.4,51,15.8,137.0,977.9,0.0
2024-05-24T06:00,31.6,50,14.2,120.0,979.0,0.0
2024-05-24T07:00,32.9,46,14.8,91.0,980.1,0.0
2024-05-24T08:00,34.4,43,18.2,115.0,980.2,0.0
2024-05-24T09:00,36.3,38,20.9,122.0,980.2,0.0
2024-05-24T10:00,37.8,34,21.1,123.0,980.0,0.0
2024-05-24T11:00,38.9,31,17.3,113.0,979.5,0.0
2024-05-24T12:00,39.8,29,13.1,99.0,978.5,0.0
2024-05-24T13:00,40.3,27,10.2,80.0,977.5,0.0
2024-05-24T14:00,40.6,26,9.9,57.0,976.5,0.0
2024-05-24T15:00,40.9,25,16.5,54.0,975.8,0.0
2024-05-24T16:00,40.3,25,18.1,44.0,975.1,0.0
2024-05-24T17:00,39.6,26,14.3,49.0,974.9,0.0
2024-05-24T18:00,39.2,22,8.0,100.0,975.0,0.0
2024-05-24T19:00,37.5,25,10.5,131.0,975.0,0.0
2024-05-24T20:00,36.2,27,9.4,113.0,975.4,0.0
2024-05-24T21:00,34.3,31,9.6,124.0,976.1,0.0
2024-05-24T22:00,33.1,34,9.2,129.0,976.8,0.0
2024-05-24T23:00,32.4,37,7.1,75.0,977.0,0.0
2024-05-25T00:00,32.1,38,6.7,106.0,976.8,0.0
2024-05-25T01:00,32.0,39,8.4,140.0,976.3,0.0
2024-05-25T02:00,31.9,41,10.1,153.0,975.8,0.0
2024-05-25T03:00,31.8,43,10.4,160.0,975.7,0.0
2024-05-25T04:00,31.3,45,9.6,160.0,975.7,0.0
2024-05-25T05:00,30.6,48,8.7,163.0,976.1,0.0
2024-05-25T06:00,32.9,44,6.4,153.0,977.0,0.0
2024-05-25T07:00,34.1,42,3.6,143.0,977.6,0.0
2024-05-25T08:00,36.1,38,2.3,108.0,978.1,0.0
2024-05-25T09:00,37.8,35,2.1,121.0,978.1,0.0
2024-05-25T10:00,39.8,30,0.4,270.0,977.7,0.0
2024-05-25T11:00,41.3,25,9.1,342.0,977.2,0.0
2024-05-25T12:00,42.2,21,12.1,333.0,976.4,0.0
2024-05-25T13:00,43.6,18,15.5,335.0,975.3,0.0
2024-05-25T14:00,44.2,16,16.9,333.0,974.0,0.0
2024-05-25T15:00,44.4,14,16.3,335.0,973.2,0.0
2024-05-25T16:00,43.8,13,19.7,342.0,972.6,0.0
2024-05-25T17:00,43.1,13,18.4,348.0,972.4,0.0
2024-05-25T18:00,42.5,12,23.1,355.0,972.6,0.0
2024-05-25T19:00,41.2,12,18.2,351.0,973.1,0.0
2024-05-25T20:00,39.0,13,12.3,339.0,974.0,0.0
2024-05-25T21:00,35.5,18,8.5,332.0,974.4,0.0
2024-05-25T22:00,34.2,19,7.3,340.0,974.7,0.0
2024-05-25T23:00,33.5,20,7.8,347.0,974.7,0.0
2024-05-26T00:00,31.9,23,9.8,352.0,974.3,0.0
2024-05-26T01:00,33.7,20,2.8,230.0,974.4,0.0
2024-05-26T02:00,30.7,25,3.9,236.0,974.2,0.0
2024-05-26T03:00,33.1,21,5.6,315.0,974.3,0.0
2024-05-26T04:00,30.2,26,6.6,338.0,974.4,0.0
2024-05-26T05:00,29.5,28,8.0,352.0,975.0,0.0
2024-05-26T06:00,31.1,27,7.6,360.0,975.6,0.0
2024-05-26T07:00,33.5,25,6.5,357.0,976.1,0.0
2024-05-26T08:00,36.4,22,9.1,353.0,976.2,0.0
2024-05-26T09:00,39.3,20,11.5,356.0,976.4,0.0
2024-05-26T10:00,42.0,15,14.8,357.0,976.0,0.0
2024-05-26T11:00,43.8,10,14.1,357.0,975.6,0.0
2024-05-26T12:00,44.6,9,14.1,356.0,974.8,0.0
2024-05-26T13:00,45.1,10,13.8,353.0,973.9,0.0
2024-05-26T14:00,45.4,10,12.9,342.0,972.9,0.0
2024-05-26T15:00,46.0,10,15.6,326.0,971.6,0.0
2024-05-26T16:00,44.9,11,19.5,326.0,971.2,0.0
2024-05-26T17:00,44.1,12,15.9,321.0,970.8,0.0
2024-05-26T18:00,42.4,11,12.3,339.0,970.8,0.0
2024-05-26T19:00,40.6,13,17.8,346.0,971.3,0.0
2024-05-26T20:00,38.7,15,9.6,340.0,971.5,0.0
2024-05-26T21:00,35.4,20,7.4,337.0,971.7,0.0
2024-05-26T22:00,36.7,17,14.1,356.0,971.9,0.0
2024-05-26T23:00,36.5,17,13.3,2.0,972.1,0.0
2024-05-27T00:00,33.7,21,9.4,4.0,971.8,0.0
2024-05-27T01:00,35.7,19,5.4,4.0,971.9,0.0
2024-05-27T02:00,35.3,19,1.5,225.0,971.6,0.0
2024-05-27T03:00,30.7,26,3.1,126.0,971.3,0.0
2024-05-27T04:00,33.2,21,0.8,117.0,971.8,0.0
2024-05-27T05:00,30.2,28,4.7,328.0,971.8,0.0
2024-05-27T06:00,32.0,34,9.2,334.0,972.8,0.0
2024-05-27T07:00,34.0,31,3.7,349.0,973.0,0.0
2024-05-27T08:00,36.3,30,5.0,360.0,973.1,0.0
2024-05-27T09:00,38.9,29,5.9,346.0,973.3,0.0
2024-05-27T10:00,41.8,22,8.3,342.0,973.1,0.0
2024-05-27T11:00,43.7,16,10.7,348.0,972.5,0.0
2024-05-27T12:00,44.8,12,10.9,351.0,971.8,0.0
2024-05-27T13:00,45.2,9,12.7,345.0,971.1,0.0
2024-05-27T14:00,45.7,8,14.6,340.0,970.0,0.0
2024-05-27T15:00,45.5,7,17.9,332.0,969.5,0.0
2024-05-27T16:00,44.9,7,18.2,333.0,969.1,0.0
2024-05-27T17:00,43.9,8,17.0,339.0,968.7,0.0
2024-05-27T18:00,42.5,8,16.0,352.0,968.8,0.0
2024-05-27T19:00,40.0,9,13.5,351.0,969.3,0.0
2024-05-27T20:00,36.7,12,6.6,347.0,969.6,0.0
2024-05-27T21:00,34.7,14,5.8,4.0,970.0,0.0
2024-05-27T22:00,34.2,14,9.3,16.0,970.1,0.0
2024-05-27T23:00,32.9,16,13.2,22.0,969.8,0.0
2024-05-28T00:00,33.7,16,11.0,38.0,969.7,0.0
2024-05-28T01:00,32.5,18,11.5,49.0,969.3,0.0
2024-05-28T02:00,33.9,16,9.2,59.0,968.8,0.0
2024-05-28T03:00,29.5,22,6.4,227.0,968.4,0.0
2024-05-28T04:00,29.5,21,7.6,245.0,968.4,0.0
2024-05-28T05:00,29.8,18,10.6,204.0,968.8,0.0
2024-05-28T06:00,28.9,26,6.2,7.0,970.1,0.0
2024-05-28T07:00,31.4,24,10.0,26.0,970.8,0.0
2024-05-28T08:00,34.9,21,9.2,39.0,971.2,0.0
2024-05-28T09:00,38.0,16,7.1,30.0,971.6,0.0
2024-05-28T10:00,40.6,11,5.8,7.0,971.5,0.0
2024-05-28T11:00,42.4,9,6.0,327.0,971.1,0.0
2024-05-28T12:00,43.7,9,8.7,308.0,970.7,0.0
2024-05-28T13:00,44.7,9,11.2,303.0,969.9,0.0
2024-05-28T14:00,45.4,8,13.1,307.0,969.1,0.0
2024-05-28T15:00,45.4,8,13.8,313.0,968.5,0.0
2024-05-28T16:00,45.8,7,12.1,293.0,967.7,0.0
2024-05-28T17:00,44.5,7,11.2,318.0,967.5,0.0
2024-05-28T18:00,41.0,9,8.2,345.0,967.7,0.0
2024-05-28T19:00,41.9,6,3.9,56.0,968.1,0.0
2024-05-28T20:00,36.1,10,9.6,124.0,968.4,0.0
2024-05-28T21:00,34.8,12,9.2,129.0,969.0,0.0
2024-05-28T22:00,33.8,12,6.5,124.0,969.1,0.0
2024-05-28T23:00,33.1,14,2.6,146.0,968.9,0.0
2024-05-29T00:00,32.5,16,2.0,315.0,968.7,0.0
2024-05-29T01:00,31.7,17,5.5,281.0,968.8,0.0
2024-05-29T02:00,31.1,17,6.6,248.0,969.1,0.0
2024-05-29T03:00,31.5,16,6.0,237.0,969.0,0.0
2024-05-29T04:00,33.3,18,8.8,235.0,969.7,0.0
2024-05-29T05:00,32.9,22,10.2,238.0,970.1,0.0
2024-05-29T06:00,34.5,29,13.9,239.0,970.8,0.0
2024-05-29T07:00,37.1,29,15.0,240.0,971.5,0.0
2024-05-29T08:00,38.1,30,11.6,244.0,971.8,0.0
2024-05-29T09:00,39.2,29,6.8,295.0,972.3,0.0
2024-05-29T10:00,41.1,25,4.3,318.0,972.3,0.0
2024-05-29T11:00,43.1,20,4.7,360.0,971.9,0.0
2024-05-29T12:00,44.6,16,6.9,6.0,971.4,0.0
2024-05-29T13:00,45.6,12,8.0,352.0,970.9,0.0
2024-05-29T14:00,45.7,10,13.7,342.0,970.4,0.0
2024-05-29T15:00,45.6,9,16.9,360.0,970.0,0.0
2024-05-29T16:00,45.7,9,12.4,352.0,969.5,0.0
2024-05-29T17:00,44.9,9,10.5,354.0,969.4,0.0
2024-05-29T18:00,41.6,21,5.2,106.0,969.1,0.0
2024-05-29T19:00,38.8,17,9.2,121.0,970.3,0.0
2024-05-29T20:00,38.2,16,13.5,119.0,971.0,0.0
2024-05-29T21:00,38.7,12,16.3,121.0,971.2,0.0
2024-05-29T22:00,36.8,13,15.7,122.0,971.3,0.0
2024-05-29T23:00,34.5,17,14.0,136.0,971.2,0.0
2024-05-30T00:00,35.3,16,10.4,134.0,971.6,0.0
2024-05-30T01:00,35.9,17,12.1,150.0,971.5,0.0
2024-05-30T02:00,35.9,17,12.8,169.0,971.6,0.0
2024-05-30T03:00,34.5,20,9.7,202.0,972.3,0.0
2024-05-30T04:00,33.6,24,9.7,211.0,973.0,0.0
2024-05-30T05:00,33.0,29,9.7,222.0,973.2,0.0
2024-05-30T06:00,33.5,33,7.9,273.0,973.9,0.0
2024-05-30T07:00,35.3,38,7.6,289.0,974.8,0.0
2024-05-30T08:00,37.0,35,10.5,278.0,975.6,0.0
2024-05-30T09:00,39.3,29,13.4,294.0,976.0,0.0
2024-05-30T10:00,41.0,24,14.9,302.0,975.9,0.0
2024-05-30T11:00,43.3,17,16.9,310.0,975.4,0.0
2024-05-30T12:00,45.0,11,14.4,307.0,974.8,0.0
2024-05-30T13:00,45.3,9,11.5,272.0,974.0,0.0
2024-05-30T14:00,45.6,8,12.6,267.0,973.2,0.0
2024-05-30T15:00,45.8,7,15.9,288.0,972.7,0.0
2024-05-30T16:00,45.5,6,18.1,287.0,972.5,0.0
2024-05-30T17:00,44.3,7,14.9,263.0,972.5,0.0
2024-05-30T18:00,42.5,5,8.9,310.0,973.1,0.0
2024-05-30T19:00,40.6,5,15.3,319.0,973.5,0.0
2024-05-30T20:00,38.6,6,13.8,340.0,973.9,0.0
2024-05-30T21:00,35.4,9,11.1,25.0,974.1,0.0
2024-05-30T22:00,36.6,7,8.7,132.0,974.3,0.0
2024-05-30T23:00,38.5,6,10.0,60.0,974.9,0.0
2024-05-31T00:00,36.1,7,7.0,78.0,974.7,0.0
2024-05-31T01:00,35.7,7,3.6,217.0,974.3,0.0
2024-05-31T02:00,30.6,11,11.2,220.0,973.5,0.0
2024-05-31T03:00,34.3,8,4.8,207.0,973.7,0.0
2024-05-31T04:00,29.5,12,8.6,285.0,973.9,0.0
2024-05-31T05:00,28.5,13,12.9,257.0,974.4,0.0
2024-05-31T06:00,29.6,21,19.7,261.0,975.3,0.0
2024-05-31T07:00,32.3,19,20.4,287.0,976.8,0.0
2024-05-31T08:00,35.2,19,20.8,284.0,977.4,0.0
2024-05-31T09:00,37.8,18,18.9,288.0,978.0,0.0
2024-05-31T10:00,40.3,15,19.7,301.0,978.0,0.0
2024-05-31T11:00,42.5,12,19.9,305.0,977.6,0.0
2024-05-31T12:00,43.9,11,18.7,310.0,976.9,0.0
2024-05-31T13:00,45.2,8,16.8,313.0,975.9,0.0
2024-05-31T14:00,45.9,6,15.5,318.0,974.7,0.0
2024-05-31T15:00,45.6,6,13.0,326.0,974.1,0.0
2024-05-31T16:00,44.9,7,8.5,306.0,973.9,0.0
2024-05-31T17:00,43.4,8,7.1,240.0,973.9,0.0
2024-05-31T18:00,42.1,9,10.6,350.0,974.3,0.0
2024-05-31T19:00,39.2,11,8.3,342.0,974.5,0.0
2024-05-31T20:00,36.9,13,7.3,327.0,975.1,0.0
2024-05-31T21:00,34.8,15,9.0,323.0,975.2,0.0
2024-05-31T22:00,34.5,15,8.2,308.0,975.6,0.0
2024-05-31T23:00,33.4,15,7.2,297.0,975.3,0.0
2024-06-01T00:00,32.4,16,5.0,291.0,974.6,0.0
2024-06-01T01:00,32.8,14,4.1,255.0,974.4,0.0
2024-06-01T02:00,32.7,14,7.2,267.0,974.4,0.0
2024-06-01T03:00,32.2,16,12.1,240.0,974.5,0.0
2024-06-01T04:00,32.3,17,14.0,271.0,974.9,0.0
2024-06-01T05:00,31.3,20,17.7,282.0,975.5,0.0
2024-06-01T06:00,35.9,15,17.0,283.0,976.8,0.0
2024-06-01T07:00,37.6,18,17.3,301.0,977.5,0.0
2024-06-01T08:00,38.4,19,17.7,308.0,978.2,0.0
2024-06-01T09:00,40.2,19,17.1,309.0,978.6,0.0
2024-06-01T10:00,42.4,17,15.3,319.0,978.2,0.0
2024-06-01T11:00,43.4,12,7.1,294.0,978.0,0.0
2024-06-01T12:00,43.3,10,4.6,225.0,977.4,0.0
2024-06-01T13:00,43.6,10,6.7,216.0,976.9,0.0
2024-06-01T14:00,44.0,10,8.5,208.0,976.2,0.0
2024-06-01T15:00,43.2,11,0.5,135.0,975.9,0.0
2024-06-01T16:00,42.5,11,4.0,27.0,975.9,0.0
2024-06-01T17:00,40.5,14,7.6,352.0,976.4,0.0
2024-06-01T18:00,36.7,20,14.6,320.0,978.2,0.0
2024-06-01T19:00,36.1,22,28.8,302.0,978.3,0.0
2024-06-01T20:00,35.4,23,22.0,310.0,978.4,0.0
2024-06-01T21:00,34.0,28,7.4,317.0,978.4,0.0
2024-06-01T22:00,33.9,26,7.4,227.0,978.2,0.0
2024-06-01T23:00,33.5,26,10.7,222.0,978.1,0.0
2024-06-02T00:00,33.0,28,14.5,215.0,977.5,0.0
2024-06-02T01:00,32.5,32,10.7,222.0,977.1,0.0
2024-06-02T02:00,32.1,34,6.9,279.0,977.5,0.0
2024-06-02T03:00,31.6,33,10.2,293.0,977.8,0.0
2024-06-02T04:00,31.4,32,5.2,304.0,978.0,0.0
2024-06-02T05:00,30.5,36,3.7,79.0,978.1,0.0
2024-06-02T06:00,32.1,39,5.4,70.0,978.9,0.0
2024-06-02T07:00,33.0,38,6.8,360.0,979.6,0.0
2024-06-02T08:00,35.1,31,5.7,325.0,980.1,0.0
2024-06-02T09:00,37.1,27,10.6,342.0,980.8,0.0
2024-06-02T10:00,38.7,23,5.2,344.0,980.7,0.0
2024-06-02T11:00,40.0,22,1.8,349.0,980.2,0.0
2024-06-02T12:00,41.4,20,1.8,349.0,979.6,0.0
2024-06-02T13:00,40.8,20,3.5,336.0,979.1,0.0
2024-06-02T14:00,40.9,19,6.0,335.0,978.1,0.0
2024-06-02T15:00,41.3,17,10.9,351.0,977.5,0.0
2024-06-02T16:00,40.6,18,8.1,347.0,977.2,0.0
2024-06-02T17:00,40.1,19,9.1,342.0,977.3,0.0
2024-06-02T18:00,41.0,9,8.3,358.0,976.3,0.0
2024-06-02T19:00,39.2,10,4.0,333.0,976.4,0.0
2024-06-02T20:00,38.4,11,7.9,300.0,976.9,0.0
2024-06-02T21:00,35.1,20,14.2,249.0,977.8,0.0
2024-06-02T22:00,34.0,29,15.7,259.0,978.1,0.0
2024-06-02T23:00,33.2,32,15.9,257.0,978.0,0.0
2024-06-03T00:00,32.4,34,16.0,256.0,977.7,0.0
2024-06-03T01:00,31.9,36,15.4,259.0,977.3,0.0
2024-06-03T02:00,31.3,37,15.2,256.0,977.0,0.0
2024-06-03T03:00,30.7,39,13.8,250.0,977.0,0.0
2024-06-03T04:00,30.1,42,13.0,242.0,977.2,0.0
2024-06-03T05:00,29.6,44,12.1,260.0,977.9,0.0
2024-06-03T06:00,30.1,46,16.4,310.0,978.9,0.0
2024-06-03T07:00,32.0,43,6.9,298.0,979.5,0.0
2024-06-03T08:00,34.3,39,9.2,339.0,979.7,0.0
2024-06-03T09:00,36.8,34,13.4,333.0,980.0,0.0
2024-06-03T10:00,39.5,27,16.3,329.0,979.5,0.0
2024-06-03T11:00,41.7,19,16.7,327.0,978.9,0.0
2024-06-03T12:00,42.9,13,15.1,322.0,978.3,0.0
2024-06-03T13:00,43.7,12,12.5,303.0,977.3,0.0
2024-06-03T14:00,44.2,11,11.6,292.0,976.1,0.0
2024-06-03T15:00,44.4,11,17.7,276.0,975.2,0.0
2024-06-03T16:00,43.8,11,19.8,271.0,974.6,0.0
2024-06-03T17:00,42.9,11,19.1,270.0,974.3,0.0
2024-06-03T18:00,42.1,12,11.6,263.0,974.2,0.0
2024-06-03T19:00,37.1,16,8.9,302.0,974.7,0.0
2024-06-03T20:00,37.8,13,7.8,283.0,975.6,0.0
2024-06-03T21:00,36.7,13,9.2,281.0,976.0,0.0
2024-06-03T22:00,35.8,14,11.7,288.0,976.4,0.0
2024-06-03T23:00,33.9,17,10.8,274.0,976.1,0.0
2024-06-04T00:00,31.7,20,10.1,243.0,975.5,0.0
2024-06-04T01:00,31.3,20,7.6,245.0,975.2,0.0
2024-06-04T02:00,30.9,20,7.1,246.0,974.7,0.0
2024-06-04T03:00,31.0,20,5.0,201.0,974.9,0.0
2024-06-04T04:00,31.1,20,6.6,135.0,975.5,0.0
2024-06-04T05:00,31.2,23,3.3,193.0,976.3,0.0
2024-06-04T06:00,31.4,29,2.8,320.0,978.0,0.0
2024-06-04T07:00,33.9,27,4.8,243.0,978.5,0.0
2024-06-04T08:00,36.8,22,5.5,293.0,979.3,0.0
2024-06-04T09:00,39.2,19,6.9,317.0,979.6,0.0
2024-06-04T10:00,40.8,16,6.2,291.0,979.5,0.0
2024-06-04T11:00,42.1,14,7.3,281.0,979.1,0.0
2024-06-04T12:00,42.7,14,8.7,277.0,978.1,0.0
2024-06-04T13:00,42.8,15,10.9,287.0,977.3,0.0
2024-06-04T14:00,43.1,16,16.1,304.0,976.5,0.0
2024-06-04T15:00,42.9,16,16.4,296.0,975.6,0.0
2024-06-04T16:00,42.6,16,19.2,304.0,975.2,0.0
2024-06-04T17:00,41.8,16,17.9,304.0,975.2,0.0
2024-06-04T18:00,41.0,14,9.9,303.0,975.7,0.0
2024-06-04T19:00,38.5,16,2.0,225.0,975.4,0.0
2024-06-04T20:00,37.6,17,6.0,65.0,975.8,0.0
2024-06-04T21:00,34.7,20,6.7,74.0,976.1,0.0
2024-06-04T22:00,33.3,22,5.0,111.0,976.6,0.0
2024-06-04T23:00,33.2,21,1.1,288.0,976.8,0.0
2024-06-05T00:00,33.3,20,8.6,303.0,976.7,0.0
2024-06-05T01:00,32.0,22,9.2,291.0,976.4,0.0
2024-06-05T02:00,30.2,25,8.7,240.0,975.8,0.0
2024-06-05T03:00,30.9,23,10.5,239.0,976.0,0.0
2024-06-05T04:00,31.5,21,10.9,279.0,976.7,0.0
2024-06-05T05:00,31.6,22,12.2,298.0,977.6,0.0
2024-06-05T06:00,33.5,27,11.2,274.0,978.3,0.0
2024-06-05T07:00,35.4,27,10.1,266.0,979.2,0.0
2024-06-05T08:00,36.6,27,13.2,281.0,979.9,0.0
2024-06-05T09:00,38.4,28,19.7,310.0,980.5,0.0
2024-06-05T10:00,39.7,27,20.6,314.0,979.9,0.0
2024-06-05T11:00,41.7,21,19.6,319.0,979.3,0.0
2024-06-05T12:00,39.3,27,14.1,302.0,979.8,0.0
2024-06-05T13:00,40.7,22,13.0,272.0,979.1,0.0
2024-06-05T14:00,40.3,20,16.2,291.0,977.9,0.0
2024-06-05T15:00,40.5,21,20.5,301.0,977.7,0.0
2024-06-05T16:00,40.3,22,22.6,299.0,977.1,0.0
2024-06-05T17:00,39.6,23,21.7,291.0,976.8,0.0
2024-06-05T18:00,41.3,12,20.3,293.0,975.3,0.0
2024-06-05T19:00,40.6,14,15.8,319.0,976.0,0.0
2024-06-05T20:00,38.3,15,9.5,9.0,977.3,0.0
2024-06-05T21:00,35.6,29,9.7,88.0,977.9,0.0
2024-06-05T22:00,34.7,33,13.3,131.0,978.2,0.0
2024-06-05T23:00,33.9,34,11.5,148.0,978.5,0.0
2024-06-06T00:00,33.6,34,10.8,165.0,978.2,0.0
2024-06-06T01:00,32.4,36,6.5,186.0,977.8,0.0
2024-06-06T02:00,32.4,32,8.0,216.0,977.6,0.0
2024-06-06T03:00,32.4,27,4.9,126.0,977.9,0.0
2024-06-06T04:00,31.6,27,4.3,90.0,978.2,0.0
2024-06-06T05:00,30.7,28,1.1,360.0,978.7,0.0
2024-06-06T06:00,28.2,51,9.1,198.0,981.7,0.0
2024-06-06T07:00,30.2,46,4.6,288.0,983.5,0.0
2024-06-06T08:00,32.0,40,9.2,329.0,984.1,0.0
2024-06-06T09:00,34.4,33,17.7,348.0,984.7,0.0
2024-06-06T10:00,35.8,27,11.0,341.0,984.0,0.0
2024-06-06T11:00,37.4,24,10.2,342.0,983.2,0.0
2024-06-06T12:00,38.3,24,10.6,350.0,982.2,0.0
2024-06-06T13:00,39.4,22,10.8,345.0,981.2,0.0
2024-06-06T14:00,40.5,20,11.0,311.0,980.2,0.0
2024-06-06T15:00,40.8,19,11.3,307.0,979.2,0.0
2024-06-06T16:00,40.6,19,10.1,305.0,978.4,0.0
2024-06-06T17:00,39.8,20,8.4,317.0,978.0,0.0
2024-06-06T18:00,38.3,16,15.5,359.0,978.1,0.0
2024-06-06T19:00,36.5,20,15.7,9.0,978.1,0.0
2024-06-06T20:00,35.1,24,15.4,11.0,978.7,0.0
2024-06-06T21:00,34.2,28,10.5,8.0,979.1,0.0
2024-06-06T22:00,33.1,31,5.9,346.0,979.1,0.0
2024-06-06T23:00,32.5,33,5.8,330.0,979.0,0.0
2024-06-07T00:00,31.7,35,6.1,320.0,978.6,0.0
2024-06-07T01:00,30.6,38,5.4,312.0,978.0,0.0
2024-06-07T02:00,30.2,39,5.2,295.0,977.9,0.0
2024-06-07T03:00,29.6,40,5.5,293.0,977.9,0.0
2024-06-07T04:00,29.2,41,4.7,279.0,978.2,0.0
2024-06-07T05:00,28.9,41,6.7,286.0,978.8,0.0
2024-06-07T06:00,30.6,46,10.8,296.0,979.9,0.0
2024-06-07T07:00,32.2,42,10.7,290.0,980.1,0.0
2024-06-07T08:00,34.0,38,12.5,288.0,980.4,0.0
2024-06-07T09:00,36.0,33,12.0,291.0,980.5,0.0
2024-06-07T10:00,37.9,27,13.0,298.0,980.3,0.0
2024-06-07T11:00,39.4,23,14.8,304.0,979.8,0.0
2024-06-07T12:00,40.7,21,15.9,303.0,978.9,0.0
2024-06-07T13:00,41.7,18,17.0,302.0,977.9,0.0
2024-06-07T14:00,42.2,17,19.6,306.0,976.7,0.0
2024-06-07T15:00,42.2,16,16.5,306.0,975.6,0.0
2024-06-07T16:00,41.5,16,15.0,297.0,974.9,0.0
2024-06-07T17:00,40.9,16,15.9,308.0,974.8,0.0
2024-06-07T18:00,35.9,29,15.4,323.0,975.8,0.0
2024-06-07T19:00,35.1,29,10.4,316.0,975.8,0.0
2024-06-07T20:00,34.6,28,13.0,326.0,976.4,0.0
2024-06-07T21:00,34.0,29,11.0,322.0,977.0,0.0
2024-06-07T22:00,33.4,30,10.5,322.0,977.2,0.0
2024-06-07T23:00,32.4,31,9.2,315.0,977.3,0.0
2024-06-08T00:00,31.7,32,8.4,310.0,977.0,0.0
2024-06-08T01:00,30.9,34,7.6,301.0,976.6,0.0
2024-06-08T02:00,30.2,35,7.3,303.0,976.4,0.0
2024-06-08T03:00,29.7,36,10.7,290.0,976.5,0.0
2024-06-08T04:00,29.1,37,11.3,287.0,976.7,0.0
2024-06-08T05:00,28.3,39,9.6,283.0,977.0,0.0
2024-06-08T06:00,29.6,42,10.1,270.0,978.3,0.0
2024-06-08T07:00,31.5,38,11.7,279.0,979.0,0.0
2024-06-08T08:00,34.2,33,14.6,290.0,979.3,0.0
2024-06-08T09:00,36.7,27,18.0,303.0,979.3,0.0
2024-06-08T10:00,38.7,20,20.6,316.0,978.9,0.0
2024-06-08T11:00,40.1,17,21.6,327.0,978.4,0.0
2024-06-08T12:00,39.4,18,22.9,332.0,977.8,0.0
2024-06-08T13:00,40.0,18,23.1,321.0,977.3,0.0
2024-06-08T14:00,40.2,18,17.3,315.0,976.9,0.0
2024-06-08T15:00,39.5,18,12.9,306.0,976.2,0.0
2024-06-08T16:00,39.6,18,14.6,322.0,975.1,0.0
2024-06-08T17:00,39.1,18,11.3,323.0,974.7,0.0
2024-06-08T18:00,38.1,21,6.5,357.0,975.1,0.0
2024-06-08T19:00,35.8,24,6.5,19.0,975.3,0.0
2024-06-08T20:00,34.2,26,6.6,13.0,976.0,0.0
2024-06-08T21:00,33.3,27,10.7,348.0,976.8,0.0
2024-06-08T22:00,32.5,30,11.3,338.0,976.8,0.0
2024-06-08T23:00,31.6,32,10.4,326.0,977.0,0.0
2024-06-09T00:00,30.8,34,9.5,323.0,977.0,0.0
2024-06-09T01:00,30.1,35,9.1,326.0,976.4,0.0
2024-06-09T02:00,29.7,36,9.4,328.0,976.4,0.0
2024-06-09T03:00,29.6,35,10.6,332.0,976.4,0.0
2024-06-09T04:00,29.0,36,11.5,321.0,976.5,0.0
2024-06-09T05:00,28.3,38,11.5,311.0,976.5,0.0
2024-06-09T06:00,29.0,41,10.9,276.0,978.1,0.0
2024-06-09T07:00,31.0,37,10.5,286.0,978.5,0.0
2024-06-09T08:00,33.6,31,13.7,305.0,979.1,0.0
2024-06-09T09:00,36.0,26,17.3,317.0,979.2,0.0
2024-06-09T10:00,37.9,21,17.9,322.0,979.0,0.0
2024-06-09T11:00,39.5,18,16.4,322.0,978.5,0.0
2024-06-09T12:00,40.9,15,15.3,319.0,977.7,0.0
2024-06-09T13:00,41.8,13,15.8,319.0,976.7,0.0
2024-06-09T14:00,42.2,12,16.5,316.0,976.0,0.0
2024-06-09T15:00,42.2,11,16.1,318.0,975.3,0.0
2024-06-09T16:00,41.7,11,16.3,317.0,974.9,0.0
2024-06-09T17:00,41.0,11,13.0,316.0,974.4,0.0
2024-06-09T18:00,39.4,9,11.1,335.0,975.1,0.0
2024-06-09T19:00,36.2,12,10.0,319.0,975.1,0.0
2024-06-09T20:00,34.9,13,9.4,313.0,975.6,0.0
2024-06-09T21:00,33.1,15,7.9,294.0,976.3,0.0
2024-06-09T22:00,31.9,17,7.2,288.0,976.5,0.0
2024-06-09T23:00,31.7,17,7.6,295.0,976.6,0.0
2024-06-10T00:00,31.3,17,8.2,299.0,976.5,0.0
2024-06-10T01:00,30.5,18,7.7,298.0,976.3,0.0
2024-06-10T02:00,29.8,20,7.1,300.0,976.2,0.0
2024-06-10T03:00,29.3,21,8.1,302.0,976.2,0.0
2024-06-10T04:00,28.7,23,8.3,304.0,976.3,0.0
2024-06-10T05:00,27.9,25,8.6,292.0,976.7,0.0
2024-06-10T06:00,29.2,29,10.1,264.0,977.6,0.0
2024-06-10T07:00,31.1,27,9.2,249.0,978.4,0.0
2024-06-10T08:00,33.8,24,9.4,266.0,979.0,0.0
2024-06-10T09:00,36.5,21,10.0,283.0,979.0,0.0
2024-06-10T10:00,38.8,18,11.6,300.0,978.8,0.0
2024-06-10T11:00,40.5,15,12.4,306.0,978.6,0.0
2024-06-10T12:00,41.8,13,12.5,311.0,977.9,0.0
2024-06-10T13:00,42.7,13,13.5,314.0,976.9,0.0
2024-06-10T14:00,43.0,13,13.8,311.0,976.1,0.0
2024-06-10T15:00,42.7,13,15.3,300.0,975.5,0.0
2024-06-10T16:00,42.2,13,15.8,291.0,975.4,0.0
2024-06-10T17:00,41.5,14,15.1,295.0,975.2,0.0
2024-06-10T18:00,40.4,14,11.7,315.0,975.6,0.0
2024-06-10T19:00,38.5,15,10.4,314.0,975.8,0.0
2024-06-10T20:00,37.0,16,9.4,293.0,976.2,0.0
2024-06-10T21:00,36.2,17,9.7,297.0,976.4,0.0
2024-06-10T22:00,35.5,18,10.6,305.0,976.8,0.0
2024-06-10T23:00,34.6,19,11.3,307.0,976.8,0.0
2024-06-11T00:00,33.7,19,11.2,303.0,976.5,0.0
2024-06-11T01:00,32.3,20,10.3,295.0,975.9,0.0
2024-06-11T02:00,31.5,21,8.3,288.0,975.5,0.0
2024-06-11T03:00,30.4,23,7.6,270.0,975.6,0.0
2024-06-11T04:00,29.4,25,7.2,270.0,975.9,0.0
2024-06-11T05:00,28.9,27,7.3,250.0,976.2,0.0
2024-06-11T06:00,29.9,33,9.3,254.0,977.9,0.0
2024-06-11T07:00,32.0,30,8.4,263.0,978.3,0.0
2024-06-11T08:00,34.7,26,8.3,270.0,978.6,0.0
2024-06-11T09:00,37.3,22,8.2,299.0,978.8,0.0
2024-06-11T10:00,39.2,20,9.9,316.0,978.6,0.0
2024-06-11T11:00,40.8,17,10.7,315.0,978.1,0.0
2024-06-11T12:00,42.1,15,11.2,303.0,977.5,0.0
2024-06-11T13:00,43.0,13,12.9,300.0,976.5,0.0
2024-06-11T14:00,43.2,12,13.4,290.0,975.7,0.0
2024-06-11T15:00,43.1,12,14.3,280.0,975.0,0.0
2024-06-11T16:00,42.6,11,12.4,278.0,974.6,0.0
2024-06-11T17:00,41.8,11,12.5,309.0,974.0,0.0
2024-06-11T18:00,40.5,13,7.7,319.0,974.6,0.0
2024-06-11T19:00,37.5,15,8.7,315.0,974.6,0.0
2024-06-11T20:00,36.5,16,10.7,312.0,975.1,0.0
2024-06-11T21:00,34.6,17,9.4,293.0,975.4,0.0
2024-06-11T22:00,34.1,18,9.2,301.0,975.9,0.0
2024-06-11T23:00,32.4,20,7.7,298.0,975.6,0.0
2024-06-12T00:00,31.6,21,7.1,294.0,975.3,0.0
2024-06-12T01:00,30.7,23,6.5,276.0,975.1,0.0
2024-06-12T02:00,30.3,23,3.6,276.0,975.1,0.0
2024-06-12T03:00,29.7,24,5.2,254.0,975.4,0.0
2024-06-12T04:00,29.1,25,6.5,236.0,975.7,0.0
2024-06-12T05:00,28.8,26,8.9,256.0,975.9,0.0
2024-06-12T06:00,30.7,29,14.2,286.0,977.5,0.0
2024-06-12T07:00,32.8,26,13.8,264.0,978.2,0.0
2024-06-12T08:00,36.0,22,14.4,273.0,978.7,0.0
2024-06-12T09:00,38.8,18,16.8,280.0,978.9,0.0
2024-06-12T10:00,40.6,16,17.7,282.0,978.8,0.0
2024-06-12T11:00,42.0,14,16.9,282.0,978.2,0.0
2024-06-12T12:00,43.2,12,16.6,292.0,977.4,0.0
2024-06-12T13:00,43.9,11,16.4,299.0,976.7,0.0
2024-06-12T14:00,44.1,10,15.8,297.0,975.8,0.0
2024-06-12T15:00,44.1,10,13.2,296.0,974.8,0.0
2024-06-12T16:00,44.0,10,12.9,288.0,974.0,0.0
2024-06-12T17:00,43.4,10,12.1,300.0,973.3,0.0
2024-06-12T18:00,41.0,13,5.6,297.0,973.6,0.0
2024-06-12T19:00,37.4,16,10.8,296.0,973.7,0.0
2024-06-12T20:00,36.9,15,10.6,298.0,974.2,0.0
2024-06-12T21:00,36.6,15,12.5,316.0,975.2,0.0
2024-06-12T22:00,36.0,15,13.4,324.0,975.4,0.0
2024-06-12T23:00,35.1,16,10.0,308.0,975.1,0.0
2024-06-13T00:00,33.4,18,8.8,251.0,975.1,0.0
2024-06-13T01:00,32.6,19,9.0,268.0,975.0,0.0
2024-06-13T02:00,31.6,21,12.0,261.0,974.9,0.0
2024-06-13T03:00,30.9,21,15.4,259.0,974.8,0.0
2024-06-13T04:00,30.5,21,18.0,272.0,975.7,0.0
2024-06-13T05:00,29.6,23,9.9,289.0,976.1,0.0
2024-06-13T06:00,32.6,38,16.7,277.0,977.0,0.0
2024-06-13T07:00,34.4,36,20.2,274.0,977.3,0.0
2024-06-13T08:00,36.3,31,26.6,283.0,977.4,0.0
2024-06-13T09:00,38.4,27,28.1,289.0,977.4,0.0
2024-06-13T10:00,40.3,22,26.1,290.0,977.3,0.0
2024-06-13T11:00,42.2,18,24.8,298.0,976.6,0.0
2024-06-13T12:00,43.8,15,22.3,304.0,975.8,0.0
2024-06-13T13:00,44.7,11,21.8,308.0,974.7,0.0
2024-06-13T14:00,44.9,11,20.7,305.0,973.7,0.0
2024-06-13T15:00,44.7,11,22.0,305.0,972.7,0.0
2024-06-13T16:00,44.0,11,23.4,299.0,972.1,0.0
2024-06-13T17:00,43.2,12,23.3,283.0,972.1,0.0
2024-06-13T18:00,41.4,13,13.7,284.0,972.9,0.0
2024-06-13T19:00,38.9,16,11.9,267.0,973.1,0.0
2024-06-13T20:00,37.7,17,14.6,261.0,973.5,0.0
2024-06-13T21:00,36.6,21,16.2,253.0,974.1,0.0
2024-06-13T22:00,35.7,24,15.1,252.0,974.5,0.0
2024-06-13T23:00,35.2,24,17.3,253.0,974.7,0.0
2024-06-14T00:00,35.0,26,18.1,253.0,974.5,0.0
2024-06-14T01:00,34.6,27,18.0,258.0,973.9,0.0
2024-06-14T02:00,34.1,27,20.8,256.0,973.9,0.0
2024-06-14T03:00,34.2,26,22.8,265.0,974.1,0.0
2024-06-14T04:00,33.6,27,22.0,269.0,974.4,0.0
2024-06-14T05:00,32.8,29,20.2,272.0,975.0,0.0
2024-06-14T06:00,33.7,30,20.7,277.0,975.0,0.0
2024-06-14T07:00,35.0,30,22.7,280.0,975.7,0.0
2024-06-14T08:00,36.6,31,26.7,284.0,976.0,0.0
2024-06-14T09:00,38.1,32,31.5,286.0,976.4,0.0
2024-06-14T10:00,39.7,29,31.4,292.0,976.3,0.0
2024-06-14T11:00,40.6,27,30.1,296.0,975.7,0.0
2024-06-14T12:00,42.0,24,29.7,303.0,975.1,0.0
2024-06-14T13:00,43.1,20,24.6,309.0,974.3,0.0
2024-06-14T14:00,43.3,18,19.3,299.0,973.9,0.0
2024-06-14T15:00,43.4,17,19.4,288.0,973.2,0.0
2024-06-14T16:00,43.2,17,22.0,281.0,972.8,0.0
2024-06-14T17:00,42.0,19,25.4,288.0,972.6,0.0
2024-06-14T18:00,37.4,32,21.1,250.0,974.0,0.0
2024-06-14T19:00,36.5,34,16.5,238.0,974.1,0.0
2024-06-14T20:00,36.0,35,20.2,248.0,974.3,0.0
2024-06-14T21:00,35.7,35,16.4,244.0,974.8,0.0
2024-06-14T22:00,35.0,35,16.9,241.0,974.9,0.0
2024-06-14T23:00,34.4,35,18.0,250.0,975.1,0.0
2024-06-15T00:00,33.8,36,17.8,256.0,975.0,0.0
2024-06-15T01:00,33.6,35,18.4,258.0,974.6,0.0
2024-06-15T02:00,33.5,34,17.3,266.0,974.6,0.0
2024-06-15T03:00,33.1,33,19.1,270.0,974.8,0.0
2024-06-15T04:00,32.8,32,20.2,275.0,975.0,0.0
2024-06-15T05:00,32.2,34,19.4,281.0,975.4,0.0
2024-06-15T06:00,32.8,39,20.2,274.0,976.0,0.0
2024-06-15T07:00,34.1,37,21.7,276.0,976.6,0.0
2024-06-15T08:00,35.8,34,24.4,278.0,976.9,0.0
2024-06-15T09:00,37.7,31,27.1,284.0,976.7,0.0
2024-06-15T10:00,39.5,28,28.3,292.0,976.5,0.0
2024-06-15T11:00,41.0,25,27.4,297.0,976.1,0.0
2024-06-15T12:00,42.4,21,25.3,298.0,975.6,0.0
2024-06-15T13:00,43.0,18,23.5,299.0,974.8,0.0
2024-06-15T14:00,43.3,17,21.3,294.0,974.1,0.0
2024-06-15T15:00,43.3,17,20.3,283.0,973.4,0.0
2024-06-15T16:00,43.2,16,19.6,283.0,972.9,0.0
2024-06-15T17:00,42.7,17,20.5,292.0,972.4,0.0
2024-06-15T18:00,41.4,18,17.4,304.0,972.4,0.0
2024-06-15T19:00,39.5,20,12.9,300.0,972.5,0.0
2024-06-15T20:00,38.1,23,11.9,295.0,973.2,0.0
2024-06-15T21:00,37.1,25,11.2,303.0,973.9,0.0
2024-06-15T22:00,36.2,26,10.4,314.0,974.3,0.0
2024-06-15T23:00,35.3,28,10.7,312.0,974.5,0.0
2024-06-16T00:00,34.7,30,11.0,302.0,974.4,0.0
2024-06-16T01:00,33.6,32,12.9,257.0,974.4,0.0
2024-06-16T02:00,33.4,31,15.9,266.0,974.3,0.0
2024-06-16T03:00,33.2,32,15.9,265.0,974.7,0.0
2024-06-16T04:00,32.8,32,16.2,271.0,975.0,0.0
2024-06-16T05:00,32.8,30,16.9,281.0,975.5,0.0
2024-06-16T06:00,33.3,36,14.9,263.0,976.5,0.0
2024-06-16T07:00,35.1,33,17.3,275.0,977.0,0.0
2024-06-16T08:00,37.1,32,21.9,287.0,977.2,0.0
2024-06-16T09:00,38.9,30,24.3,294.0,977.2,0.0
2024-06-16T10:00,40.5,28,25.1,299.0,977.4,0.0
2024-06-16T11:00,42.0,25,24.0,298.0,976.9,0.0
2024-06-16T12:00,43.1,20,23.0,295.0,976.1,0.0
2024-06-16T13:00,43.7,18,23.0,287.0,975.4,0.0
2024-06-16T14:00,44.0,17,22.1,282.0,974.3,0.0
2024-06-16T15:00,44.1,17,23.3,279.0,973.6,0.0
2024-06-16T16:00,43.6,17,23.2,276.0,973.2,0.0
2024-06-16T17:00,43.0,17,23.2,277.0,972.8,0.0
2024-06-16T18:00,42.3,17,19.1,292.0,972.9,0.0
2024-06-16T19:00,40.5,19,14.5,293.0,973.4,0.0
2024-06-16T20:00,39.2,20,13.3,308.0,973.9,0.0
2024-06-16T21:00,37.8,22,10.0,296.0,974.5,0.0
2024-06-16T22:00,36.4,24,10.6,260.0,974.9,0.0
2024-06-16T23:00,36.0,25,10.9,278.0,974.9,0.0
2024-06-17T00:00,35.4,26,11.5,272.0,974.7,0.0
2024-06-17T01:00,34.9,27,11.9,265.0,974.2,0.0
2024-06-17T02:00,34.6,27,13.7,265.0,974.2,0.0
2024-06-17T03:00,34.6,29,16.9,268.0,974.4,0.0
2024-06-17T04:00,34.2,31,17.1,262.0,974.9,0.0
2024-06-17T05:00,33.7,34,17.8,262.0,975.3,0.0
2024-06-17T06:00,34.3,36,19.1,273.0,976.3,0.0
2024-06-17T07:00,36.0,34,19.9,283.0,976.9,0.0
2024-06-17T08:00,37.8,31,23.9,286.0,977.3,0.0
2024-06-17T09:00,39.2,28,25.5,289.0,977.5,0.0
2024-06-17T10:00,40.9,26,26.4,298.0,977.1,0.0
2024-06-17T11:00,42.2,24,26.1,294.0,976.9,0.0
2024-06-17T12:00,43.4,22,26.1,288.0,976.4,0.0
2024-06-17T13:00,43.6,21,26.5,285.0,975.5,0.0
2024-06-17T14:00,44.0,20,26.8,285.0,974.7,0.0
2024-06-17T15:00,43.9,20,26.6,283.0,973.9,0.0
2024-06-17T16:00,43.6,20,26.1,282.0,973.4,0.0
2024-06-17T17:00,43.1,20,24.6,282.0,972.8,0.0
2024-06-17T18:00,43.1,16,20.0,284.0,972.5,0.0
2024-06-17T19:00,41.3,18,15.5,273.0,973.0,0.0
2024-06-17T20:00,39.4,20,10.1,274.0,973.5,0.0
2024-06-17T21:00,38.0,22,9.4,270.0,974.0,0.0
2024-06-17T22:00,37.2,23,10.9,264.0,974.5,0.0
2024-06-17T23:00,36.5,23,10.9,264.0,974.4,0.0
2024-06-18T00:00,35.9,24,11.6,265.0,973.8,0.0
2024-06-18T01:00,35.2,25,12.4,262.0,973.5,0.0
2024-06-18T02:00,35.1,26,13.7,272.0,973.2,0.0
2024-06-18T03:00,34.9,28,15.9,266.0,973.4,0.0
2024-06-18T04:00,34.6,31,17.7,264.0,973.6,0.0
2024-06-18T05:00,34.5,32,19.8,271.0,974.1,0.0
2024-06-18T06:00,35.1,34,16.6,271.0,975.0,0.0
2024-06-18T07:00,36.7,33,20.8,280.0,975.3,0.0
2024-06-18T08:00,38.0,35,26.9,290.0,975.6,0.0
2024-06-18T09:00,39.4,33,30.9,295.0,975.6,0.0
2024-06-18T10:00,40.8,30,30.3,294.0,975.5,0.0
2024-06-18T11:00,42.1,27,28.2,289.0,975.0,0.0
2024-06-18T12:00,42.8,26,27.9,285.0,973.9,0.0
2024-06-18T13:00,43.5,24,26.2,283.0,973.0,0.0
2024-06-18T14:00,44.2,20,25.0,282.0,971.9,0.0
2024-06-18T15:00,44.0,20,24.2,281.0,971.0,0.0
2024-06-18T16:00,43.8,19,24.7,278.0,970.0,0.0
2024-06-18T17:00,43.1,19,25.3,281.0,969.5,0.0
2024-06-18T18:00,42.2,11,18.2,284.0,970.3,0.0
2024-06-18T19:00,39.8,14,12.7,278.0,970.5,0.0
2024-06-18T20:00,38.2,16,10.9,279.0,970.9,0.0
2024-06-18T21:00,37.1,18,11.2,266.0,971.5,0.0
2024-06-18T22:00,36.7,21,14.2,261.0,972.0,0.0
2024-06-18T23:00,36.4,23,15.9,267.0,972.1,0.0
2024-06-19T00:00,36.0,26,16.6,268.0,971.6,0.0
2024-06-19T01:00,35.6,30,14.3,260.0,971.2,0.0
2024-06-19T02:00,35.3,33,17.0,257.0,971.2,0.0
2024-06-19T03:00,35.3,37,21.9,261.0,971.3,0.0
2024-06-19T04:00,34.8,41,22.9,262.0,971.6,0.0
2024-06-19T05:00,34.4,44,23.4,267.0,972.3,0.0
2024-06-19T06:00,33.7,48,18.6,221.0,972.8,0.1
2024-06-19T07:00,33.8,49,20.0,210.0,972.9,0.0
2024-06-19T08:00,37.0,39,25.3,264.0,973.0,0.0
2024-06-19T09:00,36.6,40,32.1,274.0,973.6,0.0
2024-06-19T10:00,38.0,37,28.5,266.0,972.9,0.0
2024-06-19T11:00,39.8,34,27.1,284.0,972.6,0.2
2024-06-19T12:00,40.5,32,26.9,282.0,971.7,0.0
2024-06-19T13:00,39.6,32,23.2,263.0,971.6,0.5
2024-06-19T14:00,41.3,29,14.4,307.0,970.8,0.0
2024-06-19T15:00,41.3,28,21.3,298.0,970.3,0.0
2024-06-19T16:00,41.1,28,16.6,300.0,969.9,0.0
2024-06-19T17:00,40.4,27,17.8,306.0,969.6,0.0
2024-06-19T18:00,37.3,30,21.0,13.0,969.3,0.0
2024-06-19T19:00,37.8,27,4.3,265.0,970.2,0.0
2024-06-19T20:00,35.7,37,15.3,153.0,970.2,0.0
2024-06-19T21:00,35.3,37,9.8,172.0,970.7,0.0
2024-06-19T22:00,34.7,37,6.2,234.0,971.7,0.0
2024-06-19T23:00,34.1,37,4.6,309.0,971.9,0.0
2024-06-20T00:00,33.4,39,7.4,299.0,971.7,0.0
2024-06-20T01:00,33.6,36,4.2,211.0,970.9,0.0
2024-06-20T02:00,33.1,37,7.4,227.0,970.8,0.0
2024-06-20T03:00,33.5,35,11.7,236.0,971.1,0.0
2024-06-20T04:00,33.8,35,13.6,248.0,971.4,0.0
2024-06-20T05:00,33.5,38,14.5,263.0,971.7,0.0
2024-06-20T06:00,25.6,77,13.3,360.0,974.6,1.4
2024-06-20T07:00,25.5,89,11.0,41.0,974.2,3.2
2024-06-20T08:00,27.8,74,10.0,21.0,976.3,0.3
2024-06-20T09:00,29.2,66,12.7,82.0,976.3,0.0
2024-06-20T10:00,31.7,55,11.0,113.0,976.7,0.0
2024-06-20T11:00,33.9,48,8.7,138.0,976.3,0.0
2024-06-20T12:00,36.1,41,5.5,191.0,975.5,0.0
2024-06-20T13:00,37.7,37,6.4,207.0,974.1,0.0
2024-06-20T14:00,38.6,34,6.1,220.0,972.9,0.0
2024-06-20T15:00,39.3,33,5.4,228.0,971.7,0.0
2024-06-20T16:00,39.0,32,4.8,243.0,971.4,0.0
2024-06-20T17:00,38.9,31,5.6,255.0,971.3,0.0
2024-06-20T18:00,36.8,37,5.0,30.0,971.5,0.0
2024-06-20T19:00,36.1,38,7.0,35.0,972.3,0.0
2024-06-20T20:00,35.7,38,9.9,57.0,972.7,0.0
2024-06-20T21:00,35.3,39,8.7,97.0,973.4,0.0
2024-06-20T22:00,34.5,41,3.9,146.0,974.1,0.0
2024-06-20T23:00,34.1,44,3.3,49.0,974.7,0.0
2024-06-21T00:00,33.1,46,4.7,122.0,974.8,0.0
2024-06-21T01:00,32.4,49,3.7,79.0,974.6,0.0
2024-06-21T02:00,32.0,49,4.9,144.0,974.5,0.0
2024-06-21T03:00,31.5,56,9.5,205.0,974.6,0.0
2024-06-21T04:00,26.6,75,28.2,280.0,976.5,1.8
2024-06-21T05:00,25.4,79,18.7,1.0,976.3,0.2
2024-06-21T06:00,26.3,77,15.7,32.0,975.3,0.1
2024-06-21T07:00,28.0,69,6.0,147.0,976.0,0.0
2024-06-21T08:00,30.0,61,11.4,118.0,976.8,0.0
2024-06-21T09:00,32.1,53,10.8,120.0,977.7,0.0
2024-06-21T10:00,33.8,47,8.5,168.0,977.4,0.0
2024-06-21T11:00,33.9,46,8.2,221.0,977.0,0.0
2024-06-21T12:00,35.0,44,6.5,251.0,976.5,0.0
2024-06-21T13:00,37.0,39,7.3,303.0,975.7,0.0
2024-06-21T14:00,38.0,37,9.5,335.0,974.7,0.0
2024-06-21T15:00,38.1,36,9.4,7.0,973.5,0.0
2024-06-21T16:00,38.3,35,10.4,14.0,972.8,0.0
2024-06-21T17:00,37.8,35,13.2,17.0,972.4,0.0
2024-06-21T18:00,32.9,53,9.8,352.0,973.8,0.0
2024-06-21T19:00,32.3,55,7.3,303.0,974.6,0.0
2024-06-21T20:00,32.0,56,7.0,305.0,975.0,0.0
2024-06-21T21:00,31.8,56,7.6,289.0,975.8,0.0
2024-06-21T22:00,31.5,57,6.6,279.0,976.0,0.0
2024-06-21T23:00,31.3,57,6.4,313.0,975.8,0.0
2024-06-22T00:00,31.1,58,7.2,323.0,975.4,0.0
2024-06-22T01:00,30.8,59,6.5,341.0,975.1,0.0
2024-06-22T02:00,30.6,60,4.5,346.0,974.9,0.0
2024-06-22T03:00,30.3,62,4.0,10.0,974.8,0.0
2024-06-22T04:00,30.2,63,3.1,339.0,975.1,0.0
2024-06-22T05:00,30.1,63,3.6,354.0,975.2,0.0
2024-06-22T06:00,29.9,65,8.6,327.0,975.7,0.0
2024-06-22T07:00,31.0,60,10.4,346.0,976.4,0.0
2024-06-22T08:00,32.4,56,10.7,20.0,976.5,0.0
2024-06-22T09:00,33.5,53,9.7,45.0,976.7,0.0
2024-06-22T10:00,35.4,47,8.1,58.0,976.6,0.0
2024-06-22T11:00,36.8,41,6.1,40.0,976.3,0.0
2024-06-22T12:00,37.4,38,4.8,13.0,975.8,0.0
2024-06-22T13:00,36.7,38,5.7,342.0,975.1,0.0
2024-06-22T14:00,37.4,36,5.6,345.0,974.0,0.0
2024-06-22T15:00,38.4,34,6.5,3.0,973.1,0.0
2024-06-22T16:00,38.5,33,8.8,9.0,972.9,0.0
2024-06-22T17:00,37.8,34,10.1,358.0,972.7,0.0
2024-06-22T18:00,34.8,46,12.3,93.0,974.1,0.0
2024-06-22T19:00,34.0,49,10.7,102.0,974.8,0.0
2024-06-22T20:00,33.4,52,10.1,107.0,975.2,0.0
2024-06-22T21:00,33.0,54,7.2,87.0,976.0,0.0
2024-06-22T22:00,32.7,56,7.2,93.0,976.3,0.0
2024-06-22T23:00,32.3,57,8.0,95.0,976.4,0.0
2024-06-23T00:00,32.0,59,9.7,112.0,976.3,0.0
2024-06-23T01:00,31.7,60,10.3,119.0,976.3,0.0
2024-06-23T02:00,31.3,61,9.2,121.0,976.0,0.0
2024-06-23T03:00,30.9,63,7.6,121.0,975.7,0.0
2024-06-23T04:00,30.5,64,5.8,120.0,975.7,0.0
2024-06-23T05:00,30.2,65,7.3,101.0,976.1,0.0
2024-06-23T06:00,30.5,65,6.8,87.0,977.6,0.0
2024-06-23T07:00,31.9,63,14.4,93.0,978.6,0.0
2024-06-23T08:00,32.8,61,15.5,91.0,978.3,0.0
2024-06-23T09:00,34.1,56,14.0,116.0,978.3,0.0
2024-06-23T10:00,35.4,52,12.9,108.0,978.1,0.0
2024-06-23T11:00,36.8,46,11.5,94.0,977.7,0.0
2024-06-23T12:00,38.1,43,11.9,85.0,976.8,0.0
2024-06-23T13:00,38.9,39,10.8,75.0,975.8,0.0
2024-06-23T14:00,39.4,37,10.9,63.0,974.5,0.0
2024-06-23T15:00,39.5,35,9.4,47.0,973.5,0.0
2024-06-23T16:00,37.3,37,9.2,48.0,973.3,0.2
2024-06-23T17:00,37.4,38,9.0,74.0,972.9,0.1
2024-06-23T18:00,36.9,40,7.6,98.0,973.3,0.0
2024-06-23T19:00,36.1,42,7.0,102.0,974.0,0.0
2024-06-23T20:00,35.5,45,8.7,97.0,974.4,0.0
2024-06-23T21:00,34.7,48,10.9,96.0,974.9,0.0
2024-06-23T22:00,34.0,50,12.0,106.0,975.3,0.0
2024-06-23T23:00,33.3,54,13.2,119.0,975.7,0.0
2024-06-24T00:00,32.8,56,12.4,116.0,975.4,0.0
2024-06-24T01:00,32.4,58,10.3,115.0,975.1,0.0
2024-06-24T02:00,31.9,60,7.7,118.0,974.6,0.0
2024-06-24T03:00,31.5,61,5.9,133.0,974.3,0.0
2024-06-24T04:00,31.3,62,5.1,135.0,974.5,0.0
2024-06-24T05:00,31.0,63,5.5,122.0,974.8,0.0
2024-06-24T06:00,32.3,62,2.6,106.0,975.7,0.0
2024-06-24T07:00,33.6,58,3.3,139.0,976.5,0.0
2024-06-24T08:00,34.5,54,9.1,83.0,976.8,0.0
2024-06-24T09:00,32.8,61,6.6,135.0,976.5,1.7
2024-06-24T10:00,33.8,57,6.6,99.0,976.7,0.0
2024-06-24T11:00,35.3,52,7.2,84.0,976.5,0.0
2024-06-24T12:00,37.3,45,7.0,78.0,975.6,0.0
2024-06-24T13:00,38.5,40,5.5,67.0,974.6,0.0
2024-06-24T14:00,39.3,37,5.0,69.0,973.5,0.0
2024-06-24T15:00,39.5,35,4.9,36.0,972.3,0.0
2024-06-24T16:00,39.4,35,7.8,22.0,971.8,0.0
2024-06-24T17:00,38.3,36,13.8,62.0,971.9,0.0
2024-06-24T18:00,33.5,54,15.1,90.0,973.5,0.0
2024-06-24T19:00,33.0,56,13.1,81.0,973.4,0.0
2024-06-24T20:00,32.5,59,13.0,104.0,973.9,0.0
2024-06-24T21:00,32.1,60,9.4,113.0,974.3,0.0
2024-06-24T22:00,31.8,62,7.0,111.0,974.5,0.0
2024-06-24T23:00,31.5,63,7.4,104.0,974.6,0.0
2024-06-25T00:00,31.2,65,9.1,99.0,974.4,0.0
2024-06-25T01:00,30.9,67,9.5,101.0,974.1,0.0
2024-06-25T02:00,30.4,70,8.7,95.0,973.5,0.0
2024-06-25T03:00,30.1,73,9.3,103.0,973.5,0.0
2024-06-25T04:00,29.9,75,8.8,99.0,973.7,0.0
2024-06-25T05:00,29.8,76,9.5,119.0,974.4,0.0
2024-06-25T06:00,30.1,78,4.3,138.0,975.4,0.0
2024-06-25T07:00,31.2,74,3.1,135.0,975.3,0.0
2024-06-25T08:00,32.6,68,2.1,239.0,975.2,0.0
2024-06-25T09:00,33.4,63,5.9,47.0,975.8,0.1
2024-06-25T10:00,34.8,55,7.9,66.0,975.3,0.2
2024-06-25T11:00,30.5,73,13.1,122.0,975.1,3.5
2024-06-25T12:00,32.5,64,4.1,142.0,974.6,0.0
2024-06-25T13:00,34.0,59,5.3,152.0,973.6,0.1
2024-06-25T14:00,35.0,56,6.0,147.0,972.9,0.1
2024-06-25T15:00,35.8,52,3.9,146.0,972.1,0.0
2024-06-25T16:00,36.2,50,4.5,119.0,971.3,0.0
2024-06-25T17:00,36.2,49,6.7,126.0,971.1,0.0
2024-06-25T18:00,36.6,44,10.4,104.0,971.7,0.0
2024-06-25T19:00,35.6,48,10.2,108.0,972.4,0.0
2024-06-25T20:00,34.5,53,15.3,135.0,973.0,0.0
2024-06-25T21:00,33.1,60,12.0,159.0,973.4,0.0
2024-06-25T22:00,32.7,62,10.5,164.0,973.7,0.0
2024-06-25T23:00,32.4,64,11.3,158.0,974.1,0.0
2024-06-26T00:00,32.1,66,7.4,157.0,973.7,0.0
2024-06-26T01:00,31.8,68,6.5,161.0,973.0,0.0
2024-06-26T02:00,30.3,75,7.6,149.0,972.9,1.9
2024-06-26T03:00,27.7,86,10.3,119.0,973.7,7.5
2024-06-26T04:00,27.8,87,3.4,58.0,972.9,0.1
2024-06-26T05:00,26.8,93,19.4,132.0,974.8,8.2
2024-06-26T06:00,29.2,87,7.4,14.0,974.1,1.0
2024-06-26T07:00,30.1,82,2.9,270.0,975.0,0.3
2024-06-26T08:00,29.2,88,9.8,73.0,975.8,0.5
2024-06-26T09:00,28.2,90,12.5,78.0,975.7,3.3
2024-06-26T10:00,28.6,86,14.3,108.0,975.9,0.5
2024-06-26T11:00,30.5,76,10.0,111.0,975.7,0.0
2024-06-26T12:00,32.4,68,12.6,92.0,974.6,0.0
2024-06-26T13:00,33.0,65,13.7,88.0,973.8,0.0
2024-06-26T14:00,34.3,59,13.7,88.0,973.3,0.0
2024-06-26T15:00,34.2,58,13.7,90.0,972.7,0.0
2024-06-26T16:00,34.3,57,13.0,93.0,972.1,0.0
2024-06-26T17:00,34.0,58,11.5,104.0,971.7,0.0
2024-06-26T18:00,32.9,63,14.7,118.0,973.3,0.0
2024-06-26T19:00,32.1,65,11.9,125.0,974.3,0.0
2024-06-26T20:00,31.5,68,10.8,120.0,975.1,0.0
2024-06-26T21:00,31.3,69,11.1,119.0,975.8,0.0
2024-06-26T22:00,30.8,72,11.0,109.0,976.2,0.0
2024-06-26T23:00,30.5,74,11.6,95.0,976.7,0.0
2024-06-27T00:00,30.1,76,12.6,90.0,976.2,0.0
2024-06-27T01:00,29.5,78,12.8,80.0,975.5,0.0
2024-06-27T02:00,27.0,89,21.7,79.0,976.2,2.7
2024-06-27T03:00,26.6,93,19.1,94.0,975.8,1.8
2024-06-27T04:00,25.5,96,20.3,103.0,976.9,2.6
2024-06-27T05:00,25.4,95,16.5,110.0,977.3,1.1
2024-06-27T06:00,27.0,91,14.7,101.0,977.5,0.1
2024-06-27T07:00,27.4,87,17.0,103.0,978.3,0.1
2024-06-27T08:00,26.7,90,16.6,124.0,978.3,0.6
2024-06-27T09:00,27.4,90,10.9,117.0,977.8,0.7
2024-06-27T10:00,28.3,86,13.1,99.0,978.1,0.5
2024-06-27T11:00,28.9,81,13.4,110.0,978.5,0.3
2024-06-27T12:00,29.4,79,16.7,115.0,978.1,0.2
2024-06-27T13:00,28.6,83,15.6,128.0,977.3,0.4
2024-06-27T14:00,29.2,81,12.5,136.0,976.2,0.2
2024-06-27T15:00,29.3,81,14.0,119.0,975.5,0.1
2024-06-27T16:00,29.1,82,12.7,105.0,974.8,0.1
2024-06-27T17:00,29.6,78,11.3,112.0,974.7,0.0
2024-06-27T18:00,30.4,72,14.0,125.0,975.2,0.0
2024-06-27T19:00,29.8,74,10.5,117.0,975.7,0.0
2024-06-27T20:00,29.3,77,9.5,115.0,976.3,0.0
2024-06-27T21:00,29.0,80,6.5,124.0,977.2,0.0
2024-06-27T22:00,28.6,82,5.7,108.0,977.9,0.0
2024-06-27T23:00,28.2,85,5.8,94.0,978.1,0.0
2024-06-28T00:00,28.0,86,9.2,79.0,977.6,0.0
2024-06-28T01:00,27.7,88,9.7,75.0,976.8,0.0
2024-06-28T02:00,27.6,89,9.9,80.0,976.8,0.0
2024-06-28T03:00,25.6,96,14.8,96.0,977.3,5.2
2024-06-28T04:00,25.7,95,8.6,105.0,976.7,0.3
2024-06-28T05:00,25.7,96,9.4,94.0,976.8,0.3
2024-06-28T06:00,25.9,95,10.8,94.0,977.6,2.9
2024-06-28T07:00,25.9,96,9.5,79.0,977.3,3.4
2024-06-28T08:00,25.9,95,10.0,116.0,977.3,3.2
2024-06-28T09:00,25.8,95,10.9,134.0,977.6,2.2
2024-06-28T10:00,26.3,93,11.0,139.0,977.5,1.5
2024-06-28T11:00,27.1,89,8.2,157.0,977.0,0.9
2024-06-28T12:00,28.2,83,6.9,152.0,976.6,0.5
2024-06-28T13:00,28.6,80,7.7,139.0,975.5,0.3
2024-06-28T14:00,29.3,76,6.4,153.0,974.7,0.1
2024-06-28T15:00,29.9,73,5.4,176.0,974.2,0.1
2024-06-28T16:00,30.4,71,3.6,186.0,973.5,0.0
2024-06-28T17:00,30.6,71,6.2,173.0,973.1,0.0
2024-06-28T18:00,30.4,72,10.1,163.0,973.6,0.0
2024-06-28T19:00,29.4,77,7.9,164.0,974.0,0.0
2024-06-28T20:00,28.8,80,8.1,148.0,974.8,0.0
2024-06-28T21:00,28.5,83,8.1,148.0,975.7,0.0
2024-06-28T22:00,28.2,84,6.8,162.0,975.8,0.0
2024-06-28T23:00,27.8,85,7.6,183.0,975.4,0.0
2024-06-29T00:00,27.6,86,8.3,175.0,974.9,0.0
2024-06-29T01:00,27.3,87,6.5,177.0,974.6,0.0
2024-06-29T02:00,27.0,89,3.6,174.0,973.9,0.0
2024-06-29T03:00,26.8,90,4.6,108.0,974.1,0.0
2024-06-29T04:00,26.6,91,6.8,115.0,974.3,0.0
2024-06-29T05:00,26.5,92,5.9,133.0,974.4,0.0
2024-06-29T06:00,26.8,93,4.2,211.0,975.2,3.1
2024-06-29T07:00,27.0,90,10.6,156.0,975.7,3.5
2024-06-29T08:00,27.7,88,11.7,198.0,975.8,0.5
2024-06-29T09:00,29.4,79,10.4,214.0,975.5,0.0
2024-06-29T10:00,31.5,71,8.5,234.0,975.6,0.1
2024-06-29T11:00,32.5,68,6.2,249.0,975.6,0.2
2024-06-29T12:00,32.9,67,7.5,287.0,975.3,0.3
2024-06-29T13:00,32.1,68,9.2,291.0,974.6,3.2
2024-06-29T14:00,30.5,77,11.3,233.0,974.2,7.3
2024-06-29T15:00,29.8,78,3.4,328.0,973.0,0.7
2024-06-29T16:00,30.5,76,4.0,90.0,972.7,0.0
2024-06-29T17:00,30.6,77,7.1,131.0,972.6,0.0
2024-06-29T18:00,31.1,70,5.0,339.0,973.5,0.0
2024-06-29T19:00,30.6,74,2.9,360.0,973.7,0.0
2024-06-29T20:00,30.0,76,4.6,162.0,974.2,0.0
2024-06-29T21:00,29.7,77,7.2,177.0,975.0,0.0
2024-06-29T22:00,29.5,78,9.8,197.0,975.3,0.0
2024-06-29T23:00,29.2,79,11.4,193.0,975.4,0.0
2024-06-30T00:00,29.0,79,9.0,217.0,974.8,0.0
2024-06-30T01:00,28.9,80,9.2,225.0,974.4,0.0
2024-06-30T02:00,28.6,81,5.0,240.0,974.0,0.0
2024-06-30T03:00,28.6,81,1.1,72.0,974.3,0.1
2024-06-30T04:00,27.6,91,4.0,5.0,974.8,1.5
2024-06-30T05:00,27.3,93,3.9,22.0,974.9,0.0
2024-06-30T06:00,27.1,88,5.0,60.0,974.8,0.0
2024-06-30T07:00,28.0,84,4.5,61.0,975.3,0.0
2024-06-30T08:00,29.2,81,4.1,52.0,975.5,0.0
2024-06-30T09:00,30.6,74,6.5,357.0,975.7,0.1
2024-06-30T10:00,31.2,74,7.3,340.0,975.5,0.2
2024-06-30T11:00,32.8,67,8.1,328.0,975.3,0.0
2024-06-30T12:00,33.1,66,7.1,330.0,974.5,0.0
2024-06-30T13:00,33.5,65,6.4,333.0,973.7,0.1
2024-06-30T14:00,34.4,60,6.8,335.0,972.5,0.0
2024-06-30T15:00,34.8,58,7.2,323.0,971.5,0.0
2024-06-30T16:00,34.8,57,5.2,295.0,971.1,0.0
2024-06-30T17:00,34.6,58,5.2,258.0,970.7,0.0
2024-06-30T18:00,33.2,64,4.3,90.0,971.4,0.0
2024-06-30T19:00,32.0,71,3.3,174.0,971.9,0.0
2024-06-30T20:00,31.4,73,5.5,191.0,972.4,0.0
2024-06-30T21:00,30.7,75,7.4,157.0,973.3,0.0
2024-06-30T22:00,30.2,76,11.2,174.0,973.3,0.0
2024-06-30T23:00,26.8,90,15.6,304.0,974.8,9.9
2024-07-01T00:00,26.5,92,4.8,167.0,973.6,7.1
2024-07-01T01:00,26.4,93,3.9,124.0,973.4,0.4
2024-07-01T02:00,26.2,95,6.8,58.0,973.2,0.2
2024-07-01T03:00,26.1,94,3.3,257.0,973.1,2.2
2024-07-01T04:00,26.0,96,8.4,31.0,972.9,0.2
2024-07-01T05:00,25.9,96,5.4,110.0,973.0,0.1
2024-07-01T06:00,27.9,87,6.8,288.0,972.3,0.0
2024-07-01T07:00,28.7,83,7.4,313.0,972.9,0.0
2024-07-01T08:00,29.8,79,9.2,312.0,973.3,0.0
2024-07-01T09:00,31.1,73,11.8,308.0,973.5,0.2
2024-07-01T10:00,32.0,70,9.2,315.0,973.2,0.1
2024-07-01T11:00,33.0,67,8.4,310.0,972.8,0.0
2024-07-01T12:00,31.7,71,10.1,270.0,972.2,0.8
2024-07-01T13:00,32.3,69,5.2,254.0,971.0,0.0
2024-07-01T14:00,33.7,66,6.8,267.0,970.0,0.0
2024-07-01T15:00,34.1,63,9.4,268.0,969.3,0.0
2024-07-01T16:00,33.7,66,7.7,229.0,968.7,0.2
2024-07-01T17:00,33.8,65,7.2,198.0,968.5,0.0
2024-07-01T18:00,32.5,66,7.7,307.0,968.9,0.0
2024-07-01T19:00,31.1,77,4.3,318.0,969.9,0.0
2024-07-01T20:00,30.7,82,1.5,76.0,970.7,0.0
2024-07-01T21:00,30.4,77,5.4,132.0,971.2,0.0
2024-07-01T22:00,30.0,80,8.6,158.0,971.3,0.0
2024-07-01T23:00,29.4,81,10.9,189.0,970.7,0.0
2024-07-02T00:00,28.1,84,9.2,169.0,971.3,0.4
2024-07-02T01:00,27.4,92,11.2,180.0,970.7,1.0
2024-07-02T02:00,26.4,95,9.2,228.0,970.8,4.3
2024-07-02T03:00,26.5,93,4.0,190.0,970.3,5.7
2024-07-02T04:00,26.4,94,6.3,167.0,970.8,0.2
2024-07-02T05:00,26.4,94,4.6,141.0,970.6,0.0
2024-07-02T06:00,28.2,87,5.2,245.0,969.8,0.2
2024-07-02T07:00,28.6,85,3.1,225.0,970.5,0.0
2024-07-02T08:00,29.9,79,8.4,211.0,971.0,0.0
2024-07-02T09:00,29.8,80,4.2,121.0,972.2,0.1
2024-07-02T10:00,29.1,83,4.8,153.0,972.3,0.6
2024-07-02T11:00,29.5,82,6.4,164.0,971.6,0.1
2024-07-02T12:00,30.6,79,6.1,177.0,971.3,0.0
2024-07-02T13:00,32.0,74,6.2,173.0,970.7,0.0
2024-07-02T14:00,32.5,73,6.5,177.0,970.0,0.0
2024-07-02T15:00,33.2,70,6.7,196.0,969.2,0.0
2024-07-02T16:00,33.6,68,7.2,198.0,969.2,0.0
2024-07-02T17:00,33.3,68,7.6,180.0,969.2,0.0
2024-07-02T18:00,29.7,85,8.3,178.0,969.5,0.1
2024-07-02T19:00,29.3,86,14.9,187.0,969.9,0.0
2024-07-02T20:00,28.8,84,12.6,177.0,970.7,0.0
2024-07-02T21:00,28.5,87,11.5,166.0,971.5,0.0
2024-07-02T22:00,27.5,92,7.9,137.0,972.6,1.0
2024-07-02T23:00,27.5,93,10.1,153.0,972.1,0.4
2024-07-03T00:00,27.2,95,14.4,148.0,972.1,0.0
2024-07-03T01:00,26.7,96,16.1,141.0,972.1,0.1
2024-07-03T02:00,26.2,97,10.2,148.0,972.2,0.5
2024-07-03T03:00,26.1,96,7.9,129.0,972.1,0.1
2024-07-03T04:00,26.1,96,7.6,188.0,972.0,0.0
2024-07-03T05:00,26.0,96,6.9,137.0,972.5,0.0
2024-07-03T06:00,29.3,80,11.7,281.0,971.9,0.0
2024-07-03T07:00,29.6,79,8.1,238.0,971.7,0.1
2024-07-03T08:00,30.9,74,4.4,261.0,972.4,0.0
2024-07-03T09:00,32.2,70,2.5,270.0,973.2,0.0
2024-07-03T10:00,32.4,70,3.4,72.0,974.1,0.2
2024-07-03T11:00,31.5,74,5.4,160.0,974.0,0.9
2024-07-03T12:00,32.1,73,6.3,156.0,973.6,0.0
2024-07-03T13:00,32.6,72,5.0,150.0,973.1,0.0
2024-07-03T14:00,32.9,71,7.4,137.0,972.4,0.0
2024-07-03T15:00,32.6,72,10.3,126.0,971.7,0.0
2024-07-03T16:00,32.8,71,12.2,135.0,971.9,0.0
2024-07-03T17:00,32.4,72,13.1,143.0,971.9,0.0
2024-07-03T18:00,28.4,83,12.8,122.0,973.6,0.0
2024-07-03T19:00,27.7,87,10.8,143.0,974.0,0.2
2024-07-03T20:00,27.3,90,8.2,157.0,974.5,0.1
2024-07-03T21:00,27.2,91,8.1,135.0,975.1,0.2
2024-07-03T22:00,27.0,96,2.9,120.0,976.7,0.1
2024-07-03T23:00,27.0,93,4.9,126.0,976.0,0.0
2024-07-04T00:00,26.7,95,2.1,149.0,975.9,0.0
2024-07-04T01:00,26.5,97,6.6,68.0,975.3,0.0
2024-07-04T02:00,26.4,95,8.2,52.0,974.9,0.1
2024-07-04T03:00,26.1,95,9.8,62.0,974.8,0.0
2024-07-04T04:00,25.9,96,8.0,54.0,974.8,0.0
2024-07-04T05:00,25.7,96,9.4,50.0,975.3,0.2
2024-07-04T06:00,25.5,95,7.7,62.0,976.7,2.4
2024-07-04T07:00,25.5,95,7.8,56.0,977.0,2.1
2024-07-04T08:00,25.7,95,8.2,61.0,977.3,0.8
2024-07-04T09:00,26.5,91,9.5,81.0,977.2,0.5
2024-07-04T10:00,28.7,78,9.8,82.0,977.3,0.4
2024-07-04T11:00,28.7,78,7.6,65.0,977.1,0.1
2024-07-04T12:00,29.9,72,8.2,61.0,976.4,0.3
2024-07-04T13:00,31.2,68,10.2,82.0,975.2,0.3
2024-07-04T14:00,31.0,68,11.3,97.0,974.3,0.1
2024-07-04T15:00,31.1,67,7.9,106.0,973.8,0.0
2024-07-04T16:00,31.6,65,9.1,99.0,973.4,0.0
2024-07-04T17:00,31.4,66,11.1,115.0,973.1,0.0
2024-07-04T18:00,29.9,72,7.5,73.0,973.7,0.0
2024-07-04T19:00,29.1,77,5.8,90.0,974.2,0.0
2024-07-04T20:00,28.2,81,5.4,143.0,974.5,0.0
2024-07-04T21:00,27.6,83,6.7,164.0,974.9,0.0
2024-07-04T22:00,27.3,84,5.2,164.0,975.0,0.0
2024-07-04T23:00,27.0,86,4.0,170.0,974.9,0.0
2024-07-05T00:00,26.8,91,3.0,194.0,974.5,0.0
2024-07-05T01:00,26.9,90,1.8,101.0,973.7,0.0
2024-07-05T02:00,26.6,90,2.2,81.0,973.5,0.0
2024-07-05T03:00,26.5,90,4.1,38.0,973.3,0.0
2024-07-05T04:00,26.2,93,7.7,53.0,973.4,0.0
2024-07-05T05:00,26.2,94,8.0,54.0,973.0,0.0
2024-07-05T06:00,26.7,92,9.8,54.0,973.1,0.0
2024-07-05T07:00,27.2,89,8.7,52.0,973.7,0.0
2024-07-05T08:00,27.8,86,8.1,32.0,974.1,0.1
2024-07-05T09:00,27.9,85,12.7,45.0,974.4,0.1
2024-07-05T10:00,27.1,89,12.4,68.0,974.1,0.3
2024-07-05T11:00,28.7,80,6.6,68.0,973.6,0.1
2024-07-05T12:00,29.8,76,10.8,53.0,972.8,0.1
2024-07-05T13:00,30.4,73,7.8,56.0,971.9,0.0
2024-07-05T14:00,30.2,75,9.7,59.0,970.9,0.0
2024-07-05T15:00,30.2,75,10.2,58.0,970.6,0.0
2024-07-05T16:00,29.8,76,12.4,64.0,969.6,0.0
2024-07-05T17:00,29.4,79,12.1,73.0,969.5,0.0
2024-07-05T18:00,29.0,78,12.3,83.0,970.5,0.0
2024-07-05T19:00,28.0,82,13.1,74.0,970.9,0.0
2024-07-05T20:00,27.2,84,14.1,84.0,971.8,0.0
2024-07-05T21:00,26.7,86,16.2,91.0,972.1,0.0
2024-07-05T22:00,26.5,88,14.6,100.0,972.7,0.0
2024-07-05T23:00,26.5,88,11.5,110.0,972.7,0.0
2024-07-06T00:00,26.4,89,11.9,119.0,971.9,0.0
2024-07-06T01:00,26.3,90,9.8,118.0,971.1,0.0
2024-07-06T02:00,26.1,91,11.1,115.0,970.1,0.0
2024-07-06T03:00,26.0,91,8.6,112.0,969.7,0.0
2024-07-06T04:00,26.1,91,4.4,99.0,970.3,0.0
2024-07-06T05:00,26.3,90,3.1,21.0,971.1,0.3
2024-07-06T06:00,26.2,91,5.6,50.0,971.0,0.0
2024-07-06T07:00,27.1,89,9.7,63.0,971.6,0.0
2024-07-06T08:00,28.3,83,7.1,60.0,972.2,0.1
2024-07-06T09:00,29.1,80,7.2,37.0,972.5,0.2
2024-07-06T10:00,30.6,75,5.8,4.0,972.6,0.2
2024-07-06T11:00,31.5,69,8.0,355.0,972.1,0.0
2024-07-06T12:00,31.6,68,10.2,45.0,971.4,0.1
2024-07-06T13:00,32.6,65,6.4,43.0,970.8,0.0
2024-07-06T14:00,33.0,62,5.8,4.0,969.7,0.0
2024-07-06T15:00,32.9,62,10.4,34.0,969.7,0.0
2024-07-06T16:00,31.5,70,15.8,55.0,969.4,0.1
2024-07-06T17:00,30.8,73,12.6,63.0,969.8,0.0
2024-07-06T18:00,29.3,75,13.7,63.0,971.0,0.0
2024-07-06T19:00,28.1,80,11.9,85.0,971.7,0.0
2024-07-06T20:00,27.2,83,13.1,74.0,971.8,0.0
2024-07-06T21:00,26.5,86,11.5,76.0,973.2,0.0
2024-07-06T22:00,26.3,87,7.2,87.0,973.7,0.0
2024-07-06T23:00,26.1,89,6.1,90.0,973.7,0.0
2024-07-07T00:00,25.8,91,5.2,106.0,972.8,0.0
2024-07-07T01:00,25.9,91,1.8,37.0,972.5,0.0
2024-07-07T02:00,25.8,92,6.0,65.0,972.4,0.0
2024-07-07T03:00,25.8,94,4.8,42.0,972.4,0.0
2024-07-07T04:00,25.6,95,4.6,39.0,972.4,0.0
2024-07-07T05:00,25.6,96,2.3,342.0,972.9,0.0
2024-07-07T06:00,25.6,87,8.3,34.0,974.5,0.0
2024-07-07T07:00,26.3,84,5.1,356.0,974.8,0.0
2024-07-07T08:00,27.3,81,5.6,297.0,975.3,0.0
2024-07-07T09:00,29.1,75,8.0,280.0,975.1,0.0
2024-07-07T10:00,30.7,69,5.1,356.0,974.9,0.0
2024-07-07T11:00,31.9,64,2.7,337.0,974.9,0.0
2024-07-07T12:00,32.8,60,3.6,53.0,974.9,0.0
2024-07-07T13:00,33.0,58,7.3,81.0,974.5,0.1
2024-07-07T14:00,33.3,57,4.9,126.0,974.1,0.0
2024-07-07T15:00,33.5,56,6.6,112.0,973.5,0.0
2024-07-07T16:00,33.1,57,11.2,96.0,972.9,0.0
2024-07-07T17:00,32.3,60,14.2,83.0,973.4,0.0
2024-07-07T18:00,28.5,70,11.0,79.0,974.8,0.0
2024-07-07T19:00,27.7,74,8.5,78.0,975.3,0.0
2024-07-07T20:00,27.2,77,9.3,74.0,976.0,0.0
2024-07-07T21:00,26.9,79,9.8,82.0,976.7,0.0
2024-07-07T22:00,26.6,81,8.1,77.0,977.2,0.0
2024-07-07T23:00,26.4,83,8.0,82.0,977.4,0.0
2024-07-08T00:00,26.0,85,6.0,115.0,977.4,0.0
2024-07-08T01:00,25.8,87,4.7,113.0,976.8,0.0
2024-07-08T02:00,25.5,89,5.6,75.0,976.4,0.0
2024-07-08T03:00,25.3,91,7.8,68.0,976.4,0.0
2024-07-08T04:00,25.5,90,6.5,90.0,976.8,0.0
2024-07-08T05:00,25.8,88,7.3,147.0,977.1,0.0
2024-07-08T06:00,26.1,88,3.7,209.0,977.9,0.0
2024-07-08T07:00,27.2,84,7.7,233.0,978.7,0.0
2024-07-08T08:00,28.1,81,7.3,279.0,978.5,0.0
2024-07-08T09:00,29.4,75,11.2,285.0,978.6,0.0
2024-07-08T10:00,30.5,70,8.5,332.0,978.6,0.0
2024-07-08T11:00,31.8,64,10.4,360.0,978.8,0.0
2024-07-08T12:00,32.5,61,11.4,11.0,978.4,0.0
2024-07-08T13:00,32.8,60,8.5,12.0,977.8,0.0
2024-07-08T14:00,33.2,58,7.3,20.0,976.9,0.0
2024-07-08T15:00,33.1,58,8.1,13.0,976.1,0.0
2024-07-08T16:00,32.8,59,8.6,22.0,975.6,0.0
2024-07-08T17:00,32.3,61,7.0,21.0,975.2,0.0
2024-07-08T18:00,30.1,67,4.4,35.0,976.5,0.0
2024-07-08T19:00,29.0,73,7.6,25.0,977.1,0.0
2024-07-08T20:00,28.1,80,10.7,45.0,977.6,0.0
2024-07-08T21:00,27.8,84,7.9,66.0,978.2,0.0
2024-07-08T22:00,27.7,85,7.2,84.0,978.6,0.0
2024-07-08T23:00,27.5,85,8.3,90.0,978.5,0.0
2024-07-09T00:00,27.2,85,9.1,97.0,978.4,0.0
2024-07-09T01:00,26.9,86,10.9,99.0,978.3,0.0
2024-07-09T02:00,26.7,87,11.4,108.0,978.4,0.0
2024-07-09T03:00,26.5,88,10.0,111.0,978.2,0.0
2024-07-09T04:00,26.4,90,9.7,117.0,978.5,0.0
2024-07-09T05:00,26.2,91,7.6,121.0,978.5,0.0
2024-07-09T06:00,27.8,85,6.1,135.0,979.0,0.0
2024-07-09T07:00,28.8,82,7.1,139.0,979.4,0.0
2024-07-09T08:00,30.1,78,8.8,161.0,979.4,0.1
2024-07-09T09:00,30.6,77,4.0,85.0,980.2,0.2
2024-07-09T10:00,31.3,76,2.3,72.0,979.9,0.2
2024-07-09T11:00,32.0,71,8.9,32.0,979.7,1.1
2024-07-09T12:00,30.0,80,10.8,30.0,979.4,2.3
2024-07-09T13:00,30.0,79,8.7,7.0,979.1,0.9
2024-07-09T14:00,31.4,73,5.9,349.0,978.1,0.1
2024-07-09T15:00,31.9,72,5.1,352.0,977.1,0.0
2024-07-09T16:00,32.3,70,0.5,315.0,976.3,0.0
2024-07-09T17:00,32.4,69,0.8,153.0,975.5,0.0
2024-07-09T18:00,31.8,69,4.1,128.0,976.7,0.0
2024-07-09T19:00,30.6,75,4.2,121.0,976.8,0.0
2024-07-09T20:00,29.7,83,4.4,99.0,977.3,0.0
2024-07-09T21:00,29.3,85,4.0,95.0,978.4,0.0
2024-07-09T22:00,29.2,84,5.4,127.0,979.0,0.0
2024-07-09T23:00,29.0,83,5.3,152.0,979.1,0.0
2024-07-10T00:00,28.8,84,4.2,160.0,979.3,0.0
2024-07-10T01:00,28.5,87,4.0,153.0,978.9,0.0
2024-07-10T02:00,28.3,88,3.6,143.0,978.5,0.0
2024-07-10T03:00,27.9,91,3.0,104.0,977.8,0.0
2024-07-10T04:00,28.3,88,2.9,120.0,977.6,0.0
2024-07-10T05:00,26.5,94,13.9,111.0,979.0,3.9
2024-07-10T06:00,28.7,85,11.2,40.0,979.8,2.0
2024-07-10T07:00,27.3,92,7.4,61.0,980.4,3.2
2024-07-10T08:00,28.2,86,2.5,188.0,980.3,0.2
2024-07-10T09:00,29.4,81,5.6,195.0,980.7,0.1
2024-07-10T10:00,30.7,77,2.8,220.0,980.3,0.1
2024-07-10T11:00,32.0,72,3.3,186.0,979.8,0.1
2024-07-10T12:00,32.9,69,3.6,217.0,979.3,0.0
2024-07-10T13:00,33.3,67,4.3,265.0,978.3,0.0
2024-07-10T14:00,33.7,66,3.4,288.0,977.4,0.0
2024-07-10T15:00,34.1,64,3.9,248.0,976.3,0.0
2024-07-10T16:00,34.1,62,6.0,237.0,975.4,0.0
2024-07-10T17:00,33.7,63,7.0,235.0,975.1,0.0
2024-07-10T18:00,33.0,69,6.9,231.0,976.4,0.0
2024-07-10T19:00,31.7,77,5.7,215.0,976.6,0.2
2024-07-10T20:00,31.1,80,7.2,180.0,977.1,0.0
2024-07-10T21:00,30.7,81,8.0,172.0,977.6,0.0
2024-07-10T22:00,28.4,86,14.8,90.0,977.9,1.5
2024-07-10T23:00,27.8,89,13.0,156.0,977.3,0.0
2024-07-11T00:00,28.0,89,8.6,165.0,976.6,0.0
2024-07-11T01:00,28.2,88,7.6,161.0,976.2,0.0
2024-07-11T02:00,28.1,89,9.0,185.0,975.8,0.0
2024-07-11T03:00,28.3,88,10.2,212.0,975.5,0.0
2024-07-11T04:00,28.6,86,10.0,229.0,975.7,0.0
2024-07-11T05:00,27.9,89,4.0,63.0,976.4,0.7
2024-07-11T06:00,26.8,93,8.7,156.0,976.6,1.1
2024-07-11T07:00,27.2,93,9.3,144.0,976.2,0.1
2024-07-11T08:00,29.1,85,6.0,155.0,976.4,0.0
2024-07-11T09:00,31.4,76,5.4,188.0,976.5,0.0
2024-07-11T10:00,33.3,69,6.4,243.0,976.3,0.0
2024-07-11T11:00,34.6,65,10.1,276.0,975.7,0.0
2024-07-11T12:00,35.8,60,12.0,303.0,974.8,0.0
2024-07-11T13:00,36.1,57,12.8,322.0,973.6,0.0
2024-07-11T14:00,36.4,56,13.0,332.0,972.4,0.0
2024-07-11T15:00,36.4,55,11.6,338.0,971.7,0.0
2024-07-11T16:00,36.3,55,10.0,334.0,971.1,0.0
2024-07-11T17:00,35.9,56,9.0,323.0,970.6,0.0
2024-07-11T18:00,34.4,66,7.3,70.0,970.5,0.0
2024-07-11T19:00,32.8,72,4.3,85.0,971.0,0.0
2024-07-11T20:00,31.8,79,6.3,59.0,971.3,0.0
2024-07-11T21:00,27.0,87,21.0,196.0,972.8,2.0
2024-07-11T22:00,27.7,86,10.9,207.0,972.7,0.0
2024-07-11T23:00,28.0,85,7.4,219.0,972.7,0.0
2024-07-12T00:00,28.1,85,11.9,256.0,972.7,0.0
2024-07-12T01:00,28.0,86,11.2,266.0,972.1,0.0
2024-07-12T02:00,28.3,83,10.1,264.0,971.6,0.0
2024-07-12T03:00,28.5,79,11.0,259.0,971.3,0.0
2024-07-12T04:00,28.4,78,12.1,258.0,971.2,0.0
2024-07-12T05:00,28.3,78,13.0,267.0,971.5,0.0
2024-07-12T06:00,27.0,81,16.2,287.0,972.4,0.3
2024-07-12T07:00,27.9,81,10.0,291.0,972.9,0.0
2024-07-12T08:00,29.2,74,10.0,308.0,973.3,0.0
2024-07-12T09:00,30.6,69,9.0,293.0,973.6,0.0
2024-07-12T10:00,31.7,67,5.9,256.0,974.3,0.0
2024-07-12T11:00,32.9,65,5.4,270.0,974.0,0.0
2024-07-12T12:00,34.0,62,7.6,275.0,973.0,0.0
2024-07-12T13:00,34.4,61,9.1,279.0,972.2,0.0
2024-07-12T14:00,35.2,58,8.5,298.0,971.3,0.0
2024-07-12T15:00,35.3,58,3.8,319.0,969.8,0.0
2024-07-12T16:00,32.4,65,23.4,194.0,970.4,0.0
2024-07-12T17:00,28.8,82,13.3,272.0,970.6,0.2
2024-07-12T18:00,31.6,69,6.9,309.0,971.7,0.0
2024-07-12T19:00,30.5,75,3.9,292.0,972.3,0.0
2024-07-12T20:00,30.0,78,4.5,256.0,973.2,0.0
2024-07-12T21:00,29.2,82,3.4,252.0,973.8,0.0
2024-07-12T22:00,28.8,84,5.4,217.0,974.0,0.0
2024-07-12T23:00,28.4,85,6.0,213.0,973.8,0.0
2024-07-13T00:00,28.2,86,4.8,222.0,973.6,0.0
2024-07-13T01:00,27.8,88,3.3,264.0,973.5,0.0
2024-07-13T02:00,27.6,89,2.6,214.0,973.2,0.0
2024-07-13T03:00,27.5,92,4.0,190.0,972.7,0.0
2024-07-13T04:00,27.2,92,4.1,165.0,972.5,0.0
2024-07-13T05:00,27.2,89,5.1,188.0,972.9,0.0
2024-07-13T06:00,25.2,94,11.7,99.0,975.3,11.5
2024-07-13T07:00,25.5,93,2.7,67.0,974.9,0.6
2024-07-13T08:00,27.7,86,4.0,207.0,974.6,0.1
2024-07-13T09:00,29.9,77,3.2,297.0,974.9,0.0
2024-07-13T10:00,31.9,66,7.3,340.0,974.8,0.0
2024-07-13T11:00,33.0,61,8.3,358.0,974.5,0.0
2024-07-13T12:00,33.6,58,6.6,9.0,974.0,0.0
2024-07-13T13:00,34.3,56,8.0,342.0,973.5,0.0
2024-07-13T14:00,34.2,57,7.7,332.0,972.7,0.0
2024-07-13T15:00,33.9,59,8.5,332.0,971.8,0.0
2024-07-13T16:00,33.7,59,7.5,325.0,971.3,0.0
2024-07-13T17:00,33.3,60,6.9,313.0,971.0,0.0
2024-07-13T18:00,31.4,69,5.1,39.0,971.5,0.2
2024-07-13T19:00,30.3,78,4.4,99.0,971.9,0.0
2024-07-13T20:00,29.5,83,3.4,148.0,972.4,0.0
2024-07-13T21:00,29.2,85,4.4,189.0,973.0,0.0
2024-07-13T22:00,28.7,87,3.7,209.0,973.5,0.0
2024-07-13T23:00,28.3,90,4.3,222.0,973.7,0.0
2024-07-14T00:00,28.1,89,2.5,172.0,973.3,0.0
2024-07-14T01:00,27.7,91,2.2,180.0,972.9,0.0
2024-07-14T02:00,27.7,89,2.0,225.0,972.6,0.0
2024-07-14T03:00,27.9,87,2.5,278.0,972.5,0.0
2024-07-14T04:00,27.3,90,4.3,312.0,972.5,0.0
2024-07-14T05:00,27.0,92,4.1,308.0,973.0,0.0
2024-07-14T06:00,28.8,87,3.6,360.0,974.0,0.0
2024-07-14T07:00,30.2,80,4.1,52.0,974.5,0.0
2024-07-14T08:00,31.2,73,8.3,88.0,974.8,0.0
2024-07-14T09:00,31.9,70,5.7,125.0,974.6,0.0
2024-07-14T10:00,32.7,64,3.4,148.0,974.4,0.0
2024-07-14T11:00,33.0,64,1.8,169.0,974.4,0.2
2024-07-14T12:00,33.7,61,2.2,261.0,974.0,0.0
2024-07-14T13:00,34.4,57,0.5,315.0,972.9,0.1
2024-07-14T14:00,34.8,55,4.4,81.0,971.9,0.0
2024-07-14T15:00,34.9,56,4.6,45.0,971.0,0.0
2024-07-14T16:00,34.8,55,7.0,35.0,970.6,0.0
2024-07-14T17:00,34.3,56,8.5,54.0,970.8,0.0
2024-07-14T18:00,33.1,61,6.9,81.0,971.7,0.0
2024-07-14T19:00,31.8,67,6.6,68.0,972.2,0.0
2024-07-14T20:00,31.2,70,6.2,97.0,973.1,0.0
2024-07-14T21:00,30.5,74,6.4,128.0,974.0,0.0
2024-07-14T22:00,30.1,75,6.7,144.0,974.8,0.0
2024-07-14T23:00,30.0,74,7.9,141.0,974.8,0.0
2024-07-15T00:00,29.8,77,7.1,150.0,974.6,0.0
2024-07-15T01:00,29.4,80,6.6,158.0,974.2,0.0
2024-07-15T02:00,28.9,84,4.8,153.0,974.2,0.0
2024-07-15T03:00,25.5,89,21.4,49.0,975.6,0.8
2024-07-15T04:00,26.0,90,13.6,73.0,975.7,0.3
2024-07-15T05:00,25.7,92,13.8,99.0,976.4,0.0
2024-07-15T06:00,28.1,85,10.9,81.0,976.6,0.0
2024-07-15T07:00,28.5,83,12.3,93.0,977.3,0.0
2024-07-15T08:00,29.9,78,11.9,90.0,977.6,0.0
2024-07-15T09:00,31.1,74,13.0,95.0,977.9,0.2
2024-07-15T10:00,32.1,70,12.2,88.0,977.6,0.1
2024-07-15T11:00,32.7,65,13.3,87.0,977.2,0.1
2024-07-15T12:00,33.2,62,13.5,81.0,976.5,0.0
2024-07-15T13:00,31.4,71,11.8,70.0,975.9,1.2
2024-07-15T14:00,32.9,67,11.9,85.0,975.3,0.1
2024-07-15T15:00,33.2,65,10.6,80.0,974.7,0.0
2024-07-15T16:00,33.2,64,11.4,79.0,974.1,0.0
2024-07-15T17:00,32.6,66,12.9,77.0,973.9,0.2
2024-07-15T18:00,32.0,67,10.8,86.0,974.2,0.0
2024-07-15T19:00,30.9,72,10.8,88.0,974.7,0.0
2024-07-15T20:00,30.4,76,9.3,106.0,975.1,0.0
2024-07-15T21:00,29.8,79,8.9,117.0,975.9,0.0
2024-07-15T22:00,29.4,80,9.8,114.0,976.6,0.0
2024-07-15T23:00,29.1,81,8.9,111.0,976.5,0.0
2024-07-16T00:00,28.9,83,7.9,106.0,976.3,0.0
2024-07-16T01:00,28.6,85,8.0,108.0,975.7,0.3
2024-07-16T02:00,26.8,94,10.7,140.0,976.4,6.9
2024-07-16T03:00,26.5,93,6.0,107.0,976.1,3.4
2024-07-16T04:00,25.9,95,8.6,75.0,977.2,5.1
2024-07-16T05:00,25.6,97,10.4,56.0,977.5,0.8
2024-07-16T06:00,27.7,92,12.4,54.0,977.6,0.0
2024-07-16T07:00,28.8,88,12.3,75.0,978.0,0.0
2024-07-16T08:00,30.5,81,14.6,99.0,978.2,0.0
2024-07-16T09:00,31.6,76,15.5,118.0,978.4,0.1
2024-07-16T10:00,32.8,70,14.3,131.0,978.0,0.1
2024-07-16T11:00,33.6,65,12.9,126.0,977.9,0.0
2024-07-16T12:00,34.3,63,11.9,119.0,977.3,0.0
2024-07-16T13:00,34.2,64,11.9,115.0,976.5,0.1
2024-07-16T14:00,34.1,64,11.2,105.0,975.7,0.1
2024-07-16T15:00,34.2,63,10.1,90.0,974.9,0.1
2024-07-16T16:00,33.9,64,10.2,82.0,974.4,0.0
2024-07-16T17:00,33.5,64,11.2,84.0,974.0,0.0
2024-07-16T18:00,33.0,68,8.6,68.0,974.3,0.0
2024-07-16T19:00,31.7,73,8.1,58.0,974.6,0.0
2024-07-16T20:00,31.1,75,6.5,71.0,975.0,0.0
2024-07-16T21:00,30.7,77,8.6,92.0,976.1,0.0
2024-07-16T22:00,30.4,78,11.5,104.0,976.6,0.0
2024-07-16T23:00,30.2,79,12.5,108.0,976.8,0.0
2024-07-17T00:00,29.1,83,12.3,140.0,976.7,0.1
2024-07-17T01:00,28.9,85,10.6,114.0,976.0,0.0
2024-07-17T02:00,29.0,85,12.2,118.0,976.0,0.0
2024-07-17T03:00,28.8,86,13.4,114.0,975.5,0.0
2024-07-17T04:00,28.4,87,12.9,108.0,976.2,0.0
2024-07-17T05:00,28.2,88,11.3,112.0,976.9,0.0
2024-07-17T06:00,29.1,84,9.7,105.0,977.4,0.0
2024-07-17T07:00,29.9,82,12.1,107.0,978.3,0.0
2024-07-17T08:00,30.9,78,13.7,117.0,978.7,0.0
2024-07-17T09:00,31.8,74,12.6,127.0,978.7,0.0
2024-07-17T10:00,32.7,71,11.2,105.0,978.4,0.0
2024-07-17T11:00,33.5,67,11.6,95.0,978.1,0.0
2024-07-17T12:00,33.8,65,12.2,92.0,977.3,0.0
2024-07-17T13:00,34.3,64,11.4,103.0,976.6,0.1
2024-07-17T14:00,34.7,63,10.7,104.0,975.5,0.0
2024-07-17T15:00,34.6,62,8.0,108.0,974.6,0.0
2024-07-17T16:00,34.4,62,7.3,101.0,973.7,0.0
2024-07-17T17:00,34.1,63,7.3,101.0,973.6,0.0
2024-07-17T18:00,32.1,70,11.0,49.0,974.0,0.0
2024-07-17T19:00,31.3,73,8.8,55.0,974.0,0.0
2024-07-17T20:00,30.7,77,8.9,63.0,974.8,0.0
2024-07-17T21:00,30.3,78,9.1,83.0,975.4,0.0
2024-07-17T22:00,30.1,79,8.3,92.0,976.1,0.0
2024-07-17T23:00,29.8,81,7.9,93.0,976.7,0.0
2024-07-18T00:00,29.6,82,7.9,106.0,976.8,0.0
2024-07-18T01:00,29.1,85,9.3,103.0,976.0,0.7
2024-07-18T02:00,28.4,89,10.7,76.0,975.6,0.4
2024-07-18T03:00,28.0,90,11.8,113.0,975.5,0.0
2024-07-18T04:00,27.9,90,12.1,117.0,975.1,0.0
2024-07-18T05:00,27.7,90,9.5,155.0,975.6,0.0
2024-07-18T06:00,29.7,82,8.8,109.0,975.9,0.0
2024-07-18T07:00,30.6,80,8.7,107.0,976.3,0.0
2024-07-18T08:00,31.8,75,8.7,114.0,976.6,0.0
2024-07-18T09:00,32.8,70,8.0,117.0,976.6,0.0
2024-07-18T10:00,33.7,66,6.8,122.0,976.4,0.0
2024-07-18T11:00,34.4,62,7.1,114.0,976.4,0.0
2024-07-18T12:00,34.7,61,7.6,121.0,975.7,0.0
2024-07-18T13:00,34.1,63,9.8,114.0,974.6,0.5
2024-07-18T14:00,34.1,65,10.0,105.0,973.8,0.4
2024-07-18T15:00,34.7,60,6.8,90.0,972.7,0.0
2024-07-18T16:00,34.6,60,6.6,103.0,971.7,0.0
2024-07-18T17:00,34.0,63,7.1,120.0,971.6,0.0
2024-07-18T18:00,31.9,71,3.7,151.0,972.8,0.0
2024-07-18T19:00,30.6,79,4.1,142.0,973.1,0.0
2024-07-18T20:00,29.9,82,3.8,139.0,973.8,0.0
2024-07-18T21:00,29.3,85,4.2,149.0,974.8,0.0
2024-07-18T22:00,29.0,86,3.6,186.0,975.4,0.0
2024-07-18T23:00,29.0,86,5.4,188.0,975.6,0.0
2024-07-19T00:00,28.8,86,4.3,185.0,974.7,0.0
2024-07-19T01:00,28.4,89,3.6,186.0,974.1,0.0
2024-07-19T02:00,28.5,88,1.3,124.0,973.5,0.1
2024-07-19T03:00,27.8,93,2.2,360.0,973.4,0.1
2024-07-19T04:00,27.6,93,2.5,82.0,974.0,0.2
2024-07-19T05:00,27.3,96,9.7,105.0,974.5,0.1
2024-07-19T06:00,27.5,91,10.7,70.0,974.7,0.0
2024-07-19T07:00,28.3,87,9.4,83.0,974.8,0.0
2024-07-19T08:00,29.6,81,7.2,93.0,975.0,0.0
2024-07-19T09:00,30.8,76,5.8,86.0,975.3,0.0
2024-07-19T10:00,31.6,72,7.9,90.0,975.0,0.1
2024-07-19T11:00,32.7,68,8.3,90.0,974.4,0.1
2024-07-19T12:00,33.5,64,8.6,92.0,974.1,0.1
2024-07-19T13:00,34.1,61,8.3,90.0,973.3,0.1
2024-07-19T14:00,34.3,61,7.6,95.0,972.5,0.0
2024-07-19T15:00,34.4,60,8.9,104.0,971.4,0.0
2024-07-19T16:00,34.2,61,9.4,108.0,970.9,0.0
2024-07-19T17:00,33.8,62,9.8,118.0,970.8,0.0
2024-07-19T18:00,31.7,70,10.4,136.0,972.4,0.0
2024-07-19T19:00,30.8,74,10.2,138.0,973.3,0.0
2024-07-19T20:00,30.2,76,12.0,147.0,973.7,0.0
2024-07-19T21:00,29.7,78,10.3,144.0,974.5,0.0
2024-07-19T22:00,29.3,80,10.0,150.0,975.1,0.0
2024-07-19T23:00,28.9,82,7.4,141.0,974.9,0.0
2024-07-20T00:00,28.4,84,5.2,106.0,974.7,0.0
2024-07-20T01:00,27.9,88,8.3,95.0,974.2,0.0
2024-07-20T02:00,27.6,90,9.0,90.0,974.4,0.0
2024-07-20T03:00,27.4,91,9.1,108.0,974.5,0.0
2024-07-20T04:00,27.2,92,9.4,122.0,974.7,0.0
2024-07-20T05:00,27.1,92,8.9,117.0,975.0,0.0
2024-07-20T06:00,28.2,88,13.0,129.0,975.6,0.0
2024-07-20T07:00,28.8,85,10.2,132.0,975.9,0.0
2024-07-20T08:00,29.8,81,8.6,112.0,976.1,0.0
2024-07-20T09:00,31.0,76,9.5,119.0,976.5,0.0
2024-07-20T10:00,32.0,70,9.3,118.0,976.1,0.0
2024-07-20T11:00,33.3,64,8.6,112.0,975.7,0.0
2024-07-20T12:00,34.1,60,8.4,110.0,974.7,0.0
2024-07-20T13:00,34.7,58,8.6,112.0,974.1,0.1
2024-07-20T14:00,35.1,56,7.4,119.0,973.3,0.1
2024-07-20T15:00,35.1,57,6.3,121.0,972.3,0.0
2024-07-20T16:00,35.0,57,5.7,108.0,971.6,0.0
2024-07-20T17:00,34.6,59,6.4,117.0,971.8,0.0
2024-07-20T18:00,33.3,67,5.4,127.0,973.0,0.0
2024-07-20T19:00,31.9,72,5.4,138.0,973.7,0.0
2024-07-20T20:00,31.3,75,6.1,135.0,974.3,0.0
2024-07-20T21:00,30.9,77,10.0,128.0,974.8,0.0
2024-07-20T22:00,30.2,80,11.1,119.0,975.5,0.0
2024-07-20T23:00,29.7,83,9.4,122.0,975.7,0.0
2024-07-21T00:00,29.4,86,7.0,125.0,975.5,0.0
2024-07-21T01:00,29.2,88,6.2,126.0,974.9,0.0
2024-07-21T02:00,29.0,89,6.6,131.0,974.7,0.0
2024-07-21T03:00,28.8,90,6.0,155.0,974.5,0.0
2024-07-21T04:00,28.5,92,3.2,153.0,974.4,0.0
2024-07-21T05:00,27.2,95,9.9,80.0,975.3,0.7
2024-07-21T06:00,27.9,93,9.0,74.0,974.9,0.1
2024-07-21T07:00,29.0,88,9.4,94.0,975.5,0.0
2024-07-21T08:00,30.4,81,10.0,120.0,975.8,0.0
2024-07-21T09:00,31.9,75,8.9,117.0,976.1,0.0
2024-07-21T10:00,32.9,71,10.4,110.0,975.9,0.0
2024-07-21T11:00,33.4,67,12.6,114.0,975.7,0.0
2024-07-21T12:00,31.9,73,16.3,115.0,975.3,1.1
2024-07-21T13:00,33.7,68,13.5,124.0,974.3,0.0
2024-07-21T14:00,34.6,64,12.5,134.0,973.2,0.0
2024-07-21T15:00,34.8,62,11.3,143.0,972.6,0.0
2024-07-21T16:00,34.6,62,10.6,145.0,972.1,0.0
2024-07-21T17:00,34.2,63,9.2,132.0,972.1,0.0
2024-07-21T18:00,31.6,74,4.8,117.0,972.8,0.0
2024-07-21T19:00,31.2,76,8.4,100.0,972.9,0.0
2024-07-21T20:00,31.0,77,10.0,116.0,973.9,0.0
2024-07-21T21:00,30.7,79,12.2,109.0,974.8,0.0
2024-07-21T22:00,30.5,79,12.3,111.0,975.2,0.0
2024-07-21T23:00,30.2,81,13.4,117.0,975.3,0.0
2024-07-22T00:00,28.9,88,4.0,117.0,975.7,3.7
2024-07-22T01:00,28.7,90,8.9,111.0,974.8,0.3
2024-07-22T02:00,28.5,91,9.7,112.0,974.3,0.0
2024-07-22T03:00,28.4,92,10.2,122.0,974.2,0.0
2024-07-22T04:00,28.3,92,9.7,135.0,974.3,0.0
2024-07-22T05:00,27.8,90,4.8,132.0,974.9,0.7
2024-07-22T06:00,29.2,84,8.4,133.0,975.7,0.0
2024-07-22T07:00,30.0,83,9.5,127.0,976.0,0.0
2024-07-22T08:00,30.9,79,10.9,136.0,976.2,0.0
2024-07-22T09:00,32.1,74,8.9,140.0,976.4,0.0
2024-07-22T10:00,33.2,68,8.7,142.0,976.3,0.0
2024-07-22T11:00,34.1,63,8.4,133.0,976.0,0.0
2024-07-22T12:00,34.5,61,7.7,118.0,975.2,0.1
2024-07-22T13:00,34.5,61,8.5,118.0,974.6,0.0
2024-07-22T14:00,34.2,62,7.2,127.0,973.7,0.1
2024-07-22T15:00,34.3,62,4.1,128.0,972.9,0.1
2024-07-22T16:00,34.6,61,4.5,119.0,972.4,0.0
2024-07-22T17:00,34.3,62,7.9,120.0,972.1,0.0
2024-07-22T18:00,30.5,79,9.9,71.0,972.7,0.0
2024-07-22T19:00,29.8,82,9.1,72.0,973.4,0.0
2024-07-22T20:00,29.4,85,8.9,76.0,973.9,0.0
2024-07-22T21:00,29.2,87,9.7,90.0,974.9,0.0
2024-07-22T22:00,29.0,88,10.2,108.0,975.6,0.0
2024-07-22T23:00,28.8,89,10.5,117.0,975.7,0.0
2024-07-23T00:00,28.7,89,10.0,105.0,975.4,0.0
2024-07-23T01:00,28.4,91,8.8,102.0,975.1,0.0
2024-07-23T02:00,28.2,91,6.3,114.0,974.7,0.0
2024-07-23T03:00,28.0,93,5.6,117.0,974.9,0.0
2024-07-23T04:00,27.8,93,7.3,110.0,974.1,0.0
2024-07-23T05:00,27.7,94,11.4,101.0,974.2,0.0
2024-07-23T06:00,28.1,89,14.9,97.0,975.1,0.2
2024-07-23T07:00,27.0,91,3.7,119.0,975.9,2.6
2024-07-23T08:00,27.6,88,8.2,131.0,975.9,0.7
2024-07-23T09:00,28.7,85,1.1,108.0,976.2,0.0
2024-07-23T10:00,30.3,77,3.1,126.0,975.9,0.0
2024-07-23T11:00,31.7,74,1.6,117.0,975.5,0.0
2024-07-23T12:00,33.0,69,2.4,117.0,974.6,0.0
2024-07-23T13:00,34.0,65,2.4,63.0,973.3,0.0
2024-07-23T14:00,34.4,63,3.4,18.0,971.5,0.0
2024-07-23T15:00,34.8,61,2.5,8.0,970.9,0.0
2024-07-23T16:00,34.7,60,2.3,72.0,970.6,0.0
2024-07-23T17:00,34.3,61,2.3,162.0,970.4,0.0
2024-07-23T18:00,33.0,67,3.8,197.0,971.0,0.0
2024-07-23T19:00,31.0,79,6.4,313.0,971.7,0.4
2024-07-23T20:00,30.3,85,2.2,9.0,972.1,0.3
2024-07-23T21:00,29.8,87,4.4,55.0,973.0,0.0
2024-07-23T22:00,29.5,88,5.4,86.0,973.2,0.0
2024-07-23T23:00,28.5,89,13.9,111.0,973.1,0.1
2024-07-24T00:00,28.0,90,5.8,97.0,973.0,0.6
2024-07-24T01:00,27.3,92,7.4,119.0,972.3,3.6
2024-07-24T02:00,27.1,94,9.4,137.0,971.8,0.1
2024-07-24T03:00,26.7,96,8.8,145.0,971.4,0.0
2024-07-24T04:00,26.6,96,5.6,153.0,971.1,0.0
2024-07-24T05:00,26.4,96,5.2,124.0,971.3,0.0
2024-07-24T06:00,26.9,92,3.3,283.0,971.3,0.6
2024-07-24T07:00,27.1,92,2.1,121.0,972.0,1.4
2024-07-24T08:00,27.4,91,1.8,143.0,972.1,0.4
2024-07-24T09:00,28.6,87,1.9,68.0,972.3,0.0
2024-07-24T10:00,29.4,84,4.1,15.0,972.1,0.1
2024-07-24T11:00,30.4,80,6.3,59.0,971.6,0.1
2024-07-24T12:00,31.3,76,8.4,40.0,970.6,0.0
2024-07-24T13:00,32.5,70,9.5,37.0,969.7,0.0
2024-07-24T14:00,33.1,67,6.9,39.0,968.7,0.0
2024-07-24T15:00,33.6,65,6.6,45.0,967.5,0.0
2024-07-24T16:00,33.7,65,5.0,60.0,967.4,0.0
2024-07-24T17:00,33.6,65,3.8,107.0,967.2,0.0
2024-07-24T18:00,31.8,69,2.8,130.0,968.5,0.0
2024-07-24T19:00,30.5,78,3.1,126.0,968.8,0.0
2024-07-24T20:00,29.9,80,3.4,108.0,969.2,0.0
2024-07-24T21:00,29.6,81,3.6,127.0,970.0,0.0
2024-07-24T22:00,29.1,84,3.3,103.0,970.6,0.0
2024-07-24T23:00,29.0,83,6.8,87.0,970.6,0.0
2024-07-25T00:00,28.6,85,5.4,98.0,970.5,0.0
2024-07-25T01:00,28.3,88,2.8,140.0,969.7,0.0
2024-07-25T02:00,27.9,91,2.2,261.0,969.4,0.1
2024-07-25T03:00,27.8,90,9.2,281.0,969.6,0.0
2024-07-25T04:00,27.5,90,10.3,299.0,969.4,0.0
2024-07-25T05:00,27.2,92,,,969.7,0.0
2024-07-25T06:00,27.8,87,,,970.1,0.3
2024-07-25T07:00,28.2,86,,,970.2,0.0
2024-07-25T08:00,29.6,80,,,970.5,0.0
2024-07-25T09:00,31.0,75,,,971.0,0.0
2024-07-25T10:00,32.1,72,,,970.9,0.0
2024-07-25T11:00,33.0,69,,,970.6,0.0
2024-07-25T12:00,33.9,66,,,970.0,0.1
2024-07-25T13:00,34.7,61,,,968.8,0.0
2024-07-25T14:00,34.5,61,,,968.2,0.0
2024-07-25T15:00,34.1,63,,,967.9,0.1
2024-07-25T16:00,34.3,61,,,967.4,0.0
2024-07-25T17:00,34.2,61,,,966.9,0.0
2024-07-25T18:00,32.3,67,,,968.0,0.0
2024-07-25T19:00,31.2,81,,,968.9,0.0
2024-07-25T20:00,31.6,70,,180.0,969.6,0.0
2024-07-25T21:00,30.7,76,,,970.6,0.0
2024-07-25T22:00,30.4,77,,,971.0,0.0
2024-07-25T23:00,29.6,79,,,971.2,0.0
2024-07-26T00:00,29.2,83,,,970.8,0.0
2024-07-26T01:00,28.5,86,,,970.4,0.1
2024-07-26T02:00,28.1,87,,,970.5,0.1
2024-07-26T03:00,27.9,88,,,970.6,0.1
2024-07-26T04:00,27.8,89,,180.0,970.6,0.0
2024-07-26T05:00,27.4,93,,,971.1,0.0
2024-07-26T06:00,27.5,95,,,972.3,3.3
2024-07-26T07:00,27.7,93,,,972.2,1.2
2024-07-26T08:00,28.0,92,,,972.0,0.9
2024-07-26T09:00,28.4,93,,,973.1,2.0
2024-07-26T10:00,28.6,92,,,973.0,2.1
2024-07-26T11:00,29.5,87,,,972.8,0.4
2024-07-26T12:00,30.9,77,,,972.4,0.0
2024-07-26T13:00,31.9,70,,,971.6,0.0
2024-07-26T14:00,32.2,68,,,970.7,0.0
2024-07-26T15:00,32.7,67,,,969.8,0.0
2024-07-26T16:00,32.7,68,,,969.5,0.0
2024-07-26T17:00,32.6,69,,,969.6,0.0
2024-07-26T18:00,33.0,65,,,970.1,0.0
2024-07-26T19:00,31.8,70,,,970.7,0.0
2024-07-26T20:00,31.1,74,,,971.3,0.0
2024-07-26T21:00,30.6,77,,,972.3,0.0
2024-07-26T22:00,30.1,80,,,972.9,0.0
2024-07-26T23:00,29.3,84,,,972.9,0.0
2024-07-27T00:00,28.9,86,,,972.9,0.0
2024-07-27T01:00,28.7,88,,,972.5,0.0
2024-07-27T02:00,28.5,89,,,972.4,0.0
2024-07-27T03:00,28.3,89,,,972.4,0.0
2024-07-27T04:00,28.1,89,,,972.4,0.0
2024-07-27T05:00,28.0,91,,,972.6,0.0
2024-07-27T06:00,28.6,89,,,973.7,0.0
2024-07-27T07:00,29.4,85,,,974.3,0.0
2024-07-27T08:00,30.7,79,,,974.6,0.0
2024-07-27T09:00,31.9,75,,180.0,975.0,0.0
2024-07-27T10:00,32.8,72,,,975.0,0.0
2024-07-27T11:00,34.0,65,,,974.7,0.0
2024-07-27T12:00,33.8,64,,,973.8,0.3
2024-07-27T13:00,31.9,72,,,973.8,2.7
2024-07-27T14:00,30.0,82,,,973.6,1.4
2024-07-27T15:00,31.1,78,,,973.2,0.1
2024-07-27T16:00,31.6,76,,,973.1,0.0
2024-07-27T17:00,31.4,77,,,972.7,0.0
2024-07-27T18:00,32.4,73,,,972.2,0.0
2024-07-27T19:00,31.5,79,,,972.9,0.0
2024-07-27T20:00,30.8,85,,,973.6,0.0
2024-07-27T21:00,30.5,84,,,974.5,0.0
2024-07-27T22:00,29.9,85,,,974.8,0.0
2024-07-27T23:00,29.5,87,,,974.4,0.0
2024-07-28T00:00,29.2,90,,,974.0,0.0
2024-07-28T01:00,28.9,93,,,973.9,0.0
2024-07-28T02:00,28.9,91,,,973.2,0.0
2024-07-28T03:00,28.8,91,,,973.4,0.0
2024-07-28T04:00,28.8,92,,,973.6,0.0
2024-07-28T05:00,28.6,92,,,973.9,0.0
2024-07-28T06:00,29.2,91,,,974.7,0.0
2024-07-28T07:00,30.5,83,,,975.2,0.0
2024-07-28T08:00,32.0,75,,,975.4,0.0
2024-07-28T09:00,33.3,67,,,975.6,0.0
2024-07-28T10:00,34.4,64,,,975.3,0.1
2024-07-28T11:00,31.8,75,,,975.5,5.4
2024-07-28T12:00,30.7,78,,,974.7,0.1
2024-07-28T13:00,32.3,74,,,973.6,0.4
2024-07-28T14:00,34.2,66,,,972.7,0.0
2024-07-28T15:00,35.0,62,,,972.1,0.0
2024-07-28T16:00,35.1,60,,,971.5,0.0
2024-07-28T17:00,34.6,61,,,971.4,0.0
2024-07-28T18:00,33.4,66,,,972.3,0.0
2024-07-28T19:00,32.4,70,,,972.5,0.0
2024-07-28T20:00,31.6,72,,,973.2,0.0
2024-07-28T21:00,31.0,75,,,973.7,0.0
2024-07-28T22:00,30.4,78,,,973.9,0.0
2024-07-28T23:00,29.9,80,,,974.1,0.0
2024-07-29T00:00,29.5,82,,,974.0,0.0
2024-07-29T01:00,29.1,84,,,973.8,0.0
2024-07-29T02:00,28.8,85,,,973.5,0.0
2024-07-29T03:00,28.6,86,,,973.4,0.0
2024-07-29T04:00,28.5,87,,,973.7,0.0
2024-07-29T05:00,28.3,88,,,974.0,0.0
2024-07-29T06:00,28.8,84,,,974.2,0.0
2024-07-29T07:00,29.8,80,,,975.1,0.0
2024-07-29T08:00,31.0,76,,,975.5,0.0
2024-07-29T09:00,32.3,70,,,975.7,0.0
2024-07-29T10:00,33.4,65,,,975.1,0.0
2024-07-29T11:00,34.4,62,,,974.7,0.1
2024-07-29T12:00,35.3,58,,,973.9,0.0
2024-07-29T13:00,35.7,57,,,973.0,0.1
2024-07-29T14:00,35.4,58,,,972.2,0.1
2024-07-29T15:00,35.2,59,,,971.5,0.0
2024-07-29T16:00,34.3,62,,,971.1,0.0
2024-07-29T17:00,33.5,65,,,971.1,0.0
2024-07-29T18:00,33.7,63,,,972.2,0.0
2024-07-29T19:00,32.8,68,,,973.0,0.0
2024-07-29T20:00,32.0,72,,,973.9,0.0
2024-07-29T21:00,31.4,75,,,974.8,0.0
2024-07-29T22:00,31.0,77,,,975.0,0.0
2024-07-29T23:00,30.7,78,,,975.3,0.0
2024-07-30T00:00,30.6,79,,,975.2,0.0
2024-07-30T01:00,30.4,79,,,974.7,0.0
2024-07-30T02:00,30.0,80,,,974.2,0.0
2024-07-30T03:00,29.6,82,,,974.0,0.0
2024-07-30T04:00,29.3,84,,,974.2,0.0
2024-07-30T05:00,29.0,86,,,975.2,0.0
2024-07-30T06:00,30.1,83,,,975.7,0.0
2024-07-30T07:00,31.0,80,,,976.1,0.0
2024-07-30T08:00,32.3,74,,,976.1,0.0
2024-07-30T09:00,33.7,66,,,976.2,0.1
2024-07-30T10:00,34.9,61,,,976.4,0.0
2024-07-30T11:00,35.7,57,,,976.2,0.0
2024-07-30T12:00,36.2,56,,,975.6,0.0
2024-07-30T13:00,36.1,56,,,975.1,0.0
2024-07-30T14:00,36.4,55,,,974.2,0.0
2024-07-30T15:00,36.3,56,,,973.6,0.0
2024-07-30T16:00,36.0,57,,,973.6,0.0
2024-07-30T17:00,35.6,57,,,973.0,0.0
2024-07-30T18:00,34.1,64,,,974.1,0.0
2024-07-30T19:00,33.1,68,,,974.7,0.0
2024-07-30T20:00,32.6,70,,,975.4,0.0
2024-07-30T21:00,32.1,72,,,975.5,0.0
2024-07-30T22:00,31.6,74,,,976.3,0.0
2024-07-30T23:00,30.5,79,,,975.5,0.0
2024-07-31T00:00,29.9,82,,,975.5,0.0
2024-07-31T01:00,29.6,83,,,975.5,0.0
2024-07-31T02:00,29.3,84,,,975.4,0.0
2024-07-31T03:00,29.2,84,,,975.6,0.0
2024-07-31T04:00,28.8,87,,,975.6,0.1
2024-07-31T05:00,28.6,87,,,975.6,0.0
2024-07-31T06:00,28.3,90,,,975.5,0.0
2024-07-31T07:00,28.6,86,,,975.6,0.0
2024-07-31T08:00,29.8,81,,,975.7,0.0
2024-07-31T09:00,31.0,77,,,976.3,0.0
2024-07-31T10:00,32.7,72,,,976.9,0.0
2024-07-31T11:00,33.9,67,,,976.7,0.0
2024-07-31T12:00,35.3,62,,,976.0,0.0
2024-07-31T13:00,36.5,58,,,975.1,0.0
2024-07-31T14:00,37.1,54,,,973.6,0.0
2024-07-31T15:00,36.7,54,,,973.1,0.0
2024-07-31T16:00,35.8,58,,,972.7,0.0
2024-07-31T17:00,33.2,69,,,973.0,1.6
2024-07-31T18:00,33.8,69,,,971.8,0.1
2024-07-31T19:00,28.6,93,,,973.7,21.6
2024-07-31T20:00,28.0,92,,,974.0,18.2
2024-07-31T21:00,27.1,97,,,975.4,22.6
2024-07-31T22:00,26.8,95,,,975.9,21.4
2024-07-31T23:00,26.5,97,,,975.8,30.4
2024-08-01T00:00,26.7,97,,,974.5,13.3
2024-08-01T01:00,27.1,96,,,974.3,5.7
2024-08-01T02:00,27.3,96,,,974.2,4.9
2024-08-01T03:00,27.4,97,,,974.1,3.2
2024-08-01T04:00,26.8,97,,,974.1,1.6
2024-08-01T05:00,26.5,98,,180.0,974.3,1.2
2024-08-01T06:00,25.5,96,,,975.3,1.3
2024-08-01T07:00,25.7,95,,,975.8,0.6
2024-08-01T08:00,26.2,93,,,976.0,1.0
2024-08-01T09:00,27.0,90,,,976.2,1.1
2024-08-01T10:00,28.1,82,,,976.3,0.3
2024-08-01T11:00,29.2,79,,,976.5,0.1
2024-08-01T12:00,29.6,75,,,975.3,0.0
2024-08-01T13:00,30.5,72,,,974.5,0.1
2024-08-01T14:00,31.2,70,,,973.6,0.0
2024-08-01T15:00,31.2,71,,,972.8,0.0
2024-08-01T16:00,31.0,71,,,972.5,0.0
2024-08-01T17:00,31.0,71,,,972.2,0.1
2024-08-01T18:00,29.7,75,,,973.5,0.0
2024-08-01T19:00,28.8,81,,,974.2,0.0
2024-08-01T20:00,28.4,82,,,974.9,0.1
2024-08-01T21:00,27.6,84,,,975.6,0.1
2024-08-01T22:00,27.1,86,,,975.6,0.0
2024-08-01T23:00,26.7,90,,,975.6,0.0
2024-08-02T00:00,26.6,93,,,975.2,0.0
2024-08-02T01:00,26.3,95,,,974.6,0.0
2024-08-02T02:00,26.1,93,,,974.1,0.1
2024-08-02T03:00,25.9,91,,,973.9,0.2
2024-08-02T04:00,25.5,93,,,973.8,0.0
2024-08-02T05:00,25.5,93,,,974.0,0.0
2024-08-02T06:00,26.4,90,,,974.1,0.2
2024-08-02T07:00,26.8,88,,,974.4,0.0
2024-08-02T08:00,28.1,83,,,974.8,0.0
2024-08-02T09:00,29.5,77,,,974.9,0.0
2024-08-02T10:00,30.1,77,,,974.7,0.0
2024-08-02T11:00,31.1,73,,,974.2,0.0
2024-08-02T12:00,31.5,69,,,972.8,0.1
2024-08-02T13:00,31.8,69,,,972.5,0.1
2024-08-02T14:00,32.2,68,,,971.3,0.0
2024-08-02T15:00,31.1,72,,,971.0,0.4
2024-08-02T16:00,31.4,73,,,970.9,1.0
2024-08-02T17:00,30.5,75,,,971.3,0.9
2024-08-02T18:00,28.3,84,,,972.2,0.0
2024-08-02T19:00,27.7,86,,,972.9,0.0
2024-08-02T20:00,27.6,87,,,973.7,0.0
2024-08-02T21:00,27.5,89,,,974.5,0.0
2024-08-02T22:00,27.4,90,,,974.9,0.0
2024-08-02T23:00,27.4,90,,,974.8,0.0
2024-08-03T00:00,27.2,91,,,974.9,0.1
2024-08-03T01:00,26.7,90,,,974.4,0.1
2024-08-03T02:00,26.4,92,,,974.2,0.0
2024-08-03T03:00,26.1,95,,,974.0,0.0
2024-08-03T04:00,26.0,95,,,974.3,0.0
2024-08-03T05:00,26.0,95,,,974.6,0.0
2024-08-03T06:00,27.1,91,,,974.6,0.0
2024-08-03T07:00,27.9,87,,,975.3,0.1
2024-08-03T08:00,28.7,84,,,975.5,0.1
2024-08-03T09:00,30.0,78,,,976.1,0.1
2024-08-03T10:00,30.6,75,,,976.3,0.1
2024-08-03T11:00,31.3,72,,,976.1,0.1
2024-08-03T12:00,31.8,70,,,975.9,0.1
2024-08-03T13:00,32.4,69,,,975.1,0.1
2024-08-03T14:00,31.5,70,,,974.5,0.8
2024-08-03T15:00,30.9,74,,,973.9,0.2
2024-08-03T16:00,31.7,71,,,973.4,0.0
2024-08-03T17:00,31.5,71,,,973.6,0.0
2024-08-03T18:00,29.6,80,,,974.8,0.0
2024-08-03T19:00,28.8,83,,,975.6,0.0
2024-08-03T20:00,28.3,85,,,976.4,0.0
2024-08-03T21:00,28.0,87,,,977.3,0.0
2024-08-03T22:00,27.9,87,,,977.6,0.0
2024-08-03T23:00,27.6,87,,,977.9,0.0
2024-08-04T00:00,27.4,86,,,978.0,0.0
2024-08-04T01:00,27.2,86,,,977.4,0.0
2024-08-04T02:00,27.1,86,,,977.1,0.0
2024-08-04T03:00,27.0,86,,,977.0,0.0
2024-08-04T04:00,26.9,87,,,977.2,0.0
2024-08-04T05:00,26.9,87,,,977.3,0.0
2024-08-04T06:00,27.2,86,,,977.4,0.0
2024-08-04T07:00,28.1,81,,,977.7,0.0
2024-08-04T08:00,29.5,72,,,978.2,0.0
2024-08-04T09:00,30.3,69,,,978.5,0.0
2024-08-04T10:00,31.0,67,,,978.6,0.0
2024-08-04T11:00,31.9,63,,,978.3,0.0
2024-08-04T12:00,32.6,60,,,977.6,0.0
2024-08-04T13:00,33.0,59,,,976.4,0.0
2024-08-04T14:00,33.5,57,,,975.0,0.0
2024-08-04T15:00,33.4,57,,,974.4,0.0
2024-08-04T16:00,32.7,62,,,973.9,0.0
2024-08-04T17:00,32.3,64,,,974.0,0.0
2024-08-04T18:00,30.2,75,,,975.1,0.0
2024-08-04T19:00,29.4,77,,,975.7,0.1
2024-08-04T20:00,29.2,77,,,976.5,0.0
2024-08-04T21:00,29.1,77,,,977.5,0.0
2024-08-04T22:00,28.8,78,,,977.4,0.0
2024-08-04T23:00,28.4,79,,,977.3,0.0
2024-08-05T00:00,28.0,80,,,977.2,0.1
2024-08-05T01:00,27.3,83,,,976.8,0.2
2024-08-05T02:00,27.1,85,,,976.5,0.1
2024-08-05T03:00,26.9,84,,,976.0,0.0
2024-08-05T04:00,26.8,85,,,975.8,0.0
2024-08-05T05:00,26.8,86,,,975.8,0.0
2024-08-05T06:00,26.4,92,,,977.0,0.2
2024-08-05T07:00,27.2,87,,,977.2,0.0
2024-08-05T08:00,27.6,83,,,977.3,0.0
2024-08-05T09:00,27.7,83,,,977.7,0.0
2024-08-05T10:00,29.8,73,,,977.5,0.1
2024-08-05T11:00,30.5,70,,,977.7,0.2
2024-08-05T12:00,31.5,66,,,977.2,0.1
2024-08-05T13:00,32.4,62,,,976.5,0.1
2024-08-05T14:00,32.6,61,,,975.3,0.1
2024-08-05T15:00,32.5,62,,,974.1,0.0
2024-08-05T16:00,32.3,62,,,974.0,0.0
2024-08-05T17:00,31.4,66,,,973.6,0.0
2024-08-05T18:00,29.7,73,,,975.3,0.0
2024-08-05T19:00,28.9,76,,,975.8,0.0
2024-08-05T20:00,28.7,77,,,976.5,0.0
2024-08-05T21:00,28.4,79,,,977.2,0.0
2024-08-05T22:00,28.2,80,,,977.5,0.0
2024-08-05T23:00,28.2,81,,,977.3,0.0
2024-08-06T00:00,28.0,82,,,976.8,0.0
2024-08-06T01:00,27.7,84,,,976.2,0.0
2024-08-06T02:00,27.4,83,,,975.8,0.0
2024-08-06T03:00,27.1,84,,,975.8,0.0
2024-08-06T04:00,26.7,86,,,975.9,0.0
2024-08-06T05:00,26.4,88,,,976.0,0.0
2024-08-06T06:00,26.8,88,,,976.3,0.0
2024-08-06T07:00,27.6,82,,,976.6,0.0
2024-08-06T08:00,28.7,76,,180.0,976.4,0.0
2024-08-06T09:00,29.4,74,,,976.3,0.1
2024-08-06T10:00,29.3,75,,180.0,976.2,0.0
2024-08-06T11:00,30.0,72,,,975.9,0.0
2024-08-06T12:00,30.9,68,,,975.5,0.0
2024-08-06T13:00,31.2,66,,,974.9,0.0
2024-08-06T14:00,31.2,66,,,974.4,0.0
2024-08-06T15:00,31.3,65,,,973.6,0.0
2024-08-06T16:00,31.8,63,,,973.0,0.0
2024-08-06T17:00,31.5,64,,,973.1,0.0
2024-08-06T18:00,30.7,71,,,973.3,0.0
2024-08-06T19:00,29.4,75,,,974.2,0.0
2024-08-06T20:00,28.8,79,,,975.0,0.0
2024-08-06T21:00,28.6,80,,,975.9,0.0
2024-08-06T22:00,28.1,80,,,976.5,0.0
2024-08-06T23:00,27.5,80,,,976.7,0.0
2024-08-07T00:00,27.1,81,,,976.4,0.1
2024-08-07T01:00,26.7,83,,,975.8,0.0
2024-08-07T02:00,26.4,84,,,975.5,0.0
2024-08-07T03:00,26.6,84,,,975.1,0.0
2024-08-07T04:00,26.6,85,,,975.4,0.0
2024-08-07T05:00,26.6,86,,,975.8,0.1
2024-08-07T06:00,26.8,90,,,975.8,0.9
2024-08-07T07:00,26.8,90,,,976.4,0.5
2024-08-07T08:00,26.9,90,,,977.1,0.4
2024-08-07T09:00,26.6,91,,,977.4,0.4
2024-08-07T10:00,27.0,90,,,977.5,0.5
2024-08-07T11:00,27.6,85,,,977.5,0.3
2024-08-07T12:00,28.3,81,,,976.9,0.1
2024-08-07T13:00,29.2,77,,,976.4,0.1
2024-08-07T14:00,30.1,74,,,975.6,0.3
2024-08-07T15:00,30.0,74,,,975.1,0.5
2024-08-07T16:00,29.5,76,,,974.8,0.5
2024-08-07T17:00,28.9,78,,,975.2,0.5
2024-08-07T18:00,26.8,92,,,976.3,5.4
2024-08-07T19:00,26.9,92,,,976.7,0.1
2024-08-07T20:00,26.5,95,,,977.5,0.0
2024-08-07T21:00,26.2,93,,,978.4,1.3
2024-08-07T22:00,25.9,95,,,978.4,2.5
2024-08-07T23:00,25.5,98,,,978.6,1.9
2024-08-08T00:00,25.6,97,,,978.2,0.4
2024-08-08T01:00,25.7,96,,,977.7,0.3
2024-08-08T02:00,25.5,96,,,977.3,0.3
2024-08-08T03:00,25.6,96,,,977.0,0.6
2024-08-08T04:00,25.7,95,,,977.1,2.0
2024-08-08T05:00,25.6,96,,,977.3,2.3
2024-08-08T06:00,25.7,94,,,977.7,0.0
2024-08-08T07:00,26.0,92,,,978.2,0.0
2024-08-08T08:00,26.8,88,,,978.6,0.0
2024-08-08T09:00,27.9,83,,,979.2,0.2
2024-08-08T10:00,29.4,75,,,979.3,0.1
2024-08-08T11:00,30.6,70,,,979.1,0.3
2024-08-08T12:00,31.1,71,,,978.5,0.2
2024-08-08T13:00,31.5,69,,,977.5,0.0
2024-08-08T14:00,31.1,70,,,976.6,0.2
2024-08-08T15:00,30.9,72,,,976.0,0.0
2024-08-08T16:00,28.8,82,,,976.0,1.4
2024-08-08T17:00,29.0,81,,,976.3,0.5
2024-08-08T18:00,27.7,90,,,977.2,1.5
2024-08-08T19:00,26.8,93,,,978.0,0.2
2024-08-08T20:00,26.3,95,,,978.7,0.1
2024-08-08T21:00,26.2,96,,,979.3,0.0
2024-08-08T22:00,26.2,96,,180.0,979.5,0.1
2024-08-08T23:00,26.0,97,,,979.6,0.1
2024-08-09T00:00,25.9,96,,,979.3,1.1
2024-08-09T01:00,25.8,96,,,978.7,0.1
2024-08-09T02:00,25.7,97,,,978.7,0.0
2024-08-09T03:00,25.6,96,,,978.6,0.2
2024-08-09T04:00,25.5,95,,,978.7,3.3
2024-08-09T05:00,25.3,96,,,979.0,0.8
2024-08-09T06:00,26.1,91,,,979.3,0.1
2024-08-09T07:00,26.6,89,,,980.1,0.3
2024-08-09T08:00,27.3,88,,,980.2,0.2
2024-08-09T09:00,28.2,84,,,980.2,0.0
2024-08-09T10:00,29.9,75,,,980.1,0.1
2024-08-09T11:00,30.6,73,,,979.8,0.3
2024-08-09T12:00,31.3,72,,,979.0,0.0
2024-08-09T13:00,31.8,71,,,978.7,0.1
2024-08-09T14:00,31.7,71,,,977.9,0.2
2024-08-09T15:00,31.6,71,,,977.0,0.2
2024-08-09T16:00,31.2,72,,,976.7,0.2
2024-08-09T17:00,26.7,94,,,977.4,11.5
2024-08-09T18:00,28.7,83,,,977.9,1.8
2024-08-09T19:00,27.0,92,,,978.9,2.0
2024-08-09T20:00,26.8,93,,,979.5,1.0
2024-08-09T21:00,25.9,94,,,980.4,6.3
2024-08-09T22:00,25.7,96,,,980.2,0.3
2024-08-09T23:00,25.7,96,,,979.9,0.7
2024-08-10T00:00,25.5,96,,,979.4,1.0
2024-08-10T01:00,25.2,97,,,979.2,1.1
2024-08-10T02:00,24.9,97,,,978.9,2.7
2024-08-10T03:00,24.9,99,,,978.4,2.1
2024-08-10T04:00,24.9,97,,,978.0,0.3
2024-08-10T05:00,25.0,97,,,978.7,0.4
2024-08-10T06:00,26.3,94,,,979.2,0.1
2024-08-10T07:00,26.7,93,,,979.0,0.1
2024-08-10T08:00,27.5,89,,,979.4,0.1
2024-08-10T09:00,28.4,84,,,979.6,0.0
2024-08-10T10:00,29.5,78,,,979.8,0.2
2024-08-10T11:00,30.1,76,,,978.9,0.3
2024-08-10T12:00,30.9,73,,,978.2,0.3
2024-08-10T13:00,31.1,71,,,977.6,0.3
2024-08-10T14:00,31.2,72,,,976.4,0.0
2024-08-10T15:00,31.2,73,,,975.4,0.1
2024-08-10T16:00,31.3,72,,,975.1,0.1
2024-08-10T17:00,28.9,82,,,975.4,4.1
2024-08-10T18:00,28.1,85,,,977.0,0.6
2024-08-10T19:00,26.6,93,,,977.6,1.8
2024-08-10T20:00,26.6,94,,,978.1,0.4
2024-08-10T21:00,26.5,94,,,978.5,0.5
2024-08-10T22:00,26.1,95,,,977.9,0.1
2024-08-10T23:00,25.9,97,,,977.8,0.0
2024-08-11T00:00,25.7,98,,,977.3,0.0
2024-08-11T01:00,25.6,97,,,977.0,0.0
2024-08-11T02:00,25.7,95,,180.0,976.7,0.0
2024-08-11T03:00,25.8,94,,,976.4,0.1
2024-08-11T04:00,25.8,94,,,976.4,0.0
2024-08-11T05:00,25.6,94,,,976.8,0.4
2024-08-11T06:00,26.0,94,,,977.2,6.6
2024-08-11T07:00,26.2,93,,,977.0,1.4
2024-08-11T08:00,26.6,91,,,977.3,0.1
2024-08-11T09:00,27.8,87,,,978.2,0.2
2024-08-11T10:00,28.7,83,,,978.2,0.2
2024-08-11T11:00,29.6,79,,,977.7,0.2
2024-08-11T12:00,30.2,77,,,976.9,0.1
2024-08-11T13:00,30.7,74,,,976.2,0.0
2024-08-11T14:00,30.9,74,,,975.4,0.1
2024-08-11T15:00,29.1,81,,,974.6,1.2
2024-08-11T16:00,29.1,80,,,974.6,0.2
2024-08-11T17:00,29.2,81,,,974.5,0.0
2024-08-11T18:00,27.0,89,,,976.8,0.4
2024-08-11T19:00,26.5,92,,,976.9,0.2
2024-08-11T20:00,26.2,93,,,976.8,0.0
2024-08-11T21:00,26.0,95,,,977.4,0.0
2024-08-11T22:00,25.8,96,,,977.7,0.0
2024-08-11T23:00,25.8,96,,,977.9,0.0
2024-08-12T00:00,25.6,95,,,977.4,0.2
2024-08-12T01:00,25.7,95,,,977.2,0.2
2024-08-12T02:00,25.7,95,,,976.9,0.1
2024-08-12T03:00,25.6,95,,,976.8,0.1
2024-08-12T04:00,25.8,96,,,976.9,0.0
2024-08-12T05:00,25.6,95,,,977.2,0.2
2024-08-12T06:00,25.8,91,,,977.9,0.2
2024-08-12T07:00,26.4,90,,,978.6,0.5
2024-08-12T08:00,26.5,89,,,979.0,0.4
2024-08-12T09:00,26.3,91,,,979.3,0.1
2024-08-12T10:00,26.6,90,,,979.4,0.5
2024-08-12T11:00,27.3,89,,,978.9,0.5
2024-08-12T12:00,28.3,86,,,978.5,0.2
2024-08-12T13:00,28.7,83,,,977.6,0.1
2024-08-12T14:00,30.0,77,,,976.8,0.1
2024-08-12T15:00,28.2,84,,,976.1,5.3
2024-08-12T16:00,27.8,86,,,976.3,0.8
2024-08-12T17:00,27.7,86,,,975.8,0.7
2024-08-12T18:00,26.9,93,,,976.5,0.3
2024-08-12T19:00,26.8,95,,,977.1,0.1
2024-08-12T20:00,26.6,95,,,977.9,0.1
2024-08-12T21:00,26.5,95,,,978.9,0.0
2024-08-12T22:00,26.2,96,,,979.0,0.1
2024-08-12T23:00,25.9,96,,,978.7,0.1
2024-08-13T00:00,25.6,97,,,978.5,0.0
2024-08-13T01:00,25.6,97,,,978.4,0.0
2024-08-13T02:00,25.5,97,,,978.4,0.0
2024-08-13T03:00,25.4,97,,,978.1,0.0
2024-08-13T04:00,25.2,98,,,978.1,0.0
2024-08-13T05:00,25.2,98,,,978.5,0.0
2024-08-13T06:00,25.7,96,,,979.3,0.0
2024-08-13T07:00,26.5,91,,,979.9,0.1
2024-08-13T08:00,26.8,90,,,980.2,1.0
2024-08-13T09:00,27.4,88,,,980.6,1.0
2024-08-13T10:00,28.7,80,,,980.5,0.2
2024-08-13T11:00,28.8,80,,,980.0,0.3
2024-08-13T12:00,30.5,78,,,979.4,0.2
2024-08-13T13:00,30.8,74,,,978.4,0.4
2024-08-13T14:00,29.3,82,,,977.6,2.0
2024-08-13T15:00,28.1,85,,,977.1,3.5
2024-08-13T16:00,28.3,85,,,977.0,0.2
2024-08-13T17:00,28.5,84,,,976.8,0.0
2024-08-13T18:00,28.8,85,,,977.5,0.0
2024-08-13T19:00,27.7,91,,,978.3,0.0
2024-08-13T20:00,27.4,94,,,979.1,0.0
2024-08-13T21:00,27.0,95,,,979.9,0.0
2024-08-13T22:00,26.7,95,,,980.1,0.2
2024-08-13T23:00,26.6,96,,,980.2,0.0
2024-08-14T00:00,26.5,97,,,980.0,0.0
2024-08-14T01:00,26.2,98,,,979.2,0.0
2024-08-14T02:00,26.0,98,,,978.6,0.0
2024-08-14T03:00,25.9,98,,,978.5,0.0
2024-08-14T04:00,26.0,98,,,978.6,0.0
2024-08-14T05:00,26.1,96,,,979.2,0.1
2024-08-14T06:00,26.6,95,,,979.8,0.5
2024-08-14T07:00,27.1,90,,,980.6,0.1
2024-08-14T08:00,27.7,89,,,980.9,0.0
2024-08-14T09:00,28.9,84,,,981.4,0.1
2024-08-14T10:00,29.8,80,,,981.3,0.2
2024-08-14T11:00,30.0,78,,,980.7,0.1
2024-08-14T12:00,30.7,76,,,980.0,0.1
2024-08-14T13:00,28.9,84,,,978.7,5.0
2024-08-14T14:00,29.7,81,,,978.1,0.2
2024-08-14T15:00,30.0,81,,,977.4,0.3
2024-08-14T16:00,29.7,81,,,976.7,1.1
2024-08-14T17:00,29.6,82,,,977.0,0.0
2024-08-14T18:00,29.2,88,,,977.5,0.0
2024-08-14T19:00,28.1,92,,,977.8,0.0
2024-08-14T20:00,28.1,91,,,978.6,0.0
2024-08-14T21:00,27.5,94,,,979.5,0.0
2024-08-14T22:00,27.4,93,,,979.9,0.0
2024-08-14T23:00,27.1,93,,,979.9,0.0
2024-08-15T00:00,26.7,93,,,979.4,0.0
2024-08-15T01:00,26.4,95,,,978.7,0.0
2024-08-15T02:00,26.2,96,,,978.2,0.0
2024-08-15T03:00,26.1,97,,,978.4,0.0
2024-08-15T04:00,26.0,98,,,978.6,0.0
2024-08-15T05:00,26.2,97,9.4,90.0,978.6,0.0
2024-08-15T06:00,26.7,94,9.5,79.0,979.5,0.0
2024-08-15T07:00,27.5,90,12.6,77.0,979.7,0.0
2024-08-15T08:00,28.5,85,14.1,84.0,979.8,0.1
2024-08-15T09:00,29.3,81,12.7,98.0,980.3,0.3
2024-08-15T10:00,30.5,77,12.1,113.0,979.8,0.2
2024-08-15T11:00,31.6,73,13.2,107.0,979.2,0.2
2024-08-15T12:00,31.7,74,12.2,109.0,978.4,0.3
2024-08-15T13:00,32.0,74,9.8,118.0,977.6,0.5
2024-08-15T14:00,32.2,75,9.3,118.0,976.4,0.4
2024-08-15T15:00,32.0,75,5.1,129.0,976.4,2.3
2024-08-15T16:00,31.7,76,10.1,86.0,975.0,0.2
2024-08-15T17:00,31.3,77,10.3,102.0,974.7,0.1
2024-08-15T18:00,28.8,87,4.3,114.0,975.7,1.9
2024-08-15T19:00,26.5,95,6.8,115.0,977.0,3.7
2024-08-15T20:00,26.5,94,12.1,170.0,978.0,0.4
2024-08-15T21:00,26.3,93,10.9,153.0,978.5,0.2
2024-08-15T22:00,26.1,95,7.0,145.0,978.2,0.1
2024-08-15T23:00,25.9,97,3.4,122.0,978.0,0.0
2024-08-16T00:00,25.6,97,4.7,90.0,978.1,0.4
2024-08-16T01:00,25.6,97,10.1,73.0,977.6,0.2
2024-08-16T02:00,25.6,97,13.0,84.0,977.1,0.0
2024-08-16T03:00,25.5,98,11.5,88.0,977.2,0.1
2024-08-16T04:00,25.5,98,11.9,87.0,977.2,0.2
2024-08-16T05:00,25.7,96,15.5,102.0,976.7,0.0
2024-08-16T06:00,25.8,94,10.8,127.0,977.4,1.1
2024-08-16T07:00,26.6,90,12.3,111.0,977.9,0.0
2024-08-16T08:00,27.6,87,12.9,117.0,978.5,0.0
2024-08-16T09:00,28.4,84,12.2,124.0,978.8,0.1
2024-08-16T10:00,29.6,79,13.0,129.0,978.6,0.2
2024-08-16T11:00,31.0,74,14.8,129.0,978.3,0.4
2024-08-16T12:00,31.7,72,13.6,130.0,977.9,0.1
2024-08-16T13:00,32.3,68,13.2,145.0,976.8,0.1
2024-08-16T14:00,31.3,74,12.5,134.0,975.7,0.3
2024-08-16T15:00,31.0,77,8.8,109.0,974.7,1.3
2024-08-16T16:00,30.9,78,9.4,97.0,974.7,0.1
2024-08-16T17:00,27.5,90,7.8,112.0,975.1,5.7
2024-08-16T18:00,28.2,86,6.2,97.0,976.7,0.0
2024-08-16T19:00,27.0,91,13.4,121.0,977.9,3.7
2024-08-16T20:00,26.8,93,8.9,117.0,978.0,1.0
2024-08-16T21:00,26.7,94,8.4,121.0,978.9,0.0
2024-08-16T22:00,26.5,95,8.0,117.0,979.5,0.0
2024-08-16T23:00,26.4,95,9.0,119.0,979.6,0.0
2024-08-17T00:00,26.2,97,6.9,118.0,979.6,0.0
2024-08-17T01:00,26.2,97,6.6,131.0,979.5,0.0
2024-08-17T02:00,26.1,97,7.7,143.0,979.1,0.0
2024-08-17T03:00,26.0,98,5.3,152.0,979.1,0.0
2024-08-17T04:00,25.8,99,4.9,144.0,979.0,0.0
2024-08-17T05:00,25.7,99,4.5,151.0,979.3,0.0
2024-08-17T06:00,26.7,94,7.1,336.0,980.1,0.0
2024-08-17T07:00,27.3,91,6.6,9.0,980.5,0.0
2024-08-17T08:00,28.2,86,7.2,27.0,981.0,0.0
2024-08-17T09:00,29.2,81,8.2,38.0,981.3,0.1
2024-08-17T10:00,30.0,77,5.4,42.0,981.3,0.3
2024-08-17T11:00,30.8,74,2.8,40.0,980.9,0.3
2024-08-17T12:00,31.2,73,1.8,169.0,980.5,0.3
2024-08-17T13:00,31.5,73,5.4,270.0,979.7,0.1
2024-08-17T14:00,31.6,73,8.4,280.0,978.7,0.1
2024-08-17T15:00,31.9,72,9.3,286.0,977.9,0.0
2024-08-17T16:00,31.5,73,8.5,282.0,977.5,0.2
2024-08-17T17:00,28.6,82,9.6,304.0,978.4,6.3
2024-08-17T18:00,29.1,82,4.7,9.0,978.5,0.0
2024-08-17T19:00,28.3,89,3.8,17.0,979.6,0.0
2024-08-17T20:00,28.4,84,0.7,360.0,980.3,0.0
2024-08-17T21:00,27.9,90,4.8,333.0,981.1,0.0
2024-08-17T22:00,27.5,92,5.4,8.0,981.5,0.0
2024-08-17T23:00,28.1,87,2.9,330.0,981.6,0.0
2024-08-18T00:00,27.1,93,2.1,211.0,981.1,0.0
2024-08-18T01:00,27.0,93,4.6,231.0,980.6,0.0
2024-08-18T02:00,26.9,94,5.4,250.0,980.3,0.0
2024-08-18T03:00,26.6,96,5.5,259.0,980.0,0.0
2024-08-18T04:00,26.4,97,6.5,270.0,980.3,0.0
2024-08-18T05:00,26.2,96,6.5,276.0,980.4,0.0
2024-08-18T06:00,27.2,93,11.6,265.0,980.4,0.0
2024-08-18T07:00,28.2,86,11.6,277.0,981.2,0.0
2024-08-18T08:00,29.5,81,12.8,281.0,981.6,0.0
2024-08-18T09:00,30.7,76,13.6,281.0,982.0,0.0
2024-08-18T10:00,31.7,72,13.6,287.0,982.4,0.0
2024-08-18T11:00,32.1,69,13.7,293.0,982.1,0.1
2024-08-18T12:00,32.6,68,14.0,293.0,981.5,0.1
2024-08-18T13:00,32.7,67,12.4,287.0,980.9,0.0
2024-08-18T14:00,31.2,70,12.9,288.0,980.1,0.9
2024-08-18T15:00,29.3,79,14.7,298.0,978.8,1.2
2024-08-18T16:00,30.1,78,5.7,342.0,979.1,0.0
2024-08-18T17:00,30.1,79,5.9,317.0,979.2,0.0
2024-08-18T18:00,30.1,78,6.6,299.0,978.9,0.0
2024-08-18T19:00,29.1,82,5.2,295.0,979.6,0.0
2024-08-18T20:00,28.7,85,4.4,261.0,980.3,0.0
2024-08-18T21:00,28.6,84,5.7,252.0,981.1,0.0
2024-08-18T22:00,28.3,85,6.6,257.0,981.3,0.0
2024-08-18T23:00,28.0,86,6.9,261.0,981.2,0.0
2024-08-19T00:00,27.8,87,5.9,256.0,981.1,0.0
2024-08-19T01:00,27.8,86,8.4,263.0,980.7,0.0
2024-08-19T02:00,26.9,88,3.4,198.0,980.5,0.6
2024-08-19T03:00,26.5,93,1.6,63.0,980.1,0.1
2024-08-19T04:00,26.8,92,2.1,31.0,980.2,0.0
2024-08-19T05:00,26.2,96,4.7,351.0,980.1,0.0
2024-08-19T06:00,26.7,92,2.0,135.0,980.9,0.2
2024-08-19T07:00,27.5,89,4.1,15.0,981.6,0.0
2024-08-19T08:00,28.4,83,6.2,353.0,981.4,0.0
2024-08-19T09:00,29.6,78,6.3,301.0,981.4,0.0
2024-08-19T10:00,31.0,72,11.0,311.0,981.5,0.0
2024-08-19T11:00,31.6,71,11.2,327.0,981.1,0.2
2024-08-19T12:00,32.2,69,9.7,312.0,980.1,0.1
2024-08-19T13:00,32.7,67,12.7,295.0,978.9,0.0
2024-08-19T14:00,32.7,67,14.5,284.0,977.7,0.0
2024-08-19T15:00,31.7,69,17.0,274.0,977.0,0.2
2024-08-19T16:00,31.7,68,13.7,273.0,976.6,0.0
2024-08-19T17:00,31.0,72,12.5,282.0,976.5,0.0
2024-08-19T18:00,29.3,82,5.4,278.0,977.8,0.1
2024-08-19T19:00,28.4,85,4.0,243.0,978.1,0.1
2024-08-19T20:00,28.0,87,5.0,240.0,978.6,0.0
2024-08-19T21:00,27.9,88,5.6,230.0,979.4,0.0
2024-08-19T22:00,27.7,89,7.1,229.0,979.9,0.0
2024-08-19T23:00,27.6,90,7.7,229.0,979.7,0.0
2024-08-20T00:00,27.3,90,8.0,243.0,979.4,0.0
2024-08-20T01:00,27.2,90,8.0,265.0,978.7,0.0
2024-08-20T02:00,26.9,91,5.9,284.0,978.4,0.0
2024-08-20T03:00,26.5,93,4.0,280.0,978.1,0.0
2024-08-20T04:00,26.8,92,3.6,270.0,978.3,0.0
2024-08-20T05:00,26.5,93,1.4,90.0,978.6,0.0
2024-08-20T06:00,26.4,93,4.9,73.0,979.6,1.4
2024-08-20T07:00,26.6,91,6.3,114.0,980.3,0.8
2024-08-20T08:00,27.2,89,6.5,19.0,981.0,0.2
2024-08-20T09:00,27.6,87,3.2,27.0,981.1,0.1
2024-08-20T10:00,28.8,82,1.5,76.0,981.3,0.0
2024-08-20T11:00,30.1,76,1.9,338.0,980.8,0.1
2024-08-20T12:00,30.9,74,2.3,321.0,980.6,0.1
2024-08-20T13:00,31.5,74,0.5,45.0,980.0,0.2
2024-08-20T14:00,31.6,74,1.8,53.0,978.8,0.3
2024-08-20T15:00,31.6,72,1.1,90.0,977.6,0.2
2024-08-20T16:00,29.4,79,12.7,137.0,978.1,0.6
2024-08-20T17:00,27.2,90,7.1,255.0,978.5,0.3
2024-08-20T18:00,29.6,79,4.3,222.0,979.1,0.0
2024-08-20T19:00,28.2,85,8.4,220.0,979.5,0.0
2024-08-20T20:00,27.6,87,7.6,225.0,980.1,0.0
2024-08-20T21:00,27.2,89,6.1,225.0,981.2,0.0
2024-08-20T22:00,27.2,90,7.0,215.0,981.6,0.0
2024-08-20T23:00,27.0,92,5.1,231.0,981.8,0.0
2024-08-21T00:00,26.7,95,3.4,198.0,981.5,0.0
2024-08-21T01:00,26.8,93,1.8,127.0,981.1,0.0
2024-08-21T02:00,26.2,97,5.9,52.0,981.0,0.4
2024-08-21T03:00,26.0,97,1.6,117.0,980.8,1.3
2024-08-21T04:00,25.3,97,6.8,87.0,981.0,1.8
2024-08-21T05:00,25.1,98,8.7,175.0,981.3,0.2
2024-08-21T06:00,25.1,96,4.2,250.0,981.6,0.1
2024-08-21T07:00,25.7,93,2.5,90.0,981.6,0.1
2024-08-21T08:00,27.0,88,2.9,90.0,981.9,0.0
2024-08-21T09:00,28.7,82,6.4,74.0,982.7,0.0
2024-08-21T10:00,29.7,78,6.5,90.0,983.0,0.0
2024-08-21T11:00,30.8,74,5.1,98.0,982.6,0.0
2024-08-21T12:00,31.4,73,4.0,80.0,981.7,0.0
2024-08-21T13:00,31.7,72,3.3,49.0,980.7,0.1
2024-08-21T14:00,32.0,71,3.4,18.0,979.9,0.1
2024-08-21T15:00,31.7,71,7.1,15.0,978.6,0.7
2024-08-21T16:00,30.8,72,4.0,333.0,978.0,0.6
2024-08-21T17:00,31.1,71,3.2,243.0,977.9,0.0
2024-08-21T18:00,29.7,81,2.5,225.0,979.1,0.0
2024-08-21T19:00,28.7,87,4.2,239.0,979.7,0.0
2024-08-21T20:00,28.1,90,4.2,239.0,980.3,0.0
2024-08-21T21:00,27.8,93,3.7,209.0,980.8,0.0
2024-08-21T22:00,27.6,93,5.6,207.0,981.0,0.0
2024-08-21T23:00,27.4,94,5.5,212.0,980.8,0.0
2024-08-22T00:00,24.9,99,8.4,50.0,981.4,2.4
2024-08-22T01:00,25.2,96,5.1,94.0,980.6,0.1
2024-08-22T02:00,24.7,99,5.1,356.0,981.2,2.5
2024-08-22T03:00,25.1,94,7.1,41.0,980.3,0.1
2024-08-22T04:00,24.8,97,2.6,56.0,980.1,0.0
2024-08-22T05:00,24.9,96,2.9,60.0,980.3,0.0
2024-08-22T06:00,26.1,93,3.0,256.0,980.3,0.0
2024-08-22T07:00,26.9,92,3.1,234.0,980.8,0.0
2024-08-22T08:00,28.3,87,4.0,260.0,981.1,0.0
2024-08-22T09:00,29.7,81,3.6,270.0,981.3,0.0
2024-08-22T10:00,30.9,77,3.3,311.0,981.2,0.0
2024-08-22T11:00,31.7,74,3.1,339.0,980.7,0.0
2024-08-22T12:00,32.1,73,2.0,315.0,980.2,0.0
2024-08-22T13:00,32.5,73,2.3,309.0,979.2,0.0
2024-08-22T14:00,32.6,73,2.8,310.0,978.3,0.0
2024-08-22T15:00,32.8,72,4.6,342.0,976.7,0.0
2024-08-22T16:00,30.4,76,6.2,291.0,976.6,0.5
2024-08-22T17:00,29.9,79,7.2,180.0,977.0,0.4
2024-08-22T18:00,29.3,80,10.7,228.0,978.2,0.5
2024-08-22T19:00,28.1,86,8.2,203.0,979.2,0.5
2024-08-22T20:00,27.4,88,8.7,232.0,979.5,0.0
2024-08-22T21:00,26.9,90,5.5,212.0,980.1,0.0
2024-08-22T22:00,26.6,91,5.8,210.0,980.6,0.0
2024-08-22T23:00,26.3,95,2.7,157.0,980.8,0.0
2024-08-23T00:00,25.9,98,2.2,99.0,980.5,0.0
2024-08-23T01:00,25.8,99,2.6,74.0,979.9,0.0
2024-08-23T02:00,25.6,99,3.0,104.0,979.8,0.0
2024-08-23T03:00,25.6,99,4.0,90.0,979.6,0.0
2024-08-23T04:00,25.6,98,10.5,68.0,979.7,0.0
2024-08-23T05:00,25.2,97,6.4,43.0,979.9,0.0
2024-08-23T06:00,24.9,93,9.7,301.0,981.0,0.1
2024-08-23T07:00,25.6,90,9.7,292.0,981.5,0.0
2024-08-23T08:00,25.7,89,7.4,309.0,981.9,0.6
2024-08-23T09:00,26.7,84,2.6,344.0,982.4,0.1
2024-08-23T10:00,27.5,82,5.2,106.0,982.6,0.1
2024-08-23T11:00,27.9,82,6.3,66.0,982.0,0.0
2024-08-23T12:00,28.9,79,6.1,90.0,981.4,0.0
2024-08-23T13:00,28.9,78,6.2,111.0,980.5,0.0
2024-08-23T14:00,29.9,74,3.9,68.0,979.5,0.0
2024-08-23T15:00,30.4,72,3.8,41.0,978.3,0.0
2024-08-23T16:00,30.7,70,4.9,36.0,977.6,0.0
2024-08-23T17:00,30.7,70,3.7,29.0,977.2,0.0
2024-08-23T18:00,29.5,79,3.6,96.0,978.9,0.0
2024-08-23T19:00,28.4,83,4.9,126.0,979.5,0.0
2024-08-23T20:00,27.8,86,6.6,151.0,980.2,0.0
2024-08-23T21:00,27.3,88,5.6,153.0,980.4,0.0
2024-08-23T22:00,26.9,90,5.6,153.0,981.0,0.0
2024-08-23T23:00,26.5,93,3.5,156.0,981.2,0.0
2024-08-24T00:00,26.2,95,4.3,175.0,980.9,0.0
2024-08-24T01:00,25.9,96,4.0,170.0,980.6,0.0
2024-08-24T02:00,25.8,96,4.1,75.0,980.4,0.0
2024-08-24T03:00,25.9,94,5.4,86.0,980.3,0.3
2024-08-24T04:00,25.7,96,5.8,90.0,980.3,0.0
2024-08-24T05:00,25.3,98,3.4,108.0,980.5,0.0
2024-08-24T06:00,26.9,92,3.1,216.0,981.4,0.0
2024-08-24T07:00,27.2,90,1.1,270.0,981.5,0.0
2024-08-24T08:00,28.5,86,3.4,18.0,981.7,0.1
2024-08-24T09:00,27.7,83,16.6,48.0,982.4,7.3
2024-08-24T10:00,27.3,85,8.0,36.0,982.3,0.4
2024-08-24T11:00,28.3,83,7.4,29.0,981.8,0.5
2024-08-24T12:00,30.0,74,8.7,42.0,980.6,0.0
2024-08-24T13:00,30.9,72,7.9,51.0,979.9,0.1
2024-08-24T14:00,31.5,71,6.6,41.0,978.6,0.1
2024-08-24T15:00,31.5,69,6.6,49.0,977.6,0.0
2024-08-24T16:00,31.5,69,6.1,45.0,977.0,0.0
2024-08-24T17:00,31.1,71,6.1,45.0,976.7,0.0
2024-08-24T18:00,30.3,76,5.8,7.0,977.0,0.0
2024-08-24T19:00,29.0,84,5.4,20.0,977.8,0.0
2024-08-24T20:00,28.6,86,6.2,21.0,978.4,0.0
2024-08-24T21:00,28.4,86,4.8,27.0,979.0,0.0
2024-08-24T22:00,28.1,87,5.3,62.0,979.2,0.0
2024-08-24T23:00,27.9,88,7.3,70.0,979.1,0.0
2024-08-25T00:00,27.7,89,5.8,90.0,978.6,0.0
2024-08-25T01:00,26.1,92,17.2,116.0,979.3,4.0
2024-08-25T02:00,24.9,95,14.8,90.0,980.1,6.8
2024-08-25T03:00,25.0,95,16.3,72.0,979.0,2.1
2024-08-25T04:00,25.1,94,13.3,71.0,978.5,0.1
2024-08-25T05:00,25.1,94,13.4,66.0,978.2,0.0
2024-08-25T06:00,26.9,85,15.8,78.0,979.2,0.0
2024-08-25T07:00,27.6,82,19.8,87.0,979.4,0.0
2024-08-25T08:00,28.5,79,22.0,93.0,979.3,0.2
2024-08-25T09:00,29.5,75,21.4,97.0,978.9,0.1
2024-08-25T10:00,30.5,71,20.8,99.0,978.3,0.0
2024-08-25T11:00,31.4,68,20.6,96.0,978.1,0.1
2024-08-25T12:00,32.1,67,20.3,97.0,977.5,0.0
2024-08-25T13:00,32.2,66,22.0,95.0,976.7,0.1
2024-08-25T14:00,32.2,66,21.6,91.0,975.6,0.1
2024-08-25T15:00,32.1,66,20.2,89.0,974.9,0.3
2024-08-25T16:00,31.2,72,16.6,90.0,974.7,1.2
2024-08-25T17:00,30.0,76,15.6,75.0,974.9,0.1
2024-08-25T18:00,29.7,75,15.4,69.0,975.7,0.0
2024-08-25T19:00,29.2,75,13.1,81.0,976.4,0.0
2024-08-25T20:00,28.9,76,12.9,77.0,977.0,0.0
2024-08-25T21:00,28.6,79,12.0,83.0,977.7,0.0
2024-08-25T22:00,28.2,81,12.6,88.0,977.6,0.0
2024-08-25T23:00,28.0,83,13.7,88.0,977.2,0.0
2024-08-26T00:00,27.6,84,12.6,93.0,976.9,0.0
2024-08-26T01:00,27.2,86,11.5,88.0,976.6,0.0
2024-08-26T02:00,26.8,89,11.2,84.0,976.4,0.0
2024-08-26T03:00,26.5,91,9.4,83.0,976.3,0.0
2024-08-26T04:00,26.2,92,9.4,86.0,976.7,0.0
2024-08-26T05:00,26.0,93,10.1,84.0,976.8,0.0
2024-08-26T06:00,27.0,86,13.4,104.0,977.8,0.0
2024-08-26T07:00,27.8,82,16.9,106.0,978.4,0.0
2024-08-26T08:00,28.7,80,18.3,105.0,978.6,0.0
2024-08-26T09:00,29.0,74,21.1,107.0,979.2,0.5
2024-08-26T10:00,29.6,78,17.0,103.0,979.0,0.2
2024-08-26T11:00,30.9,73,19.1,102.0,978.8,0.1
2024-08-26T12:00,31.4,70,20.3,107.0,978.1,0.1
2024-08-26T13:00,31.6,69,18.9,108.0,977.0,0.0
2024-08-26T14:00,29.9,75,22.7,108.0,976.2,1.5
2024-08-26T15:00,29.4,79,14.3,102.0,975.4,0.1
2024-08-26T16:00,30.1,76,14.6,80.0,975.5,0.0
2024-08-26T17:00,29.8,75,18.0,89.0,976.0,0.0
2024-08-26T18:00,27.9,86,13.7,104.0,976.5,1.3
2024-08-26T19:00,27.1,89,11.7,99.0,977.6,0.0
2024-08-26T20:00,26.7,89,14.5,96.0,978.3,0.0
2024-08-26T21:00,26.6,88,17.6,101.0,978.9,0.0
2024-08-26T22:00,26.4,88,17.0,103.0,979.2,0.0
2024-08-26T23:00,26.3,89,16.1,110.0,979.1,0.0
2024-08-27T00:00,26.1,90,14.7,112.0,979.1,0.0
2024-08-27T01:00,25.4,92,24.1,99.0,978.8,0.1
2024-08-27T02:00,24.3,93,18.2,120.0,978.4,0.2
2024-08-27T03:00,24.4,94,14.9,110.0,977.9,0.1
2024-08-27T04:00,24.7,95,13.7,104.0,978.5,0.0
2024-08-27T05:00,25.1,95,15.7,106.0,979.0,0.0
2024-08-27T06:00,25.5,94,14.7,112.0,979.6,0.0
2024-08-27T07:00,26.6,88,20.7,113.0,980.0,0.0
2024-08-27T08:00,27.4,84,22.2,115.0,980.4,0.1
2024-08-27T09:00,28.7,80,22.2,110.0,980.6,0.1
2024-08-27T10:00,29.8,75,23.7,112.0,980.7,0.1
2024-08-27T11:00,30.6,73,22.1,120.0,980.4,0.1
2024-08-27T12:00,31.0,71,22.2,122.0,979.7,0.0
2024-08-27T13:00,31.2,70,21.6,127.0,979.0,0.1
2024-08-27T14:00,28.9,78,24.1,128.0,978.0,3.8
2024-08-27T15:00,30.1,74,17.2,127.0,977.1,0.9
2024-08-27T16:00,29.0,77,16.4,109.0,977.7,0.4
2024-08-27T17:00,29.0,77,14.2,106.0,978.0,0.1
2024-08-27T18:00,27.4,87,13.4,121.0,978.8,0.1
2024-08-27T19:00,27.0,89,8.9,130.0,979.9,0.0
2024-08-27T20:00,26.4,90,11.0,101.0,981.3,0.5
2024-08-27T21:00,25.6,93,11.5,88.0,981.9,4.0
2024-08-27T22:00,25.0,94,16.1,100.0,981.7,0.2
2024-08-27T23:00,24.9,95,11.7,124.0,981.7,0.2
2024-08-28T00:00,24.6,95,14.2,111.0,981.6,0.8
2024-08-28T01:00,24.4,96,11.7,133.0,981.2,0.2
2024-08-28T02:00,24.3,96,12.6,121.0,980.4,0.1
2024-08-28T03:00,24.2,97,11.0,109.0,980.3,0.1
2024-08-28T04:00,24.3,97,8.9,111.0,980.2,0.1
2024-08-28T05:00,24.3,97,8.3,108.0,980.3,0.0
2024-08-28T06:00,25.2,95,11.9,115.0,980.6,0.5
2024-08-28T07:00,25.9,90,14.5,120.0,980.9,0.1
2024-08-28T08:00,26.7,87,16.2,127.0,981.0,0.2
2024-08-28T09:00,27.7,84,14.8,139.0,981.4,0.1
2024-08-28T10:00,28.8,78,13.0,134.0,981.0,0.0
2024-08-28T11:00,29.9,73,13.3,128.0,980.3,0.0
2024-08-28T12:00,30.0,72,13.6,127.0,979.3,0.1
2024-08-28T13:00,30.2,72,12.5,131.0,978.3,0.1
2024-08-28T14:00,30.3,74,11.8,121.0,977.1,0.3
2024-08-28T15:00,30.3,73,7.9,137.0,976.2,0.1
2024-08-28T16:00,28.4,80,7.3,110.0,976.2,3.3
2024-08-28T17:00,28.7,80,8.7,120.0,975.8,0.1
2024-08-28T18:00,26.6,91,1.8,37.0,977.6,0.3
2024-08-28T19:00,26.5,95,5.9,79.0,978.2,0.7
2024-08-28T20:00,26.5,94,3.8,73.0,979.2,0.1
2024-08-28T21:00,26.0,93,7.2,87.0,979.5,0.6
2024-08-28T22:00,25.6,94,7.4,119.0,979.3,0.0
2024-08-28T23:00,25.3,94,6.0,147.0,979.0,0.0
2024-08-29T00:00,24.7,96,7.9,150.0,978.6,1.9
2024-08-29T01:00,24.7,95,5.2,155.0,978.0,0.6
2024-08-29T02:00,24.8,94,2.8,140.0,977.6,2.5
2024-08-29T03:00,24.4,96,5.8,150.0,977.5,2.2
2024-08-29T04:00,24.4,96,8.1,159.0,977.7,1.1
2024-08-29T05:00,24.4,97,13.3,142.0,978.2,0.4
2024-08-29T06:00,24.9,94,19.4,145.0,979.5,2.3
2024-08-29T07:00,25.1,95,13.7,120.0,980.3,2.8
2024-08-29T08:00,25.3,95,18.5,127.0,981.1,1.7
2024-08-29T09:00,25.7,94,17.1,125.0,981.8,1.5
2024-08-29T10:00,26.8,92,17.4,117.0,981.6,0.5
2024-08-29T11:00,28.3,84,16.3,118.0,981.4,0.0
2024-08-29T12:00,29.7,77,15.1,123.0,980.8,0.1
2024-08-29T13:00,30.3,71,15.1,128.0,979.7,0.1
2024-08-29T14:00,30.6,70,13.3,131.0,978.5,0.0
2024-08-29T15:00,30.8,69,10.9,134.0,977.4,0.0
2024-08-29T16:00,30.9,67,8.0,126.0,977.2,0.0
2024-08-29T17:00,30.5,70,6.7,106.0,977.3,0.0
2024-08-29T18:00,28.0,85,3.6,6.0,978.5,0.1
2024-08-29T19:00,27.1,89,5.5,58.0,979.2,0.1
2024-08-29T20:00,26.6,91,7.6,85.0,980.4,0.5
2024-08-29T21:00,26.3,92,6.5,84.0,981.2,1.1
2024-08-29T22:00,26.2,93,5.5,79.0,981.3,0.0
2024-08-29T23:00,25.9,93,7.0,111.0,981.5,0.0
2024-08-30T00:00,25.8,93,8.2,105.0,981.3,0.0
2024-08-30T01:00,25.6,93,8.3,95.0,980.9,0.0
2024-08-30T02:00,25.4,94,8.0,98.0,980.4,0.0
2024-08-30T03:00,25.2,96,9.1,99.0,980.3,0.0
2024-08-30T04:00,25.1,97,8.2,105.0,980.6,0.0
2024-08-30T05:00,25.0,98,7.4,129.0,981.2,0.0
2024-08-30T06:00,25.5,96,7.6,95.0,981.4,0.0
2024-08-30T07:00,26.4,93,6.6,99.0,982.0,0.0
2024-08-30T08:00,27.9,88,7.5,107.0,982.5,0.0
2024-08-30T09:00,29.3,82,6.1,118.0,983.0,0.1
2024-08-30T10:00,30.2,79,4.8,132.0,983.5,0.3
2024-08-30T11:00,30.8,77,3.4,162.0,982.9,0.5
2024-08-30T12:00,31.3,74,3.9,202.0,982.4,0.5
2024-08-30T13:00,31.2,73,3.9,202.0,981.4,0.4
2024-08-30T14:00,31.1,73,1.9,248.0,980.3,0.3
2024-08-30T15:00,30.4,76,5.2,348.0,979.6,0.6
2024-08-30T16:00,27.5,87,9.0,29.0,979.0,4.7
2024-08-30T17:00,27.9,87,4.6,45.0,978.9,0.0
2024-08-30T18:00,26.8,89,1.8,307.0,980.3,0.1
2024-08-30T19:00,26.6,95,2.9,330.0,981.3,0.0
2024-08-30T20:00,26.6,94,4.2,301.0,982.1,0.0
2024-08-30T21:00,26.5,94,4.9,306.0,982.8,0.0
2024-08-30T22:00,26.4,94,3.8,287.0,982.8,0.0
2024-08-30T23:00,26.1,95,5.0,300.0,982.6,0.0
2024-08-31T00:00,26.7,91,4.1,345.0,982.1,0.0
2024-08-31T01:00,26.6,91,3.5,336.0,981.7,0.0
2024-08-31T02:00,26.3,93,3.9,326.0,981.3,0.0
2024-08-31T03:00,25.7,96,5.1,315.0,981.3,0.0
2024-08-31T04:00,25.7,96,4.3,312.0,981.2,0.0
2024-08-31T05:00,25.6,96,4.5,299.0,981.2,0.0
2024-08-31T06:00,26.2,93,9.0,293.0,981.6,0.0
2024-08-31T07:00,27.2,90,8.9,297.0,982.1,0.0
2024-08-31T08:00,28.7,84,10.9,304.0,982.1,0.0
2024-08-31T09:00,30.0,77,13.3,319.0,982.1,0.0
2024-08-31T10:00,31.0,72,13.0,321.0,981.9,0.0
2024-08-31T11:00,31.8,67,12.0,316.0,981.6,0.0
2024-08-31T12:00,32.6,63,12.2,315.0,981.1,0.0
2024-08-31T13:00,33.1,61,12.5,319.0,980.4,0.0
2024-08-31T14:00,33.3,60,11.7,315.0,979.6,0.0
2024-08-31T15:00,33.2,60,12.0,316.0,978.9,0.0
2024-08-31T16:00,33.0,61,11.8,320.0,978.5,0.0
2024-08-31T17:00,32.0,67,10.0,322.0,978.3,0.0
2024-08-31T18:00,30.4,74,6.6,311.0,979.4,0.0
2024-08-31T19:00,29.5,77,6.8,302.0,980.1,0.0
2024-08-31T20:00,29.0,79,7.0,305.0,980.4,0.0
2024-08-31T21:00,28.6,80,7.2,307.0,980.7,0.0
2024-08-31T22:00,28.1,82,6.2,306.0,981.0,0.0
2024-08-31T23:00,27.6,85,5.6,315.0,980.9,0.0
2024-09-01T00:00,27.0,88,4.9,306.0,980.8,0.0
2024-09-01T01:00,26.9,88,4.6,288.0,980.1,0.0
2024-09-01T02:00,26.7,89,5.8,270.0,979.8,0.0
2024-09-01T03:00,26.4,90,7.2,264.0,979.9,0.0
2024-09-01T04:00,26.2,91,7.6,270.0,980.1,0.0
2024-09-01T05:00,25.9,93,5.8,274.0,980.6,0.0
2024-09-01T06:00,27.1,88,6.6,279.0,980.8,0.0
2024-09-01T07:00,28.1,85,7.3,281.0,981.3,0.0
2024-09-01T08:00,29.6,78,7.8,292.0,982.0,0.0
2024-09-01T09:00,30.8,71,8.9,317.0,982.1,0.0
2024-09-01T10:00,31.6,66,10.6,336.0,982.0,0.0
2024-09-01T11:00,32.4,63,9.5,335.0,981.7,0.0
2024-09-01T12:00,33.1,60,8.4,329.0,980.9,0.0
2024-09-01T13:00,33.4,59,8.7,318.0,979.7,0.0
2024-09-01T14:00,33.5,58,9.7,321.0,978.5,0.1
2024-09-01T15:00,33.2,60,10.1,325.0,977.9,0.0
2024-09-01T16:00,33.2,60,9.3,344.0,978.2,0.0
2024-09-01T17:00,32.3,66,7.6,360.0,978.4,0.0
2024-09-01T18:00,30.8,72,6.7,36.0,979.4,0.0
2024-09-01T19:00,29.7,77,5.4,70.0,979.8,0.0
2024-09-01T20:00,29.2,80,4.6,108.0,980.4,0.0
2024-09-01T21:00,29.0,79,13.0,104.0,981.3,0.0
2024-09-01T22:00,28.0,84,11.4,118.0,981.6,0.0
2024-09-01T23:00,27.4,88,13.9,121.0,982.0,0.0
2024-09-02T00:00,26.9,91,12.2,118.0,981.5,0.0
2024-09-02T01:00,26.6,94,12.2,114.0,981.2,0.0
2024-09-02T02:00,26.6,94,11.8,113.0,980.8,0.0
2024-09-02T03:00,26.4,94,13.6,122.0,981.1,0.4
2024-09-02T04:00,25.5,95,14.1,122.0,981.3,0.4
2024-09-02T05:00,25.1,94,14.0,125.0,981.4,0.2
2024-09-02T06:00,26.4,90,11.3,107.0,982.0,0.1
2024-09-02T07:00,26.7,88,12.5,108.0,982.4,0.1
2024-09-02T08:00,27.2,86,13.1,111.0,983.3,3.0
2024-09-02T09:00,27.8,85,13.8,118.0,983.3,1.7
2024-09-02T10:00,29.4,81,10.2,113.0,983.6,0.2
2024-09-02T11:00,30.4,74,11.8,113.0,982.9,0.1
2024-09-02T12:00,30.6,72,12.6,121.0,982.3,0.1
2024-09-02T13:00,31.0,71,10.9,117.0,981.1,0.1
2024-09-02T14:00,31.3,71,8.9,117.0,979.6,0.1
2024-09-02T15:00,31.5,71,7.7,101.0,978.5,0.1
2024-09-02T16:00,28.4,83,8.6,92.0,978.5,5.0
2024-09-02T17:00,28.6,83,8.6,33.0,978.3,0.1
2024-09-02T18:00,29.3,76,6.5,87.0,978.9,0.0
2024-09-02T19:00,28.2,81,6.3,77.0,979.7,0.0
2024-09-02T20:00,27.6,83,6.5,96.0,980.6,0.0
2024-09-02T21:00,27.0,86,4.7,99.0,981.8,0.0
2024-09-02T22:00,27.0,85,6.6,103.0,982.0,0.0
2024-09-02T23:00,26.9,85,9.2,111.0,982.2,0.0
2024-09-03T00:00,26.6,87,9.0,113.0,981.9,0.0
2024-09-03T01:00,26.4,89,9.0,106.0,981.5,0.0
2024-09-03T02:00,26.2,90,10.0,103.0,980.8,0.0
2024-09-03T03:00,26.0,91,9.9,109.0,980.8,0.0
2024-09-03T04:00,25.9,92,10.0,103.0,980.8,0.0
2024-09-03T05:00,25.8,93,9.7,94.0,981.2,0.0
2024-09-03T06:00,25.7,95,6.7,106.0,981.9,2.4
2024-09-03T07:00,25.5,95,8.5,78.0,982.9,4.6
2024-09-03T08:00,26.0,91,13.4,82.0,983.7,0.4
2024-09-03T09:00,26.0,90,11.5,94.0,983.9,0.1
2024-09-03T10:00,26.6,87,11.4,79.0,983.9,0.1
2024-09-03T11:00,28.9,80,9.6,77.0,983.3,0.0
2024-09-03T12:00,30.1,74,6.8,90.0,982.5,0.1
2024-09-03T13:00,31.0,73,6.0,115.0,981.6,0.1
2024-09-03T14:00,31.5,72,7.4,129.0,980.1,0.2
2024-09-03T15:00,31.6,72,7.7,118.0,978.5,0.1
2024-09-03T16:00,31.3,71,7.5,107.0,978.6,0.0
2024-09-03T17:00,30.3,76,9.1,83.0,979.1,0.2
2024-09-03T18:00,26.6,93,11.5,51.0,981.0,8.1
2024-09-03T19:00,26.3,93,1.5,284.0,981.6,1.3
2024-09-03T20:00,26.3,94,6.0,327.0,982.3,0.1
2024-09-03T21:00,26.0,96,5.0,339.0,982.5,0.0
2024-09-03T22:00,25.8,94,9.7,22.0,982.7,0.0
2024-09-03T23:00,25.4,92,9.2,64.0,981.8,0.0
2024-09-04T00:00,25.0,95,8.9,76.0,981.4,0.0
2024-09-04T01:00,24.7,97,5.6,75.0,981.0,0.0
2024-09-04T02:00,24.5,97,4.4,99.0,980.6,0.0
2024-09-04T03:00,24.5,97,5.3,118.0,980.4,0.0
2024-09-04T04:00,24.5,96,8.4,140.0,980.8,0.0
2024-09-04T05:00,24.4,97,8.0,162.0,980.8,0.0
2024-09-04T06:00,24.7,95,7.9,246.0,980.4,0.1
2024-09-04T07:00,25.6,92,2.9,300.0,980.6,0.0
2024-09-04T08:00,26.8,88,10.6,325.0,981.6,0.1
2024-09-04T09:00,27.7,84,8.6,338.0,981.8,0.1
2024-09-04T10:00,28.2,81,5.1,8.0,981.7,0.4
2024-09-04T11:00,29.2,78,2.2,9.0,981.5,0.1
2024-09-04T12:00,29.6,75,3.3,283.0,980.6,0.1
2024-09-04T13:00,30.3,73,3.1,315.0,979.5,0.0
2024-09-04T14:00,30.8,73,6.4,322.0,977.9,0.0
2024-09-04T15:00,30.8,73,10.0,322.0,976.5,0.0
2024-09-04T16:00,30.7,73,9.0,323.0,976.0,0.0
2024-09-04T17:00,30.1,74,9.3,324.0,975.8,0.0
2024-09-04T18:00,27.9,84,3.5,336.0,977.6,0.0
2024-09-04T19:00,27.3,91,1.3,214.0,977.8,0.0
2024-09-04T20:00,27.0,90,2.3,198.0,978.2,0.0
2024-09-04T21:00,26.8,91,4.0,180.0,978.4,0.0
2024-09-04T22:00,26.5,92,5.2,196.0,978.6,0.0
2024-09-04T23:00,26.1,93,6.5,199.0,978.7,0.0
2024-09-05T00:00,25.9,95,5.5,212.0,978.3,0.0
2024-09-05T01:00,25.8,95,6.0,245.0,977.9,0.0
2024-09-05T02:00,25.5,96,6.5,266.0,977.6,0.0
2024-09-05T03:00,25.2,97,6.2,291.0,977.5,0.0
2024-09-05T04:00,25.0,97,6.5,297.0,977.4,0.0
2024-09-05T05:00,24.8,98,3.0,284.0,977.9,0.0
2024-09-05T06:00,25.5,94,1.9,292.0,978.3,0.0
2024-09-05T07:00,26.6,89,1.9,73.0,978.8,0.0
2024-09-05T08:00,27.9,82,1.8,127.0,979.3,0.0
2024-09-05T09:00,29.1,74,1.8,143.0,979.6,0.0
2024-09-05T10:00,30.1,68,0.0,270.0,979.7,0.0
2024-09-05T11:00,30.9,65,1.0,202.0,979.3,0.0
2024-09-05T12:00,31.3,63,3.0,194.0,978.3,0.0
2024-09-05T13:00,31.4,64,2.6,214.0,977.1,0.0
2024-09-05T14:00,31.6,64,1.9,202.0,976.2,0.0
2024-09-05T15:00,31.5,65,3.7,223.0,975.2,0.0
2024-09-05T16:00,30.8,69,3.7,231.0,974.7,0.1
2024-09-05T17:00,28.9,80,3.8,109.0,974.9,0.5
2024-09-05T18:00,25.4,92,2.9,227.0,975.7,1.0
2024-09-05T19:00,25.6,94,5.7,229.0,976.5,0.6
2024-09-05T20:00,25.7,94,3.5,246.0,977.3,0.2
2024-09-05T21:00,25.8,94,3.9,214.0,978.0,0.2
2024-09-05T22:00,25.8,95,3.8,180.0,978.6,0.3
2024-09-05T23:00,25.5,96,5.0,210.0,978.4,0.0
2024-09-06T00:00,26.0,93,3.7,151.0,978.2,0.0
2024-09-06T01:00,25.8,95,3.8,175.0,977.9,0.0
2024-09-06T02:00,25.1,98,3.6,150.0,977.8,0.0
2024-09-06T03:00,24.2,100,15.5,85.0,978.2,3.1
2024-09-06T04:00,24.3,98,8.0,81.0,978.5,1.2
2024-09-06T05:00,24.3,98,5.5,67.0,978.6,1.0
2024-09-06T06:00,24.6,96,1.5,14.0,979.0,0.5
2024-09-06T07:00,25.3,92,3.1,111.0,979.6,0.1
2024-09-06T08:00,26.4,88,3.6,127.0,980.3,0.0
2024-09-06T09:00,28.1,80,7.5,125.0,980.9,0.0
2024-09-06T10:00,29.1,76,8.4,125.0,980.9,0.2
2024-09-06T11:00,30.0,75,10.5,121.0,980.7,0.1
2024-09-06T12:00,30.6,71,11.2,138.0,979.9,0.1
2024-09-06T13:00,27.8,82,11.5,148.0,979.0,6.0
2024-09-06T14:00,28.1,82,12.2,127.0,978.1,0.2
2024-09-06T15:00,27.8,83,8.2,113.0,977.7,1.7
2024-09-06T16:00,27.5,84,8.4,99.0,977.5,0.2
2024-09-06T17:00,27.7,82,8.1,102.0,977.9,0.0
2024-09-06T18:00,26.1,90,7.1,105.0,979.0,0.2
2024-09-06T19:00,25.8,94,5.1,135.0,979.2,0.1
2024-09-06T20:00,25.7,96,7.7,118.0,979.8,0.0
2024-09-06T21:00,25.6,97,9.0,113.0,980.4,0.0
2024-09-06T22:00,25.3,97,8.3,124.0,980.8,0.0
2024-09-06T23:00,25.1,97,9.6,124.0,980.9,0.0
2024-09-07T00:00,24.7,98,8.7,128.0,980.8,1.9
2024-09-07T01:00,24.6,96,9.7,121.0,980.5,5.7
2024-09-07T02:00,24.5,97,10.4,105.0,980.1,0.2
2024-09-07T03:00,24.3,97,11.2,87.0,980.0,0.1
2024-09-07T04:00,24.1,98,9.4,86.0,980.1,0.1
2024-09-07T05:00,24.2,97,5.0,88.0,979.7,0.1
2024-09-07T06:00,24.7,94,4.0,80.0,980.3,0.0
2024-09-07T07:00,25.2,90,5.4,110.0,981.1,0.0
2024-09-07T08:00,25.4,90,4.4,145.0,981.6,0.0
2024-09-07T09:00,26.2,88,4.9,144.0,982.0,0.0
2024-09-07T10:00,28.0,81,4.2,144.0,982.2,0.2
2024-09-07T11:00,29.1,79,3.0,142.0,981.9,0.1
2024-09-07T12:00,30.1,73,2.2,104.0,981.1,0.2
2024-09-07T13:00,30.1,72,0.9,180.0,980.0,0.1
2024-09-07T14:00,30.1,73,2.4,324.0,978.7,0.1
2024-09-07T15:00,30.4,71,3.1,315.0,978.1,0.3
2024-09-07T16:00,30.1,72,7.4,14.0,978.0,0.2
2024-09-07T17:00,29.7,75,7.0,35.0,978.0,0.0
2024-09-07T18:00,26.8,93,3.7,349.0,978.9,1.1
2024-09-07T19:00,26.8,94,3.7,325.0,979.5,3.1
2024-09-07T20:00,26.4,96,4.7,310.0,980.3,3.8
2024-09-07T21:00,26.3,97,3.3,347.0,981.3,3.0
2024-09-07T22:00,26.3,96,1.8,336.0,981.5,1.9
2024-09-07T23:00,26.2,97,2.3,342.0,981.3,1.4
2024-09-08T00:00,25.9,94,3.1,7.0,981.2,3.6
2024-09-08T01:00,25.6,94,3.5,39.0,980.4,1.1
2024-09-08T02:00,25.7,94,1.8,349.0,979.9,0.4
2024-09-08T03:00,25.8,91,5.0,360.0,979.9,0.2
2024-09-08T04:00,25.0,95,7.1,333.0,980.4,1.6
2024-09-08T05:00,24.4,96,7.5,349.0,980.6,3.4
2024-09-08T06:00,25.7,95,7.2,3.0,981.1,0.4
2024-09-08T07:00,26.1,94,6.1,357.0,981.3,0.6
2024-09-08T08:00,27.1,90,4.7,332.0,981.8,0.4
2024-09-08T09:00,28.4,84,4.4,19.0,982.2,0.2
2024-09-08T10:00,29.5,81,2.9,330.0,981.9,0.2
2024-09-08T11:00,30.5,77,2.9,300.0,981.3,0.2
2024-09-08T12:00,31.0,74,3.2,326.0,980.5,0.1
2024-09-08T13:00,31.2,74,5.1,321.0,979.5,0.2
2024-09-08T14:00,31.3,73,7.9,321.0,978.5,0.2
2024-09-08T15:00,31.0,72,7.8,316.0,977.8,0.1
2024-09-08T16:00,30.3,75,2.2,351.0,977.3,0.2
2024-09-08T17:00,29.5,80,4.8,318.0,977.5,0.5
2024-09-08T18:00,27.1,91,8.2,293.0,978.7,0.3
2024-09-08T19:00,26.8,91,6.7,294.0,978.8,0.2
2024-09-08T20:00,26.6,92,6.0,295.0,979.1,0.0
2024-09-08T21:00,26.4,93,5.4,274.0,979.5,0.0
2024-09-08T22:00,26.3,93,5.8,268.0,979.5,0.0
2024-09-08T23:00,26.2,93,5.4,290.0,979.1,0.0
2024-09-09T00:00,25.9,94,4.8,304.0,978.9,0.0
2024-09-09T01:00,25.9,93,5.2,295.0,978.4,0.0
2024-09-09T02:00,25.7,94,5.6,295.0,978.0,0.0
2024-09-09T03:00,25.4,95,6.3,307.0,978.1,0.0
2024-09-09T04:00,25.4,95,6.3,294.0,978.1,0.0
2024-09-09T05:00,25.2,96,6.4,295.0,978.2,0.0
2024-09-09T06:00,26.0,93,7.1,294.0,978.9,0.0
2024-09-09T07:00,26.9,91,5.9,293.0,979.4,0.0
2024-09-09T08:00,28.3,85,5.8,292.0,979.8,0.0
2024-09-09T09:00,29.7,75,6.2,306.0,980.1,0.0
2024-09-09T10:00,30.7,69,6.6,319.0,979.9,0.0
2024-09-09T11:00,31.5,65,6.5,318.0,979.5,0.0
2024-09-09T12:00,32.2,63,6.6,327.0,978.4,0.0
2024-09-09T13:00,32.6,61,7.7,323.0,977.3,0.0
2024-09-09T14:00,32.7,60,7.6,322.0,976.0,0.1
2024-09-09T15:00,32.6,61,7.5,325.0,975.4,0.0
2024-09-09T16:00,32.1,63,4.7,337.0,975.2,0.0
2024-09-09T17:00,31.5,69,1.2,297.0,975.1,0.0
2024-09-09T18:00,28.6,84,2.6,254.0,976.5,3.3
2024-09-09T19:00,27.7,87,5.1,94.0,977.0,0.0
2024-09-09T20:00,26.8,89,2.6,78.0,977.2,0.0
2024-09-09T21:00,26.6,91,5.1,82.0,977.6,0.0
2024-09-09T22:00,26.5,92,4.8,56.0,977.7,0.0
2024-09-09T23:00,26.2,94,1.6,27.0,977.5,0.0
2024-09-10T00:00,26.1,95,1.7,58.0,977.4,0.0
2024-09-10T01:00,26.0,95,3.5,24.0,976.8,0.0
2024-09-10T02:00,26.2,93,2.0,63.0,976.3,0.0
2024-09-10T03:00,25.4,97,4.5,61.0,976.3,0.0
2024-09-10T04:00,25.2,98,1.6,360.0,976.9,2.2
2024-09-10T05:00,24.9,98,7.2,58.0,977.6,2.9
2024-09-10T06:00,25.7,93,5.3,24.0,977.9,0.8
2024-09-10T07:00,26.1,91,3.6,45.0,978.5,0.3
2024-09-10T08:00,26.7,89,2.6,124.0,979.3,0.3
2024-09-10T09:00,28.0,83,4.2,130.0,980.0,0.2
2024-09-10T10:00,28.9,81,2.3,209.0,979.8,0.1
2024-09-10T11:00,29.1,81,2.1,200.0,979.2,0.2
2024-09-10T12:00,30.0,79,2.3,162.0,978.5,0.2
2024-09-10T13:00,30.7,78,1.5,194.0,977.3,0.2
2024-09-10T14:00,30.5,79,1.2,219.0,975.8,0.2
2024-09-10T15:00,30.5,78,8.6,10.0,975.2,0.1
2024-09-10T16:00,28.4,84,16.8,43.0,975.7,3.9
2024-09-10T17:00,27.5,86,11.6,41.0,976.1,0.1
2024-09-10T18:00,26.8,89,4.5,40.0,976.9,0.1
2024-09-10T19:00,26.8,90,2.4,351.0,977.0,0.0
2024-09-10T20:00,26.7,90,1.8,204.0,977.4,0.0
2024-09-10T21:00,26.5,92,1.8,307.0,977.7,0.0
2024-09-10T22:00,25.8,97,1.5,256.0,977.3,0.0
2024-09-10T23:00,25.5,98,1.8,307.0,977.6,0.0
2024-09-11T00:00,25.9,97,3.1,332.0,977.6,0.0
2024-09-11T01:00,25.5,99,5.3,327.0,977.1,0.0
2024-09-11T02:00,25.4,99,6.1,332.0,976.7,0.0
2024-09-11T03:00,25.5,98,6.8,338.0,976.3,0.0
2024-09-11T04:00,25.3,99,4.7,337.0,976.4,0.0
2024-09-11T05:00,25.0,99,4.9,8.0,976.9,0.0
2024-09-11T06:00,25.6,98,6.9,351.0,977.9,0.0
2024-09-11T07:00,26.7,91,8.4,34.0,978.9,0.0
2024-09-11T08:00,28.0,87,8.1,13.0,979.4,0.0
2024-09-11T09:00,29.1,81,8.2,10.0,979.4,0.0
2024-09-11T10:00,30.3,78,8.3,20.0,979.4,0.1
2024-09-11T11:00,31.0,74,10.6,43.0,978.7,0.3
2024-09-11T12:00,31.7,73,10.0,52.0,977.6,0.4
2024-09-11T13:00,29.4,79,13.2,68.0,976.8,8.6
2024-09-11T14:00,28.0,86,5.7,35.0,975.8,4.4
2024-09-11T15:00,27.9,86,5.9,360.0,975.7,0.6
2024-09-11T16:00,28.1,87,5.3,336.0,975.4,0.3
2024-09-11T17:00,28.2,89,6.1,328.0,975.7,0.1
2024-09-11T18:00,28.8,85,7.2,323.0,975.8,0.4
2024-09-11T19:00,27.9,89,8.6,324.0,976.3,0.7
2024-09-11T20:00,26.7,94,7.9,13.0,977.1,5.5
2024-09-11T21:00,26.7,93,10.9,310.0,976.8,4.2
2024-09-11T22:00,26.6,93,12.3,310.0,975.8,1.1
2024-09-11T23:00,26.8,92,12.7,324.0,975.0,0.0
2024-09-12T00:00,27.2,89,11.1,343.0,974.4,0.0
2024-09-12T01:00,26.7,91,16.7,45.0,974.7,0.5
2024-09-12T02:00,25.6,93,15.9,332.0,974.0,7.4
2024-09-12T03:00,25.8,91,15.9,332.0,973.8,5.0
2024-09-12T04:00,25.5,92,12.8,15.0,974.0,4.4
2024-09-12T05:00,25.8,92,12.8,16.0,974.5,11.6
2024-09-12T06:00,25.7,92,14.7,29.0,975.9,11.8
2024-09-12T07:00,25.5,93,14.5,6.0,975.9,6.2
2024-09-12T08:00,25.8,92,17.2,26.0,976.7,4.9
2024-09-12T09:00,25.5,93,16.6,18.0,976.7,6.7
2024-09-12T10:00,25.3,93,16.3,17.0,977.0,7.8
2024-09-12T11:00,25.4,92,15.5,3.0,976.3,2.0
2024-09-12T12:00,25.9,91,15.7,357.0,975.6,1.2
2024-09-12T13:00,26.1,90,17.8,18.0,974.9,2.7
2024-09-12T14:00,26.0,90,21.9,25.0,974.3,4.7
2024-09-12T15:00,25.3,90,11.6,30.0,973.9,3.2
2024-09-12T16:00,25.3,90,13.4,6.0,973.7,5.9
2024-09-12T17:00,25.2,91,13.1,358.0,974.1,9.1
2024-09-12T18:00,25.1,90,14.5,27.0,976.2,1.1
2024-09-12T19:00,24.4,90,15.0,24.0,975.9,2.1
2024-09-12T20:00,24.1,92,14.8,357.0,976.3,1.4
2024-09-12T21:00,24.4,93,15.2,349.0,976.6,0.6
2024-09-12T22:00,24.3,92,16.7,353.0,976.3,0.1
2024-09-12T23:00,23.9,94,17.4,344.0,976.1,0.4
2024-09-13T00:00,23.9,94,16.9,340.0,975.8,5.8
2024-09-13T01:00,23.7,94,16.7,333.0,975.3,10.7
2024-09-13T02:00,23.7,94,16.9,333.0,974.6,5.9
2024-09-13T03:00,23.4,93,19.9,316.0,973.8,6.5
2024-09-13T04:00,23.4,92,20.4,302.0,973.9,1.7
2024-09-13T05:00,23.3,91,18.8,302.0,974.2,3.0
2024-09-13T06:00,24.1,93,22.1,289.0,975.1,9.1
2024-09-13T07:00,24.3,94,17.7,291.0,976.0,2.8
2024-09-13T08:00,24.9,91,18.1,283.0,976.4,0.5
2024-09-13T09:00,26.0,85,17.9,280.0,977.0,0.0
2024-09-13T10:00,27.4,83,14.9,290.0,977.1,0.0
2024-09-13T11:00,30.0,75,14.1,297.0,976.5,0.0
2024-09-13T12:00,29.6,77,19.5,286.0,976.4,0.2
2024-09-13T13:00,25.8,90,22.0,281.0,976.7,3.0
2024-09-13T14:00,26.5,88,16.2,271.0,976.2,1.4
2024-09-13T15:00,28.3,83,15.2,293.0,975.5,0.1
2024-09-13T16:00,28.3,80,17.5,289.0,975.9,0.0
2024-09-13T17:00,26.6,86,12.8,292.0,975.7,0.6
2024-09-13T18:00,24.9,92,3.6,297.0,977.7,3.1
2024-09-13T19:00,24.6,94,3.6,243.0,977.5,0.0
2024-09-13T20:00,24.7,94,5.2,184.0,977.9,0.0
2024-09-13T21:00,24.5,93,5.9,198.0,978.4,0.1
2024-09-13T22:00,24.2,94,7.1,210.0,978.5,0.1
2024-09-13T23:00,24.0,95,6.1,204.0,978.3,0.1
2024-09-14T00:00,23.7,95,6.1,194.0,978.2,0.0
2024-09-14T01:00,24.0,94,7.0,230.0,977.5,0.2
2024-09-14T02:00,24.0,94,3.1,152.0,977.7,0.1
2024-09-14T03:00,23.6,97,4.2,108.0,977.6,0.1
2024-09-14T04:00,23.1,99,2.0,45.0,977.7,0.0
2024-09-14T05:00,22.6,99,3.2,43.0,977.8,0.0
2024-09-14T06:00,24.0,87,12.3,285.0,978.0,0.0
2024-09-14T07:00,24.8,84,13.4,290.0,978.9,0.0
2024-09-14T08:00,25.8,81,16.7,288.0,979.8,0.2
2024-09-14T09:00,26.7,78,18.5,294.0,980.1,0.2
2024-09-14T10:00,27.8,76,18.7,295.0,980.3,0.1
2024-09-14T11:00,28.6,75,17.1,295.0,980.0,0.0
2024-09-14T12:00,29.6,72,15.5,295.0,979.5,0.0
2024-09-14T13:00,29.9,69,14.9,293.0,978.8,0.0
2024-09-14T14:00,29.7,66,15.1,292.0,978.0,0.0
2024-09-14T15:00,29.4,67,14.2,294.0,977.4,0.0
2024-09-14T16:00,29.1,70,13.1,285.0,977.3,0.0
2024-09-14T17:00,28.4,76,7.8,283.0,977.4,0.0
2024-09-14T18:00,28.5,76,3.6,30.0,977.5,0.0
2024-09-14T19:00,24.4,92,5.9,67.0,979.8,2.6
2024-09-14T20:00,24.2,92,5.0,289.0,980.1,0.5
2024-09-14T21:00,24.1,93,3.4,288.0,980.1,0.4
2024-09-14T22:00,24.1,89,6.5,276.0,979.7,0.3
2024-09-14T23:00,23.7,91,4.1,241.0,979.7,0.0
2024-09-15T00:00,23.2,94,5.5,238.0,979.4,0.0
2024-09-15T01:00,23.3,93,6.1,251.0,979.1,0.0
2024-09-15T02:00,23.2,94,5.8,263.0,978.9,0.0
2024-09-15T03:00,22.7,96,4.3,270.0,978.9,0.0
2024-09-15T04:00,22.7,95,5.4,290.0,979.0,0.0
2024-09-15T05:00,22.5,96,5.8,292.0,978.9,0.0
2024-09-15T06:00,24.1,88,13.1,279.0,978.8,0.0
2024-09-15T07:00,24.8,84,13.6,281.0,979.4,0.0
2024-09-15T08:00,26.0,78,15.9,288.0,980.1,0.0
2024-09-15T09:00,27.4,72,15.7,294.0,980.7,0.0
2024-09-15T10:00,28.6,69,16.4,293.0,980.8,0.0
2024-09-15T11:00,29.7,66,16.7,292.0,980.5,0.0
2024-09-15T12:00,30.5,64,18.4,293.0,979.8,0.0
2024-09-15T13:00,31.0,62,18.8,296.0,978.9,0.0
2024-09-15T14:00,31.2,60,17.6,299.0,978.1,0.0
2024-09-15T15:00,30.9,61,19.2,296.0,977.6,0.0
2024-09-15T16:00,30.5,64,15.6,293.0,977.3,0.0
2024-09-15T17:00,29.6,68,10.1,287.0,977.6,0.0
2024-09-15T18:00,25.9,80,1.8,53.0,978.8,0.1
2024-09-15T19:00,25.2,87,4.7,270.0,979.1,0.0
2024-09-15T20:00,25.0,85,4.4,263.0,979.7,0.0
2024-09-15T21:00,25.4,81,5.4,276.0,980.2,0.0
2024-09-15T22:00,25.4,82,6.3,285.0,980.1,0.0
2024-09-15T23:00,25.1,84,5.4,291.0,979.9,0.0
2024-09-16T00:00,24.5,88,5.3,288.0,979.6,0.0
2024-09-16T01:00,24.3,88,6.0,287.0,979.3,0.0
2024-09-16T02:00,24.2,85,9.4,287.0,979.1,0.0
2024-09-16T03:00,24.2,82,13.4,290.0,978.8,0.0
2024-09-16T04:00,24.2,78,14.6,286.0,979.2,0.0
2024-09-16T05:00,23.7,78,12.5,288.0,979.7,0.0
2024-09-16T06:00,24.2,81,15.6,285.0,980.5,0.0
2024-09-16T07:00,25.0,79,15.4,286.0,981.0,0.0
2024-09-16T08:00,26.4,75,16.5,290.0,981.7,0.0
2024-09-16T09:00,28.0,70,17.7,294.0,982.1,0.0
2024-09-16T10:00,29.4,65,17.8,297.0,982.2,0.0
2024-09-16T11:00,30.5,62,17.7,301.0,982.1,0.0
2024-09-16T12:00,31.5,56,18.4,312.0,981.6,0.0
2024-09-16T13:00,31.8,54,17.9,315.0,980.9,0.0
2024-09-16T14:00,32.1,53,16.8,317.0,980.1,0.0
2024-09-16T15:00,32.1,53,14.3,309.0,979.6,0.0
2024-09-16T16:00,31.5,59,10.7,306.0,979.5,0.0
2024-09-16T17:00,30.3,66,7.6,306.0,979.5,0.0
2024-09-16T18:00,27.9,70,8.4,290.0,980.3,0.0
2024-09-16T19:00,26.8,75,7.6,289.0,980.6,0.0
2024-09-16T20:00,25.9,79,7.6,306.0,981.2,0.0
2024-09-16T21:00,25.1,82,8.0,295.0,981.8,0.0
2024-09-16T22:00,25.2,80,6.5,278.0,981.9,0.0
2024-09-16T23:00,24.5,83,9.0,269.0,981.7,0.0
2024-09-17T00:00,24.3,84,6.1,267.0,981.5,0.0
2024-09-17T01:00,24.0,86,5.1,266.0,981.3,0.0
2024-09-17T02:00,24.4,83,9.7,274.0,981.0,0.0
2024-09-17T03:00,24.3,83,8.4,281.0,980.7,0.0
2024-09-17T04:00,23.9,85,8.8,289.0,980.8,0.0
2024-09-17T05:00,24.0,82,10.4,291.0,981.2,0.0
2024-09-17T06:00,24.2,82,8.2,293.0,982.1,0.0
2024-09-17T07:00,24.9,82,9.1,287.0,982.7,0.0
2024-09-17T08:00,26.4,78,10.7,290.0,983.1,0.0
2024-09-17T09:00,28.1,74,10.2,298.0,983.7,0.0
2024-09-17T10:00,29.5,67,9.8,313.0,984.0,0.0
2024-09-17T11:00,30.3,63,9.8,316.0,983.6,0.0
2024-09-17T12:00,30.5,63,8.7,322.0,982.8,0.0
2024-09-17T13:00,31.3,61,7.1,322.0,982.2,0.0
2024-09-17T14:00,31.5,60,4.5,326.0,981.5,0.0
2024-09-17T15:00,31.5,59,4.1,360.0,980.9,0.0
2024-09-17T16:00,31.3,60,2.8,63.0,980.9,0.0
2024-09-17T17:00,30.2,70,3.2,117.0,980.9,0.0
2024-09-17T18:00,30.3,63,5.0,167.0,981.7,0.0
2024-09-17T19:00,28.0,78,7.6,142.0,981.8,0.0
2024-09-17T20:00,27.9,78,4.3,195.0,981.9,0.0
2024-09-17T21:00,27.9,76,2.4,228.0,982.5,0.0
2024-09-17T22:00,28.0,75,3.3,131.0,982.5,0.0
2024-09-17T23:00,26.4,86,5.9,121.0,981.8,0.0
2024-09-18T00:00,25.9,86,3.7,137.0,981.3,0.0
2024-09-18T01:00,25.4,88,2.2,85.0,980.6,0.0
2024-09-18T02:00,24.8,91,2.6,25.0,980.0,0.0
2024-09-18T03:00,24.9,90,3.3,61.0,980.1,0.0
2024-09-18T04:00,24.7,91,2.3,18.0,980.3,0.0
2024-09-18T05:00,24.3,92,4.0,328.0,980.1,0.0
2024-09-18T06:00,25.3,93,3.8,311.0,981.1,0.0
2024-09-18T07:00,25.6,92,5.0,69.0,981.5,0.0
2024-09-18T08:00,26.2,88,8.7,84.0,982.3,0.0
2024-09-18T09:00,27.1,84,11.1,77.0,983.0,0.0
2024-09-18T10:00,27.7,77,14.4,72.0,983.2,0.0
2024-09-18T11:00,27.5,69,17.7,63.0,982.7,0.0
2024-09-18T12:00,26.5,69,18.5,53.0,981.9,0.0
2024-09-18T13:00,25.8,75,19.1,36.0,981.3,0.0
2024-09-18T14:00,25.7,76,21.1,26.0,980.4,0.3
2024-09-18T15:00,24.8,82,19.3,27.0,979.9,0.7
2024-09-18T16:00,24.2,90,22.4,25.0,979.7,2.8
2024-09-18T17:00,24.0,90,20.8,14.0,979.9,6.5
2024-09-18T18:00,23.7,89,19.8,17.0,980.0,1.5
2024-09-18T19:00,23.3,90,18.1,9.0,980.0,2.7
2024-09-18T20:00,22.9,89,15.0,6.0,980.6,11.9
2024-09-18T21:00,22.8,91,11.8,348.0,981.0,14.8
2024-09-18T22:00,23.0,92,8.3,355.0,981.1,16.1
2024-09-18T23:00,22.9,92,9.6,49.0,980.7,5.4
2024-09-19T00:00,22.8,94,12.7,58.0,980.3,2.6
2024-09-19T01:00,22.9,93,12.7,65.0,980.0,0.1
2024-09-19T02:00,23.0,93,11.1,77.0,979.6,0.0
2024-09-19T03:00,23.0,94,13.3,60.0,979.6,0.0
2024-09-19T04:00,23.0,95,14.5,70.0,980.1,0.0
2024-09-19T05:00,23.1,96,13.2,80.0,980.6,0.0
2024-09-19T06:00,23.5,96,11.2,87.0,981.4,0.0
2024-09-19T07:00,24.8,91,14.0,91.0,982.0,0.0
2024-09-19T08:00,26.1,85,14.3,102.0,982.4,0.0
2024-09-19T09:00,27.3,82,13.5,106.0,982.7,0.0
2024-09-19T10:00,28.5,78,15.4,111.0,982.9,0.1
2024-09-19T11:00,28.9,74,16.2,114.0,982.3,0.3
2024-09-19T12:00,28.9,75,16.1,114.0,981.5,0.1
2024-09-19T13:00,29.4,75,16.3,112.0,981.0,0.2
2024-09-19T14:00,29.6,73,14.6,114.0,980.2,0.1
2024-09-19T15:00,29.8,70,12.6,95.0,979.4,0.1
2024-09-19T16:00,29.8,70,10.1,91.0,979.4,0.0
2024-09-19T17:00,29.3,73,6.5,98.0,979.6,0.0
2024-09-19T18:00,27.1,85,4.1,105.0,980.2,0.1
2024-09-19T19:00,26.7,87,3.4,106.0,980.6,0.0
2024-09-19T20:00,26.3,90,3.6,90.0,980.8,0.0
2024-09-19T21:00,25.8,93,5.4,98.0,981.0,0.0
2024-09-19T22:00,25.4,94,3.3,139.0,980.7,0.0
2024-09-19T23:00,24.5,96,3.9,196.0,980.5,0.0
2024-09-20T00:00,24.3,96,4.3,228.0,980.3,0.0
2024-09-20T01:00,24.3,96,3.3,257.0,979.9,0.0
2024-09-20T02:00,24.3,97,3.3,283.0,980.0,0.0
2024-09-20T03:00,24.4,98,2.5,262.0,980.1,0.0
2024-09-20T04:00,24.2,98,2.5,172.0,980.3,0.0
2024-09-20T05:00,24.2,98,4.9,118.0,980.6,0.0
2024-09-20T06:00,24.0,99,2.5,172.0,981.1,0.0
2024-09-20T07:00,25.5,93,2.7,110.0,982.0,0.0
2024-09-20T08:00,27.3,79,4.7,86.0,982.8,0.0
2024-09-20T09:00,28.4,73,7.2,90.0,983.2,0.0
2024-09-20T10:00,29.4,69,10.2,100.0,983.2,0.0
2024-09-20T11:00,30.1,66,12.6,109.0,982.8,0.0
2024-09-20T12:00,30.8,63,11.8,110.0,982.1,0.0
2024-09-20T13:00,31.1,59,11.5,110.0,981.4,0.0
2024-09-20T14:00,31.1,58,10.8,111.0,980.4,0.0
2024-09-20T15:00,31.1,59,9.1,107.0,979.8,0.0
2024-09-20T16:00,30.8,61,8.2,119.0,979.6,0.0
2024-09-20T17:00,29.7,70,5.5,134.0,979.3,0.0
2024-09-20T18:00,27.9,78,5.1,176.0,980.1,0.0
2024-09-20T19:00,26.9,81,4.7,189.0,980.6,0.0
2024-09-20T20:00,26.3,83,5.0,193.0,981.0,0.0
2024-09-20T21:00,26.0,84,5.1,197.0,981.5,0.0
2024-09-20T22:00,25.8,85,5.3,213.0,981.8,0.0
2024-09-20T23:00,25.5,87,5.5,221.0,981.5,0.0
2024-09-21T00:00,25.1,88,6.0,226.0,981.6,0.0
2024-09-21T01:00,24.8,90,4.6,239.0,981.4,0.0
2024-09-21T02:00,24.8,90,4.0,262.0,981.3,0.0
2024-09-21T03:00,24.9,90,3.7,256.0,981.2,0.0
2024-09-21T04:00,24.8,94,2.6,258.0,981.5,0.0
2024-09-21T05:00,25.0,91,0.7,180.0,981.8,0.0
2024-09-21T06:00,25.5,89,3.5,246.0,982.7,0.1
2024-09-21T07:00,26.2,89,3.9,246.0,983.2,0.1
2024-09-21T08:00,27.5,83,3.4,252.0,983.8,0.0
2024-09-21T09:00,28.9,76,1.7,238.0,984.3,0.0
2024-09-21T10:00,30.0,71,2.8,117.0,984.6,0.0
2024-09-21T11:00,30.8,67,8.0,121.0,984.3,0.0
2024-09-21T12:00,31.2,65,9.5,123.0,983.6,0.0
2024-09-21T13:00,31.5,64,8.8,125.0,982.7,0.0
2024-09-21T14:00,31.6,62,7.2,127.0,981.6,0.0
2024-09-21T15:00,31.6,62,4.7,94.0,980.7,0.0
2024-09-21T16:00,31.5,63,4.7,113.0,980.9,0.0
2024-09-21T17:00,30.6,73,3.5,125.0,981.0,0.0
2024-09-21T18:00,28.5,82,3.2,243.0,981.1,0.0
2024-09-21T19:00,27.8,81,2.9,300.0,981.4,0.0
2024-09-21T20:00,27.1,82,3.3,319.0,982.0,0.0
2024-09-21T21:00,26.7,84,3.6,276.0,982.5,0.0
2024-09-21T22:00,26.6,83,4.8,245.0,982.7,0.0
2024-09-21T23:00,26.4,83,5.1,238.0,982.6,0.0
2024-09-22T00:00,26.2,83,3.9,236.0,982.4,0.0
2024-09-22T01:00,26.0,84,4.1,255.0,981.8,0.0
2024-09-22T02:00,25.3,88,4.4,261.0,981.4,0.0
2024-09-22T03:00,25.6,87,4.7,270.0,981.4,0.0
2024-09-22T04:00,26.3,83,6.1,275.0,981.6,0.0
2024-09-22T05:00,26.4,83,5.5,281.0,981.8,0.0
2024-09-22T06:00,26.0,89,4.5,286.0,982.5,0.0
2024-09-22T07:00,27.3,86,5.5,281.0,983.0,0.0
2024-09-22T08:00,29.0,80,5.9,281.0,983.7,0.0
2024-09-22T09:00,30.1,76,6.1,275.0,983.9,0.0
2024-09-22T10:00,31.2,70,4.7,279.0,984.0,0.0
2024-09-22T11:00,31.9,66,5.1,315.0,983.6,0.0
2024-09-22T12:00,32.5,64,5.2,335.0,982.8,0.0
2024-09-22T13:00,32.8,62,6.0,335.0,981.5,0.0
2024-09-22T14:00,33.1,60,5.9,342.0,980.4,0.0
2024-09-22T15:00,33.0,59,5.6,356.0,979.7,0.0
2024-09-22T16:00,32.8,60,5.4,8.0,979.8,0.0
2024-09-22T17:00,31.7,72,4.7,4.0,980.0,0.0
2024-09-22T18:00,30.0,78,7.1,322.0,980.4,0.0
2024-09-22T19:00,29.1,80,8.1,321.0,980.5,0.0
2024-09-22T20:00,28.4,82,7.8,326.0,980.9,0.0
2024-09-22T21:00,28.0,83,8.1,325.0,981.2,0.0
2024-09-22T22:00,27.4,86,7.3,330.0,981.2,0.0
2024-09-22T23:00,26.6,90,6.1,328.0,981.0,0.0
2024-09-23T00:00,26.1,92,6.5,318.0,980.9,0.0
2024-09-23T01:00,25.8,92,7.6,306.0,980.5,0.0
2024-09-23T02:00,26.0,90,6.4,313.0,980.1,0.0
2024-09-23T03:00,25.6,92,6.2,306.0,980.1,0.0
2024-09-23T04:00,25.3,93,7.4,309.0,980.4,0.0
2024-09-23T05:00,25.1,93,7.9,305.0,980.8,0.0
2024-09-23T06:00,25.5,92,6.1,310.0,982.0,0.0
2024-09-23T07:00,26.9,88,5.5,302.0,983.0,0.0
2024-09-23T08:00,28.7,80,4.3,294.0,983.5,0.0
2024-09-23T09:00,30.3,73,5.6,285.0,983.9,0.0
2024-09-23T10:00,31.5,67,7.0,280.0,983.9,0.0
2024-09-23T11:00,32.3,65,7.4,283.0,983.4,0.0
2024-09-23T12:00,32.9,63,7.0,283.0,982.8,0.0
2024-09-23T13:00,33.2,62,7.4,284.0,981.6,0.0
2024-09-23T14:00,33.3,61,8.3,286.0,980.7,0.0
2024-09-23T15:00,33.2,61,8.3,294.0,979.8,0.0
2024-09-23T16:00,32.8,62,8.7,308.0,979.4,0.0
2024-09-23T17:00,31.6,69,5.5,308.0,978.7,0.0
2024-09-23T18:00,29.9,73,5.2,311.0,979.6,0.0
2024-09-23T19:00,28.9,78,5.7,316.0,979.7,0.0
2024-09-23T20:00,28.3,81,6.1,298.0,980.1,0.0
2024-09-23T21:00,27.5,85,7.6,274.0,980.4,0.0
2024-09-23T22:00,27.3,83,4.8,259.0,980.4,0.0
2024-09-23T23:00,26.8,85,3.4,254.0,980.7,0.0
2024-09-24T00:00,26.2,89,3.6,267.0,980.5,0.0
2024-09-24T01:00,25.9,90,4.8,281.0,980.3,0.0
2024-09-24T02:00,25.9,88,5.1,293.0,979.9,0.0
2024-09-24T03:00,25.8,89,5.5,293.0,979.8,0.0
2024-09-24T04:00,25.5,91,6.3,294.0,979.8,0.0
2024-09-24T05:00,25.2,93,6.3,294.0,979.9,0.0
2024-09-24T06:00,26.1,91,2.5,270.0,981.3,0.0
2024-09-24T07:00,27.6,87,2.2,261.0,981.7,0.0
2024-09-24T08:00,29.5,78,1.3,236.0,982.3,0.0
2024-09-24T09:00,30.9,71,1.9,202.0,982.5,0.0
2024-09-24T10:00,31.7,66,2.5,188.0,982.5,0.0
2024-09-24T11:00,32.4,63,1.9,214.0,982.0,0.0
2024-09-24T12:00,32.9,61,0.5,225.0,981.2,0.0
2024-09-24T13:00,33.3,59,0.5,180.0,980.1,0.0
2024-09-24T14:00,33.6,56,0.7,180.0,979.0,0.0
2024-09-24T15:00,33.5,56,1.7,319.0,978.0,0.0
2024-09-24T16:00,33.2,58,3.6,323.0,977.5,0.0
2024-09-24T17:00,32.0,71,4.2,340.0,977.5,0.0
2024-09-24T18:00,30.1,81,6.4,65.0,978.0,0.0
2024-09-24T19:00,29.3,83,5.5,99.0,978.6,0.0
2024-09-24T20:00,29.1,81,5.3,125.0,979.2,0.0
2024-09-24T21:00,28.7,82,6.2,131.0,980.0,0.0
2024-09-24T22:00,28.2,83,6.3,160.0,980.2,0.0
2024-09-24T23:00,27.9,84,6.4,153.0,980.0,0.0
2024-09-25T00:00,27.6,85,7.9,150.0,979.9,0.0
2024-09-25T01:00,27.4,87,5.5,128.0,979.7,0.0
2024-09-25T02:00,26.9,90,3.6,99.0,979.2,0.0
2024-09-25T03:00,26.8,92,6.2,112.0,979.2,0.0
2024-09-25T04:00,26.7,91,5.2,131.0,979.3,0.0
2024-09-25T05:00,26.4,93,15.5,103.0,980.3,0.1
2024-09-25T06:00,26.9,93,7.2,118.0,980.9,0.0
2024-09-25T07:00,27.9,91,7.2,109.0,981.3,0.0
2024-09-25T08:00,29.2,86,8.3,103.0,981.9,0.0
2024-09-25T09:00,30.4,79,11.1,107.0,982.5,0.1
2024-09-25T10:00,31.5,74,10.5,117.0,982.5,0.1
2024-09-25T11:00,32.4,66,8.5,128.0,982.1,0.0
2024-09-25T12:00,33.0,63,9.1,129.0,981.2,0.0
2024-09-25T13:00,32.8,62,9.4,122.0,980.0,0.0
2024-09-25T14:00,31.6,68,12.1,108.0,979.2,0.1
2024-09-25T15:00,31.0,75,11.1,110.0,978.5,0.0
2024-09-25T16:00,31.1,75,10.1,117.0,978.3,0.0
2024-09-25T17:00,30.5,77,8.9,115.0,978.4,0.0
2024-09-25T18:00,28.9,79,12.8,116.0,979.2,0.0
2024-09-25T19:00,28.4,82,14.2,119.0,979.9,0.0
2024-09-25T20:00,28.0,85,15.2,117.0,980.8,0.0
2024-09-25T21:00,27.5,87,16.1,121.0,981.5,0.0
2024-09-25T22:00,26.9,87,14.9,124.0,981.6,0.0
2024-09-25T23:00,26.4,88,14.1,120.0,981.6,0.0
2024-09-26T00:00,26.1,90,12.2,117.0,981.2,0.0
2024-09-26T01:00,25.9,91,11.1,112.0,980.9,0.0
2024-09-26T02:00,25.7,93,11.0,111.0,980.7,0.0
2024-09-26T03:00,25.5,94,11.4,119.0,980.7,0.0
2024-09-26T04:00,25.4,95,11.2,118.0,980.5,0.0
2024-09-26T05:00,25.3,96,11.2,111.0,980.7,0.0
2024-09-26T06:00,25.6,91,8.6,129.0,981.3,0.1
2024-09-26T07:00,26.2,90,11.7,128.0,981.3,0.0
2024-09-26T08:00,27.3,85,13.2,112.0,982.2,0.0
2024-09-26T09:00,27.9,84,12.3,95.0,983.0,0.1
2024-09-26T10:00,29.0,79,13.0,114.0,982.5,0.1
2024-09-26T11:00,29.9,74,12.0,108.0,982.0,0.0
2024-09-26T12:00,30.8,71,8.0,84.0,981.3,0.1
2024-09-26T13:00,31.0,70,8.5,103.0,979.9,0.0
2024-09-26T14:00,31.4,66,10.7,112.0,978.5,0.0
2024-09-26T15:00,31.3,66,8.8,95.0,977.7,0.0
2024-09-26T16:00,30.5,68,11.1,97.0,977.6,0.0
2024-09-26T17:00,29.8,74,9.1,97.0,977.9,0.0
2024-09-26T18:00,28.6,78,5.7,114.0,978.4,0.0
2024-09-26T19:00,28.2,79,8.3,131.0,979.4,0.0
2024-09-26T20:00,27.7,81,9.4,137.0,980.3,0.0
2024-09-26T21:00,27.5,81,12.1,142.0,980.8,0.0
2024-09-26T22:00,27.3,82,12.9,137.0,980.9,0.0
2024-09-26T23:00,26.9,83,11.9,131.0,980.7,0.0
2024-09-27T00:00,26.4,85,10.3,125.0,980.6,0.0
2024-09-27T01:00,26.1,86,8.7,122.0,980.3,0.0
2024-09-27T02:00,25.7,88,8.2,122.0,979.5,0.0
2024-09-27T03:00,25.4,89,9.3,127.0,978.7,0.0
2024-09-27T04:00,25.2,89,10.5,121.0,978.7,0.0
2024-09-27T05:00,25.0,88,11.7,117.0,979.1,0.0
2024-09-27T06:00,25.4,88,10.6,81.0,980.2,0.0
2024-09-27T07:00,25.9,84,14.2,86.0,980.9,0.0
2024-09-27T08:00,26.6,81,12.3,83.0,981.2,0.0
2024-09-27T09:00,27.8,78,12.1,78.0,981.8,0.0
2024-09-27T10:00,29.1,71,16.0,89.0,982.0,0.0
2024-09-27T11:00,29.5,69,15.4,96.0,982.1,0.1
2024-09-27T12:00,30.0,68,13.2,104.0,981.1,0.1
2024-09-27T13:00,30.8,65,9.2,94.0,979.8,0.0
2024-09-27T14:00,30.9,65,9.1,60.0,978.8,0.0
2024-09-27T15:00,30.7,64,12.1,48.0,978.1,0.1
2024-09-27T16:00,29.3,73,11.3,61.0,978.3,0.4
2024-09-27T17:00,28.9,75,10.1,79.0,978.6,0.0
2024-09-27T18:00,27.6,79,4.9,90.0,979.0,0.1
2024-09-27T19:00,26.9,83,6.2,105.0,979.5,0.0
2024-09-27T20:00,26.3,86,7.5,117.0,980.4,0.0
2024-09-27T21:00,25.9,88,7.7,120.0,980.6,0.0
2024-09-27T22:00,25.4,86,9.2,101.0,981.0,0.0
2024-09-27T23:00,24.8,84,11.8,96.0,981.2,0.0
2024-09-28T00:00,24.4,86,11.5,101.0,981.2,0.0
2024-09-28T01:00,24.0,88,7.6,83.0,980.9,0.0
2024-09-28T02:00,23.6,91,7.6,68.0,980.3,0.0
2024-09-28T03:00,23.3,93,7.5,73.0,979.4,0.0
2024-09-28T04:00,23.2,94,7.8,82.0,979.3,0.0
2024-09-28T05:00,23.1,95,7.8,99.0,979.5,0.0
2024-09-28T06:00,23.2,95,4.9,57.0,980.6,0.0
2024-09-28T07:00,24.2,91,6.2,73.0,981.6,0.0
2024-09-28T08:00,25.3,86,6.8,72.0,982.7,0.0
2024-09-28T09:00,26.6,81,7.4,90.0,983.3,0.0
2024-09-28T10:00,28.2,73,10.8,69.0,983.6,0.0
2024-09-28T11:00,29.0,71,11.6,53.0,983.6,0.0
2024-09-28T12:00,30.0,65,10.1,47.0,982.9,0.0
2024-09-28T13:00,30.2,64,9.4,32.0,982.0,0.0
2024-09-28T14:00,30.5,63,9.4,30.0,981.0,0.0
2024-09-28T15:00,30.4,63,9.3,32.0,980.3,0.0
2024-09-28T16:00,29.9,65,9.6,33.0,980.1,0.0
2024-09-28T17:00,29.1,71,7.8,42.0,980.6,0.0
2024-09-28T18:00,27.0,79,5.6,138.0,981.7,0.0
2024-09-28T19:00,26.1,84,6.0,153.0,982.7,0.0
2024-09-28T20:00,25.6,86,5.0,178.0,983.8,0.0
2024-09-28T21:00,25.3,87,5.2,136.0,984.5,0.0
2024-09-28T22:00,24.9,89,8.5,117.0,985.0,0.0
2024-09-28T23:00,24.4,91,5.9,113.0,985.0,0.0
2024-09-29T00:00,23.8,93,6.0,99.0,984.6,0.0
2024-09-29T01:00,23.5,93,6.9,104.0,984.2,0.0
2024-09-29T02:00,23.2,94,6.5,103.0,983.8,0.0
2024-09-29T03:00,23.0,96,5.9,76.0,983.8,0.0
2024-09-29T04:00,22.9,97,6.2,68.0,984.2,0.0
2024-09-29T05:00,22.6,98,3.9,74.0,984.4,0.0
2024-09-29T06:00,23.3,96,6.6,55.0,984.9,0.0
2024-09-29T07:00,24.2,93,8.6,39.0,985.2,0.0
2024-09-29T08:00,25.6,85,9.8,41.0,985.9,0.0
2024-09-29T09:00,27.1,78,8.1,59.0,986.5,0.1
2024-09-29T10:00,27.8,75,7.0,61.0,986.5,0.1
2024-09-29T11:00,28.6,72,7.9,41.0,986.1,0.1
2024-09-29T12:00,29.2,70,9.6,30.0,984.9,0.0
2024-09-29T13:00,30.3,65,9.2,23.0,984.1,0.0
2024-09-29T14:00,30.7,64,9.4,20.0,983.4,0.0
2024-09-29T15:00,30.5,64,10.1,25.0,982.8,0.0
2024-09-29T16:00,30.3,65,9.4,36.0,982.3,0.0
2024-09-29T17:00,29.3,72,5.8,60.0,982.5,0.0
2024-09-29T18:00,28.0,80,4.1,131.0,983.6,0.0
2024-09-29T19:00,27.1,85,4.5,166.0,984.1,0.0
2024-09-29T20:00,26.2,89,4.8,193.0,984.9,0.0
2024-09-29T21:00,25.8,89,3.9,204.0,985.5,0.0
2024-09-29T22:00,25.3,91,4.3,222.0,985.5,0.0
2024-09-29T23:00,24.9,92,3.9,223.0,985.1,0.0
2024-09-30T00:00,25.4,88,1.8,217.0,984.8,0.0
2024-09-30T01:00,24.5,91,3.3,216.0,984.3,0.0
2024-09-30T02:00,24.5,91,4.9,242.0,983.9,0.0
2024-09-30T03:00,24.2,92,7.9,266.0,983.8,0.0
2024-09-30T04:00,23.8,94,7.5,259.0,983.9,0.0
2024-09-30T05:00,23.5,95,7.2,257.0,984.1,0.0
2024-09-30T06:00,24.1,94,7.1,260.0,984.6,0.0
2024-09-30T07:00,25.4,91,8.6,260.0,985.3,0.0
2024-09-30T08:00,27.3,83,8.7,264.0,985.9,0.0
2024-09-30T09:00,29.0,74,9.2,267.0,986.1,0.0
2024-09-30T10:00,30.2,67,9.8,278.0,986.1,0.0
2024-09-30T11:00,31.1,62,11.6,294.0,985.5,0.0
2024-09-30T12:00,31.9,58,13.9,308.0,984.5,0.0
2024-09-30T13:00,32.4,54,15.2,311.0,983.3,0.0
2024-09-30T14:00,32.7,54,15.1,311.0,982.4,0.0
2024-09-30T15:00,32.4,55,13.9,312.0,981.7,0.0
2024-09-30T16:00,31.9,60,11.3,314.0,981.5,0.0
2024-09-30T17:00,30.4,68,7.3,332.0,981.2,0.0
2024-09-30T18:00,28.1,77,6.1,332.0,982.1,0.0
2024-09-30T19:00,27.7,80,7.1,326.0,982.4,0.0
2024-09-30T20:00,27.8,77,6.1,284.0,982.7,0.0
2024-09-30T21:00,26.5,83,6.7,261.0,982.7,0.0
2024-09-30T22:00,25.9,85,7.4,263.0,982.4,0.0
2024-09-30T23:00,25.6,86,5.9,268.0,981.9,0.0
2024-10-01T00:00,25.1,89,5.2,270.0,981.7,0.0
2024-10-01T01:00,24.8,91,5.4,264.0,981.5,0.0
2024-10-01T02:00,24.6,92,6.2,253.0,980.8,0.0
2024-10-01T03:00,24.3,94,6.6,248.0,980.7,0.0
2024-10-01T04:00,24.2,93,6.7,246.0,980.7,0.0
2024-10-01T05:00,24.0,93,6.7,246.0,980.8,0.0
2024-10-01T06:00,24.4,91,8.6,260.0,981.5,0.0
2024-10-01T07:00,25.6,87,9.5,260.0,982.2,0.0
2024-10-01T08:00,27.4,80,8.7,263.0,983.0,0.0
2024-10-01T09:00,29.2,73,10.1,275.0,983.3,0.0
2024-10-01T10:00,30.4,66,11.4,291.0,983.1,0.0
2024-10-01T11:00,31.5,61,12.6,298.0,982.7,0.0
2024-10-01T12:00,32.3,59,13.4,298.0,981.7,0.0
2024-10-01T13:00,32.9,58,13.9,300.0,980.8,0.0
2024-10-01T14:00,33.1,58,14.7,298.0,979.8,0.0
2024-10-01T15:00,33.2,57,14.9,297.0,979.3,0.0
2024-10-01T16:00,32.8,60,12.1,298.0,978.9,0.0
2024-10-01T17:00,31.3,67,7.2,307.0,978.7,0.0
2024-10-01T18:00,28.9,76,6.9,307.0,979.4,0.0
2024-10-01T19:00,28.4,78,7.9,311.0,979.6,0.0
2024-10-01T20:00,29.8,69,5.5,341.0,980.2,0.0
2024-10-01T21:00,29.1,72,3.2,87.0,980.4,0.0
2024-10-01T22:00,26.4,85,3.6,177.0,980.3,0.0
2024-10-01T23:00,26.4,83,4.4,199.0,980.3,0.0
2024-10-02T00:00,25.7,87,5.0,201.0,980.5,0.0
2024-10-02T01:00,24.9,92,6.1,192.0,980.3,0.0
2024-10-02T02:00,24.9,91,4.5,196.0,980.0,0.0
2024-10-02T03:00,24.7,92,4.8,211.0,980.0,0.0
2024-10-02T04:00,24.8,91,5.0,224.0,980.2,0.0
2024-10-02T05:00,24.8,89,7.1,243.0,980.6,0.0
2024-10-02T06:00,25.8,87,7.4,247.0,981.5,0.0
2024-10-02T07:00,26.9,85,10.2,257.0,981.9,0.0
2024-10-02T08:00,28.7,80,8.5,270.0,982.6,0.0
2024-10-02T09:00,30.3,73,10.9,279.0,982.6,0.0
2024-10-02T10:00,31.8,63,13.4,285.0,982.6,0.0
2024-10-02T11:00,33.0,57,15.4,293.0,981.9,0.0
2024-10-02T12:00,33.8,52,17.1,297.0,980.8,0.0
2024-10-02T13:00,34.3,49,17.7,300.0,980.0,0.0
2024-10-02T14:00,34.6,47,17.1,297.0,979.0,0.0
2024-10-02T15:00,34.5,47,15.5,296.0,978.5,0.0
2024-10-02T16:00,33.6,53,12.1,297.0,978.3,0.0
2024-10-02T17:00,31.4,63,7.3,290.0,977.8,0.0
2024-10-02T18:00,28.9,74,9.0,286.0,978.7,0.0
2024-10-02T19:00,28.7,73,6.2,244.0,979.1,0.0
2024-10-02T20:00,28.0,74,5.4,222.0,979.8,0.0
2024-10-02T21:00,27.5,72,5.8,219.0,980.0,0.0
2024-10-02T22:00,26.7,75,6.9,223.0,980.2,0.0
2024-10-02T23:00,26.2,76,5.8,231.0,979.9,0.0
2024-10-03T00:00,26.1,75,6.8,238.0,979.8,0.0
2024-10-03T01:00,25.2,79,5.8,270.0,979.5,0.0
2024-10-03T02:00,24.6,83,6.0,291.0,979.0,0.0
2024-10-03T03:00,24.5,83,8.3,256.0,979.0,0.0
2024-10-03T04:00,24.5,81,10.3,245.0,979.2,0.0
2024-10-03T05:00,24.9,70,11.6,258.0,979.4,0.0
2024-10-03T06:00,25.9,59,15.6,259.0,980.2,0.0
2024-10-03T07:00,26.3,63,16.8,260.0,980.8,0.0
2024-10-03T08:00,28.0,64,15.6,263.0,981.5,0.0
2024-10-03T09:00,29.8,59,16.4,279.0,982.2,0.0
2024-10-03T10:00,31.2,55,17.5,289.0,982.2,0.0
2024-10-03T11:00,32.3,52,18.4,296.0,981.6,0.0
2024-10-03T12:00,33.1,49,17.4,303.0,980.8,0.0
2024-10-03T13:00,33.7,47,14.8,308.0,980.0,0.0
2024-10-03T14:00,33.9,47,12.0,306.0,979.3,0.0
2024-10-03T15:00,33.8,47,9.9,305.0,978.6,0.0
2024-10-03T16:00,33.0,55,6.6,307.0,978.1,0.0
2024-10-03T17:00,30.6,74,6.8,318.0,977.9,0.0
2024-10-03T18:00,29.5,67,6.7,314.0,978.4,0.0
2024-10-03T19:00,27.4,76,8.8,4.0,978.9,0.0
2024-10-03T20:00,27.1,77,8.0,27.0,979.4,0.0
2024-10-03T21:00,28.7,69,2.3,157.0,979.9,0.0
2024-10-03T22:00,26.3,77,4.6,189.0,979.9,0.0
2024-10-03T23:00,26.4,75,6.2,136.0,980.1,0.0
2024-10-04T00:00,25.1,81,7.8,142.0,980.0,0.0
2024-10-04T01:00,25.1,81,6.2,170.0,979.8,0.0
2024-10-04T02:00,24.4,84,6.9,155.0,979.7,0.0
2024-10-04T03:00,24.7,82,7.0,179.0,979.9,0.0
2024-10-04T04:00,24.5,82,7.6,194.0,980.0,0.0
2024-10-04T05:00,23.8,82,6.9,205.0,980.3,0.0
2024-10-04T06:00,25.6,61,13.2,258.0,980.6,0.0
2024-10-04T07:00,25.8,64,11.2,266.0,981.3,0.0
2024-10-04T08:00,27.5,62,9.6,275.0,982.4,0.0
2024-10-04T09:00,29.1,56,12.0,287.0,983.0,0.0
2024-10-04T10:00,30.6,54,13.3,298.0,983.2,0.0
2024-10-04T11:00,31.7,53,13.4,299.0,982.9,0.0
2024-10-04T12:00,32.7,52,13.3,302.0,982.2,0.0
2024-10-04T13:00,33.2,51,12.3,305.0,981.4,0.0
2024-10-04T14:00,33.5,51,11.2,302.0,980.6,0.0
2024-10-04T15:00,33.4,52,11.0,295.0,979.9,0.0
2024-10-04T16:00,32.8,57,7.9,290.0,979.6,0.0
2024-10-04T17:00,30.9,75,6.1,289.0,979.5,0.0
2024-10-04T18:00,29.1,72,7.0,320.0,980.1,0.0
2024-10-04T19:00,30.0,65,5.6,7.0,980.8,0.0
2024-10-04T20:00,28.3,73,4.4,117.0,981.4,0.0
2024-10-04T21:00,26.4,82,6.1,137.0,981.6,0.0
2024-10-04T22:00,26.5,79,5.4,165.0,981.9,0.0
2024-10-04T23:00,26.0,81,6.1,161.0,981.8,0.0
2024-10-05T00:00,25.9,81,6.6,163.0,981.7,0.0
2024-10-05T01:00,25.5,83,8.0,171.0,981.7,0.0
2024-10-05T02:00,24.7,86,5.8,180.0,981.3,0.0
2024-10-05T03:00,24.4,87,5.5,216.0,981.7,0.0
2024-10-05T04:00,24.2,82,7.3,250.0,982.1,0.0
2024-10-05T05:00,24.3,75,10.5,267.0,982.6,0.0
2024-10-05T06:00,25.4,68,12.4,270.0,983.5,0.0
2024-10-05T07:00,26.1,68,13.2,274.0,984.0,0.0
2024-10-05T08:00,27.4,67,13.5,278.0,984.7,0.0
2024-10-05T09:00,28.9,65,16.8,282.0,985.1,0.0
2024-10-05T10:00,30.3,62,17.8,288.0,985.1,0.0
2024-10-05T11:00,31.6,58,17.6,297.0,984.6,0.0
2024-10-05T12:00,32.6,54,16.2,307.0,983.8,0.0
2024-10-05T13:00,33.3,51,13.7,314.0,983.0,0.0
2024-10-05T14:00,33.5,49,11.1,313.0,982.1,0.0
2024-10-05T15:00,33.6,48,9.4,306.0,981.6,0.0
2024-10-05T16:00,32.6,54,7.8,275.0,981.9,0.0
2024-10-05T17:00,30.6,63,7.3,237.0,982.0,0.0
2024-10-05T18:00,28.5,67,8.0,324.0,982.4,0.0
2024-10-05T19:00,30.2,56,4.4,12.0,983.2,0.0
2024-10-05T20:00,29.5,57,2.4,153.0,984.0,0.0
2024-10-05T21:00,26.1,72,6.2,159.0,984.0,0.0
2024-10-05T22:00,26.2,67,6.2,170.0,984.4,0.0
2024-10-05T23:00,26.1,68,11.6,188.0,984.8,0.0
2024-10-06T00:00,26.2,69,10.7,209.0,984.7,0.0
2024-10-06T01:00,25.7,71,10.6,210.0,984.6,0.0
2024-10-06T02:00,25.1,72,9.2,220.0,984.4,0.0
2024-10-06T03:00,24.7,72,8.3,237.0,984.6,0.0
2024-10-06T04:00,24.2,74,8.1,253.0,984.9,0.0
2024-10-06T05:00,23.7,75,9.1,252.0,985.3,0.0
2024-10-06T06:00,23.8,81,5.4,264.0,986.8,0.0
2024-10-06T07:00,25.1,78,6.1,256.0,987.1,0.0
2024-10-06T08:00,27.3,72,5.6,272.0,987.6,0.0
2024-10-06T09:00,29.2,65,8.9,297.0,988.1,0.0
2024-10-06T10:00,30.8,59,8.1,313.0,988.5,0.0
2024-10-06T11:00,31.9,55,8.2,324.0,988.3,0.0
2024-10-06T12:00,32.8,49,8.7,326.0,987.5,0.0
2024-10-06T13:00,33.4,45,10.6,330.0,986.4,0.0
2024-10-06T14:00,33.6,42,11.6,330.0,985.7,0.0
2024-10-06T15:00,32.6,43,15.9,334.0,985.7,0.0
2024-10-06T16:00,31.2,51,11.7,324.0,985.5,0.0
2024-10-06T17:00,29.5,60,6.5,330.0,985.6,0.0
2024-10-06T18:00,28.6,62,8.1,315.0,985.9,0.0
2024-10-06T19:00,27.1,68,6.9,327.0,986.3,0.0
2024-10-06T20:00,25.8,75,9.2,343.0,986.7,0.0
2024-10-06T21:00,25.3,77,10.1,5.0,986.8,0.0
2024-10-06T22:00,24.8,78,10.4,18.0,987.1,0.0
2024-10-06T23:00,24.7,77,9.1,14.0,987.2,0.0
2024-10-07T00:00,24.7,77,6.8,331.0,987.5,0.0
2024-10-07T01:00,24.0,80,6.0,303.0,987.5,0.0
2024-10-07T02:00,23.2,83,4.7,268.0,987.4,0.0
2024-10-07T03:00,22.8,86,4.7,263.0,987.5,0.0
2024-10-07T04:00,21.9,90,5.8,254.0,987.5,0.0
2024-10-07T05:00,21.9,90,4.3,246.0,987.9,0.0
2024-10-07T06:00,22.9,88,4.4,258.0,989.2,0.0
2024-10-07T07:00,24.2,84,4.3,275.0,989.9,0.0
2024-10-07T08:00,26.1,76,3.9,336.0,990.8,0.0
2024-10-07T09:00,27.7,69,5.0,330.0,990.8,0.0
2024-10-07T10:00,29.2,63,6.0,309.0,990.5,0.0
2024-10-07T11:00,30.6,56,7.4,309.0,990.0,0.0
2024-10-07T12:00,31.6,52,9.0,317.0,989.1,0.0
2024-10-07T13:00,32.2,49,9.0,323.0,988.2,0.0
2024-10-07T14:00,32.4,48,9.1,324.0,987.2,0.0
2024-10-07T15:00,32.2,48,9.0,323.0,986.5,0.0
2024-10-07T16:00,31.6,51,7.5,318.0,986.5,0.0
2024-10-07T17:00,29.4,63,5.5,322.0,986.3,0.0
2024-10-07T18:00,27.1,68,8.6,319.0,986.9,0.0
2024-10-07T19:00,26.1,73,8.9,324.0,987.5,0.0
2024-10-07T20:00,25.5,76,9.0,338.0,988.4,0.0
2024-10-07T21:00,25.1,76,8.5,342.0,988.4,0.0
2024-10-07T22:00,25.0,75,7.7,1.0,988.5,0.0
2024-10-07T23:00,23.6,84,8.5,12.0,988.3,0.0
2024-10-08T00:00,23.0,88,9.7,28.0,988.0,0.0
2024-10-08T01:00,23.8,84,7.6,31.0,987.8,0.0
2024-10-08T02:00,23.3,87,7.7,37.0,987.4,0.0
2024-10-08T03:00,22.4,91,7.8,64.0,987.1,0.0
2024-10-08T04:00,23.7,86,5.2,63.0,987.6,0.0
2024-10-08T05:00,22.2,92,2.0,260.0,987.8,0.0
2024-10-08T06:00,23.1,91,4.5,263.0,988.8,0.0
2024-10-08T07:00,24.4,85,5.4,262.0,989.4,0.0
2024-10-08T08:00,26.6,78,5.1,293.0,990.4,0.0
2024-10-08T09:00,28.5,72,5.2,301.0,990.8,0.0
2024-10-08T10:00,30.1,62,6.1,304.0,990.8,0.0
2024-10-08T11:00,31.1,55,6.9,313.0,989.9,0.0
2024-10-08T12:00,31.9,50,8.3,318.0,988.7,0.0
2024-10-08T13:00,32.3,47,9.4,315.0,987.5,0.0
2024-10-08T14:00,32.5,44,10.0,311.0,986.3,0.0
2024-10-08T15:00,32.2,45,10.0,308.0,985.6,0.0
2024-10-08T16:00,31.5,48,8.3,309.0,985.3,0.0
2024-10-08T17:00,29.6,56,7.6,313.0,985.1,0.0
2024-10-08T18:00,27.8,61,8.4,323.0,985.9,0.0
2024-10-08T19:00,27.0,64,6.9,345.0,986.6,0.0
2024-10-08T20:00,25.6,71,8.5,356.0,987.1,0.0
2024-10-08T21:00,24.6,77,9.0,1.0,987.2,0.0
2024-10-08T22:00,25.1,74,7.0,3.0,987.2,0.0
2024-10-08T23:00,25.8,69,4.1,311.0,986.8,0.0
2024-10-09T00:00,25.5,69,2.1,255.0,986.4,0.0
2024-10-09T01:00,24.1,75,0.9,233.0,985.8,0.0
2024-10-09T02:00,22.3,83,3.9,242.0,985.3,0.0
2024-10-09T03:00,21.5,86,6.1,284.0,984.9,0.0
2024-10-09T04:00,21.0,89,5.5,306.0,984.9,0.0
2024-10-09T05:00,20.6,89,4.9,266.0,985.3,0.0
2024-10-09T06:00,21.9,83,5.3,252.0,986.8,0.0
2024-10-09T07:00,23.4,79,8.3,268.0,987.5,0.0
2024-10-09T08:00,25.7,71,6.7,294.0,988.2,0.0
2024-10-09T09:00,27.7,63,6.0,309.0,988.6,0.0
2024-10-09T10:00,29.5,55,5.8,326.0,988.4,0.0
2024-10-09T11:00,30.7,49,7.1,322.0,987.6,0.0
2024-10-09T12:00,31.5,46,8.8,313.0,986.7,0.0
2024-10-09T13:00,32.0,45,10.6,304.0,985.7,0.0
2024-10-09T14:00,32.2,43,13.1,304.0,984.7,0.0
2024-10-09T15:00,31.9,42,14.8,310.0,983.9,0.0
2024-10-09T16:00,31.1,45,12.7,316.0,983.4,0.0
2024-10-09T17:00,29.4,50,9.1,326.0,983.1,0.0
2024-10-09T18:00,27.3,60,7.0,339.0,984.3,0.0
2024-10-09T19:00,25.9,69,8.6,345.0,984.8,0.0
2024-10-09T20:00,25.9,69,7.4,309.0,985.6,0.0
2024-10-09T21:00,26.7,63,6.2,287.0,985.5,0.0
2024-10-09T22:00,24.5,72,8.7,265.0,985.7,0.0
2024-10-09T23:00,24.3,71,6.7,264.0,985.5,0.0
2024-10-10T00:00,23.5,74,7.6,266.0,985.2,0.0
2024-10-10T01:00,23.2,76,7.9,271.0,984.9,0.0
2024-10-10T02:00,23.4,76,8.1,274.0,984.5,0.0
2024-10-10T03:00,22.9,79,8.0,288.0,984.3,0.0
2024-10-10T04:00,21.9,82,6.6,338.0,984.0,0.0
2024-10-10T05:00,21.0,83,8.0,295.0,984.2,0.0
2024-10-10T06:00,22.3,77,8.1,288.0,985.7,0.0
2024-10-10T07:00,23.4,76,9.6,290.0,986.2,0.0
2024-10-10T08:00,25.4,68,8.4,289.0,986.9,0.0
2024-10-10T09:00,27.3,59,8.9,299.0,987.3,0.0
2024-10-10T10:00,29.0,53,9.9,308.0,987.3,0.0
2024-10-10T11:00,30.5,46,12.2,308.0,986.3,0.0
2024-10-10T12:00,31.6,41,13.0,303.0,985.4,0.0
2024-10-10T13:00,32.1,38,13.1,297.0,984.6,0.0
2024-10-10T14:00,32.3,36,13.2,298.0,983.7,0.0
2024-10-10T15:00,32.1,35,13.9,308.0,983.3,0.0
2024-10-10T16:00,31.2,38,11.8,316.0,983.2,0.0
2024-10-10T17:00,28.9,45,8.3,318.0,983.2,0.0
2024-10-10T18:00,26.4,52,9.4,324.0,984.0,0.0
2024-10-10T19:00,25.5,58,10.0,334.0,984.6,0.0
2024-10-10T20:00,24.7,62,11.3,333.0,985.0,0.0
2024-10-10T21:00,23.8,62,8.1,267.0,985.4,0.0
2024-10-10T22:00,23.3,63,7.2,248.0,985.6,0.0
2024-10-10T23:00,22.1,68,7.6,270.0,985.5,0.0
2024-10-11T00:00,22.2,67,8.6,260.0,985.2,0.0
2024-10-11T01:00,21.5,67,8.7,265.0,984.7,0.0
2024-10-11T02:00,20.7,66,7.7,271.0,984.4,0.0
2024-10-11T03:00,20.1,67,7.0,282.0,984.4,0.0
2024-10-11T04:00,19.4,69,6.1,282.0,984.5,0.0
2024-10-11T05:00,19.1,69,5.7,281.0,984.6,0.0
2024-10-11T06:00,19.4,72,7.0,271.0,985.3,0.0
2024-10-11T07:00,21.0,68,10.7,264.0,986.3,0.0
2024-10-11T08:00,23.7,62,9.7,270.0,987.0,0.0
2024-10-11T09:00,26.5,54,9.1,278.0,987.7,0.0
2024-10-11T10:00,28.7,48,8.7,288.0,987.5,0.0
2024-10-11T11:00,30.3,41,11.0,294.0,987.0,0.0
2024-10-11T12:00,31.2,37,13.3,291.0,986.0,0.0
2024-10-11T13:00,31.6,36,13.7,292.0,984.9,0.0
2024-10-11T14:00,31.7,36,13.7,295.0,984.1,0.0
2024-10-11T15:00,31.3,37,13.4,299.0,983.4,0.0
2024-10-11T16:00,30.6,40,10.7,301.0,983.2,0.0
2024-10-11T17:00,27.9,51,6.6,311.0,983.2,0.0
2024-10-11T18:00,25.8,54,8.7,313.0,983.9,0.0
2024-10-11T19:00,24.4,61,10.9,301.0,984.5,0.0
2024-10-11T20:00,24.4,61,8.3,271.0,985.1,0.0
2024-10-11T21:00,23.7,61,6.9,239.0,985.5,0.0
2024-10-11T22:00,23.1,64,8.0,243.0,985.2,0.0
2024-10-11T23:00,22.7,65,7.4,266.0,985.3,0.0
2024-10-12T00:00,21.8,71,7.4,283.0,985.0,0.0
2024-10-12T01:00,20.7,78,7.5,287.0,984.7,0.0
2024-10-12T02:00,20.3,80,6.5,273.0,984.3,0.0
2024-10-12T03:00,20.0,80,6.6,254.0,984.2,0.0
2024-10-12T04:00,19.5,81,6.6,259.0,984.3,0.0
2024-10-12T05:00,19.1,82,6.8,252.0,984.6,0.0
2024-10-12T06:00,19.6,83,8.0,250.0,985.6,0.0
2024-10-12T07:00,21.5,76,10.6,249.0,986.3,0.0
2024-10-12T08:00,24.5,69,7.6,252.0,987.1,0.0
2024-10-12T09:00,27.3,57,9.1,253.0,987.8,0.0
2024-10-12T10:00,29.3,48,9.4,273.0,987.7,0.0
2024-10-12T11:00,30.5,43,9.4,288.0,987.3,0.0
2024-10-12T12:00,31.2,40,9.9,285.0,986.4,0.0
2024-10-12T13:00,31.7,37,10.0,285.0,985.8,0.0
2024-10-12T14:00,32.0,35,9.5,285.0,985.3,0.0
2024-10-12T15:00,31.8,35,8.7,291.0,985.0,0.0
2024-10-12T16:00,31.0,40,6.2,300.0,984.9,0.0
2024-10-12T17:00,28.1,54,7.2,325.0,984.8,0.0
2024-10-12T18:00,27.6,49,8.5,13.0,985.5,0.0
2024-10-12T19:00,25.8,59,7.6,34.0,985.7,0.0
2024-10-12T20:00,24.4,66,9.4,45.0,986.1,0.0
2024-10-12T21:00,24.2,66,7.4,103.0,986.2,0.0
2024-10-12T22:00,22.7,71,6.1,150.0,986.2,0.0
2024-10-12T23:00,22.8,68,6.0,173.0,986.0,0.0
2024-10-13T00:00,22.5,69,6.5,175.0,985.7,0.0
2024-10-13T01:00,22.1,71,6.5,185.0,985.5,0.0
2024-10-13T02:00,22.0,70,6.9,189.0,985.3,0.0
2024-10-13T03:00,21.3,72,7.1,189.0,985.0,0.0
2024-10-13T04:00,20.7,76,6.8,192.0,985.1,0.0
2024-10-13T05:00,20.1,78,7.3,211.0,985.8,0.0
2024-10-13T06:00,19.7,84,5.5,333.0,987.0,0.0
2024-10-13T07:00,21.8,77,5.2,344.0,987.8,0.0
2024-10-13T08:00,25.0,68,5.6,353.0,988.6,0.0
2024-10-13T09:00,27.7,56,4.7,344.0,989.1,0.0
2024-10-13T10:00,29.5,45,2.3,299.0,989.2,0.0
2024-10-13T11:00,30.7,38,3.4,264.0,988.5,0.0
2024-10-13T12:00,31.5,34,5.2,276.0,987.6,0.0
2024-10-13T13:00,31.9,32,6.9,285.0,986.7,0.0
2024-10-13T14:00,32.1,31,7.9,286.0,986.2,0.0
2024-10-13T15:00,31.8,32,7.7,301.0,985.7,0.0
2024-10-13T16:00,30.9,37,5.9,310.0,985.2,0.0
2024-10-13T17:00,28.0,56,8.0,322.0,985.1,0.0
2024-10-13T18:00,27.8,43,8.7,27.0,985.7,0.0
2024-10-13T19:00,27.0,49,8.4,35.0,986.1,0.0
2024-10-13T20:00,25.9,54,6.9,47.0,986.7,0.0
2024-10-13T21:00,25.7,56,5.9,52.0,986.9,0.0
2024-10-13T22:00,24.3,65,7.1,109.0,987.0,0.0
2024-10-13T23:00,23.5,66,7.0,130.0,986.8,0.0
2024-10-14T00:00,22.8,68,6.5,157.0,986.5,0.0
2024-10-14T01:00,22.2,68,5.1,170.0,986.0,0.0
2024-10-14T02:00,21.9,69,5.4,186.0,985.9,0.0
2024-10-14T03:00,21.5,69,7.2,194.0,985.9,0.0
2024-10-14T04:00,21.1,70,7.7,210.0,986.0,0.0
2024-10-14T05:00,21.2,69,6.5,231.0,986.4,0.0
2024-10-14T06:00,20.5,79,5.3,294.0,987.8,0.0
2024-10-14T07:00,22.1,76,6.8,292.0,988.7,0.0
2024-10-14T08:00,24.4,69,3.4,313.0,989.5,0.0
2024-10-14T09:00,26.8,59,3.3,347.0,990.0,0.0
2024-10-14T10:00,28.7,51,4.2,7.0,990.0,0.0
2024-10-14T11:00,30.2,42,4.4,348.0,989.2,0.0
2024-10-14T12:00,31.1,36,5.8,326.0,988.2,0.0
2024-10-14T13:00,31.7,34,7.9,321.0,987.4,0.0
2024-10-14T14:00,31.8,32,10.0,321.0,986.3,0.0
2024-10-14T15:00,31.4,34,10.4,330.0,985.7,0.0
2024-10-14T16:00,30.3,38,8.5,335.0,985.4,0.0
2024-10-14T17:00,27.7,46,6.9,353.0,985.2,0.0
2024-10-14T18:00,26.5,47,8.1,18.0,985.5,0.0
2024-10-14T19:00,24.4,57,9.4,32.0,986.0,0.0
2024-10-14T20:00,26.5,47,5.9,76.0,986.9,0.0
2024-10-14T21:00,25.6,50,2.1,165.0,987.1,0.0
2024-10-14T22:00,23.4,59,3.8,199.0,987.1,0.0
2024-10-14T23:00,22.7,61,5.2,226.0,987.2,0.0
2024-10-15T00:00,22.4,62,6.3,246.0,986.6,0.0
2024-10-15T01:00,22.0,62,7.2,252.0,986.5,0.0
2024-10-15T02:00,21.0,66,9.4,240.0,985.8,0.0
2024-10-15T03:00,20.4,68,8.7,238.0,985.7,0.0
2024-10-15T04:00,19.9,70,9.5,248.0,985.7,0.0
2024-10-15T05:00,19.4,70,9.0,257.0,985.8,0.0
2024-10-15T06:00,19.7,74,8.0,265.0,986.8,0.0
2024-10-15T07:00,21.1,71,9.8,276.0,987.6,0.0
2024-10-15T08:00,23.9,64,6.6,279.0,988.5,0.0
2024-10-15T09:00,26.5,56,6.9,301.0,988.8,0.0
2024-10-15T10:00,28.6,48,9.1,300.0,988.6,0.0
2024-10-15T11:00,30.0,44,10.2,304.0,987.7,0.0
2024-10-15T12:00,30.9,42,11.5,311.0,986.9,0.0
2024-10-15T13:00,31.6,39,12.5,311.0,985.9,0.0
2024-10-15T14:00,31.9,36,13.1,308.0,985.3,0.0
2024-10-15T15:00,31.7,35,13.1,304.0,984.7,0.0
2024-10-15T16:00,30.9,39,9.3,302.0,984.6,0.0
2024-10-15T17:00,27.9,50,7.6,304.0,984.5,0.0
2024-10-15T18:00,25.6,56,10.5,321.0,984.8,0.0
2024-10-15T19:00,25.3,58,10.0,321.0,985.3,0.0
2024-10-15T20:00,24.2,62,8.5,268.0,985.6,0.0
2024-10-15T21:00,23.9,60,6.7,250.0,985.8,0.0
2024-10-15T22:00,23.1,63,7.1,255.0,985.7,0.0
2024-10-15T23:00,22.5,66,7.4,256.0,985.3,0.0
2024-10-16T00:00,21.4,70,7.6,269.0,984.6,0.0
2024-10-16T01:00,20.3,74,7.6,263.0,984.3,0.0
2024-10-16T02:00,20.6,70,9.0,248.0,984.1,0.0
2024-10-16T03:00,19.8,70,6.7,250.0,983.8,0.0
2024-10-16T04:00,19.7,70,7.6,243.0,983.9,0.0
2024-10-16T05:00,19.6,69,8.0,243.0,984.6,0.0
2024-10-16T06:00,20.2,71,6.8,248.0,985.6,0.0
2024-10-16T07:00,21.8,69,8.0,250.0,986.2,0.0
2024-10-16T08:00,24.7,63,5.0,268.0,987.0,0.0
2024-10-16T09:00,27.4,54,3.2,270.0,987.5,0.0
2024-10-16T10:00,29.5,46,3.4,254.0,987.2,0.0
2024-10-16T11:00,30.9,41,4.7,254.0,986.6,0.0
2024-10-16T12:00,31.7,37,5.8,256.0,985.6,0.0
2024-10-16T13:00,32.0,35,7.6,258.0,984.9,0.0
2024-10-16T14:00,32.4,34,7.7,273.0,984.0,0.0
2024-10-16T15:00,31.9,35,7.8,283.0,983.5,0.0
2024-10-16T16:00,30.8,45,5.0,270.0,983.8,0.0
2024-10-16T17:00,28.1,58,7.4,238.0,983.8,0.0
2024-10-16T18:00,28.4,52,6.2,311.0,984.4,0.0
2024-10-16T19:00,26.6,59,7.1,34.0,984.9,0.0
2024-10-16T20:00,25.8,62,6.9,67.0,985.4,0.0
2024-10-16T21:00,25.4,62,6.6,77.0,985.7,0.0
2024-10-16T22:00,24.7,66,7.4,90.0,986.3,0.0
2024-10-16T23:00,23.6,68,7.4,113.0,986.4,0.0
2024-10-17T00:00,23.0,70,8.3,112.0,986.1,0.0
2024-10-17T01:00,23.3,68,6.0,99.0,985.6,0.0
2024-10-17T02:00,22.8,70,5.9,108.0,985.2,0.0
2024-10-17T03:00,22.5,72,6.0,106.0,985.0,0.0
2024-10-17T04:00,21.8,76,6.2,97.0,984.9,0.0
2024-10-17T05:00,20.6,83,,,985.0,0.0
2024-10-17T06:00,20.7,85,,,985.8,0.0
2024-10-17T07:00,22.9,77,,,986.5,0.0
2024-10-17T08:00,25.6,70,,,987.1,0.0
2024-10-17T09:00,28.0,61,,,987.9,0.0
2024-10-17T10:00,29.7,52,,,987.9,0.0
2024-10-17T11:00,30.9,47,,,987.5,0.0
2024-10-17T12:00,31.7,44,,,986.6,0.0
2024-10-17T13:00,32.3,41,,,985.7,0.0
2024-10-17T14:00,32.7,38,,,984.9,0.0
2024-10-17T15:00,32.8,35,,,984.4,0.0
2024-10-17T16:00,31.8,41,,,984.3,0.0
2024-10-17T17:00,29.2,53,,,984.3,0.0
2024-10-17T18:00,28.2,57,,,984.9,0.0
2024-10-17T19:00,26.4,64,,,985.3,0.0
2024-10-17T20:00,24.9,71,,,985.6,0.0
2024-10-17T21:00,23.9,75,,,985.7,0.0
2024-10-17T22:00,23.0,79,,,985.9,0.0
2024-10-17T23:00,22.3,81,,,985.9,0.0
2024-10-18T00:00,22.1,80,,,985.7,0.0
2024-10-18T01:00,22.3,78,,,985.3,0.0
2024-10-18T02:00,21.4,82,,,984.6,0.0
2024-10-18T03:00,20.9,85,,,984.5,0.0
2024-10-18T04:00,20.5,87,,,984.6,0.0
2024-10-18T05:00,20.1,89,,,985.0,0.0
2024-10-18T06:00,20.4,87,,,986.1,0.0
2024-10-18T07:00,22.6,79,,,987.0,0.0
2024-10-18T08:00,25.5,71,,,987.8,0.0
2024-10-18T09:00,28.0,64,,,988.3,0.0
2024-10-18T10:00,30.2,52,,,988.2,0.0
2024-10-18T11:00,31.7,44,,,987.5,0.0
2024-10-18T12:00,32.5,40,,,986.6,0.0
2024-10-18T13:00,33.1,36,,,985.4,0.0
2024-10-18T14:00,33.4,34,,,984.7,0.0
2024-10-18T15:00,33.3,33,,,984.2,0.0
2024-10-18T16:00,32.1,41,,,984.2,0.0
2024-10-18T17:00,28.7,59,,,984.0,0.0
2024-10-18T18:00,27.5,57,,,984.5,0.0
2024-10-18T19:00,26.1,65,,,985.1,0.0
2024-10-18T20:00,25.0,69,,,985.4,0.0
2024-10-18T21:00,24.1,73,,,985.5,0.0
2024-10-18T22:00,23.1,77,,,985.7,0.0
2024-10-18T23:00,22.8,78,,,985.7,0.0
2024-10-19T00:00,22.4,79,,,985.6,0.0
2024-10-19T01:00,22.3,79,,,985.6,0.0
2024-10-19T02:00,22.5,77,,,985.4,0.0
2024-10-19T03:00,22.4,78,,,985.5,0.0
2024-10-19T04:00,22.0,79,,,985.6,0.0
2024-10-19T05:00,21.7,80,,,985.8,0.0
2024-10-19T06:00,21.0,85,,,986.6,0.0
2024-10-19T07:00,22.7,80,,180.0,987.4,0.0
2024-10-19T08:00,25.6,73,,,988.2,0.0
2024-10-19T09:00,28.4,59,,,988.7,0.0
2024-10-19T10:00,30.5,50,,,988.6,0.0
2024-10-19T11:00,31.8,45,,,987.8,0.0
2024-10-19T12:00,32.6,41,,,986.8,0.0
2024-10-19T13:00,33.2,38,,,985.6,0.0
2024-10-19T14:00,33.7,34,,,984.9,0.0
2024-10-19T15:00,33.5,33,,,984.4,0.0
2024-10-19T16:00,32.1,41,,,984.1,0.0
2024-10-19T17:00,28.7,60,,,983.8,0.0
2024-10-19T18:00,27.7,62,,,984.0,0.0
2024-10-19T19:00,26.7,67,,,984.8,0.0
2024-10-19T20:00,26.0,69,,,985.3,0.0
2024-10-19T21:00,25.6,71,,,985.8,0.0
2024-10-19T22:00,26.5,66,,,986.3,0.0
2024-10-19T23:00,25.5,70,,,986.3,0.0
2024-10-20T00:00,25.0,72,,,986.3,0.0
2024-10-20T01:00,25.2,70,,,986.1,0.0
2024-10-20T02:00,24.4,74,,,986.1,0.0
2024-10-20T03:00,23.2,80,,,986.0,0.0
2024-10-20T04:00,20.9,91,,,986.0,0.0
2024-10-20T05:00,20.2,95,,,986.5,0.0
2024-10-20T06:00,21.0,94,,,987.4,0.0
2024-10-20T07:00,22.6,87,,,988.2,0.0
2024-10-20T08:00,25.2,79,,,988.9,0.0
2024-10-20T09:00,27.8,69,,,989.8,0.0
2024-10-20T10:00,29.9,59,,,989.7,0.0
2024-10-20T11:00,31.4,49,,,988.9,0.0
2024-10-20T12:00,32.3,43,,,988.0,0.0
2024-10-20T13:00,32.7,40,,,987.2,0.0
2024-10-20T14:00,33.0,37,,,986.7,0.0
2024-10-20T15:00,32.8,35,,,986.1,0.0
2024-10-20T16:00,31.7,43,,,986.0,0.0
2024-10-20T17:00,29.2,49,,,986.1,0.0
2024-10-20T18:00,26.6,69,,,986.4,0.0
2024-10-20T19:00,25.5,73,,,986.8,0.0
2024-10-20T20:00,24.9,74,,,987.3,0.0
2024-10-20T21:00,24.3,76,,,987.9,0.0
2024-10-20T22:00,23.2,82,,,988.0,0.0
2024-10-20T23:00,22.7,84,,,988.0,0.0
2024-10-21T00:00,22.4,85,,,987.8,0.0
2024-10-21T01:00,21.9,86,,,987.7,0.0
2024-10-21T02:00,21.2,89,,,987.6,0.0
2024-10-21T03:00,21.0,89,,,987.5,0.0
2024-10-21T04:00,20.8,89,,,987.6,0.0
2024-10-21T05:00,20.5,89,,,987.7,0.0
2024-10-21T06:00,20.0,95,,,988.4,0.0
2024-10-21T07:00,22.1,85,,,989.3,0.0
2024-10-21T08:00,24.8,75,,,989.9,0.0
2024-10-21T09:00,27.4,65,,,990.2,0.0
2024-10-21T10:00,29.2,58,,,989.9,0.0
2024-10-21T11:00,30.2,54,,,989.1,0.0
2024-10-21T12:00,31.1,51,,,988.3,0.0
2024-10-21T13:00,31.7,46,,,987.5,0.0
2024-10-21T14:00,32.2,41,,,986.5,0.0
2024-10-21T15:00,32.3,38,,,986.1,0.0
2024-10-21T16:00,31.4,43,,,986.0,0.0
2024-10-21T17:00,28.3,55,,,986.0,0.0
2024-10-21T18:00,26.8,63,,,986.2,0.0
2024-10-21T19:00,25.4,71,,,987.0,0.0
2024-10-21T20:00,25.0,73,,,987.7,0.0
2024-10-21T21:00,23.8,81,,,988.1,0.0
2024-10-21T22:00,23.0,85,,,988.2,0.0
2024-10-21T23:00,22.8,85,,,988.2,0.0
2024-10-22T00:00,23.5,80,,,988.2,0.0
2024-10-22T01:00,23.2,80,,,987.9,0.0
2024-10-22T02:00,22.0,84,,,987.6,0.0
2024-10-22T03:00,20.7,89,,,987.6,0.0
2024-10-22T04:00,20.5,91,,,987.9,0.0
2024-10-22T05:00,20.1,92,,,988.3,0.0
2024-10-22T06:00,20.1,93,,,989.5,0.0
2024-10-22T07:00,22.1,84,,,990.4,0.0
2024-10-22T08:00,24.7,75,,,991.1,0.0
2024-10-22T09:00,27.1,65,,,991.9,0.0
2024-10-22T10:00,28.8,55,,,991.7,0.0
2024-10-22T11:00,29.8,50,,,991.0,0.0
2024-10-22T12:00,30.6,46,,,989.9,0.0
2024-10-22T13:00,31.3,42,,,988.8,0.0
2024-10-22T14:00,31.5,41,,,988.0,0.0
2024-10-22T15:00,31.2,41,,180.0,987.4,0.0
2024-10-22T16:00,30.4,44,,,987.5,0.0
2024-10-22T17:00,27.4,58,,,987.5,0.0
2024-10-22T18:00,26.0,63,,,987.7,0.0
2024-10-22T19:00,25.9,63,,,988.3,0.0
2024-10-22T20:00,25.0,66,,,988.5,0.0
2024-10-22T21:00,23.2,77,,,988.5,0.0
2024-10-22T22:00,24.0,73,,,988.5,0.0
2024-10-22T23:00,24.7,69,,,988.3,0.0
2024-10-23T00:00,24.3,71,,,988.2,0.0
2024-10-23T01:00,24.0,72,,,988.0,0.0
2024-10-23T02:00,22.2,80,,,987.9,0.0
2024-10-23T03:00,20.6,89,,,988.0,0.0
2024-10-23T04:00,20.4,91,,,988.0,0.0
2024-10-23T05:00,20.1,91,,,988.3,0.0
2024-10-23T06:00,20.9,89,,,989.2,0.0
2024-10-23T07:00,22.5,82,,,989.7,0.0
2024-10-23T08:00,24.8,73,,,990.6,0.0
2024-10-23T09:00,27.2,65,,,991.0,0.0
2024-10-23T10:00,29.4,55,,,990.7,0.0
2024-10-23T11:00,30.8,46,,,989.9,0.0
2024-10-23T12:00,31.7,40,,,988.8,0.0
2024-10-23T13:00,32.1,36,,,987.4,0.0
2024-10-23T14:00,32.1,34,,,986.7,0.0
2024-10-23T15:00,31.7,34,,,986.2,0.0
2024-10-23T16:00,30.7,38,,,986.3,0.0
2024-10-23T17:00,28.5,44,,,986.5,0.0
2024-10-23T18:00,27.4,55,,,986.9,0.0
2024-10-23T19:00,26.4,56,,,987.4,0.0
2024-10-23T20:00,25.7,56,,,987.7,0.0
2024-10-23T21:00,24.8,57,,,987.6,0.0
2024-10-23T22:00,24.1,58,,,987.7,0.0
2024-10-23T23:00,23.4,59,,,987.6,0.0
2024-10-24T00:00,22.7,62,,,987.3,0.0
2024-10-24T01:00,22.0,65,,,986.8,0.0
2024-10-24T02:00,21.4,67,,,986.5,0.0
2024-10-24T03:00,20.9,70,,,986.5,0.0
2024-10-24T04:00,20.5,72,,,986.6,0.0
2024-10-24T05:00,20.2,74,,,986.8,0.0
2024-10-24T06:00,20.5,77,,,988.0,0.0
2024-10-24T07:00,21.5,76,,,988.5,0.0
2024-10-24T08:00,23.6,71,,,989.2,0.0
2024-10-24T09:00,25.9,65,,,989.6,0.0
2024-10-24T10:00,27.9,59,,,989.2,0.0
2024-10-24T11:00,29.7,53,,,988.5,0.0
2024-10-24T12:00,31.2,46,,,987.5,0.0
2024-10-24T13:00,32.2,42,,,986.4,0.0
2024-10-24T14:00,32.6,39,,,985.4,0.0
2024-10-24T15:00,32.4,39,,,985.1,0.0
2024-10-24T16:00,31.2,44,,,985.2,0.0
2024-10-24T17:00,28.4,53,,,985.2,0.0
2024-10-24T18:00,26.9,59,,,985.3,0.0
2024-10-24T19:00,25.8,60,,,985.7,0.0
2024-10-24T20:00,24.9,58,,,986.1,0.0
2024-10-24T21:00,24.1,56,,,986.5,0.0
2024-10-24T22:00,23.2,58,,,986.6,0.0
2024-10-24T23:00,22.4,62,,,986.4,0.0
2024-10-25T00:00,21.7,65,,,986.0,0.0
2024-10-25T01:00,21.2,68,,,985.8,0.0
2024-10-25T02:00,20.5,71,,,985.4,0.0
2024-10-25T03:00,20.0,73,,,985.5,0.0
2024-10-25T04:00,19.5,76,,,985.7,0.0
2024-10-25T05:00,19.1,79,,,986.0,0.0
2024-10-25T06:00,19.5,80,,,987.0,0.0
2024-10-25T07:00,20.8,77,,,987.7,0.0
2024-10-25T08:00,23.3,71,,,988.4,0.0
2024-10-25T09:00,25.8,64,,,988.8,0.0
2024-10-25T10:00,28.2,58,,,988.4,0.0
2024-10-25T11:00,30.0,51,,,987.5,0.0
2024-10-25T12:00,31.2,45,,,986.5,0.0
2024-10-25T13:00,31.9,41,,,985.6,0.0
2024-10-25T14:00,32.1,39,,,984.8,0.0
2024-10-25T15:00,31.8,39,,,984.6,0.0
2024-10-25T16:00,30.7,43,,,984.7,0.0
2024-10-25T17:00,28.4,50,,,984.9,0.0
2024-10-25T18:00,26.7,57,,,984.7,0.0
2024-10-25T19:00,25.9,56,,,985.2,0.0
2024-10-25T20:00,24.6,56,,,985.8,0.0
2024-10-25T21:00,23.2,61,,,986.0,0.0
2024-10-25T22:00,22.3,66,,,986.1,0.0
2024-10-25T23:00,21.8,70,,,986.1,0.0
2024-10-26T00:00,21.6,73,,,986.1,0.0
2024-10-26T01:00,21.0,76,,,985.9,0.0
2024-10-26T02:00,20.0,82,,,985.7,0.0
2024-10-26T03:00,19.5,84,,,985.4,0.0
2024-10-26T04:00,19.2,85,,,985.6,0.0
2024-10-26T05:00,19.0,85,,,986.0,0.0
2024-10-26T06:00,19.5,85,,,987.1,0.0
2024-10-26T07:00,20.6,81,,,987.6,0.0
2024-10-26T08:00,23.0,72,,,988.1,0.0
2024-10-26T09:00,25.5,64,,,988.5,0.0
2024-10-26T10:00,27.4,57,,180.0,988.3,0.0
2024-10-26T11:00,29.1,51,,,987.6,0.0
2024-10-26T12:00,30.4,46,,,986.5,0.0
2024-10-26T13:00,31.3,42,,,985.6,0.0
2024-10-26T14:00,31.6,40,,,984.8,0.0
2024-10-26T15:00,31.4,41,,,984.3,0.0
2024-10-26T16:00,30.5,45,,,984.4,0.0
2024-10-26T17:00,27.5,55,,,984.5,0.0
2024-10-26T18:00,26.4,58,,,984.8,0.0
2024-10-26T19:00,25.6,62,,,985.4,0.0
2024-10-26T20:00,24.0,70,,,985.7,0.0
2024-10-26T21:00,23.3,73,,,985.8,0.0
2024-10-26T22:00,22.5,76,,,985.9,0.0
2024-10-26T23:00,21.8,80,,,985.7,0.0
2024-10-27T00:00,21.1,84,,,985.5,0.0
2024-10-27T01:00,20.9,88,,,985.1,0.0
2024-10-27T02:00,20.5,92,,,984.6,0.0
2024-10-27T03:00,20.4,93,,,984.5,0.0
2024-10-27T04:00,20.5,93,,,984.6,0.0
2024-10-27T05:00,20.4,94,,,985.1,0.0
2024-10-27T06:00,20.4,96,,,986.4,0.0
2024-10-27T07:00,21.7,92,,,987.2,0.0
2024-10-27T08:00,24.2,83,,,987.8,0.0
2024-10-27T09:00,26.7,72,,,988.4,0.0
2024-10-27T10:00,28.6,62,,,988.1,0.0
2024-10-27T11:00,29.7,55,,,987.3,0.0
2024-10-27T12:00,30.4,52,,,986.1,0.0
2024-10-27T13:00,30.9,49,,,985.1,0.0
2024-10-27T14:00,31.1,47,,,984.3,0.0
2024-10-27T15:00,30.9,47,,,983.8,0.0
2024-10-27T16:00,30.5,49,,,983.8,0.0
2024-10-27T17:00,27.7,62,,,983.7,0.0
2024-10-27T18:00,26.6,69,,,984.1,0.0
2024-10-27T19:00,25.6,73,,,984.5,0.0
2024-10-27T20:00,24.9,74,,,984.6,0.0
2024-10-27T21:00,24.2,77,,,984.6,0.0
2024-10-27T22:00,23.4,82,,,984.6,0.0
2024-10-27T23:00,22.7,85,,,984.3,0.0
2024-10-28T00:00,22.3,87,,,983.7,0.0
2024-10-28T01:00,21.8,88,,,983.3,0.0
2024-10-28T02:00,21.6,88,,,982.9,0.0
2024-10-28T03:00,21.1,91,,,982.9,0.0
2024-10-28T04:00,21.0,91,,,982.9,0.0
2024-10-28T05:00,21.0,91,,,983.3,0.0
2024-10-28T06:00,21.8,90,,,984.4,0.0
2024-10-28T07:00,23.2,84,,,985.2,0.0
2024-10-28T08:00,25.6,75,,,986.1,0.0
2024-10-28T09:00,27.7,64,,,986.8,0.0
2024-10-28T10:00,29.2,56,,,986.5,0.0
2024-10-28T11:00,30.1,52,,,985.6,0.0
2024-10-28T12:00,30.7,49,,,984.5,0.0
2024-10-28T13:00,31.2,47,,,983.4,0.0
2024-10-28T14:00,31.4,46,,,982.9,0.0
2024-10-28T15:00,31.1,47,,,982.6,0.0
2024-10-28T16:00,30.5,49,,,982.7,0.0
2024-10-28T17:00,28.0,59,,,982.8,0.0
2024-10-28T18:00,26.5,67,,,983.6,0.0
2024-10-28T19:00,25.6,70,,,984.0,0.0
2024-10-28T20:00,24.6,75,,,984.4,0.0
2024-10-28T21:00,24.0,77,,,984.7,0.0
2024-10-28T22:00,23.5,80,,,984.7,0.0
2024-10-28T23:00,23.2,81,,,984.4,0.0
2024-10-29T00:00,22.7,84,,,983.8,0.0
2024-10-29T01:00,22.0,88,,,983.6,0.0
2024-10-29T02:00,21.3,92,,,983.3,0.0
2024-10-29T03:00,21.0,92,,,983.2,0.0
2024-10-29T04:00,20.7,92,,,983.7,0.0
2024-10-29T05:00,20.6,92,,,984.2,0.0
2024-10-29T06:00,21.0,92,,,984.9,0.0
2024-10-29T07:00,22.8,84,,,985.7,0.0
2024-10-29T08:00,25.5,75,,,986.5,0.0
2024-10-29T09:00,28.1,65,,,987.3,0.0
2024-10-29T10:00,29.9,57,,,987.1,0.0
2024-10-29T11:00,31.1,51,,,986.1,0.0
2024-10-29T12:00,31.9,48,,,985.4,0.0
2024-10-29T13:00,32.5,46,,,984.2,0.0
2024-10-29T14:00,32.9,44,,,983.6,0.0
2024-10-29T15:00,32.9,43,,,983.1,0.0
2024-10-29T16:00,32.2,46,,,983.0,0.0
2024-10-29T17:00,29.4,59,,,983.0,0.0
2024-10-29T18:00,28.3,63,,,983.6,0.0
2024-10-29T19:00,27.3,66,,,984.0,0.0
2024-10-29T20:00,26.3,70,,,984.3,0.0
2024-10-29T21:00,25.3,74,,,984.5,0.0
2024-10-29T22:00,24.4,79,,,984.6,0.0
2024-10-29T23:00,24.1,80,,,984.6,0.0
2024-10-30T00:00,23.8,81,,,984.0,0.0
2024-10-30T01:00,23.2,83,,,983.5,0.0
2024-10-30T02:00,22.8,85,,,983.3,0.0
2024-10-30T03:00,22.2,89,,,983.3,0.0
2024-10-30T04:00,21.7,91,,,983.6,0.0
2024-10-30T05:00,21.6,91,,,983.9,0.0
2024-10-30T06:00,21.3,93,,,984.5,0.0
2024-10-30T07:00,22.6,86,,,985.4,0.0
2024-10-30T08:00,25.5,67,,,986.3,0.0
2024-10-30T09:00,28.0,48,,,987.0,0.0
2024-10-30T10:00,30.1,41,,,987.1,0.0
2024-10-30T11:00,31.8,39,,,986.4,0.0
2024-10-30T12:00,33.0,39,,,985.6,0.0
2024-10-30T13:00,33.9,39,,,984.9,0.0
2024-10-30T14:00,34.3,33,,,984.3,0.0
2024-10-30T15:00,33.9,33,,,984.0,0.0
2024-10-30T16:00,32.6,39,,,984.1,0.0
2024-10-30T17:00,29.4,49,,,984.4,0.0
2024-10-30T18:00,28.0,61,,,985.3,0.0
2024-10-30T19:00,27.4,65,,,986.0,0.0
2024-10-30T20:00,26.1,72,,,986.5,0.0
2024-10-30T21:00,25.2,77,,,986.8,0.0
2024-10-30T22:00,24.9,78,,,987.0,0.0
2024-10-30T23:00,25.6,73,,,987.0,0.0
2024-10-31T00:00,23.9,80,,,986.4,0.0
2024-10-31T01:00,22.4,86,,,986.1,0.0
2024-10-31T02:00,21.5,89,,,985.8,0.0
2024-10-31T03:00,21.1,89,,,985.7,0.0
2024-10-31T04:00,21.1,88,,,985.9,0.0
2024-10-31T05:00,21.0,89,,,986.1,0.0
2024-10-31T06:00,20.8,90,,,987.4,0.0
2024-10-31T07:00,22.0,84,,,987.9,0.0
2024-10-31T08:00,24.5,74,,,988.9,0.0
2024-10-31T09:00,27.2,64,,,989.5,0.0
2024-10-31T10:00,29.5,54,,,989.4,0.0
2024-10-31T11:00,31.1,47,,,988.5,0.0
2024-10-31T12:00,32.0,43,,,987.6,0.0
2024-10-31T13:00,32.6,39,,,986.9,0.0
2024-10-31T14:00,32.8,36,,,986.0,0.0
2024-10-31T15:00,32.5,35,,,985.6,0.0
2024-10-31T16:00,31.5,38,,,985.4,0.0
2024-10-31T17:00,28.9,46,,,985.3,0.0
2024-10-31T18:00,27.0,58,,,986.1,0.0
2024-10-31T19:00,26.1,61,,,986.5,0.0
2024-10-31T20:00,24.9,62,,,986.7,0.0
2024-10-31T21:00,24.6,54,,,986.7,0.0
2024-10-31T22:00,24.0,52,,,986.6,0.0
2024-10-31T23:00,23.5,52,,,986.5,0.0
2024-11-01T00:00,22.6,54,,,986.3,0.0
2024-11-01T01:00,21.7,58,,,985.8,0.0
2024-11-01T02:00,21.1,61,,,985.7,0.0
2024-11-01T03:00,20.6,65,,,985.4,0.0
2024-11-01T04:00,20.1,68,,,985.6,0.0
2024-11-01T05:00,19.7,71,,,986.0,0.0
2024-11-01T06:00,19.3,81,,,987.1,0.0
2024-11-01T07:00,20.3,78,,,987.8,0.0
2024-11-01T08:00,22.9,70,,,988.7,0.0
2024-11-01T09:00,25.8,60,,,989.6,0.0
2024-11-01T10:00,28.3,50,,,989.7,0.0
2024-11-01T11:00,30.2,39,,,989.2,0.0
2024-11-01T12:00,31.3,32,,,988.6,0.0
2024-11-01T13:00,31.9,28,,,987.7,0.0
2024-11-01T14:00,32.0,27,,,987.2,0.0
2024-11-01T15:00,31.7,26,,,987.0,0.0
2024-11-01T16:00,30.6,29,,,987.1,0.0
2024-11-01T17:00,26.3,42,,,987.2,0.0
2024-11-01T18:00,25.3,50,,,988.0,0.0
2024-11-01T19:00,24.5,53,,,988.4,0.0
2024-11-01T20:00,24.6,51,,,988.7,0.0
2024-11-01T21:00,22.4,58,,,988.5,0.0
2024-11-01T22:00,22.7,54,,,988.6,0.0
2024-11-01T23:00,21.2,59,,,988.3,0.0
2024-11-02T00:00,20.8,61,,,987.9,0.0
2024-11-02T01:00,20.2,61,,,987.7,0.0
2024-11-02T02:00,19.5,63,,,987.3,0.0
2024-11-02T03:00,19.4,62,,,987.2,0.0
2024-11-02T04:00,19.2,63,,,987.1,0.0
2024-11-02T05:00,19.1,63,,,987.3,0.0
2024-11-02T06:00,17.7,78,,,988.2,0.0
2024-11-02T07:00,19.7,71,,,989.0,0.0
2024-11-02T08:00,22.9,63,,,990.0,0.0
2024-11-02T09:00,26.2,53,,,991.0,0.0
2024-11-02T10:00,28.6,45,,,991.1,0.0
2024-11-02T11:00,30.3,39,,,990.5,0.0
2024-11-02T12:00,31.2,36,,,989.5,0.0
2024-11-02T13:00,31.7,33,,,988.7,0.0
2024-11-02T14:00,31.7,32,,,988.1,0.0
2024-11-02T15:00,31.4,33,,,987.9,0.0
2024-11-02T16:00,30.2,38,,,987.8,0.0
2024-11-02T17:00,26.7,49,,,987.8,0.0
2024-11-02T18:00,26.0,49,,,988.3,0.0
2024-11-02T19:00,24.5,54,,,988.7,0.0
2024-11-02T20:00,23.9,55,,,989.1,0.0
2024-11-02T21:00,23.0,59,,,989.2,0.0
2024-11-02T22:00,22.0,63,,,989.5,0.0
2024-11-02T23:00,20.8,68,,,989.6,0.0
2024-11-03T00:00,20.2,70,,,989.3,0.0
2024-11-03T01:00,19.6,73,,,989.0,0.0
2024-11-03T02:00,19.2,74,,,988.8,0.0
2024-11-03T03:00,18.6,76,,,988.5,0.0
2024-11-03T04:00,18.4,76,,,988.4,0.0
2024-11-03T05:00,18.2,76,,,988.6,0.0
2024-11-03T06:00,18.3,81,,,989.6,0.0
2024-11-03T07:00,20.6,73,,,990.2,0.0
2024-11-03T08:00,23.5,65,,,991.2,0.0
2024-11-03T09:00,26.4,55,,,992.0,0.0
2024-11-03T10:00,28.6,42,,,992.1,0.0
2024-11-03T11:00,29.9,35,,,991.3,0.0
2024-11-03T12:00,30.9,30,,,990.4,0.0
2024-11-03T13:00,31.3,27,,,989.4,0.0
2024-11-03T14:00,31.3,27,,,988.5,0.0
2024-11-03T15:00,30.9,28,,,988.1,0.0
2024-11-03T16:00,29.5,33,,,988.1,0.0
2024-11-03T17:00,25.6,44,,,988.1,0.0
2024-11-03T18:00,24.0,53,,,989.0,0.0
2024-11-03T19:00,23.2,57,,,989.4,0.0
2024-11-03T20:00,24.9,50,,,989.9,0.0
2024-11-03T21:00,24.7,50,,,990.0,0.0
2024-11-03T22:00,24.1,53,,,990.1,0.0
2024-11-03T23:00,23.7,54,,,989.8,0.0
2024-11-04T00:00,21.5,64,,,989.1,0.0
2024-11-04T01:00,20.9,67,,,988.6,0.0
2024-11-04T02:00,19.1,75,,,987.8,0.0
2024-11-04T03:00,18.7,77,,,987.4,0.0
2024-11-04T04:00,18.1,80,,,987.4,0.0
2024-11-04T05:00,17.7,82,,,987.4,0.0
2024-11-04T06:00,17.5,87,,,988.2,0.0
2024-11-04T07:00,18.5,82,,,988.7,0.0
2024-11-04T08:00,21.5,71,,,989.6,0.0
2024-11-04T09:00,24.5,60,,,990.1,0.0
2024-11-04T10:00,26.9,51,,,990.2,0.0
2024-11-04T11:00,28.5,45,,,989.4,0.0
2024-11-04T12:00,29.6,41,,,988.3,0.0
2024-11-04T13:00,30.1,39,,,987.5,0.0
2024-11-04T14:00,30.4,38,,,986.7,0.0
2024-11-04T15:00,30.2,38,,,986.3,0.0
2024-11-04T16:00,29.1,42,,,986.2,0.0
2024-11-04T17:00,25.8,54,,,986.4,0.0
2024-11-04T18:00,24.5,60,,,987.1,0.0
2024-11-04T19:00,24.0,63,,,987.9,0.0
2024-11-04T20:00,24.1,64,,,988.6,0.0
2024-11-04T21:00,24.2,63,,,989.0,0.0
2024-11-04T22:00,23.8,64,,,989.3,0.0
2024-11-04T23:00,21.0,77,,,988.9,0.0
2024-11-05T00:00,19.9,82,,,988.8,0.0
2024-11-05T01:00,18.9,87,,,988.6,0.0
2024-11-05T02:00,19.2,87,,,988.5,0.0
2024-11-05T03:00,18.7,92,,,988.4,0.0
2024-11-05T04:00,18.3,94,,,988.6,0.0
2024-11-05T05:00,18.1,94,,,989.0,0.0
2024-11-05T06:00,18.2,94,,,989.9,0.0
2024-11-05T07:00,19.3,90,,,990.8,0.0
2024-11-05T08:00,21.8,82,,,991.9,0.0
2024-11-05T09:00,24.3,72,,,992.7,0.0
2024-11-05T10:00,26.5,64,,,992.8,0.0
2024-11-05T11:00,27.9,56,,,992.1,0.0
2024-11-05T12:00,28.6,54,,,991.1,0.0
2024-11-05T13:00,29.2,51,,,990.0,0.0
2024-11-05T14:00,29.4,50,,,989.3,0.0
2024-11-05T15:00,29.3,50,,,988.8,0.0
2024-11-05T16:00,28.7,52,,,988.7,0.0
2024-11-05T17:00,25.9,61,,,989.0,0.0
2024-11-05T18:00,25.2,59,,,989.8,0.0
2024-11-05T19:00,23.8,64,,,990.3,0.0
2024-11-05T20:00,24.3,60,,,990.8,0.0
2024-11-05T21:00,23.9,62,,,990.9,0.0
2024-11-05T22:00,21.4,74,,,990.7,0.0
2024-11-05T23:00,21.7,73,,,990.8,0.0
2024-11-06T00:00,20.9,78,,,990.2,0.0
2024-11-06T01:00,21.4,77,,,990.0,0.0
2024-11-06T02:00,21.3,77,,,989.6,0.0
2024-11-06T03:00,20.9,79,,,989.3,0.0
2024-11-06T04:00,19.7,84,,,989.4,0.0
2024-11-06T05:00,18.3,90,,,989.6,0.0
2024-11-06T06:00,18.1,94,,,990.6,0.0
2024-11-06T07:00,19.7,88,,,991.6,0.0
2024-11-06T08:00,22.5,76,,,992.5,0.0
2024-11-06T09:00,25.6,62,,,993.2,0.0
2024-11-06T10:00,27.6,53,,,993.2,0.0
2024-11-06T11:00,28.6,49,,,992.4,0.0
2024-11-06T12:00,29.4,44,,,991.4,0.0
2024-11-06T13:00,30.0,41,,,990.4,0.0
2024-11-06T14:00,30.2,40,,,989.6,0.0
2024-11-06T15:00,30.0,41,,,989.3,0.0
2024-11-06T16:00,29.1,44,,,989.1,0.0
2024-11-06T17:00,26.0,56,,,989.3,0.0
2024-11-06T18:00,24.9,65,,,989.6,0.0
2024-11-06T19:00,23.4,73,,,989.8,0.0
2024-11-06T20:00,22.7,74,,,990.1,0.0
2024-11-06T21:00,22.1,76,,,990.0,0.0
2024-11-06T22:00,21.6,77,,,989.9,0.0
2024-11-06T23:00,21.3,78,,,989.7,0.0
2024-11-07T00:00,21.3,77,,,989.4,0.0
2024-11-07T01:00,20.8,79,,,989.0,0.0
2024-11-07T02:00,20.2,81,,,988.5,0.0
2024-11-07T03:00,20.0,81,,,988.5,0.0
2024-11-07T04:00,19.7,83,,,988.5,0.0
2024-11-07T05:00,19.3,85,6.9,187.0,988.6,0.0
2024-11-07T06:00,19.0,90,6.8,180.0,989.8,0.0
2024-11-07T07:00,20.6,83,4.9,188.0,990.5,0.0
2024-11-07T08:00,23.5,73,4.0,188.0,991.4,0.0
2024-11-07T09:00,26.2,63,2.4,171.0,991.9,0.0
2024-11-07T10:00,27.9,55,2.7,113.0,992.0,0.0
2024-11-07T11:00,28.9,50,4.8,75.0,991.2,0.0
2024-11-07T12:00,29.5,47,5.3,66.0,990.1,0.0
2024-11-07T13:00,30.0,44,5.3,57.0,989.3,0.0
2024-11-07T14:00,30.1,42,5.5,52.0,988.5,0.0
2024-11-07T15:00,29.9,41,5.9,50.0,988.3,0.0
2024-11-07T16:00,29.2,44,5.8,54.0,988.5,0.0
2024-11-07T17:00,26.3,55,6.2,64.0,988.6,0.0
2024-11-07T18:00,25.4,63,6.5,118.0,989.0,0.0
2024-11-07T19:00,23.9,69,6.9,152.0,989.4,0.0
2024-11-07T20:00,23.1,72,7.2,181.0,989.8,0.0
2024-11-07T21:00,22.6,73,7.2,177.0,990.0,0.0
2024-11-07T22:00,22.2,74,7.4,176.0,989.7,0.0
2024-11-07T23:00,21.7,75,6.9,173.0,989.6,0.0
2024-11-08T00:00,21.8,74,5.7,152.0,989.4,0.0
2024-11-08T01:00,22.8,69,4.5,113.0,989.2,0.0
2024-11-08T02:00,21.9,74,4.0,85.0,988.9,0.0
2024-11-08T03:00,21.4,77,4.2,137.0,988.7,0.0
2024-11-08T04:00,19.0,88,6.1,168.0,988.5,0.0
2024-11-08T05:00,19.2,86,5.0,182.0,988.8,0.0
2024-11-08T06:00,19.6,85,6.8,177.0,989.3,0.0
2024-11-08T07:00,21.0,81,8.1,180.0,990.2,0.0
2024-11-08T08:00,23.8,72,6.8,183.0,991.3,0.0
2024-11-08T09:00,26.4,62,6.0,190.0,992.0,0.0
2024-11-08T10:00,28.2,53,5.0,180.0,991.8,0.0
2024-11-08T11:00,29.1,49,3.1,140.0,990.9,0.0
2024-11-08T12:00,29.7,47,3.4,115.0,989.7,0.0
2024-11-08T13:00,30.1,45,3.1,103.0,988.9,0.0
2024-11-08T14:00,30.3,44,3.3,99.0,988.3,0.0
2024-11-08T15:00,30.1,44,3.6,93.0,987.9,0.0
2024-11-08T16:00,29.5,48,3.4,90.0,988.2,0.0
2024-11-08T17:00,26.1,62,8.1,103.0,988.1,0.0
2024-11-08T18:00,25.7,64,7.1,131.0,988.8,0.0
2024-11-08T19:00,24.4,69,5.9,133.0,989.1,0.0
2024-11-08T20:00,23.8,72,7.3,132.0,989.4,0.0
2024-11-08T21:00,23.2,72,6.5,152.0,989.4,0.0
2024-11-08T22:00,22.7,75,6.3,165.0,989.3,0.0
2024-11-08T23:00,22.0,79,6.5,156.0,989.3,0.0
2024-11-09T00:00,21.3,83,6.1,157.0,988.9,0.0
2024-11-09T01:00,20.9,86,6.2,163.0,988.8,0.0
2024-11-09T02:00,20.7,86,6.3,165.0,988.7,0.0
2024-11-09T03:00,20.2,87,5.8,160.0,988.5,0.0
2024-11-09T04:00,19.8,89,5.7,162.0,988.5,0.0
2024-11-09T05:00,19.7,90,6.2,159.0,988.9,0.0
2024-11-09T06:00,20.1,87,8.1,151.0,989.9,0.0
2024-11-09T07:00,21.0,83,11.0,148.0,990.7,0.0
2024-11-09T08:00,23.3,75,9.7,149.0,991.6,0.0
2024-11-09T09:00,25.8,64,11.0,161.0,992.5,0.0
2024-11-09T10:00,27.8,55,11.4,164.0,992.4,0.0
2024-11-09T11:00,29.1,49,9.9,159.0,991.5,0.0
2024-11-09T12:00,29.9,46,8.1,151.0,990.5,0.0
2024-11-09T13:00,30.3,45,6.7,146.0,989.5,0.0
2024-11-09T14:00,30.6,44,6.1,148.0,988.8,0.0
2024-11-09T15:00,30.3,43,6.2,150.0,988.5,0.0
2024-11-09T16:00,29.6,46,6.0,153.0,988.5,0.0
2024-11-09T17:00,26.7,57,6.0,141.0,988.6,0.0
2024-11-09T18:00,25.9,60,10.2,116.0,988.6,0.0
2024-11-09T19:00,25.1,63,9.7,118.0,988.9,0.0
2024-11-09T20:00,24.2,66,9.1,115.0,989.2,0.0
2024-11-09T21:00,23.1,70,7.9,120.0,989.3,0.0
2024-11-09T22:00,22.3,73,7.1,128.0,989.6,0.0
2024-11-09T23:00,21.8,75,6.9,118.0,989.5,0.0
2024-11-10T00:00,21.3,77,6.9,107.0,989.1,0.0
2024-11-10T01:00,20.7,80,7.6,97.0,988.7,0.0
2024-11-10T02:00,20.1,84,7.7,111.0,988.6,0.0
2024-11-10T03:00,19.7,87,8.0,124.0,988.6,0.0
2024-11-10T04:00,19.5,87,8.9,122.0,988.5,0.0
2024-11-10T05:00,19.3,87,9.0,120.0,988.9,0.0
2024-11-10T06:00,19.3,90,7.7,123.0,989.7,0.0
2024-11-10T07:00,20.1,86,9.6,127.0,990.3,0.0
2024-11-10T08:00,22.2,78,6.9,121.0,991.1,0.0
2024-11-10T09:00,24.7,69,6.9,127.0,991.8,0.0
2024-11-10T10:00,26.6,61,6.6,123.0,991.8,0.0
2024-11-10T11:00,28.1,55,6.0,107.0,991.1,0.0
2024-11-10T12:00,29.2,51,5.8,94.0,990.0,0.0
2024-11-10T13:00,29.9,47,5.9,88.0,989.1,0.0
2024-11-10T14:00,30.2,45,5.8,95.0,988.3,0.0
2024-11-10T15:00,30.0,45,5.8,106.0,988.0,0.0
2024-11-10T16:00,29.3,48,5.2,112.0,988.0,0.0
2024-11-10T17:00,26.5,58,6.8,122.0,988.2,0.0
2024-11-10T18:00,26.7,62,4.6,126.0,988.8,0.0
2024-11-10T19:00,26.1,65,3.5,156.0,989.3,0.0
2024-11-10T20:00,25.7,66,2.1,200.0,989.8,0.0
2024-11-10T21:00,24.4,71,5.2,29.0,990.2,0.0
2024-11-10T22:00,22.4,80,6.5,46.0,990.3,0.0
2024-11-10T23:00,21.6,86,6.8,68.0,989.9,0.0
2024-11-11T00:00,21.1,88,6.3,87.0,989.5,0.0
2024-11-11T01:00,20.5,91,6.7,92.0,989.1,0.0
2024-11-11T02:00,20.0,93,6.9,83.0,988.9,0.0
2024-11-11T03:00,19.3,95,8.0,84.0,988.5,0.0
2024-11-11T04:00,18.8,96,7.9,86.0,988.7,0.0
2024-11-11T05:00,18.5,97,7.4,90.0,989.0,0.0
2024-11-11T06:00,18.9,98,6.6,64.0,989.7,0.0
2024-11-11T07:00,20.2,94,7.6,95.0,990.4,0.0
2024-11-11T08:00,22.7,83,6.6,101.0,991.3,0.0
2024-11-11T09:00,25.3,72,6.4,98.0,992.1,0.0
2024-11-11T10:00,27.3,62,6.9,95.0,992.0,0.0
2024-11-11T11:00,28.4,55,6.0,73.0,991.1,0.0
2024-11-11T12:00,29.2,50,5.0,60.0,990.1,0.0
2024-11-11T13:00,29.6,48,4.5,40.0,989.1,0.0
2024-11-11T14:00,29.8,47,4.8,25.0,988.4,0.0
2024-11-11T15:00,29.7,47,4.2,7.0,988.1,0.0
2024-11-11T16:00,29.0,49,3.9,347.0,988.1,0.0
2024-11-11T17:00,26.1,61,7.1,333.0,988.1,0.0
2024-11-11T18:00,24.5,71,8.0,354.0,988.5,0.0
2024-11-11T19:00,25.6,65,5.3,55.0,989.0,0.0
2024-11-11T20:00,23.2,76,4.7,133.0,988.9,0.0
2024-11-11T21:00,22.3,80,5.0,145.0,989.2,0.0
2024-11-11T22:00,22.0,82,4.8,146.0,989.2,0.0
2024-11-11T23:00,21.3,86,5.5,148.0,989.0,0.0
2024-11-12T00:00,20.3,90,8.4,155.0,988.6,0.0
2024-11-12T01:00,20.0,91,6.2,197.0,988.5,0.0
2024-11-12T02:00,19.8,90,6.1,199.0,988.4,0.0
2024-11-12T03:00,21.1,84,3.8,180.0,988.5,0.0
2024-11-12T04:00,20.8,85,2.4,144.0,988.3,0.0
2024-11-12T05:00,20.4,87,3.2,137.0,988.5,0.0
2024-11-12T06:00,19.0,96,4.7,137.0,989.3,0.0
2024-11-12T07:00,20.1,93,7.9,156.0,989.8,0.0
2024-11-12T08:00,23.5,79,7.4,184.0,990.8,0.0
2024-11-12T09:00,26.2,66,8.2,202.0,991.4,0.0
2024-11-12T10:00,27.9,58,8.0,208.0,991.3,0.0
2024-11-12T11:00,29.3,49,6.5,231.0,990.5,0.0
2024-11-12T12:00,30.6,37,8.5,277.0,989.4,0.0
2024-11-12T13:00,31.2,28,13.9,293.0,988.4,0.0
2024-11-12T14:00,31.1,25,15.0,294.0,987.8,0.0
2024-11-12T15:00,30.5,26,15.0,296.0,987.5,0.0
2024-11-12T16:00,29.2,32,10.7,295.0,987.6,0.0
2024-11-12T17:00,25.8,42,7.2,276.0,987.4,0.0
2024-11-12T18:00,27.8,36,5.5,297.0,988.3,0.0
2024-11-12T19:00,26.8,42,6.5,309.0,988.8,0.0
2024-11-12T20:00,25.8,47,5.9,317.0,989.1,0.0
2024-11-12T21:00,24.7,51,5.1,315.0,989.3,0.0
2024-11-12T22:00,23.9,53,5.9,308.0,988.9,0.0
2024-11-12T23:00,23.2,54,6.0,314.0,988.6,0.0
2024-11-13T00:00,22.4,56,5.2,316.0,988.1,0.0
2024-11-13T01:00,21.4,60,4.5,317.0,987.5,0.0
2024-11-13T02:00,20.9,62,4.7,298.0,987.0,0.0
2024-11-13T03:00,20.5,63,5.2,295.0,987.0,0.0
2024-11-13T04:00,19.8,67,4.7,293.0,987.0,0.0
2024-11-13T05:00,19.1,70,4.0,275.0,987.2,0.0
2024-11-13T06:00,18.8,88,3.6,273.0,988.2,0.0
2024-11-13T07:00,19.5,84,4.7,277.0,989.0,0.0
2024-11-13T08:00,21.4,76,4.4,279.0,990.0,0.0
2024-11-13T09:00,23.9,66,4.2,288.0,990.8,0.0
2024-11-13T10:00,26.3,55,5.3,298.0,990.4,0.0
2024-11-13T11:00,28.0,45,7.3,303.0,989.4,0.0
2024-11-13T12:00,29.2,37,9.1,302.0,988.5,0.0
2024-11-13T13:00,29.8,34,10.1,299.0,987.4,0.0
2024-11-13T14:00,30.0,31,10.5,299.0,986.6,0.0
2024-11-13T15:00,29.8,29,10.2,298.0,986.3,0.0
2024-11-13T16:00,29.0,30,9.7,295.0,986.4,0.0
2024-11-13T17:00,27.5,36,6.5,278.0,986.7,0.0
2024-11-13T18:00,25.3,51,4.1,308.0,987.8,0.0
2024-11-13T19:00,24.4,55,4.1,308.0,988.4,0.0
2024-11-13T20:00,23.6,60,3.6,333.0,988.7,0.0
2024-11-13T21:00,23.0,62,2.2,336.0,988.8,0.0
2024-11-13T22:00,22.3,65,3.1,353.0,989.0,0.0
2024-11-13T23:00,22.1,65,1.3,315.0,988.9,0.0
2024-11-14T00:00,21.5,68,0.5,225.0,988.5,0.0
2024-11-14T01:00,20.9,70,0.6,198.0,988.3,0.0
2024-11-14T02:00,19.9,74,4.6,201.0,988.4,0.0
2024-11-14T03:00,19.7,75,1.9,229.0,988.5,0.0
2024-11-14T04:00,19.3,77,1.3,278.0,988.6,0.0
2024-11-14T05:00,19.0,79,2.0,355.0,989.1,0.0
2024-11-14T06:00,19.1,86,1.8,45.0,990.4,0.0
2024-11-14T07:00,19.7,84,0.8,117.0,991.2,0.0
2024-11-14T08:00,21.7,74,1.5,45.0,992.2,0.0
2024-11-14T09:00,24.1,63,1.8,53.0,992.9,0.0
2024-11-14T10:00,26.5,50,0.9,53.0,992.8,0.0
2024-11-14T11:00,28.1,41,1.8,336.0,992.1,0.0
2024-11-14T12:00,29.3,34,3.7,299.0,991.1,0.0
2024-11-14T13:00,30.0,30,6.3,290.0,990.1,0.0
2024-11-14T14:00,30.0,29,8.3,288.0,989.4,0.0
2024-11-14T15:00,29.4,30,9.4,288.0,989.0,0.0
2024-11-14T16:00,28.5,32,9.6,287.0,988.9,0.0
2024-11-14T17:00,27.2,37,4.6,291.0,988.9,0.0
2024-11-14T18:00,25.8,44,2.7,274.0,989.8,0.0
2024-11-14T19:00,25.3,45,3.2,357.0,990.1,0.0
2024-11-14T20:00,24.5,47,3.8,19.0,990.6,0.0
2024-11-14T21:00,23.6,51,3.1,13.0,990.7,0.0
2024-11-14T22:00,23.0,53,2.2,351.0,990.8,0.0
2024-11-14T23:00,22.2,57,1.7,319.0,990.5,0.0
2024-11-15T00:00,21.5,59,1.5,300.0,990.2,0.0
2024-11-15T01:00,20.9,61,1.7,283.0,989.7,0.0
2024-11-15T02:00,20.5,63,1.5,277.0,989.3,0.0
2024-11-15T03:00,20.0,64,2.1,255.0,989.0,0.0
2024-11-15T04:00,19.4,67,2.9,300.0,988.8,0.0
2024-11-15T05:00,19.0,69,2.7,290.0,988.9,0.0
2024-11-15T06:00,18.7,77,4.0,291.0,990.4,0.0
2024-11-15T07:00,19.2,74,3.8,281.0,991.0,0.0
2024-11-15T08:00,21.3,65,3.7,256.0,991.5,0.0
2024-11-15T09:00,23.8,56,3.2,273.0,992.1,0.0
2024-11-15T10:00,26.2,46,4.7,277.0,992.2,0.0
2024-11-15T11:00,27.8,36,8.0,286.0,991.5,0.0
2024-11-15T12:00,28.6,32,10.1,292.0,990.2,0.0
2024-11-15T13:00,28.9,30,11.5,292.0,989.1,0.0
2024-11-15T14:00,29.0,29,11.7,293.0,988.4,0.0
2024-11-15T15:00,28.7,28,12.6,294.0,988.0,0.0
2024-11-15T16:00,27.9,30,12.4,296.0,987.8,0.0
2024-11-15T17:00,26.5,34,7.8,293.0,987.9,0.0
2024-11-15T18:00,25.9,41,6.7,316.0,988.6,0.0
2024-11-15T19:00,25.0,45,6.7,324.0,988.8,0.0
2024-11-15T20:00,24.1,50,7.1,341.0,989.0,0.0
2024-11-15T21:00,23.3,54,6.0,339.0,989.1,0.0
2024-11-15T22:00,22.6,57,5.5,337.0,988.8,0.0
2024-11-15T23:00,21.8,61,5.2,333.0,988.6,0.0
2024-11-16T00:00,20.8,66,4.4,339.0,988.2,0.0
2024-11-16T01:00,20.3,69,3.1,310.0,988.4,0.0
2024-11-16T02:00,19.8,71,2.4,287.0,988.1,0.0
2024-11-16T03:00,19.0,74,3.5,255.0,988.0,0.0
2024-11-16T04:00,18.4,77,4.1,255.0,988.0,0.0
2024-11-16T05:00,18.0,78,4.6,259.0,988.2,0.0
2024-11-16T06:00,17.6,85,4.9,253.0,988.8,0.0
2024-11-16T07:00,18.1,82,5.7,261.0,989.1,0.0
2024-11-16T08:00,20.1,72,4.3,272.0,989.8,0.0
2024-11-16T09:00,23.0,60,4.3,275.0,990.4,0.0
2024-11-16T10:00,25.5,51,5.7,288.0,990.7,0.0
2024-11-16T11:00,27.0,43,7.2,292.0,989.9,0.0
2024-11-16T12:00,28.1,37,8.8,289.0,989.2,0.0
2024-11-16T13:00,28.7,33,10.0,296.0,988.0,0.0
2024-11-16T14:00,28.8,32,10.5,299.0,987.5,0.0
2024-11-16T15:00,28.4,32,10.2,298.0,987.1,0.0
2024-11-16T16:00,27.7,34,10.0,300.0,987.1,0.0
2024-11-16T17:00,26.4,38,5.9,305.0,987.3,0.0
2024-11-16T18:00,25.5,41,3.7,309.0,987.6,0.0
2024-11-16T19:00,24.9,43,4.6,349.0,988.1,0.0
2024-11-16T20:00,24.7,45,7.2,359.0,988.8,0.0
2024-11-16T21:00,23.4,52,5.0,360.0,989.0,0.0
2024-11-16T22:00,22.7,57,2.2,355.0,989.1,0.0
2024-11-16T23:00,22.3,61,0.8,333.0,989.1,0.0
2024-11-17T00:00,21.7,61,1.1,351.0,988.5,0.0
2024-11-17T01:00,21.0,64,1.7,311.0,988.4,0.0
2024-11-17T02:00,20.3,67,2.6,282.0,988.1,0.0
2024-11-17T03:00,19.5,71,3.8,267.0,988.2,0.0
2024-11-17T04:00,18.9,73,4.3,272.0,987.9,0.0
2024-11-17T05:00,18.5,76,4.9,268.0,988.3,0.0
2024-11-17T06:00,18.0,84,1.7,319.0,988.9,0.0
2024-11-17T07:00,18.4,83,2.1,290.0,989.4,0.0
2024-11-17T08:00,20.4,73,2.2,275.0,990.5,0.0
2024-11-17T09:00,23.1,62,1.9,311.0,991.3,0.0
2024-11-17T10:00,25.3,52,3.5,325.0,991.4,0.0
2024-11-17T11:00,26.8,45,4.9,324.0,990.7,0.0
2024-11-17T12:00,27.7,41,6.2,319.0,989.7,0.0
2024-11-17T13:00,28.4,37,7.5,300.0,988.6,0.0
2024-11-17T14:00,28.5,34,8.4,286.0,988.1,0.0
2024-11-17T15:00,27.9,36,8.9,279.0,987.7,0.0
2024-11-17T16:00,27.0,39,8.9,283.0,987.7,0.0
2024-11-17T17:00,25.9,43,7.3,287.0,988.0,0.0
2024-11-17T18:00,24.5,49,7.4,311.0,988.8,0.0
2024-11-17T19:00,23.5,55,8.0,320.0,989.4,0.0
2024-11-17T20:00,22.6,58,5.7,323.0,989.9,0.0
2024-11-17T21:00,21.7,60,4.8,312.0,990.0,0.0
2024-11-17T22:00,21.0,62,4.8,290.0,989.9,0.0
2024-11-17T23:00,20.1,65,5.2,282.0,990.0,0.0
2024-11-18T00:00,19.3,68,5.1,288.0,989.6,0.0
2024-11-18T01:00,18.6,69,4.8,292.0,989.5,0.0
2024-11-18T02:00,18.0,70,4.9,287.0,989.4,0.0
2024-11-18T03:00,17.3,72,4.8,285.0,989.6,0.0
2024-11-18T04:00,16.7,74,4.8,290.0,989.8,0.0
2024-11-18T05:00,16.3,76,4.6,291.0,989.9,0.0
2024-11-18T06:00,15.9,91,4.4,291.0,990.6,0.0
2024-11-18T07:00,16.2,89,5.5,281.0,991.3,0.0
2024-11-18T08:00,17.9,81,4.5,272.0,992.2,0.0
2024-11-18T09:00,20.3,70,4.3,287.0,993.0,0.0
2024-11-18T10:00,22.6,61,6.0,303.0,993.0,0.0
2024-11-18T11:00,24.2,50,6.9,307.0,992.5,0.0
2024-11-18T12:00,25.3,42,6.8,305.0,991.3,0.0
2024-11-18T13:00,26.1,37,6.9,303.0,990.5,0.0
2024-11-18T14:00,26.4,35,7.1,300.0,989.8,0.0
2024-11-18T15:00,26.1,35,7.6,298.0,989.4,0.0
2024-11-18T16:00,25.4,36,7.8,296.0,989.5,0.0
2024-11-18T17:00,24.1,39,5.8,290.0,989.7,0.0
2024-11-18T18:00,22.6,49,4.0,300.0,990.2,0.0
2024-11-18T19:00,21.8,52,4.1,285.0,990.6,0.0
2024-11-18T20:00,21.1,54,4.8,283.0,991.1,0.0
2024-11-18T21:00,20.2,57,5.2,284.0,991.4,0.0
2024-11-18T22:00,19.2,61,4.9,278.0,991.6,0.0
2024-11-18T23:00,18.5,63,4.7,274.0,991.3,0.0
2024-11-19T00:00,18.1,64,5.1,280.0,990.9,0.0
2024-11-19T01:00,17.5,65,5.0,289.0,990.7,0.0
2024-11-19T02:00,17.0,66,4.7,288.0,990.5,0.0
2024-11-19T03:00,16.5,67,4.5,286.0,990.4,0.0
2024-11-19T04:00,15.9,68,4.4,279.0,990.6,0.0
2024-11-19T05:00,15.4,71,4.5,268.0,990.8,0.0
2024-11-19T06:00,14.2,80,5.0,268.0,991.4,0.0
2024-11-19T07:00,14.5,78,6.5,262.0,992.2,0.0
2024-11-19T08:00,16.5,69,6.1,265.0,993.3,0.0
2024-11-19T09:00,19.4,56,5.4,274.0,994.4,0.0
2024-11-19T10:00,22.1,46,5.9,282.0,994.5,0.0
2024-11-19T11:00,24.1,39,6.6,292.0,993.9,0.0
2024-11-19T12:00,25.3,31,8.5,305.0,992.8,0.0
2024-11-19T13:00,25.8,29,8.5,308.0,991.9,0.0
2024-11-19T14:00,25.9,28,8.3,309.0,991.1,0.0
2024-11-19T15:00,25.6,29,8.7,307.0,990.4,0.0
2024-11-19T16:00,24.8,31,8.6,303.0,990.4,0.0
2024-11-19T17:00,23.4,34,5.9,293.0,990.6,0.0
2024-11-19T18:00,22.4,37,4.3,294.0,991.0,0.0
2024-11-19T19:00,21.4,41,4.0,280.0,991.3,0.0
2024-11-19T20:00,20.4,45,4.5,277.0,991.8,0.0
2024-11-19T21:00,19.5,50,4.7,288.0,992.0,0.0
2024-11-19T22:00,18.7,53,4.5,299.0,991.7,0.0
2024-11-19T23:00,18.1,54,4.3,298.0,991.4,0.0
2024-11-20T00:00,17.4,55,4.4,291.0,990.6,0.0
2024-11-20T01:00,16.8,57,4.9,287.0,990.3,0.0
2024-11-20T02:00,16.2,59,4.9,280.0,989.7,0.0
2024-11-20T03:00,15.7,61,5.4,272.0,989.5,0.0
2024-11-20T04:00,15.0,65,5.6,264.0,989.4,0.0
2024-11-20T05:00,14.4,67,5.6,266.0,989.6,0.0
2024-11-20T06:00,13.6,78,5.4,274.0,990.5,0.0
2024-11-20T07:00,13.8,77,6.0,265.0,991.3,0.0
2024-11-20T08:00,15.9,67,5.6,263.0,992.1,0.0
2024-11-20T09:00,18.8,55,4.4,279.0,993.0,0.0
2024-11-20T10:00,21.7,46,4.8,285.0,992.8,0.0
2024-11-20T11:00,23.9,38,6.0,297.0,992.3,0.0
2024-11-20T12:00,25.2,30,7.6,304.0,991.2,0.0
2024-11-20T13:00,25.8,28,8.2,308.0,990.3,0.0
2024-11-20T14:00,25.9,27,8.3,309.0,989.7,0.0
2024-11-20T15:00,25.6,28,8.3,309.0,989.3,0.0
2024-11-20T16:00,25.0,29,7.8,308.0,989.5,0.0
2024-11-20T17:00,23.2,34,4.5,299.0,989.7,0.0
2024-11-20T18:00,22.4,39,3.7,299.0,990.3,0.0
2024-11-20T19:00,21.5,42,3.8,275.0,990.6,0.0
2024-11-20T20:00,20.7,46,4.5,272.0,990.8,0.0
2024-11-20T21:00,19.7,50,4.4,277.0,990.9,0.0
2024-11-20T22:00,18.7,54,4.2,290.0,990.7,0.0
2024-11-20T23:00,18.0,57,4.2,301.0,990.4,0.0
2024-11-21T00:00,17.6,58,4.1,293.0,989.9,0.0
2024-11-21T01:00,17.1,59,4.6,296.0,989.3,0.0
2024-11-21T02:00,16.5,61,4.5,299.0,989.0,0.0
2024-11-21T03:00,15.7,63,4.6,288.0,989.0,0.0
2024-11-21T04:00,15.2,65,4.9,276.0,989.1,0.0
2024-11-21T05:00,14.5,67,5.1,274.0,989.2,0.0
2024-11-21T06:00,13.6,74,6.1,273.0,990.1,0.0
2024-11-21T07:00,13.7,73,6.3,270.0,990.8,0.0
2024-11-21T08:00,15.7,64,5.9,268.0,991.8,0.0
2024-11-21T09:00,18.8,52,4.3,275.0,992.6,0.0
2024-11-21T10:00,21.7,44,5.0,283.0,992.6,0.0
2024-11-21T11:00,23.7,40,5.8,290.0,992.1,0.0
2024-11-21T12:00,24.9,34,7.2,298.0,991.0,0.0
2024-11-21T13:00,25.5,31,7.6,304.0,989.9,0.0
2024-11-21T14:00,25.8,29,7.7,306.0,989.4,0.0
2024-11-21T15:00,25.4,30,7.6,304.0,988.8,0.0
2024-11-21T16:00,24.7,31,7.3,303.0,988.9,0.0
2024-11-21T17:00,23.0,36,4.7,286.0,989.1,0.0
2024-11-21T18:00,22.7,40,4.5,284.0,989.7,0.0
2024-11-21T19:00,21.6,45,4.4,279.0,989.9,0.0
2024-11-21T20:00,20.6,49,4.6,291.0,990.3,0.0
2024-11-21T21:00,19.6,53,4.7,293.0,990.4,0.0
2024-11-21T22:00,18.8,56,4.1,285.0,990.3,0.0
2024-11-21T23:00,18.3,58,4.1,283.0,990.0,0.0
2024-11-22T00:00,17.9,60,3.9,292.0,989.6,0.0
2024-11-22T01:00,17.7,61,3.0,295.0,989.3,0.0
2024-11-22T02:00,16.9,64,4.0,288.0,988.9,0.0
2024-11-22T03:00,16.0,68,4.2,290.0,988.9,0.0
2024-11-22T04:00,15.3,71,4.2,277.0,988.9,0.0
2024-11-22T05:00,14.7,72,4.2,265.0,988.8,0.0
2024-11-22T06:00,14.0,79,4.2,260.0,989.8,0.0
2024-11-22T07:00,14.3,76,6.1,265.0,990.4,0.0
2024-11-22T08:00,16.4,66,6.2,277.0,991.4,0.0
2024-11-22T09:00,19.6,53,3.9,283.0,992.2,0.0
2024-11-22T10:00,22.6,44,3.6,290.0,992.7,0.0
2024-11-22T11:00,24.4,40,4.2,301.0,992.0,0.0
2024-11-22T12:00,25.5,36,6.0,311.0,990.9,0.0
2024-11-22T13:00,26.1,34,7.0,316.0,990.0,0.0
2024-11-22T14:00,26.3,32,7.0,320.0,989.1,0.0
2024-11-22T15:00,26.0,33,6.4,322.0,988.8,0.0
2024-11-22T16:00,25.3,36,6.7,316.0,988.7,0.0
2024-11-22T17:00,23.5,42,3.8,301.0,988.6,0.0
2024-11-22T18:00,23.2,45,3.1,306.0,989.1,0.0
2024-11-22T19:00,22.4,49,3.3,279.0,989.7,0.0
2024-11-22T20:00,21.4,52,3.8,275.0,989.8,0.0
2024-11-22T21:00,20.5,56,4.0,280.0,990.0,0.0
2024-11-22T22:00,19.5,60,3.8,281.0,989.9,0.0
2024-11-22T23:00,18.7,64,3.6,273.0,989.6,0.0
2024-11-23T00:00,18.1,66,3.1,273.0,989.0,0.0
2024-11-23T01:00,17.6,68,3.1,273.0,988.7,0.0
2024-11-23T02:00,16.8,70,3.8,262.0,988.4,0.0
2024-11-23T03:00,16.2,71,4.0,265.0,988.5,0.0
2024-11-23T04:00,15.5,73,3.6,264.0,988.5,0.0
2024-11-23T05:00,15.0,74,4.0,267.0,988.9,0.0
2024-11-23T06:00,14.1,80,4.1,255.0,990.0,0.0
2024-11-23T07:00,14.7,76,4.8,257.0,991.0,0.0
2024-11-23T08:00,16.9,65,5.1,252.0,992.0,0.0
2024-11-23T09:00,20.1,52,3.6,240.0,992.8,0.0
2024-11-23T10:00,23.3,41,4.5,236.0,993.2,0.0
2024-11-23T11:00,25.4,34,5.9,243.0,992.6,0.0
2024-11-23T12:00,26.6,30,6.0,254.0,991.7,0.0
2024-11-23T13:00,27.3,27,5.2,268.0,990.7,0.0
2024-11-23T14:00,27.5,26,4.5,277.0,990.1,0.0
2024-11-23T15:00,27.2,27,4.2,277.0,989.7,0.0
2024-11-23T16:00,26.5,28,4.5,277.0,989.6,0.0
2024-11-23T17:00,24.4,35,4.0,280.0,989.5,0.0
2024-11-23T18:00,24.0,37,1.5,14.0,990.1,0.0
2024-11-23T19:00,22.7,40,4.3,90.0,990.7,0.0
2024-11-23T20:00,21.8,47,4.6,132.0,990.8,0.0
2024-11-23T21:00,20.8,52,4.3,163.0,991.0,0.0
2024-11-23T22:00,19.9,56,4.2,170.0,990.9,0.0
2024-11-23T23:00,19.4,57,4.8,200.0,990.5,0.0
2024-11-24T00:00,18.9,58,5.6,230.0,990.1,0.0
2024-11-24T01:00,18.3,60,6.5,240.0,989.7,0.0
2024-11-24T02:00,17.8,61,6.7,243.0,989.3,0.0
2024-11-24T03:00,17.4,62,6.9,239.0,988.9,0.0
2024-11-24T04:00,17.2,62,7.3,242.0,988.7,0.0
2024-11-24T05:00,16.8,62,8.3,252.0,989.2,0.0
2024-11-24T06:00,15.8,67,8.8,250.0,990.5,0.0
2024-11-24T07:00,15.7,67,9.2,258.0,991.2,0.0
2024-11-24T08:00,17.2,61,8.8,261.0,991.9,0.0
2024-11-24T09:00,19.8,52,6.5,268.0,992.8,0.0
2024-11-24T10:00,22.6,42,7.3,281.0,992.9,0.0
2024-11-24T11:00,24.8,36,8.3,281.0,992.2,0.0
2024-11-24T12:00,26.4,32,9.8,284.0,991.1,0.0
2024-11-24T13:00,27.3,29,10.6,288.0,990.3,0.0
2024-11-24T14:00,27.7,28,10.1,289.0,989.7,0.0
2024-11-24T15:00,27.4,28,9.8,288.0,989.3,0.0
2024-11-24T16:00,26.6,31,9.3,285.0,989.2,0.0
2024-11-24T17:00,24.9,36,6.2,280.0,989.3,0.0
2024-11-24T18:00,24.3,39,5.1,287.0,989.5,0.0
2024-11-24T19:00,23.1,44,4.8,292.0,989.8,0.0
2024-11-24T20:00,22.3,46,5.0,291.0,990.0,0.0
2024-11-24T21:00,21.9,47,5.6,299.0,990.0,0.0
2024-11-24T22:00,21.0,51,5.4,290.0,989.8,0.0
2024-11-24T23:00,20.2,55,5.4,284.0,989.7,0.0
2024-11-25T00:00,19.4,58,5.4,270.0,989.3,0.0
2024-11-25T01:00,18.6,62,6.4,254.0,989.2,0.0
2024-11-25T02:00,17.9,65,7.2,256.0,989.2,0.0
2024-11-25T03:00,17.4,67,7.3,259.0,989.2,0.0
2024-11-25T04:00,16.8,69,6.7,284.0,989.6,0.0
2024-11-25T05:00,16.3,72,7.0,273.0,989.8,0.0
2024-11-25T06:00,15.1,81,6.7,275.0,990.8,0.0
2024-11-25T07:00,15.3,82,7.8,274.0,991.5,0.0
2024-11-25T08:00,16.9,75,7.0,273.0,992.2,0.0
2024-11-25T09:00,19.7,64,5.8,279.0,993.2,0.0
2024-11-25T10:00,22.6,55,6.6,286.0,993.1,0.0
2024-11-25T11:00,24.4,45,9.8,293.0,992.1,0.0
2024-11-25T12:00,25.2,38,11.0,293.0,990.9,0.0
2024-11-25T13:00,25.7,38,11.0,298.0,989.9,0.0
2024-11-25T14:00,25.9,38,10.9,304.0,989.3,0.0
2024-11-25T15:00,25.6,40,10.8,308.0,988.9,0.0
2024-11-25T16:00,24.8,43,10.6,309.0,988.8,0.0
2024-11-25T17:00,23.5,47,7.9,305.0,988.8,0.0
2024-11-25T18:00,23.0,49,7.0,291.0,989.0,0.0
2024-11-25T19:00,21.9,52,7.2,282.0,989.5,0.0
2024-11-25T20:00,20.9,55,7.2,282.0,989.9,0.0
2024-11-25T21:00,20.0,57,6.4,280.0,990.4,0.0
2024-11-25T22:00,19.1,60,5.2,282.0,990.5,0.0
2024-11-25T23:00,18.4,63,5.2,290.0,990.4,0.0
2024-11-26T00:00,17.8,65,5.2,284.0,990.3,0.0
2024-11-26T01:00,17.0,69,4.9,274.0,990.2,0.0
2024-11-26T02:00,16.3,73,4.5,265.0,989.8,0.0
2024-11-26T03:00,15.7,76,5.0,257.0,989.8,0.0
2024-11-26T04:00,15.1,79,5.8,254.0,989.9,0.0
2024-11-26T05:00,14.5,81,5.8,256.0,990.3,0.0
2024-11-26T06:00,13.9,86,5.4,264.0,990.8,0.0
2024-11-26T07:00,14.1,83,6.0,261.0,991.5,0.0
2024-11-26T08:00,15.9,73,6.1,265.0,992.3,0.0
2024-11-26T09:00,18.8,59,5.1,274.0,993.2,0.0
2024-11-26T10:00,21.7,49,5.8,286.0,993.3,0.0
2024-11-26T11:00,23.8,41,7.1,297.0,992.4,0.0
2024-11-26T12:00,24.9,35,9.0,303.0,991.1,0.0
2024-11-26T13:00,25.5,33,10.0,303.0,990.0,0.0
2024-11-26T14:00,25.6,32,10.4,306.0,989.2,0.0
2024-11-26T15:00,25.3,30,10.3,308.0,988.6,0.0
2024-11-26T16:00,24.5,32,10.0,304.0,988.5,0.0
2024-11-26T17:00,22.8,38,5.8,296.0,988.6,0.0
2024-11-26T18:00,22.2,42,5.1,280.0,989.2,0.0
2024-11-26T19:00,21.2,47,5.6,276.0,989.7,0.0
2024-11-26T20:00,20.2,51,5.9,284.0,989.8,0.0
2024-11-26T21:00,19.3,53,5.8,292.0,990.1,0.0
2024-11-26T22:00,18.6,54,5.6,297.0,990.1,0.0
2024-11-26T23:00,17.8,57,5.1,302.0,989.8,0.0
2024-11-27T00:00,17.3,59,4.9,303.0,989.2,0.0
2024-11-27T01:00,16.9,60,4.0,302.0,988.9,0.0
2024-11-27T02:00,16.2,62,3.8,278.0,988.7,0.0
2024-11-27T03:00,15.5,65,4.6,261.0,988.7,0.0
2024-11-27T04:00,15.0,67,5.4,256.0,988.8,0.0
2024-11-27T05:00,14.4,70,5.2,254.0,988.9,0.0
2024-11-27T06:00,13.6,77,4.9,260.0,989.8,0.0
2024-11-27T07:00,14.0,75,4.2,260.0,990.5,0.0
2024-11-27T08:00,16.2,66,3.6,267.0,991.4,0.0
2024-11-27T09:00,19.0,55,1.5,306.0,992.2,0.0
2024-11-27T10:00,21.8,45,2.1,329.0,992.4,0.0
2024-11-27T11:00,23.9,37,3.3,324.0,991.5,0.0
2024-11-27T12:00,25.1,33,5.4,318.0,990.4,0.0
2024-11-27T13:00,25.8,29,7.3,314.0,989.5,0.0
2024-11-27T14:00,26.0,27,8.0,310.0,988.9,0.0
2024-11-27T15:00,25.6,27,8.1,315.0,988.5,0.0
2024-11-27T16:00,24.8,27,7.8,316.0,988.6,0.0
2024-11-27T17:00,22.8,32,4.3,312.0,988.8,0.0
2024-11-27T18:00,22.0,35,3.8,329.0,989.3,0.0
2024-11-27T19:00,21.3,39,2.1,329.0,989.9,0.0
2024-11-27T20:00,20.5,43,2.2,312.0,990.4,0.0
2024-11-27T21:00,19.7,46,2.6,321.0,990.7,0.0
2024-11-27T22:00,18.9,49,2.7,323.0,990.7,0.0
2024-11-27T23:00,18.2,52,2.3,331.0,990.5,0.0
2024-11-28T00:00,18.0,53,1.2,333.0,990.2,0.0
2024-11-28T01:00,17.6,55,1.0,22.0,990.1,0.0
2024-11-28T02:00,16.9,57,2.0,39.0,990.1,0.0
2024-11-28T03:00,16.3,60,2.9,26.0,990.1,0.0
2024-11-28T04:00,15.5,64,3.7,352.0,990.2,0.0
2024-11-28T05:00,14.2,69,5.2,338.0,990.3,0.0
2024-11-28T06:00,12.8,80,5.4,326.0,991.1,0.0
2024-11-28T07:00,12.8,80,5.1,318.0,991.6,0.0
2024-11-28T08:00,15.2,68,5.0,314.0,992.5,0.0
2024-11-28T09:00,18.5,55,3.3,324.0,993.4,0.0
2024-11-28T10:00,21.3,47,3.6,342.0,993.8,0.0
2024-11-28T11:00,23.3,38,5.8,353.0,993.3,0.0
2024-11-28T12:00,24.5,32,7.0,347.0,992.3,0.0
2024-11-28T13:00,25.3,27,7.6,341.0,991.6,0.0
2024-11-28T14:00,25.5,26,7.6,333.0,990.9,0.0
2024-11-28T15:00,25.2,27,8.5,336.0,990.5,0.0
2024-11-28T16:00,24.4,29,5.6,329.0,990.6,0.0
2024-11-28T17:00,22.0,36,9.7,345.0,990.7,0.0
2024-11-28T18:00,21.9,39,8.9,7.0,991.1,0.0
2024-11-28T19:00,20.8,46,9.0,358.0,991.5,0.0
2024-11-28T20:00,19.9,50,9.5,351.0,991.9,0.0
2024-11-28T21:00,19.2,53,7.8,352.0,992.1,0.0
2024-11-28T22:00,18.5,56,6.3,358.0,992.4,0.0
2024-11-28T23:00,17.7,59,4.9,4.0,992.3,0.0
2024-11-29T00:00,17.2,62,4.0,357.0,991.9,0.0
2024-11-29T01:00,16.7,65,3.1,347.0,991.6,0.0
2024-11-29T02:00,15.8,70,3.8,343.0,991.5,0.0
2024-11-29T03:00,15.1,74,4.6,349.0,991.3,0.0
2024-11-29T04:00,14.5,78,5.7,347.0,991.2,0.0
2024-11-29T05:00,13.7,82,7.3,344.0,991.6,0.0
2024-11-29T06:00,12.5,86,7.6,348.0,992.5,0.0
2024-11-29T07:00,12.7,86,4.2,348.0,993.2,0.0
2024-11-29T08:00,14.8,77,3.1,332.0,994.3,0.0
2024-11-29T09:00,17.7,68,1.9,326.0,994.7,0.0
2024-11-29T10:00,20.3,58,1.9,338.0,994.8,0.0
2024-11-29T11:00,22.2,49,1.8,354.0,993.8,0.0
2024-11-29T12:00,23.4,43,1.9,17.0,992.7,0.0
2024-11-29T13:00,24.2,38,2.6,16.0,991.7,0.0
2024-11-29T14:00,24.6,35,3.3,13.0,990.9,0.0
2024-11-29T15:00,24.5,34,4.2,5.0,990.5,0.0
2024-11-29T16:00,24.0,35,2.7,356.0,990.4,0.0
2024-11-29T17:00,22.0,43,5.7,351.0,990.6,0.0
2024-11-29T18:00,21.9,45,7.7,357.0,991.0,0.0
2024-11-29T19:00,20.5,53,7.7,359.0,991.6,0.0
2024-11-29T20:00,20.1,54,7.9,356.0,991.8,0.0
2024-11-29T21:00,19.4,57,8.3,359.0,992.1,0.0
2024-11-29T22:00,18.7,60,8.1,360.0,991.9,0.0
2024-11-29T23:00,18.2,63,7.6,3.0,991.8,0.0
2024-11-30T00:00,17.6,65,6.1,2.0,991.0,0.0
2024-11-30T01:00,16.9,68,5.6,360.0,990.6,0.0
2024-11-30T02:00,15.9,73,5.5,349.0,990.2,0.0
2024-11-30T03:00,15.0,78,6.2,339.0,990.1,0.0
2024-11-30T04:00,13.9,83,6.5,326.0,990.2,0.0
2024-11-30T05:00,13.2,86,6.6,323.0,990.3,0.0
2024-11-30T06:00,12.4,88,5.9,320.0,991.3,0.0
2024-11-30T07:00,12.7,86,7.0,328.0,992.0,0.0
2024-11-30T08:00,14.7,76,6.7,326.0,992.5,0.0
2024-11-30T09:00,17.6,63,6.0,333.0,993.2,0.0
2024-11-30T10:00,20.4,54,6.9,335.0,993.2,0.0
2024-11-30T11:00,22.5,44,8.2,338.0,992.3,0.0
2024-11-30T12:00,23.9,38,8.3,338.0,991.3,0.0
2024-11-30T13:00,24.6,35,7.8,341.0,989.8,0.0
2024-11-30T14:00,24.9,33,6.8,343.0,988.9,0.0
2024-11-30T15:00,24.7,34,7.2,342.0,988.3,0.0
2024-11-30T16:00,23.9,38,4.4,330.0,988.2,0.0
2024-11-30T17:00,22.1,45,6.7,344.0,988.1,0.0
2024-11-30T18:00,21.8,46,5.6,318.0,988.4,0.0
2024-11-30T19:00,20.8,52,4.3,294.0,988.9,0.0
2024-11-30T20:00,20.0,57,4.6,288.0,989.1,0.0
2024-11-30T21:00,19.1,62,4.8,292.0,989.4,0.0
2024-11-30T22:00,18.4,66,5.1,297.0,989.4,0.0
2024-11-30T23:00,17.6,70,5.5,306.0,989.3,0.0
2024-12-01T00:00,17.2,73,6.4,313.0,988.8,0.0
2024-12-01T01:00,16.5,76,6.3,323.0,988.4,0.0
2024-12-01T02:00,16.1,78,6.4,328.0,988.3,0.0
2024-12-01T03:00,15.6,80,7.0,334.0,988.3,0.0
2024-12-01T04:00,15.2,81,6.7,336.0,988.3,0.0
2024-12-01T05:00,15.0,81,6.3,340.0,988.7,0.0
2024-12-01T06:00,14.1,85,7.6,342.0,989.4,0.0
2024-12-01T07:00,14.0,85,5.0,316.0,989.9,0.0
2024-12-01T08:00,16.1,74,4.5,293.0,990.7,0.0
2024-12-01T09:00,18.4,64,3.7,305.0,991.3,0.0
2024-12-01T10:00,20.6,54,3.8,311.0,991.4,0.0
2024-12-01T11:00,22.5,45,4.1,311.0,990.8,0.0
2024-12-01T12:00,23.8,39,5.5,314.0,989.7,0.0
2024-12-01T13:00,24.6,37,6.7,314.0,988.3,0.0
2024-12-01T14:00,24.8,38,7.9,313.0,987.2,0.0
2024-12-01T15:00,24.4,40,10.5,321.0,986.6,0.0
2024-12-01T16:00,23.6,44,10.1,313.0,986.4,0.0
2024-12-01T17:00,22.3,49,7.8,320.0,986.1,0.0
2024-12-01T18:00,22.2,49,8.7,318.0,986.8,0.0
2024-12-01T19:00,21.5,52,7.6,326.0,987.4,0.0
2024-12-01T20:00,20.5,56,7.2,332.0,987.5,0.0
2024-12-01T21:00,19.5,61,6.4,331.0,987.7,0.0
2024-12-01T22:00,18.6,65,6.0,321.0,987.6,0.0
2024-12-01T23:00,17.8,69,5.4,310.0,987.6,0.0
2024-12-02T00:00,17.1,72,5.6,303.0,987.3,0.0
2024-12-02T01:00,16.5,74,6.4,306.0,987.1,0.0
2024-12-02T02:00,15.8,77,7.1,317.0,986.8,0.0
2024-12-02T03:00,15.1,80,6.4,315.0,986.5,0.0
2024-12-02T04:00,14.6,82,7.0,320.0,986.7,0.0
2024-12-02T05:00,14.2,82,7.5,325.0,987.1,0.0
2024-12-02T06:00,13.3,87,6.7,329.0,988.1,0.0
2024-12-02T07:00,13.5,85,6.1,328.0,988.9,0.0
2024-12-02T08:00,15.8,73,6.0,316.0,990.0,0.0
2024-12-02T09:00,18.3,61,5.4,326.0,990.9,0.0
2024-12-02T10:00,20.7,51,6.5,330.0,991.1,0.0
2024-12-02T11:00,22.8,42,7.7,332.0,990.6,0.0
2024-12-02T12:00,24.4,35,8.0,335.0,989.7,0.0
2024-12-02T13:00,25.4,32,7.4,334.0,988.8,0.0
2024-12-02T14:00,25.8,32,7.4,331.0,988.3,0.0
2024-12-02T15:00,25.5,33,8.1,329.0,988.0,0.0
2024-12-02T16:00,24.7,36,6.6,311.0,988.0,0.0
2024-12-02T17:00,22.7,43,9.2,332.0,987.8,0.0
2024-12-02T18:00,22.5,45,9.3,333.0,988.6,0.0
2024-12-02T19:00,21.5,48,9.7,335.0,989.1,0.0
2024-12-02T20:00,20.7,52,9.6,334.0,989.4,0.0
2024-12-02T21:00,19.9,55,8.6,330.0,989.8,0.0
2024-12-02T22:00,19.0,60,6.8,323.0,990.0,0.0
2024-12-02T23:00,18.2,64,5.0,311.0,990.3,0.0
2024-12-03T00:00,17.5,68,5.5,314.0,990.1,0.0
2024-12-03T01:00,17.1,70,6.3,309.0,990.2,0.0
2024-12-03T02:00,16.7,73,7.1,315.0,990.0,0.0
2024-12-03T03:00,16.1,74,6.6,319.0,989.8,0.0
2024-12-03T04:00,15.5,76,7.3,324.0,989.7,0.0
2024-12-03T05:00,14.8,78,7.6,326.0,990.0,0.0
2024-12-03T06:00,13.5,87,7.6,326.0,990.4,0.0
2024-12-03T07:00,13.8,85,6.6,313.0,991.0,0.0
2024-12-03T08:00,15.9,74,6.4,299.0,991.9,0.0
2024-12-03T09:00,18.7,60,3.9,292.0,992.7,0.0
2024-12-03T10:00,21.3,50,3.6,297.0,993.0,0.0
2024-12-03T11:00,23.7,41,4.6,309.0,992.5,0.0
2024-12-03T12:00,25.3,35,6.6,319.0,991.6,0.0
2024-12-03T13:00,26.3,31,9.1,324.0,991.0,0.0
2024-12-03T14:00,26.5,30,11.3,327.0,990.1,0.0
2024-12-03T15:00,26.1,31,10.7,324.0,989.6,0.0
2024-12-03T16:00,25.1,35,8.2,310.0,989.5,0.0
2024-12-03T17:00,23.4,41,7.7,321.0,989.6,0.0
2024-12-03T18:00,23.4,43,7.4,311.0,990.2,0.0
2024-12-03T19:00,22.4,47,7.2,307.0,990.8,0.0
2024-12-03T20:00,21.4,51,6.9,307.0,991.2,0.0
2024-12-03T21:00,20.4,54,7.5,307.0,991.2,0.0
2024-12-03T22:00,19.6,57,8.8,309.0,991.3,0.0
2024-12-03T23:00,18.9,59,9.3,310.0,991.2,0.0
2024-12-04T00:00,18.4,58,9.6,311.0,990.6,0.0
2024-12-04T01:00,17.9,55,10.3,313.0,990.4,0.0
2024-12-04T02:00,17.6,54,11.5,316.0,989.9,0.0
2024-12-04T03:00,17.2,55,11.7,316.0,989.5,0.0
2024-12-04T04:00,16.8,56,11.5,318.0,989.1,0.0
2024-12-04T05:00,16.4,59,10.8,312.0,989.3,0.0
2024-12-04T06:00,15.3,74,9.8,306.0,989.6,0.0
2024-12-04T07:00,15.2,75,10.0,296.0,990.2,0.0
2024-12-04T08:00,16.5,69,11.1,295.0,991.2,0.0
2024-12-04T09:00,18.6,61,11.3,307.0,992.0,0.0
2024-12-04T10:00,20.9,53,12.7,315.0,991.8,0.0
2024-12-04T11:00,23.2,44,14.1,318.0,991.2,0.0
2024-12-04T12:00,24.8,37,15.4,315.0,990.3,0.0
2024-12-04T13:00,25.5,35,15.7,314.0,989.3,0.0
2024-12-04T14:00,25.6,34,16.2,312.0,988.8,0.0
2024-12-04T15:00,25.1,34,15.8,310.0,988.3,0.0
2024-12-04T16:00,24.3,36,13.1,304.0,988.4,0.0
2024-12-04T17:00,22.8,39,8.9,299.0,988.6,0.0
2024-12-04T18:00,22.4,40,8.6,296.0,989.4,0.0
2024-12-04T19:00,21.3,43,8.1,294.0,989.9,0.0
2024-12-04T20:00,20.3,44,7.1,294.0,990.2,0.0
2024-12-04T21:00,19.5,45,6.7,290.0,990.3,0.0
2024-12-04T22:00,18.8,46,6.4,292.0,990.3,0.0
2024-12-04T23:00,17.9,48,6.0,297.0,990.0,0.0
2024-12-05T00:00,17.0,50,6.9,300.0,989.5,0.0
2024-12-05T01:00,16.2,53,8.1,298.0,989.2,0.0
2024-12-05T02:00,15.2,58,8.2,299.0,989.1,0.0
2024-12-05T03:00,14.6,61,8.6,300.0,988.7,0.0
2024-12-05T04:00,14.1,64,8.7,300.0,988.5,0.0
2024-12-05T05:00,13.6,64,8.4,295.0,988.5,0.0
2024-12-05T06:00,12.0,68,6.8,288.0,989.3,0.0
2024-12-05T07:00,12.0,66,7.5,281.0,989.9,0.0
2024-12-05T08:00,13.5,59,9.1,278.0,990.8,0.0
2024-12-05T09:00,15.9,48,7.7,281.0,991.7,0.0
2024-12-05T10:00,18.7,40,8.2,280.0,991.9,0.0
2024-12-05T11:00,21.1,34,9.8,287.0,991.2,0.0
2024-12-05T12:00,22.8,28,11.5,290.0,990.1,0.0
2024-12-05T13:00,23.5,25,12.6,294.0,989.2,0.0
2024-12-05T14:00,23.6,25,13.0,296.0,988.5,0.0
2024-12-05T15:00,23.2,26,14.1,304.0,988.3,0.0
2024-12-05T16:00,22.4,28,12.2,298.0,988.2,0.0
2024-12-05T17:00,20.7,32,7.3,301.0,988.1,0.0
2024-12-05T18:00,20.2,35,7.7,300.0,988.9,0.0
2024-12-05T19:00,19.2,38,7.2,298.0,989.3,0.0
2024-12-05T20:00,18.3,39,6.5,293.0,989.5,0.0
2024-12-05T21:00,17.6,41,5.4,290.0,989.7,0.0
2024-12-05T22:00,16.9,43,4.8,297.0,989.5,0.0
2024-12-05T23:00,16.5,44,5.2,299.0,989.2,0.0
2024-12-06T00:00,16.1,44,5.7,302.0,988.6,0.0
2024-12-06T01:00,15.3,46,6.2,303.0,988.3,0.0
2024-12-06T02:00,14.4,50,6.3,307.0,988.0,0.0
2024-12-06T03:00,13.8,53,5.3,288.0,987.8,0.0
2024-12-06T04:00,13.3,56,6.8,288.0,987.7,0.0
2024-12-06T05:00,12.5,61,6.9,287.0,988.0,0.0
2024-12-06T06:00,11.3,73,6.6,281.0,988.9,0.0
2024-12-06T07:00,11.3,73,7.0,274.0,989.4,0.0
2024-12-06T08:00,13.2,64,8.3,275.0,989.9,0.0
2024-12-06T09:00,16.2,52,6.1,284.0,990.5,0.0
2024-12-06T10:00,19.2,41,7.2,292.0,990.7,0.0
2024-12-06T11:00,21.6,35,9.8,302.0,990.0,0.0
2024-12-06T12:00,22.8,34,12.2,304.0,988.9,0.0
2024-12-06T13:00,23.4,34,13.3,305.0,988.0,0.0
2024-12-06T14:00,23.5,34,13.6,305.0,987.3,0.0
2024-12-06T15:00,23.1,35,13.5,308.0,986.8,0.0
2024-12-06T16:00,22.4,36,11.1,301.0,986.7,0.0
2024-12-06T17:00,20.7,40,7.5,314.0,986.9,0.0
2024-12-06T18:00,20.2,41,7.1,324.0,987.2,0.0
2024-12-06T19:00,19.1,45,7.3,330.0,987.7,0.0
2024-12-06T20:00,18.2,46,7.7,335.0,988.0,0.0
2024-12-06T21:00,17.3,44,8.2,337.0,988.3,0.0
2024-12-06T22:00,16.5,45,8.3,338.0,988.3,0.0
2024-12-06T23:00,16.1,45,8.1,342.0,987.8,0.0
2024-12-07T00:00,15.7,45,8.0,342.0,987.0,0.0
2024-12-07T01:00,15.0,47,7.2,333.0,986.7,0.0
2024-12-07T02:00,14.4,49,4.6,329.0,986.6,0.0
2024-12-07T03:00,13.4,52,3.6,300.0,986.3,0.0
2024-12-07T04:00,12.2,57,4.7,268.0,986.2,0.0
2024-12-07T05:00,11.4,62,4.8,250.0,986.3,0.0
2024-12-07T06:00,9.7,73,5.0,251.0,987.5,0.0
2024-12-07T07:00,9.9,74,4.3,270.0,988.2,0.0
2024-12-07T08:00,12.4,65,5.2,284.0,989.0,0.0
2024-12-07T09:00,15.8,53,1.5,315.0,989.8,0.0
2024-12-07T10:00,19.0,43,1.3,344.0,990.4,0.0
2024-12-07T11:00,21.2,33,2.9,360.0,989.8,0.0
2024-12-07T12:00,22.3,25,4.4,348.0,988.7,0.0
2024-12-07T13:00,22.9,22,5.0,341.0,987.8,0.0
2024-12-07T14:00,23.1,20,4.6,329.0,987.2,0.0
2024-12-07T15:00,22.9,20,5.2,333.0,986.8,0.0
2024-12-07T16:00,22.3,21,3.3,315.0,986.9,0.0
2024-12-07T17:00,20.4,27,3.0,343.0,987.0,0.0
2024-12-07T18:00,19.9,29,4.7,72.0,987.9,0.0
2024-12-07T19:00,18.8,35,4.7,97.0,988.2,0.0
2024-12-07T20:00,17.1,44,4.1,119.0,988.6,0.0
2024-12-07T21:00,16.1,49,3.3,119.0,988.8,0.0
2024-12-07T22:00,15.3,54,3.8,109.0,989.2,0.0
2024-12-07T23:00,14.4,58,4.4,99.0,988.8,0.0
2024-12-08T00:00,13.5,62,4.6,99.0,988.4,0.0
2024-12-08T01:00,12.9,64,5.0,103.0,988.2,0.0
2024-12-08T02:00,12.6,64,5.3,108.0,987.7,0.0
2024-12-08T03:00,12.2,65,6.0,119.0,987.5,0.0
2024-12-08T04:00,11.9,66,6.1,118.0,987.4,0.0
2024-12-08T05:00,11.7,67,7.9,117.0,987.7,0.0
2024-12-08T06:00,11.0,71,8.9,117.0,988.6,0.0
2024-12-08T07:00,11.1,70,8.8,123.0,989.5,0.0
2024-12-08T08:00,12.5,63,10.2,127.0,990.3,0.0
2024-12-08T09:00,14.9,54,9.9,136.0,990.7,0.0
2024-12-08T10:00,17.8,45,12.2,143.0,990.5,0.0
2024-12-08T11:00,20.3,37,15.0,142.0,989.6,0.0
2024-12-08T12:00,21.5,35,14.9,144.0,988.3,0.0
2024-12-08T13:00,22.1,35,13.4,144.0,987.2,0.0
2024-12-08T14:00,22.3,36,12.2,146.0,986.2,0.0
2024-12-08T15:00,21.8,38,12.1,147.0,985.7,0.0
2024-12-08T16:00,20.9,41,7.4,137.0,985.5,0.0
2024-12-08T17:00,19.0,50,4.9,156.0,985.7,0.1
2024-12-08T18:00,17.9,56,11.9,112.0,986.4,1.0
2024-12-08T19:00,17.3,61,9.7,117.0,986.1,0.0
2024-12-08T20:00,16.4,59,11.2,111.0,986.4,0.3
2024-12-08T21:00,15.7,65,7.6,117.0,986.3,0.0
2024-12-08T22:00,14.9,72,2.5,180.0,987.1,0.1
2024-12-08T23:00,14.6,72,3.4,180.0,987.3,0.0
2024-12-09T00:00,13.8,72,5.4,94.0,986.8,0.0
2024-12-09T01:00,13.2,76,7.4,94.0,986.6,0.0
2024-12-09T02:00,12.4,82,8.5,102.0,986.4,0.0
2024-12-09T03:00,11.7,86,7.1,105.0,986.5,0.0
2024-12-09T04:00,11.2,89,5.3,125.0,986.7,0.0
2024-12-09T05:00,10.4,91,5.4,159.0,987.3,0.0
2024-12-09T06:00,11.3,85,7.7,179.0,988.8,0.0
2024-12-09T07:00,11.2,86,3.5,145.0,989.5,0.0
2024-12-09T08:00,12.8,77,2.2,81.0,990.5,0.0
2024-12-09T09:00,14.6,70,2.0,90.0,991.5,0.0
2024-12-09T10:00,16.2,64,2.2,90.0,992.0,0.0
2024-12-09T11:00,17.8,58,2.1,70.0,991.7,0.0
2024-12-09T12:00,19.0,52,1.9,49.0,990.9,0.0
2024-12-09T13:00,19.8,47,1.8,11.0,990.3,0.0
2024-12-09T14:00,20.2,43,3.0,346.0,989.9,0.0
2024-12-09T15:00,20.2,42,5.8,346.0,989.7,0.0
2024-12-09T16:00,19.6,44,8.0,340.0,989.8,0.0
2024-12-09T17:00,17.7,54,7.4,338.0,990.3,0.0
2024-12-09T18:00,17.6,51,8.8,355.0,991.3,0.0
2024-12-09T19:00,16.9,56,9.9,345.0,992.0,0.0
2024-12-09T20:00,16.4,58,10.3,337.0,992.7,0.0
2024-12-09T21:00,15.5,61,9.7,336.0,993.1,0.0
2024-12-09T22:00,14.7,62,9.0,338.0,993.0,0.0
2024-12-09T23:00,14.1,63,8.7,338.0,992.5,0.0
2024-12-10T00:00,13.3,66,8.6,338.0,992.0,0.0
2024-12-10T01:00,12.7,69,8.7,328.0,991.9,0.0
2024-12-10T02:00,12.4,69,9.1,326.0,991.5,0.0
2024-12-10T03:00,11.8,69,8.1,317.0,991.2,0.0
2024-12-10T04:00,11.3,71,8.9,313.0,991.1,0.0
2024-12-10T05:00,10.7,74,8.7,307.0,991.3,0.0
2024-12-10T06:00,9.8,86,8.2,303.0,992.0,0.0
2024-12-10T07:00,9.8,85,8.6,301.0,992.8,0.0
2024-12-10T08:00,11.1,79,10.5,305.0,993.7,0.0
2024-12-10T09:00,13.1,70,10.9,316.0,994.3,0.0
2024-12-10T10:00,15.3,61,12.5,324.0,994.3,0.0
2024-12-10T11:00,17.5,51,14.4,329.0,993.5,0.0
2024-12-10T12:00,19.2,35,15.4,328.0,992.6,0.0
2024-12-10T13:00,20.1,22,15.5,329.0,991.7,0.0
2024-12-10T14:00,20.1,21,15.7,330.0,990.9,0.0
2024-12-10T15:00,19.7,22,15.3,330.0,990.4,0.0
2024-12-10T16:00,18.6,26,11.6,325.0,990.2,0.0
2024-12-10T17:00,16.6,33,8.4,318.0,990.4,0.0
2024-12-10T18:00,16.6,36,8.3,311.0,991.1,0.0
2024-12-10T19:00,15.7,38,7.9,305.0,991.5,0.0
2024-12-10T20:00,14.7,42,7.9,303.0,992.2,0.0
2024-12-10T21:00,13.6,46,7.6,304.0,992.4,0.0
2024-12-10T22:00,12.8,48,7.9,309.0,992.7,0.0
2024-12-10T23:00,12.2,50,8.7,313.0,992.2,0.0
2024-12-11T00:00,11.5,51,9.5,316.0,991.9,0.0
2024-12-11T01:00,10.9,53,9.7,318.0,991.4,0.0
2024-12-11T02:00,10.4,53,9.8,316.0,991.1,0.0
2024-12-11T03:00,10.1,52,9.9,314.0,991.0,0.0
2024-12-11T04:00,9.8,51,9.8,310.0,990.9,0.0
2024-12-11T05:00,9.4,52,9.4,300.0,991.2,0.0
2024-12-11T06:00,8.4,59,9.4,294.0,992.3,0.0
2024-12-11T07:00,8.2,61,9.5,292.0,992.9,0.0
2024-12-11T08:00,9.5,58,10.9,290.0,993.9,0.0
2024-12-11T09:00,11.8,52,8.9,302.0,994.5,0.0
2024-12-11T10:00,14.4,45,10.0,309.0,994.6,0.0
2024-12-11T11:00,16.9,39,11.2,311.0,993.8,0.0
2024-12-11T12:00,18.6,34,12.0,311.0,992.6,0.0
2024-12-11T13:00,19.7,31,12.3,314.0,991.5,0.0
2024-12-11T14:00,20.2,30,13.1,316.0,990.9,0.0
2024-12-11T15:00,20.0,31,12.6,314.0,990.4,0.0
2024-12-11T16:00,19.2,33,9.6,307.0,990.2,0.0
2024-12-11T17:00,16.9,41,8.2,320.0,990.2,0.0
2024-12-11T18:00,16.9,42,8.5,316.0,990.6,0.0
2024-12-11T19:00,15.9,46,8.3,316.0,990.8,0.0
2024-12-11T20:00,15.0,48,7.9,313.0,991.2,0.0
2024-12-11T21:00,14.2,50,7.4,311.0,991.5,0.0
2024-12-11T22:00,13.3,53,7.0,310.0,991.1,0.0
2024-12-11T23:00,12.5,56,6.6,305.0,990.9,0.0
2024-12-12T00:00,11.7,59,6.4,306.0,990.4,0.0
2024-12-12T01:00,10.8,63,6.2,308.0,989.8,0.0
2024-12-12T02:00,10.1,66,6.3,309.0,989.6,0.0
2024-12-12T03:00,9.6,68,6.9,313.0,989.3,0.0
2024-12-12T04:00,9.1,71,7.4,315.0,988.9,0.0
2024-12-12T05:00,8.8,72,7.4,313.0,989.0,0.0
2024-12-12T06:00,7.7,75,7.9,317.0,989.9,0.0
2024-12-12T07:00,8.0,74,9.0,317.0,990.4,0.0
2024-12-12T08:00,9.9,66,11.2,314.0,991.5,0.0
2024-12-12T09:00,12.5,57,8.7,326.0,992.2,0.0
2024-12-12T10:00,15.4,47,9.0,330.0,992.7,0.0
2024-12-12T11:00,17.9,39,10.3,325.0,992.2,0.0
2024-12-12T12:00,19.4,33,11.0,322.0,991.8,0.0
2024-12-12T13:00,20.2,31,11.2,318.0,990.9,0.0
2024-12-12T14:00,20.5,30,11.6,314.0,990.7,0.0
2024-12-12T15:00,20.2,31,11.6,311.0,990.7,0.0
2024-12-12T16:00,19.3,34,10.2,298.0,990.7,0.0
2024-12-12T17:00,17.8,39,7.7,303.0,990.9,0.0
2024-12-12T18:00,17.7,42,8.1,305.0,991.6,0.0
2024-12-12T19:00,16.7,47,8.8,309.0,992.3,0.0
2024-12-12T20:00,15.7,50,9.2,310.0,992.8,0.0
2024-12-12T21:00,15.0,52,9.9,312.0,992.9,0.0
2024-12-12T22:00,14.6,52,10.8,314.0,993.0,0.0
2024-12-12T23:00,13.8,53,10.8,318.0,992.8,0.0
2024-12-13T00:00,13.0,57,11.1,321.0,992.8,0.0
2024-12-13T01:00,12.5,59,11.7,322.0,992.8,0.0
2024-12-13T02:00,11.9,61,11.6,321.0,992.7,0.0
2024-12-13T03:00,11.3,63,11.9,319.0,992.3,0.0
2024-12-13T04:00,10.8,65,12.6,319.0,992.2,0.0
2024-12-13T05:00,10.4,65,12.0,314.0,992.2,0.0
2024-12-13T06:00,9.4,71,10.9,309.0,992.5,0.0
2024-12-13T07:00,9.2,70,11.1,306.0,993.3,0.0
2024-12-13T08:00,10.4,65,12.6,304.0,994.1,0.0
2024-12-13T09:00,12.5,55,12.6,311.0,994.7,0.0
2024-12-13T10:00,15.1,46,13.9,312.0,994.6,0.0
2024-12-13T11:00,17.5,38,15.6,311.0,993.7,0.0
2024-12-13T12:00,19.2,33,17.4,314.0,992.2,0.0
2024-12-13T13:00,20.3,29,18.3,316.0,991.1,0.0
2024-12-13T14:00,20.6,29,18.2,316.0,990.6,0.0
2024-12-13T15:00,20.2,30,16.5,308.0,990.3,0.0
2024-12-13T16:00,19.4,33,14.2,297.0,990.3,0.0
2024-12-13T17:00,17.8,39,11.6,289.0,990.7,0.0
2024-12-13T18:00,17.7,40,12.5,285.0,991.5,0.0
2024-12-13T19:00,16.9,39,13.2,287.0,992.0,0.0
2024-12-13T20:00,16.2,38,13.9,291.0,992.3,0.0
2024-12-13T21:00,15.4,39,14.4,296.0,992.7,0.0
2024-12-13T22:00,14.7,40,14.5,298.0,992.4,0.0
2024-12-13T23:00,14.0,41,13.7,302.0,992.2,0.0
2024-12-14T00:00,13.3,43,13.6,304.0,991.8,0.0
2024-12-14T01:00,12.6,45,13.1,304.0,991.7,0.0
2024-12-14T02:00,12.0,47,12.7,305.0,991.3,0.0
2024-12-14T03:00,11.4,48,12.1,302.0,990.9,0.0
2024-12-14T04:00,10.9,49,11.7,302.0,990.8,0.0
2024-12-14T05:00,10.5,50,11.1,299.0,991.0,0.0
2024-12-14T06:00,8.9,60,10.8,294.0,991.8,0.0
2024-12-14T07:00,8.6,61,11.3,290.0,992.8,0.0
2024-12-14T08:00,9.8,56,12.0,289.0,993.7,0.0
2024-12-14T09:00,11.9,49,11.9,297.0,995.0,0.0
2024-12-14T10:00,14.5,42,11.6,303.0,995.1,0.0
2024-12-14T11:00,17.0,35,11.1,312.0,994.3,0.0
2024-12-14T12:00,19.0,31,12.0,317.0,993.3,0.0
2024-12-14T13:00,20.2,29,13.1,317.0,992.4,0.0
2024-12-14T14:00,20.7,29,13.6,317.0,991.8,0.0
2024-12-14T15:00,20.5,30,12.5,309.0,991.6,0.0
2024-12-14T16:00,19.8,32,11.4,297.0,991.7,0.0
2024-12-14T17:00,18.0,38,9.2,301.0,991.8,0.0
2024-12-14T18:00,17.8,41,9.3,302.0,992.7,0.0
2024-12-14T19:00,16.7,44,8.7,304.0,992.9,0.0
2024-12-14T20:00,15.7,47,7.4,304.0,993.1,0.0
2024-12-14T21:00,14.9,49,6.9,301.0,993.3,0.0
2024-12-14T22:00,14.1,52,6.8,302.0,993.4,0.0
2024-12-14T23:00,13.4,54,7.2,305.0,992.7,0.0
2024-12-15T00:00,12.8,55,7.7,311.0,992.4,0.0
2024-12-15T01:00,12.0,57,7.8,314.0,992.1,0.0
2024-12-15T02:00,11.3,58,7.8,316.0,991.9,0.0
2024-12-15T03:00,10.6,60,7.3,308.0,991.9,0.0
2024-12-15T04:00,9.9,62,6.9,301.0,991.9,0.0
2024-12-15T05:00,9.3,64,6.5,298.0,992.3,0.0
2024-12-15T06:00,7.3,76,5.6,303.0,993.6,0.0
2024-12-15T07:00,7.3,76,5.4,307.0,994.5,0.0
2024-12-15T08:00,9.2,66,6.9,307.0,995.6,0.0
2024-12-15T09:00,12.0,55,5.5,319.0,997.0,0.0
2024-12-15T10:00,14.8,46,5.4,326.0,997.5,0.0
2024-12-15T11:00,17.3,38,5.7,336.0,996.7,0.0
2024-12-15T12:00,19.2,32,6.0,335.0,995.6,0.0
2024-12-15T13:00,20.5,28,5.9,337.0,994.3,0.0
2024-12-15T14:00,21.1,26,5.6,335.0,993.6,0.0
2024-12-15T15:00,21.0,26,5.9,337.0,993.1,0.0
2024-12-15T16:00,20.1,28,4.5,326.0,992.8,0.0
2024-12-15T17:00,17.5,38,9.3,342.0,992.7,0.0
2024-12-15T18:00,17.3,46,10.9,338.0,993.4,0.0
2024-12-15T19:00,16.2,52,10.5,344.0,993.6,0.0
2024-12-15T20:00,15.3,56,9.5,341.0,993.9,0.0
2024-12-15T21:00,14.4,60,8.7,343.0,993.9,0.0
2024-12-15T22:00,13.6,64,9.2,348.0,993.6,0.0
2024-12-15T23:00,12.8,67,9.2,348.0,993.0,0.0
2024-12-16T00:00,12.1,71,9.6,348.0,992.3,0.0
2024-12-16T01:00,11.4,76,9.3,350.0,991.8,0.0
2024-12-16T02:00,10.6,80,8.5,347.0,991.6,0.0
2024-12-16T03:00,9.6,84,7.5,336.0,991.5,0.0
2024-12-16T04:00,8.8,88,7.0,320.0,991.6,0.0
2024-12-16T05:00,8.2,90,7.2,321.0,991.6,0.0
2024-12-16T06:00,7.0,92,7.5,325.0,992.7,0.0
2024-12-16T07:00,7.0,92,7.0,316.0,993.5,0.0
2024-12-16T08:00,8.7,85,8.0,314.0,994.5,0.0
2024-12-16T09:00,11.4,74,5.6,329.0,995.6,0.0
2024-12-16T10:00,14.3,66,6.4,342.0,995.7,0.0
2024-12-16T11:00,16.8,57,6.1,346.0,994.9,0.0
2024-12-16T12:00,18.7,48,5.3,348.0,993.6,0.0
2024-12-16T13:00,20.1,42,4.8,347.0,992.2,0.0
2024-12-16T14:00,20.9,38,4.5,346.0,991.2,0.0
2024-12-16T15:00,21.0,38,3.9,332.0,990.8,0.0
2024-12-16T16:00,20.3,41,2.8,315.0,990.3,0.0
2024-12-16T17:00,17.9,52,4.1,337.0,990.2,0.0
2024-12-16T18:00,17.5,56,5.7,336.0,990.5,0.0
2024-12-16T19:00,16.8,61,6.9,353.0,990.8,0.0
2024-12-16T20:00,16.2,64,7.2,360.0,990.9,0.0
2024-12-16T21:00,15.9,67,6.3,2.0,991.1,0.0
2024-12-16T22:00,15.2,71,6.5,358.0,991.0,0.0
2024-12-16T23:00,14.0,76,7.1,351.0,990.7,0.0
2024-12-17T00:00,12.7,83,8.5,343.0,990.2,0.0
2024-12-17T01:00,11.5,90,9.0,345.0,989.9,0.0
2024-12-17T02:00,10.4,96,8.6,344.0,989.5,0.0
2024-12-17T03:00,9.4,100,8.3,340.0,989.0,0.0
2024-12-17T04:00,9.0,100,5.3,336.0,988.7,0.0
2024-12-17T05:00,9.0,99,3.3,299.0,989.0,0.0
2024-12-17T06:00,8.0,99,3.1,216.0,990.1,0.0
2024-12-17T07:00,7.7,98,5.1,197.0,990.8,0.0
2024-12-17T08:00,9.1,96,5.6,201.0,991.8,0.0
2024-12-17T09:00,11.1,92,3.6,198.0,993.0,0.0
2024-12-17T10:00,13.7,80,3.4,180.0,993.7,0.0
2024-12-17T11:00,16.6,67,2.9,158.0,993.1,0.0
2024-12-17T12:00,18.9,54,2.1,121.0,991.9,0.0
2024-12-17T13:00,20.1,48,1.9,68.0,990.9,0.0
2024-12-17T14:00,20.6,44,2.3,32.0,990.4,0.0
2024-12-17T15:00,20.5,43,1.1,360.0,990.1,0.0
2024-12-17T16:00,19.9,44,1.0,301.0,990.0,0.0
2024-12-17T17:00,17.7,52,2.3,315.0,989.9,0.0
2024-12-17T18:00,18.1,55,4.3,345.0,990.3,0.0
2024-12-17T19:00,16.8,62,6.8,349.0,990.8,0.0
2024-12-17T20:00,16.1,66,7.4,354.0,991.1,0.0
2024-12-17T21:00,15.5,68,7.4,353.0,991.2,0.0
2024-12-17T22:00,14.7,69,7.8,356.0,991.3,0.0
2024-12-17T23:00,13.8,71,8.5,355.0,991.2,0.0
2024-12-18T00:00,12.8,77,8.5,348.0,991.0,0.0
2024-12-18T01:00,11.8,82,8.3,342.0,990.6,0.0
2024-12-18T02:00,10.8,87,7.8,328.0,990.3,0.0
2024-12-18T03:00,10.1,89,7.6,324.0,989.8,0.0
2024-12-18T04:00,9.6,91,7.1,319.0,989.8,0.0
2024-12-18T05:00,9.2,92,7.4,319.0,989.9,0.0
2024-12-18T06:00,8.0,98,8.3,318.0,991.2,0.0
2024-12-18T07:00,7.6,99,6.7,304.0,991.6,0.0
2024-12-18T08:00,8.1,96,6.2,308.0,992.4,0.0
2024-12-18T09:00,10.1,86,5.1,309.0,993.4,0.0
2024-12-18T10:00,13.4,70,5.3,325.0,993.1,0.0
2024-12-18T11:00,17.0,56,4.8,333.0,991.9,0.0
2024-12-18T12:00,19.1,45,3.4,342.0,990.5,0.0
2024-12-18T13:00,20.4,38,1.8,315.0,989.6,0.0
2024-12-18T14:00,20.9,35,2.4,261.0,989.0,0.0
2024-12-18T15:00,20.8,36,4.7,274.0,988.8,0.0
2024-12-18T16:00,19.7,42,7.4,284.0,988.6,0.0
2024-12-18T17:00,17.7,50,9.1,319.0,988.7,0.0
2024-12-18T18:00,17.5,52,8.4,326.0,988.9,0.0
2024-12-18T19:00,16.2,59,8.5,333.0,989.1,0.0
2024-12-18T20:00,15.3,64,6.6,325.0,989.3,0.0
2024-12-18T21:00,14.5,68,6.1,317.0,989.5,0.0
2024-12-18T22:00,13.5,72,5.4,310.0,989.4,0.0
2024-12-18T23:00,12.4,76,4.5,299.0,989.3,0.0
2024-12-19T00:00,11.5,79,3.8,287.0,988.9,0.0
2024-12-19T01:00,10.7,82,2.6,286.0,989.0,0.0
2024-12-19T02:00,10.0,85,2.7,290.0,988.6,0.0
2024-12-19T03:00,9.5,87,2.3,270.0,988.5,0.0
2024-12-19T04:00,9.1,87,1.3,254.0,988.6,0.0
2024-12-19T05:00,9.1,86,1.3,352.0,989.1,0.0
2024-12-19T06:00,8.0,88,0.9,180.0,990.3,0.0
2024-12-19T07:00,8.0,89,2.3,119.0,991.1,0.0
2024-12-19T08:00,10.3,80,6.0,111.0,992.1,0.0
2024-12-19T09:00,13.5,67,4.3,105.0,993.3,0.0
2024-12-19T10:00,16.3,56,6.0,115.0,993.5,0.0
2024-12-19T11:00,18.1,47,8.2,131.0,992.9,0.0
2024-12-19T12:00,19.5,38,8.3,136.0,992.0,0.0
2024-12-19T13:00,20.4,34,7.9,139.0,991.2,0.0
2024-12-19T14:00,20.8,33,7.1,137.0,990.2,0.0
2024-12-19T15:00,20.8,33,6.4,128.0,989.6,0.0
2024-12-19T16:00,20.1,35,6.1,114.0,989.1,0.0
2024-12-19T17:00,18.2,43,4.5,106.0,989.0,0.0
2024-12-19T18:00,17.6,48,4.7,113.0,989.4,0.0
2024-12-19T19:00,16.6,54,4.4,111.0,989.7,0.0
2024-12-19T20:00,16.2,57,3.5,102.0,989.9,0.0
2024-12-19T21:00,15.6,60,3.2,74.0,990.4,0.0
2024-12-19T22:00,14.8,64,3.3,68.0,990.5,0.0
2024-12-19T23:00,14.0,69,3.6,70.0,990.4,0.0
2024-12-20T00:00,13.1,73,4.3,73.0,990.2,0.0
2024-12-20T01:00,12.3,77,4.5,74.0,989.9,0.0
2024-12-20T02:00,11.8,79,4.0,69.0,989.8,0.0
2024-12-20T03:00,11.5,81,3.5,55.0,989.4,0.0
2024-12-20T04:00,11.2,82,2.9,47.0,989.3,0.0
2024-12-20T05:00,10.9,83,3.3,49.0,989.5,0.0
2024-12-20T06:00,10.5,87,2.7,86.0,990.5,0.0
2024-12-20T07:00,10.2,88,3.3,68.0,991.0,0.0
2024-12-20T08:00,12.1,79,4.8,53.0,991.8,0.0
2024-12-20T09:00,14.9,66,2.6,39.0,992.7,0.0
2024-12-20T10:00,17.8,55,2.9,43.0,992.9,0.0
2024-12-20T11:00,20.0,46,2.8,27.0,992.2,0.0
2024-12-20T12:00,21.6,38,3.1,3.0,991.0,0.0
2024-12-20T13:00,22.6,33,3.4,357.0,989.9,0.0
2024-12-20T14:00,23.2,29,3.8,349.0,989.2,0.0
2024-12-20T15:00,23.2,29,4.8,347.0,988.5,0.0
2024-12-20T16:00,22.3,32,6.5,341.0,988.2,0.0
2024-12-20T17:00,20.0,42,4.8,335.0,988.3,0.0
2024-12-20T18:00,19.2,49,5.2,335.0,989.0,0.0
2024-12-20T19:00,18.3,57,5.7,316.0,989.3,0.0
2024-12-20T20:00,17.2,66,5.5,314.0,989.6,0.0
2024-12-20T21:00,16.2,71,5.0,308.0,989.9,0.0
2024-12-20T22:00,15.4,74,4.9,306.0,989.9,0.0
2024-12-20T23:00,14.5,78,5.0,311.0,989.6,0.0
2024-12-21T00:00,13.5,82,5.0,314.0,989.4,0.0
2024-12-21T01:00,12.7,85,4.8,315.0,989.2,0.0
2024-12-21T02:00,12.1,86,5.0,319.0,989.3,0.0
2024-12-21T03:00,11.5,86,5.0,322.0,989.1,0.0
2024-12-21T04:00,11.0,86,4.8,315.0,989.2,0.0
2024-12-21T05:00,10.6,86,4.6,306.0,989.2,0.0
2024-12-21T06:00,9.3,92,3.6,288.0,989.9,0.0
2024-12-21T07:00,9.2,92,4.1,272.0,990.6,0.0
2024-12-21T08:00,10.6,86,6.8,273.0,991.8,0.0
2024-12-21T09:00,13.3,73,4.8,290.0,992.7,0.0
2024-12-21T10:00,16.1,61,4.4,305.0,992.8,0.0
2024-12-21T11:00,18.7,49,4.3,315.0,992.2,0.0
2024-12-21T12:00,20.8,39,5.0,330.0,991.2,0.0
2024-12-21T13:00,21.8,34,5.9,322.0,990.6,0.0
2024-12-21T14:00,22.1,33,6.8,312.0,990.1,0.0
2024-12-21T15:00,21.8,35,7.3,312.0,989.8,0.0
2024-12-21T16:00,20.9,39,6.9,315.0,989.6,0.0
2024-12-21T17:00,18.5,51,4.5,313.0,989.6,0.0
2024-12-21T18:00,18.5,48,4.5,344.0,990.4,0.0
2024-12-21T19:00,17.5,53,4.4,9.0,990.7,0.0
2024-12-21T20:00,16.6,58,4.9,17.0,991.2,0.0
2024-12-21T21:00,15.6,63,4.2,12.0,991.7,0.0
2024-12-21T22:00,14.9,65,3.1,7.0,991.6,0.0
2024-12-21T23:00,14.2,69,3.4,18.0,991.2,0.0
2024-12-22T00:00,13.5,71,2.9,22.0,990.7,0.0
2024-12-22T01:00,13.1,73,2.1,31.0,990.1,0.0
2024-12-22T02:00,13.0,73,0.8,45.0,989.8,0.0
2024-12-22T03:00,13.1,71,0.6,288.0,989.6,0.0
2024-12-22T04:00,12.6,74,2.1,285.0,989.2,0.0
2024-12-22T05:00,12.1,77,2.4,283.0,989.3,0.0
2024-12-22T06:00,10.6,83,2.8,255.0,990.0,0.0
2024-12-22T07:00,10.5,83,1.5,249.0,990.6,0.0
2024-12-22T08:00,12.1,75,1.5,330.0,991.6,0.0
2024-12-22T09:00,15.2,62,1.9,41.0,992.5,0.0
2024-12-22T10:00,18.1,49,1.9,73.0,992.9,0.0
2024-12-22T11:00,20.1,42,2.3,108.0,992.5,0.0
2024-12-22T12:00,21.4,38,3.1,130.0,991.4,0.0
2024-12-22T13:00,22.2,35,3.7,145.0,990.6,0.0
2024-12-22T14:00,22.5,34,4.8,153.0,989.9,0.0
2024-12-22T15:00,22.2,35,6.1,156.0,989.3,0.0
2024-12-22T16:00,21.4,37,7.2,158.0,989.0,0.0
2024-12-22T17:00,19.8,43,6.2,163.0,988.8,0.0
2024-12-22T18:00,19.0,50,4.9,172.0,989.3,0.0
2024-12-22T19:00,17.5,58,3.9,152.0,989.7,0.0
2024-12-22T20:00,16.7,62,2.5,111.0,990.3,0.0
2024-12-22T21:00,15.5,66,4.4,83.0,990.7,0.0
2024-12-22T22:00,14.8,68,4.9,94.0,990.8,0.0
2024-12-22T23:00,14.3,70,5.5,103.0,990.2,0.0
2024-12-23T00:00,14.0,69,8.4,105.0,989.4,0.0
2024-12-23T01:00,13.4,69,6.9,120.0,988.9,0.0
2024-12-23T02:00,12.9,70,7.4,124.0,988.6,0.0
2024-12-23T03:00,12.4,71,8.4,125.0,988.1,0.0
2024-12-23T04:00,12.0,72,7.6,121.0,988.1,0.0
2024-12-23T05:00,11.6,73,5.6,121.0,988.5,0.0
2024-12-23T06:00,12.8,72,5.6,123.0,989.5,0.0
2024-12-23T07:00,12.1,75,3.1,97.0,990.5,0.1
2024-12-23T08:00,13.0,71,4.8,75.0,991.9,0.3
2024-12-23T09:00,14.3,68,4.8,101.0,992.9,0.0
2024-12-23T10:00,15.3,65,5.3,82.0,993.6,0.0
2024-12-23T11:00,15.5,67,7.3,99.0,992.9,0.0
2024-12-23T12:00,16.9,61,8.6,67.0,991.8,0.0
2024-12-23T13:00,17.6,57,8.8,95.0,990.9,0.0
2024-12-23T14:00,16.9,60,9.6,87.0,990.6,1.0
2024-12-23T15:00,16.3,63,10.1,85.0,989.9,0.0
2024-12-23T16:00,16.6,64,8.7,83.0,989.7,0.0
2024-12-23T17:00,16.4,65,6.9,84.0,989.6,0.0
2024-12-23T18:00,16.3,66,7.0,89.0,990.0,0.0
2024-12-23T19:00,15.6,69,5.2,88.0,990.6,0.0
2024-12-23T20:00,15.1,70,6.0,95.0,990.9,0.0
2024-12-23T21:00,14.5,70,6.9,105.0,991.1,0.0
2024-12-23T22:00,13.5,76,4.5,97.0,991.2,0.0
2024-12-23T23:00,12.8,80,4.0,80.0,990.9,0.0
2024-12-24T00:00,12.3,83,4.3,62.0,990.7,0.0
2024-12-24T01:00,11.8,86,4.1,45.0,990.5,0.0
2024-12-24T02:00,12.1,85,3.6,37.0,990.4,0.0
2024-12-24T03:00,12.3,82,4.3,48.0,990.3,0.0
2024-12-24T04:00,12.1,82,5.2,78.0,990.1,0.0
2024-12-24T05:00,11.4,86,8.0,346.0,990.9,0.0
2024-12-24T06:00,11.9,85,6.1,32.0,991.3,0.2
2024-12-24T07:00,11.9,84,7.5,30.0,992.2,0.2
2024-12-24T08:00,12.7,83,8.9,58.0,992.5,0.0
2024-12-24T09:00,13.8,78,6.7,63.0,993.4,0.0
2024-12-24T10:00,15.3,71,6.7,52.0,993.7,0.0
2024-12-24T11:00,17.1,64,4.5,56.0,993.2,0.0
2024-12-24T12:00,18.2,58,6.4,65.0,992.2,0.0
2024-12-24T13:00,18.2,59,6.9,81.0,991.3,0.0
2024-12-24T14:00,18.7,58,5.9,102.0,990.9,0.1
2024-12-24T15:00,18.3,61,4.6,99.0,990.6,0.0
2024-12-24T16:00,18.2,62,4.4,120.0,990.7,0.0
2024-12-24T17:00,16.9,72,3.7,137.0,990.9,0.0
2024-12-24T18:00,15.9,80,5.8,9.0,991.2,0.0
2024-12-24T19:00,15.6,80,2.7,266.0,992.1,0.0
2024-12-24T20:00,15.3,82,4.9,266.0,992.7,0.0
2024-12-24T21:00,14.8,84,3.8,301.0,993.2,0.0
2024-12-24T22:00,14.2,86,4.1,326.0,993.4,0.0
2024-12-24T23:00,13.7,87,5.4,340.0,993.4,0.0
2024-12-25T00:00,13.0,91,5.8,358.0,993.1,0.0
2024-12-25T01:00,12.4,93,4.9,358.0,992.8,0.0
2024-12-25T02:00,12.1,94,4.9,354.0,992.5,0.0
2024-12-25T03:00,11.7,95,4.9,356.0,992.4,0.0
2024-12-25T04:00,11.2,95,4.8,349.0,991.9,0.0
2024-12-25T05:00,10.8,94,3.9,336.0,992.1,0.0
2024-12-25T06:00,10.8,96,3.7,317.0,992.6,0.0
2024-12-25T07:00,10.9,96,4.8,285.0,993.3,0.0
2024-12-25T08:00,11.8,93,6.8,273.0,993.8,0.0
2024-12-25T09:00,13.6,85,5.2,266.0,994.8,0.0
2024-12-25T10:00,16.1,73,4.7,302.0,995.4,0.0
2024-12-25T11:00,18.0,63,5.7,323.0,994.9,0.0
2024-12-25T12:00,19.3,56,5.5,324.0,994.1,0.0
2024-12-25T13:00,20.2,51,6.1,326.0,993.3,0.0
2024-12-25T14:00,20.6,49,6.9,329.0,992.8,0.0
2024-12-25T15:00,20.6,49,7.5,333.0,992.6,0.0
2024-12-25T16:00,20.0,51,7.6,332.0,992.6,0.0
2024-12-25T17:00,18.0,64,4.2,324.0,992.7,0.0
2024-12-25T18:00,17.1,73,4.3,315.0,993.3,0.0
2024-12-25T19:00,16.3,76,4.1,293.0,993.9,0.0
2024-12-25T20:00,15.6,78,4.0,297.0,994.5,0.0
2024-12-25T21:00,14.8,80,4.5,293.0,995.0,0.0
2024-12-25T22:00,14.0,83,4.6,288.0,995.2,0.0
2024-12-25T23:00,13.3,85,4.7,302.0,994.9,0.0
2024-12-26T00:00,12.7,86,4.8,299.0,994.6,0.0
2024-12-26T01:00,12.0,88,4.6,291.0,994.2,0.0
2024-12-26T02:00,11.5,89,4.4,279.0,994.0,0.0
2024-12-26T03:00,10.9,90,4.3,285.0,994.0,0.0
2024-12-26T04:00,10.5,91,4.3,275.0,993.9,0.0
2024-12-26T05:00,10.1,92,4.1,272.0,994.3,0.0
2024-12-26T06:00,9.9,92,3.8,287.0,995.2,0.0
2024-12-26T07:00,9.9,92,3.0,308.0,995.9,0.0
2024-12-26T08:00,11.6,86,4.0,328.0,996.7,0.0
2024-12-26T09:00,14.0,77,1.8,349.0,997.6,0.0
2024-12-26T10:00,16.8,67,2.2,5.0,998.0,0.0
2024-12-26T11:00,19.4,56,2.4,13.0,997.4,0.0
2024-12-26T12:00,21.2,46,2.4,36.0,996.5,0.0
2024-12-26T13:00,22.2,41,1.9,73.0,995.6,0.0
2024-12-26T14:00,22.6,39,2.2,95.0,994.8,0.0
2024-12-26T15:00,22.5,40,2.3,72.0,994.5,0.0
2024-12-26T16:00,21.9,42,3.6,63.0,994.1,0.0
2024-12-26T17:00,20.0,57,1.6,84.0,994.1,0.0
2024-12-26T18:00,19.5,51,2.7,86.0,994.7,0.0
2024-12-26T19:00,18.6,54,3.1,69.0,995.1,0.0
2024-12-26T20:00,18.0,56,2.9,79.0,995.3,0.0
2024-12-26T21:00,17.4,60,2.3,122.0,995.4,0.0
2024-12-26T22:00,16.9,64,3.3,99.0,995.1,0.0
2024-12-26T23:00,16.5,67,2.7,94.0,994.5,0.0
2024-12-27T00:00,15.7,72,4.4,63.0,994.0,0.0
2024-12-27T01:00,15.7,71,4.4,60.0,993.6,0.0
2024-12-27T02:00,15.3,71,1.6,63.0,993.5,0.0
2024-12-27T03:00,15.6,70,0.4,270.0,993.8,0.0
2024-12-27T04:00,15.1,72,1.2,129.0,993.3,0.0
2024-12-27T05:00,14.9,73,8.2,76.0,993.0,0.0
2024-12-27T06:00,14.4,84,7.2,18.0,993.0,3.2
2024-12-27T07:00,14.4,85,9.0,15.0,993.6,0.0
2024-12-27T08:00,14.9,83,4.9,358.0,994.8,2.0
2024-12-27T09:00,15.0,85,10.8,42.0,995.4,1.6
2024-12-27T10:00,15.5,86,6.0,51.0,995.7,0.2
2024-12-27T11:00,16.6,84,7.8,38.0,995.3,0.4
2024-12-27T12:00,17.1,81,10.8,46.0,994.1,1.5
2024-12-27T13:00,16.8,81,9.6,40.0,993.5,2.8
2024-12-27T14:00,16.3,85,8.0,72.0,992.8,3.0
2024-12-27T15:00,15.6,92,7.3,38.0,992.7,2.8
2024-12-27T16:00,15.0,90,10.4,62.0,992.6,3.9
2024-12-27T17:00,14.3,94,10.3,63.0,992.3,3.2
2024-12-27T18:00,14.3,96,9.6,74.0,993.1,2.7
2024-12-27T19:00,14.4,95,10.3,84.0,993.2,1.2
2024-12-27T20:00,14.4,95,9.6,99.0,993.8,0.2
2024-12-27T21:00,14.4,93,10.8,105.0,993.6,0.7
2024-12-27T22:00,14.2,93,11.3,112.0,993.7,0.5
2024-12-27T23:00,13.8,93,9.2,121.0,993.7,0.0
2024-12-28T00:00,13.6,93,7.8,112.0,992.7,0.0
2024-12-28T01:00,13.2,93,4.7,140.0,992.6,0.0
2024-12-28T02:00,13.6,91,3.8,79.0,991.9,0.0
2024-12-28T03:00,13.0,94,6.0,115.0,991.3,0.1
2024-12-28T04:00,12.8,94,7.8,112.0,990.8,0.5
2024-12-28T05:00,12.3,94,4.4,150.0,991.0,0.2
2024-12-28T06:00,13.0,95,3.8,253.0,992.2,0.9
2024-12-28T07:00,13.8,93,3.3,225.0,992.9,0.2
2024-12-28T08:00,14.7,90,5.9,293.0,993.8,2.5
2024-12-28T09:00,15.1,91,4.3,327.0,994.9,0.2
2024-12-28T10:00,16.3,87,4.8,301.0,995.2,0.0
2024-12-28T11:00,17.3,83,6.9,309.0,994.8,0.0
2024-12-28T12:00,17.5,82,7.2,328.0,993.8,0.0
2024-12-28T13:00,17.4,82,7.6,326.0,993.0,0.0
2024-12-28T14:00,17.9,79,6.5,326.0,992.4,0.0
2024-12-28T15:00,18.1,77,5.4,339.0,992.2,0.0
2024-12-28T16:00,17.8,78,4.7,356.0,992.2,0.0
2024-12-28T17:00,16.6,85,3.6,20.0,992.5,0.0
2024-12-28T18:00,15.8,91,6.2,7.0,993.8,0.0
2024-12-28T19:00,15.4,92,4.4,339.0,994.3,0.0
2024-12-28T20:00,14.7,93,4.8,335.0,994.7,0.0
2024-12-28T21:00,13.3,95,4.7,328.0,995.2,0.0
2024-12-28T22:00,12.8,96,5.0,316.0,995.4,0.0
2024-12-28T23:00,12.9,96,6.4,315.0,995.2,0.0
2024-12-29T00:00,12.5,96,6.9,317.0,994.7,0.0
2024-12-29T01:00,12.0,96,7.5,323.0,994.4,0.0
2024-12-29T02:00,11.6,96,8.0,318.0,994.1,0.0
2024-12-29T03:00,11.3,96,8.2,310.0,993.9,0.0
2024-12-29T04:00,10.9,96,8.8,303.0,994.0,0.0
2024-12-29T05:00,10.6,97,9.2,301.0,994.2,0.0
2024-12-29T06:00,12.5,98,9.4,310.0,995.3,0.0
2024-12-29T07:00,12.5,97,8.4,310.0,996.0,0.0
2024-12-29T08:00,12.8,94,8.7,322.0,996.6,0.0
2024-12-29T09:00,13.4,91,8.8,325.0,997.2,0.0
2024-12-29T10:00,14.7,84,6.9,317.0,997.3,0.0
2024-12-29T11:00,16.0,78,6.8,305.0,996.6,0.0
2024-12-29T12:00,17.0,74,7.5,300.0,995.6,0.0
2024-12-29T13:00,17.8,70,8.5,299.0,994.6,0.0
2024-12-29T14:00,18.3,66,9.2,303.0,994.1,0.0
2024-12-29T15:00,18.2,64,9.6,304.0,993.8,0.0
2024-12-29T16:00,17.5,67,7.7,306.0,993.6,0.0
2024-12-29T17:00,15.8,75,5.8,300.0,993.5,0.0
2024-12-29T18:00,13.9,83,7.7,309.0,994.9,0.0
2024-12-29T19:00,13.2,86,7.5,305.0,995.2,0.0
2024-12-29T20:00,12.5,88,7.6,297.0,995.3,0.0
2024-12-29T21:00,11.9,90,8.2,292.0,995.4,0.0
2024-12-29T22:00,11.5,91,8.2,289.0,995.5,0.0
2024-12-29T23:00,11.1,92,8.2,293.0,995.0,0.0
2024-12-30T00:00,10.8,93,8.6,296.0,994.5,0.0
2024-12-30T01:00,10.6,94,8.8,293.0,994.0,0.0
2024-12-30T02:00,10.4,94,9.4,288.0,993.7,0.0
2024-12-30T03:00,10.1,95,9.1,287.0,993.0,0.0
2024-12-30T04:00,9.9,96,9.0,285.0,992.7,0.0
2024-12-30T05:00,9.6,96,9.0,283.0,992.5,0.0
2024-12-30T06:00,10.9,99,11.0,294.0,993.8,0.0
2024-12-30T07:00,11.0,99,9.7,297.0,994.6,0.0
2024-12-30T08:00,11.2,98,9.3,302.0,995.2,0.0
2024-12-30T09:00,12.1,93,9.5,307.0,995.8,0.0
2024-12-30T10:00,13.3,87,9.8,311.0,996.2,0.0
2024-12-30T11:00,14.9,79,7.9,303.0,995.7,0.0
2024-12-30T12:00,16.2,75,7.5,290.0,994.4,0.0
2024-12-30T13:00,17.3,71,7.8,292.0,993.6,0.0
2024-12-30T14:00,17.9,70,7.8,292.0,993.0,0.0
2024-12-30T15:00,18.1,68,8.1,295.0,992.9,0.0
2024-12-30T16:00,17.6,71,6.7,294.0,993.0,0.0
2024-12-30T17:00,15.9,79,5.6,285.0,992.9,0.0
2024-12-30T18:00,12.6,86,4.3,272.0,994.4,0.0
2024-12-30T19:00,12.0,87,4.7,272.0,994.6,0.0
2024-12-30T20:00,11.5,88,4.7,266.0,995.0,0.0
2024-12-30T21:00,10.9,90,4.7,261.0,994.8,0.0
2024-12-30T22:00,10.2,92,4.7,263.0,995.0,0.0
2024-12-30T23:00,9.6,94,4.7,268.0,994.8,0.0
2024-12-31T00:00,9.2,96,4.5,272.0,994.4,0.0
2024-12-31T01:00,8.7,97,4.5,277.0,993.9,0.0
2024-12-31T02:00,8.5,99,5.1,288.0,994.1,0.0
2024-12-31T03:00,8.4,98,5.1,293.0,994.2,0.0
2024-12-31T04:00,8.4,97,4.6,301.0,994.0,0.0
2024-12-31T05:00,7.5,97,4.8,299.0,994.0,0.0
2024-12-31T06:00,9.7,97,3.0,303.0,995.4,0.0
2024-12-31T07:00,9.8,97,2.5,278.0,996.2,0.0
2024-12-31T08:00,9.9,98,3.4,273.0,997.2,0.0
2024-12-31T09:00,10.3,98,3.4,288.0,997.9,0.0
2024-12-31T10:00,11.9,90,3.1,294.0,998.2,0.0
2024-12-31T11:00,13.3,83,2.5,291.0,997.4,0.0
2024-12-31T12:00,14.7,78,3.0,303.0,996.3,0.0
2024-12-31T13:00,15.5,74,3.9,307.0,995.0,0.0
2024-12-31T14:00,16.0,69,4.1,304.0,994.2,0.0
2024-12-31T15:00,16.1,69,4.2,306.0,993.6,0.0
2024-12-31T16:00,15.7,72,3.9,298.0,993.5,0.0
2024-12-31T17:00,14.0,81,2.9,313.0,993.6,0.0
2024-12-31T18:00,12.1,85,2.5,315.0,995.2,0.0
2024-12-31T19:00,11.5,87,2.4,318.0,995.1,0.0
2024-12-31T20:00,11.0,89,2.7,312.0,995.6,0.0
2024-12-31T21:00,10.4,91,2.7,312.0,995.8,0.0
2024-12-31T22:00,9.9,93,3.0,303.0,995.7,0.0
2024-12-31T23:00,9.2,96,2.7,298.0,995.2,0.0
